{"name":"density","eps":0.5,"weight":"value","num_of_nodes":189,"num_of_edges":362,"process_time":0.023823976516723633,"data":{"0":0.0009881391210914403,"1":0.20177867284725629,"2":0.19980241703419474,"3":0.5994071389565861,"4":0.0019761885253993363,"5":0.2007906010136593,"6":0.0034584308507930473,"7":0.0024703141589720503,"8":0.0009882288379122633,"9":0.0009881615502873265,"10":0.20079051129691305,"11":0.0009881391210914403,"12":0.002470359017345183,"13":0.20227275362221356,"14":0.000988071833503782,"15":0.0024702693004684424,"16":0.20177867284716308,"17":0.0029643052172762512,"18":0.20375472679725665,"19":0.20177858313039818,"20":0.001976233383772469,"21":0.0014823320422145342,"22":0.20029647538016115,"23":0.20227270876395226,"24":0.20029645295090936,"25":0.0014822423254682684,"26":0.2012845696428981,"27":0.0024702693004684424,"28":0.002470246871328474,"29":0.001482219896253743,"30":0.20079051129691305,"31":0.2012845247843945,"32":0.0014821750378619706,"33":0.20177867284725629,"34":0.20079051129685713,"35":0.0014822198963283,"36":0.001976323100574653,"37":0.0024703141589161324,"38":0.0014822423254869075,"39":0.0014822198963096607,"40":0.4010870539644941,"41":0.40009880269753506,"42":2.2429177246817578e-08,"43":0.0009881615503432443,"44":0.20276681196821725,"45":0.4005929283311637,"46":0.40108687453103886,"47":0.0014821974671696925,"48":0.20128454721377678,"49":0.0014821750378619706,"50":0.20128463693048576,"51":2.2429177246817578e-08,"52":0.20079051129693168,"53":0.000988071833503782,"54":0.0009882288380240992,"55":0.20177865041802312,"56":0.599407116527353,"57":0.001482175037824692,"58":0.20079060101380844,"59":0.20079053372610894,"60":0.20474279863081635,"61":0.0034584308508676044,"62":0.20128463693057896,"63":0.4010869418185333,"64":0.39960474435155,"65":0.20276669982225645,"66":0.5989130806106756,"67":0.00148217503788061,"68":0.20227257418864647,"69":0.20326066845130886,"70":0.2032607581682229,"71":0.5979249190602764,"72":0.20375477165576025,"73":0.20029636323406988,"74":0.20079051129685713,"75":0.001976255812949716,"76":0.0009880718334851428,"77":0.002964327646453498,"78":0.20227266390544865,"79":0.20128456964293537,"80":0.0014820853209665905,"81":0.20079055615537938,"82":0.20177876256390936,"83":0.2012845247844504,"84":0.0019763006714906026,"85":0.0009880942626810287,"86":0.2007905561553048,"87":0.0009882064086790987,"88":0.20079048886771717,"89":0.19980237217578434,"90":0.2002964305217321,"91":0.6008892691360004,"92":0.7967391969733798,"93":0.20177860555959407,"94":0.20079053372620212,"95":1.0,"96":0.0009880718334851428,"97":0.0004941480628245181,"98":0.0029642827880244473,"99":0.4010868969601229,"100":0.2032607805973442,"101":0.20177867284720039,"102":0.4010869642477851,"103":0.4000988251266937,"104":0.0009882288380240992,"105":0.597924986347976,"106":0.0029642827880244473,"107":0.0014820853209665905,"108":0.20029643052176938,"109":0.20128454721362765,"110":0.00197639038819959,"111":0.2017786055595568,"112":0.3991106411471732,"113":0.003952399480013198,"114":0.0014821526086660846,"115":0.0004940583459477772,"116":0.19980234974658845,"117":0.0019762782421828807,"118":0.0014820853209665905,"119":0.4005928834726042,"120":0.0009882064086790987,"121":0.20227270876393363,"122":0.2007905561553048,"123":0.002964462221591536,"124":0.0014820853209665905,"125":0.4045451483773675,"126":0.20079046643850262,"127":0.0029643949340411565,"128":0.2007905112968944,"129":0.20276661010539837,"130":0.19980243946335335,"131":0.20177860555959407,"132":0.002470314158822936,"133":0.1993083362590697,"134":0.20227268633475637,"135":0.20079046643850262,"136":0.0014821750378992493,"137":0.20079053372612757,"138":0.0,"139":0.002964372504882549,"140":0.20079051129685713,"141":0.4005928834727533,"142":0.0014821750378433314,"143":0.000494080775125024,"144":0.0024702468713471135,"145":0.002470314158878854,"146":0.0014821301794329198,"147":0.002470224442058031,"148":0.0009880494042333388,"149":0.20177853827193187,"150":0.39960478921007225,"151":0.002470336588130658,"152":0.19980232731733663,"153":0.20177862798875268,"154":0.39960472192235413,"155":0.4000988026975537,"156":0.3996047443516059,"157":0.5974308831435432,"158":0.3996047667808577,"159":0.0019762782422201594,"160":0.40009878026828327,"161":0.000494080775125024,"162":0.0009881391211100797,"163":0.2002965202385902,"164":0.6003952780777335,"165":0.0004941032043395494,"166":0.20128454721360903,"167":0.0004941032043395494,"168":0.0,"169":0.0009880494042333388,"170":0.400592905901856,"171":0.19980232731733663,"172":0.00148217503788061,"173":0.000494125633572714,"174":0.1993083362590697,"175":0.20177867284716308,"176":0.40059286104348285,"177":0.000494080775125024,"178":0.39861660523043996,"179":0.39960472192241003,"180":0.0029642379296140357,"181":0.2002964080925362,"182":0.0009881391211100797,"183":0.40207503608127027,"184":0.0029643725048452705,"185":0.598913080610657,"186":0.4000988475559455,"187":0.0009880494042333388,"188":0.2007904888676799},"ranked":{"138":0.0,"168":0.005319148936170213,"42":0.010638297872340425,"51":0.015957446808510637,"115":0.02127659574468085,"143":0.026595744680851064,"161":0.031914893617021274,"177":0.03723404255319149,"165":0.0425531914893617,"167":0.047872340425531915,"173":0.05319148936170213,"97":0.05851063829787234,"148":0.06382978723404255,"169":0.06914893617021277,"187":0.07446808510638298,"76":0.0797872340425532,"96":0.0851063829787234,"14":0.09042553191489362,"53":0.09574468085106383,"85":0.10106382978723404,"0":0.10638297872340426,"11":0.11170212765957446,"162":0.11702127659574468,"182":0.12234042553191489,"9":0.1276595744680851,"43":0.13297872340425532,"87":0.13829787234042554,"120":0.14361702127659576,"8":0.14893617021276595,"54":0.15425531914893617,"104":0.1595744680851064,"80":0.16489361702127658,"107":0.1702127659574468,"118":0.17553191489361702,"124":0.18085106382978725,"146":0.18617021276595744,"114":0.19148936170212766,"57":0.19680851063829788,"142":0.20212765957446807,"32":0.2074468085106383,"49":0.2127659574468085,"67":0.21808510638297873,"172":0.22340425531914893,"136":0.22872340425531915,"47":0.23404255319148937,"29":0.2393617021276596,"39":0.24468085106382978,"35":0.25,"25":0.2553191489361702,"38":0.26063829787234044,"21":0.26595744680851063,"4":0.2712765957446808,"20":0.2765957446808511,"75":0.28191489361702127,"117":0.2872340425531915,"159":0.2925531914893617,"84":0.2978723404255319,"36":0.30319148936170215,"110":0.30851063829787234,"147":0.31382978723404253,"28":0.3191489361702128,"144":0.324468085106383,"15":0.32978723404255317,"27":0.3351063829787234,"132":0.3404255319148936,"145":0.34574468085106386,"37":0.35106382978723405,"7":0.35638297872340424,"151":0.3617021276595745,"12":0.3670212765957447,"180":0.3723404255319149,"98":0.3776595744680851,"106":0.3829787234042553,"17":0.3882978723404255,"77":0.39361702127659576,"184":0.39893617021276595,"139":0.40425531914893614,"127":0.4095744680851064,"123":0.4148936170212766,"6":0.42021276595744683,"61":0.425531914893617,"113":0.4308510638297872,"133":0.43617021276595747,"174":0.44148936170212766,"152":0.44680851063829785,"171":0.4521276595744681,"116":0.4574468085106383,"89":0.4627659574468085,"2":0.46808510638297873,"130":0.4734042553191489,"73":0.4787234042553192,"181":0.48404255319148937,"90":0.48936170212765956,"108":0.4946808510638298,"24":0.5,"22":0.5053191489361702,"163":0.5106382978723404,"126":0.5159574468085106,"135":0.5212765957446809,"188":0.526595744680851,"88":0.5319148936170213,"34":0.5372340425531915,"74":0.5425531914893617,"140":0.5478723404255319,"128":0.5531914893617021,"10":0.5585106382978723,"30":0.5638297872340425,"52":0.5691489361702128,"59":0.574468085106383,"137":0.5797872340425532,"94":0.5851063829787234,"86":0.5904255319148937,"122":0.5957446808510638,"81":0.601063829787234,"5":0.6063829787234043,"58":0.6117021276595744,"31":0.6170212765957447,"83":0.6223404255319149,"166":0.6276595744680851,"109":0.6329787234042553,"48":0.6382978723404256,"26":0.6436170212765957,"79":0.648936170212766,