{"name":"fiedler","normalized":true,"weight":"value","num_of_nodes":120,"num_of_edges":373,"process_time":0.04663586616516113,"data":{"0":0.2314538791649587,"1":0.14989739845680142,"2":0.26193494241942467,"3":0.1785202862601273,"4":0.19771603640071173,"5":0.21153287478917457,"6":0.29632217936036204,"7":0.1408608815956421,"8":0.14086088159568344,"9":0.19020790462393802,"10":0.1081492733334787,"11":0.1158135669469824,"12":0.1475717655609985,"13":0.15024467759815818,"14":0.13837896533001792,"15":0.14757176556007043,"16":0.22212788210968917,"17":0.17166006228017294,"18":0.08755457779086293,"19":0.1174635983827439,"20":0.28306796719487054,"21":0.11996449466942627,"22":0.1659903814147424,"23":0.23325836534649208,"24":0.09758607284862308,"25":0.10581443934516377,"26":0.15199772513929588,"27":0.13587256705659895,"28":0.1408608815955086,"29":0.08373537927256618,"30":0.10085822369502397,"31":0.2532322390129677,"32":0.17852028625982663,"33":0.15709438946060675,"34":0.25323223901296316,"35":0.13749325877690208,"36":0.14086088159573149,"37":0.2154696347385973,"38":0.0,"39":0.030117737139046048,"40":0.7478798190846839,"41":0.5213046715688915,"42":0.6291896848600472,"43":0.7415335483462848,"44":0.7317219624022234,"45":0.7594213125974515,"46":0.7170131352354113,"47":0.6682329643650134,"48":0.7184407720064,"49":0.6661214348512414,"50":0.8214311940411219,"51":0.6105582130001277,"52":0.7857410404563216,"53":0.6825338093208457,"54":0.6606577105248902,"55":0.7124799405028032,"56":0.48860398617836526,"57":0.552922082116554,"58":0.7737902799221762,"59":0.5169583728185168,"60":0.7559716797537628,"61":0.7743799166752132,"62":0.6741300031725715,"63":0.6004101369985583,"64":0.6583888138083498,"65":0.7478798190847035,"66":0.5417176428487966,"67":0.6589904805653406,"68":0.4886039861783759,"69":0.7486589970055457,"70":0.7061873239478533,"71":0.6647958163460783,"72":0.6004101369989377,"73":0.5213046715689018,"74":0.5807164659872923,"75":0.3772687710005228,"76":0.6523828237319752,"77":0.6004101369984285,"78":0.783445938829659,"79":0.7369246044227098,"80":0.8755568501670262,"81":0.8141636577384794,"82":0.8591328591790037,"83":0.8152266615410876,"84":0.8755568501674322,"85":1.0,"86":0.8359112062022885,"87":0.8793421042686678,"88":0.8954775868193644,"89":0.7553789344874013,"90":0.9999999999997136,"91":0.9671240122100194,"92":0.7985152197762179,"93":0.9275202065429808,"94":0.8205390487834784,"95":0.6976185012117959,"96":0.7640238284291572,"97":0.8407102441093637,"98":0.8846487692788273,"99":0.876661013702838,"100":0.7751803034058654,"101":0.7568710505873362,"102":0.9728103040911527,"103":0.8528675874255758,"104":0.9107218707034325,"105":0.9451979497172034,"106":0.8341769439648921,"107":0.9032968435253413,"108":0.9728103040911418,"109":0.910721870703208,"110":0.8846487692788133,"111":0.9866115052108932,"112":0.8077759887135239,"113":0.8030781435493742,"114":0.7814027188794002,"115":0.9413017433035069,"116":0.6853517630382707,"117":0.851896422181339,"118":0.9295950427475067,"119":0.9295950427475164},"ranked":{"38":0.0,"39":0.008403361344537815,"29":0.01680672268907563,"18":0.025210084033613446,"24":0.03361344537815126,"30":0.04201680672268908,"25":0.05042016806722689,"10":0.058823529411764705,"11":0.06722689075630252,"19":0.07563025210084033,"21":0.08403361344537816,"27":0.09243697478991597,"35":0.10084033613445378,"14":0.1092436974789916,"28":0.11764705882352941,"7":0.12605042016806722,"8":0.13445378151260504,"36":0.14285714285714285,"15":0.15126050420168066,"12":0.15966386554621848,"1":0.16806722689075632,"13":0.17647058823529413,"26":0.18487394957983194,"33":0.19327731092436976,"22":0.20168067226890757,"17":0.21008403361344538,"32":0.2184873949579832,"3":0.226890756302521,"9":0.23529411764705882,"4":0.24369747899159663,"5":0.25210084033613445,"37":0.2605042016806723,"16":0.2689075630252101,"0":0.2773109243697479,"23":0.2857142857142857,"34":0.29411764705882354,"31":0.3025210084033613,"2":0.31092436974789917,"20":0.31932773109243695,"6":0.3277310924369748,"75":0.33613445378151263,"56":0.3445378151260504,"68":0.35294117647058826,"59":0.36134453781512604,"41":0.3697478991596639,"73":0.37815126050420167,"66":0.3865546218487395,"57":0.3949579831932773,"74":0.40336134453781514,"77":0.4117647058823529,"63":0.42016806722689076,"72":0.42857142857142855,"51":0.4369747899159664,"42":0.44537815126050423,"76":0.453781512605042,"64":0.46218487394957986,"67":0.47058823529411764,"54":0.4789915966386555,"71":0.48739495798319327,"49":0.4957983193277311,"47":0.5042016806722689,"62":0.5126050420168067,"53":0.5210084033613446,"116":0.5294117647058824,"95":0.5378151260504201,"70":0.5462184873949579,"55":0.5546218487394958,"46":0.5630252100840336,"48":0.5714285714285714,"44":0.5798319327731093,"79":0.5882352941176471,"43":0.5966386554621849,"40":0.6050420168067226,"65":0.6134453781512605,"69":0.6218487394957983,"89":0.6302521008403361,"60":0.6386554621848739,"101":0.6470588235294118,"45":0.6554621848739496,"96":0.6638655462184874,"58":0.6722689075630253,"61":0.680672268907563,"100":0.6890756302521008,"114":0.6974789915966386,"78":0.7058823529411765,"52":0.7142857142857143,"92":0.7226890756302521,"113":0.7310924369747899,"112":0.7394957983193278,"81":0.7478991596638656,"83":0.7563025210084033,"94":0.7647058823529411,"50":0.773109243697479,"106":0.7815126050420168,"86":0.7899159663865546,"97":0.7983193277310925,"117":0.8067226890756303,"103":0.8151260504201681,"82":0.8235294117647058,"80":0.8319327731092437,"84":0.8403361344537815,"99":0.8487394957983193,"87":0.8571428571428571,"110":0.865546218487395,"98":0.8739495798319328,"88":0.8823529411764706,"107":0.8907563025210085,"109":0.8991596638655462,"104":0.907563025210084,"93":0.9159663865546218,"118":0.9243697478991597,"119":0.9327731092436975,"115":0.9411764705882353,"105":0.9495798319327731,"91":0.957983193277311,"108":0.9663865546218487,"102":0.9747899159663865,"111":0.9831932773109243,"90":0.9915966386554622,"85":1.0}}