{"name":"agd","num_of_nodes":120,"num_of_edges":378,"weight":"value","process_time":0.018639087677001953,"data":{"0":0.003575685339690108,"1":0.10607866507747317,"2":0.07151370679380215,"3":0.004767580452920144,"4":0.004767580452920144,"5":0.003575685339690108,"6":0.07985697258641239,"7":0.08462455303933254,"8":0.07508939213349225,"9":0.08104886769964244,"10":0.06555423122765196,"11":0.004767580452920144,"12":0.08820023837902263,"13":0.10250297973778308,"14":0.10250297973778308,"15":0.0,"16":0.06555423122765196,"17":0.10488676996424313,"18":0.004767580452920144,"19":0.08224076281287247,"20":0.10250297973778308,"21":0.08581644815256258,"22":0.004767580452920144,"23":0.0762812872467223,"24":0.07389749702026222,"25":0.09654350417163289,"26":0.07270560190703218,"27":0.06436233611442192,"28":0.06555423122765196,"29":0.08104886769964244,"30":0.004767580452920144,"31":0.08462455303933254,"32":0.06793802145411204,"33":0.06436233611442192,"34":0.0,"35":0.09296781883194279,"36":0.0762812872467223,"37":0.07866507747318235,"38":0.07270560190703218,"39":0.08700834326579261,"40":0.7640047675804529,"41":0.5458879618593563,"42":0.7020262216924911,"43":0.9117997616209773,"44":0.9201430274135876,"45":0.5411203814064361,"46":0.6972586412395709,"47":0.5458879618593563,"48":0.7020262216924911,"49":0.7103694874851012,"50":0.6376638855780691,"51":0.7616209773539928,"52":0.6948748510131109,"53":0.4982121573301549,"54":0.569725864123957,"55":0.599523241954708,"56":0.6460071513706794,"57":0.699642431466031,"58":0.5280095351609058,"59":0.5518474374255065,"60":0.5494636471990464,"61":0.5756853396901073,"62":0.9201430274135876,"63":1.0,"64":0.8355184743742551,"65":0.5280095351609058,"66":0.9117997616209773,"67":0.5172824791418354,"68":0.5768772348033373,"69":0.5292014302741358,"70":0.6555423122765197,"71":0.8379022646007152,"72":0.6388557806912991,"73":0.8367103694874851,"74":0.767580452920143,"75":0.5327771156138259,"76":1.0,"77":0.5399284862932061,"78":0.570917759237187,"79":0.5887961859356377,"80":0.7556615017878426,"81":0.4815256257449344,"82":0.6746126340882002,"83":0.67103694874851,"84":0.7568533969010727,"85":0.5518474374255065,"86":0.5101311084624552,"87":0.5292014302741358,"88":0.570917759237187,"89":0.6817640047675805,"90":0.5780691299165673,"91":0.7508939213349224,"92":0.6185935637663885,"93":0.5768772348033373,"94":0.4898688915375446,"95":0.6209773539928486,"96":0.6924910607866508,"97":0.4862932061978545,"98":0.766388557806913,"99":0.4982121573301549,"100":0.5292014302741358,"101":0.5947556615017878,"102":0.7437425506555423,"103":0.47914183551847433,"104":0.6817640047675805,"105":0.5089392133492252,"106":0.6197854588796186,"107":0.5137067938021453,"108":0.5292014302741358,"109":0.6293206197854588,"110":0.8379022646007152,"111":0.6257449344457687,"112":0.5160905840286054,"113":0.6448152562574493,"114":0.535160905840286,"115":0.5411203814064361,"116":0.7568533969010727,"117":0.8379022646007152,"118":0.8379022646007152,"119":0.6889153754469607},"ranked":{"15":0.0,"34":0.008403361344537815,"0":0.01680672268907563,"5":0.025210084033613446,"3":0.03361344537815126,"4":0.04201680672268908,"11":0.05042016806722689,"18":0.058823529411764705,"22":0.06722689075630252,"30":0.07563025210084033,"27":0.08403361344537816,"33":0.09243697478991597,"10":0.10084033613445378,"16":0.1092436974789916,"28":0.11764705882352941,"32":0.12605042016806722,"2":0.13445378151260504,"26":0.14285714285714285,"38":0.15126050420168066,"24":0.15966386554621848,"8":0.16806722689075632,"23":0.17647058823529413,"36":0.18487394957983194,"37":0.19327731092436976,"6":0.20168067226890757,"9":0.21008403361344538,"29":0.2184873949579832,"19":0.226890756302521,"7":0.23529411764705882,"31":0.24369747899159663,"21":0.25210084033613445,"39":0.2605042016806723,"12":0.2689075630252101,"35":0.2773109243697479,"25":0.2857142857142857,"13":0.29411764705882354,"14":0.3025210084033613,"20":0.31092436974789917,"17":0.31932773109243695,"1":0.3277310924369748,"103":0.33613445378151263,"81":0.3445378151260504,"97":0.35294117647058826,"94":0.36134453781512604,"53":0.3697478991596639,"99":0.37815126050420167,"105":0.3865546218487395,"86":0.3949579831932773,"107":0.40336134453781514,"112":0.4117647058823529,"67":0.42016806722689076,"58":0.42857142857142855,"65":0.4369747899159664,"69":0.44537815126050423,"87":0.453781512605042,"100":0.46218487394957986,"108":0.47058823529411764,"75":0.4789915966386555,"114":0.48739495798319327,"77":0.4957983193277311,"45":0.5042016806722689,"115":0.5126050420168067,"41":0.5210084033613446,"47":0.5294117647058824,"60":0.5378151260504201,"59":0.5462184873949579,"85":0.5546218487394958,"54":0.5630252100840336,"78":0.5714285714285714,"88":0.5798319327731093,"61":0.5882352941176471,"68":0.5966386554621849,"93":0.6050420168067226,"90":0.6134453781512605,"79":0.6218487394957983,"101":0.6302521008403361,"55":0.6386554621848739,"92":0.6470588235294118,"106":0.6554621848739496,"95":0.6638655462184874,"111":0.6722689075630253,"109":0.680672268907563,"50":0.6890756302521008,"72":0.6974789915966386,"113":0.7058823529411765,"56":0.7142857142857143,"70":0.7226890756302521,"83":0.7310924369747899,"82":0.7394957983193278,"89":0.7478991596638656,"104":0.7563025210084033,"119":0.7647058823529411,"96":0.773109243697479,"52":0.7815126050420168,"46":0.7899159663865546,"57":0.7983193277310925,"42":0.8067226890756303,"48":0.8151260504201681,"49":0.8235294117647058,"102":0.8319327731092437,"91":0.8403361344537815,"80":0.8487394957983193,"84":0.8571428571428571,"116":0.865546218487395,"51":0.8739495798319328,"40":0.8823529411764706,"98":0.8907563025210085,"74":0.8991596638655462,"64":0.907563025210084,"73":0.9159663865546218,"71":0.9243697478991597,"110":0.9327731092436975,"117":0.9411764705882353,"118":0.9495798319327731,"43":0.957983193277311,"66":0.9663865546218487,"44":0.9747899159663865,"62":0.9831932773109243,"63":0.9915966386554622,"76":1.0}}