{"name":"fiedler","normalized":true,"weight":"value","num_of_nodes":144,"num_of_edges":453,"process_time":0.050112009048461914,"data":{"0":0.26938963270294103,"1":0.11298572292810521,"2":0.28932789906580086,"3":0.0422716476349117,"4":0.2611975526024479,"5":0.045983022485296336,"6":0.3297189564410945,"7":0.07293414332547993,"8":0.10113816708823183,"9":0.11093829323409507,"10":0.13574529233494734,"11":0.06571975105247033,"12":0.11248783192119967,"13":0.10515459507744276,"14":0.023304620539054202,"15":0.2718035015737543,"16":0.31544335817052277,"17":0.1051545950774414,"18":0.1205299248240237,"19":0.3120509683228921,"20":0.2793241765110298,"21":0.136414378146341,"22":0.3460844771498823,"23":0.0743648644807074,"24":0.2854413706832254,"25":0.17091679830004056,"26":0.2929553262027564,"27":0.10413714441676176,"28":0.18908549737344246,"29":0.15416366086920272,"30":0.20610370498616112,"31":0.12861852487547146,"32":0.09049868428017321,"33":0.10413714441675948,"34":0.019947101294766033,"35":0.02657934670190374,"36":0.10091643430695701,"37":0.16772549702646358,"38":0.272796050715169,"39":0.11120733528534169,"40":0.24494197043749646,"41":0.3232844985539425,"42":0.151355193756902,"43":0.06558856681515073,"44":0.16494596522947202,"45":0.1384913458174302,"46":0.0,"47":0.16836120191509615,"48":0.8921235077830565,"49":0.6495284234245443,"50":0.5744784827445222,"51":0.892123507782744,"52":0.8472509079900908,"53":0.6072424534876859,"54":0.6811559253487839,"55":0.565335559113669,"56":0.5906098833816213,"57":0.8949828133425142,"58":0.6081343062325717,"59":0.8345812295731779,"60":0.594151955940987,"61":0.9314202290039232,"62":0.6555055965915212,"63":0.32437680273594754,"64":0.6967991971060699,"65":0.608646347353228,"66":0.8346564149948933,"67":0.4930956622651512,"68":0.8472509079900924,"69":0.8472509079900915,"70":0.61503688953943,"71":0.7424287255341299,"72":0.8399241253529839,"73":0.7160612577928772,"74":1.0,"75":0.7310837021932048,"76":0.8139033139282341,"77":0.7798108007973077,"78":0.3759729216712115,"79":0.8612130851093356,"80":0.9813352305369321,"81":0.6293112592360298,"82":0.7938962438442868,"83":0.8141668994575513,"84":0.5887797780141315,"85":0.7545840480151367,"86":0.6701488443048322,"87":0.2727703589102789,"88":0.654144977769857,"89":0.6636957051712334,"90":0.45929443705966394,"91":0.6526965692232909,"92":0.6843826268494768,"93":0.6281416467703411,"94":0.8051082580351179,"95":0.805108258035117,"96":0.08315610350554124,"97":0.3610002003988906,"98":0.07964669184745689,"99":0.009917968900782509,"100":0.3692646464773445,"101":0.35976668875833084,"102":0.36667479490282356,"103":0.1694731935254857,"104":0.08580519521020728,"105":0.07157351037143181,"106":0.05105216569445973,"107":0.030152456432634162,"108":0.038571209135068486,"109":0.28867704697590274,"110":0.21962355484716622,"111":0.10030550594272168,"112":0.4442532323406858,"113":0.05146169449692234,"114":0.38394790973954623,"115":0.556638941412991,"116":0.040497227405429284,"117":0.0955476414458844,"118":0.5479853364815462,"119":0.09273690849254418,"120":0.14271096962637145,"121":0.6424062956100502,"122":0.3567231920758247,"123":0.09510957189182791,"124":0.1168388968043569,"125":0.3337453292764478,"126":0.30159911971343173,"127":0.3642626411383503,"128":0.20475961211415405,"129":0.2861854159883468,"130":0.3834039222222966,"131":0.010149921484687076,"132":0.3435895844836351,"133":0.10418331175341773,"134":0.15662603714666049,"135":0.10377846557354073,"136":0.3567231920754314,"137":0.18421513884376506,"138":0.35672319207319786,"139":0.22250931233456586,"140":0.07964669185679844,"141":0.053059104074178236,"142":0.3573829605378393,"143":0.18421513883263063},"ranked":{"46":0.0,"99":0.006993006993006993,"131":0.013986013986013986,"34":0.02097902097902098,"14":0.027972027972027972,"35":0.03496503496503497,"107":0.04195804195804196,"108":0.04895104895104895,"116":0.055944055944055944,"3":0.06293706293706294,"5":0.06993006993006994,"106":0.07692307692307693,"113":0.08391608391608392,"141":0.09090909090909091,"43":0.0979020979020979,"11":0.1048951048951049,"105":0.11188811188811189,"7":0.11888111888111888,"23":0.1258741258741259,"98":0.13286713286713286,"140":0.13986013986013987,"96":0.14685314685314685,"104":0.15384615384615385,"32":0.16083916083916083,"119":0.16783216783216784,"123":0.17482517482517482,"117":0.18181818181818182,"111":0.1888111888111888,"36":0.1958041958041958,"8":0.20279720279720279,"135":0.2097902097902098,"33":0.21678321678321677,"27":0.22377622377622378,"133":0.23076923076923078,"17":0.23776223776223776,"13":0.24475524475524477,"9":0.2517482517482518,"39":0.25874125874125875,"12":0.26573426573426573,"1":0.2727272727272727,"124":0.27972027972027974,"18":0.2867132867132867,"31":0.2937062937062937,"10":0.3006993006993007,"21":0.3076923076923077,"45":0.3146853146853147,"120":0.32167832167832167,"42":0.32867132867132864,"29":0.3356643356643357,"134":0.34265734265734266,"44":0.34965034965034963,"37":0.35664335664335667,"47":0.36363636363636365,"103":0.3706293706293706,"25":0.3776223776223776,"143":0.38461538461538464,"137":0.3916083916083916,"28":0.3986013986013986,"128":0.40559440559440557,"30":0.4125874125874126,"110":0.4195804195804196,"139":0.42657342657342656,"40":0.43356643356643354,"4":0.4405594405594406,"0":0.44755244755244755,"15":0.45454545454545453,"87":0.46153846153846156,"38":0.46853146853146854,"20":0.4755244755244755,"24":0.4825174825174825,"129":0.48951048951048953,"109":0.4965034965034965,"2":0.5034965034965035,"26":0.5104895104895105,"126":0.5174825174825175,"19":0.5244755244755245,"16":0.5314685314685315,"41":0.5384615384615384,"63":0.5454545454545454,"6":0.5524475524475524,"125":0.5594405594405595,"132":0.5664335664335665,"22":0.5734265734265734,"138":0.5804195804195804,"136":0.5874125874125874,"122":0.5944055944055944,"142":0.6013986013986014,"101":0.6083916083916084,"97":0.6153846153846154,"127":0.6223776223776224,"102":0.6293706293706294,"100":0.6363636363636364,"78":0.6433566433566433,"130":0.6503496503496503,"114":0.6573426573426573,"112":0.6643356643356644,"90":0.6713286713286714,"67":0.6783216783216783,"118":0.6853146853146853,"115":0.6923076923076923,"55":0.6993006993006993,"50":0.7062937062937062,"84":0.7132867132867133,"56":0.7202797202797203,"60":0.7272727272727273,"53":0.7342657342657343,"58":0.7412587412587412,"65":0.7482517482517482,"70":0.7552447552447552,"93":0.7622377622377622,"81":0.7692307692307693,"121":0.7762237762237763,"49":0.7832167832167832,"91":0.7902097902097902,"88":0.7972027972027972,"62":0.8041958041958042,"89":0.8111888111888111,"86":0.8181818181818182,"54":0.8251748251748252,"92":0.8321678321678322,"64":0.8391608391608392,"73":0.8461538461538461,"75":0.8531468531468531,"71":0.8601398601398601,"85":0.8671328671328671,"77":0.8741258741258742,"82":0.8811188811188811,"95":0.8881118881118881,"94":0.8951048951048951,"76":0.9020979020979021,"83":0.9090909090909091,"59":0.916083916083916,"66":0.9230769230769231,"72":0.9300699300699301,"52":0.9370629370629371,"69":0.9440559440559441,"68":0.951048951048951,"79":0.958041958041958,"51":0.965034965034965,"48":0.972027972027972,"57":0.9790209790209791,"61":0.986013986013986,"80":0.993006993006993,"74":1.0}}