{"name":"pagerank","alpha":0.85,"weight":"value","num_of_nodes":60,"num_of_edges":118,"process_time":0.034578800201416016,"data":{"0":0.018402917883860472,"1":0.13092781876893766,"2":0.5243156870977862,"3":0.7662583226505353,"4":0.265204415994681,"5":0.03174920451503017,"6":0.03238872903239375,"7":0.2659609572986033,"8":0.03600746207166681,"9":0.514704804592269,"10":0.08748686667343929,"11":0.26283560327545313,"12":0.26565248527912005,"13":0.4049872465215804,"14":0.03180946356007723,"15":0.2592810856237701,"16":1.0,"17":0.13092781876893766,"18":0.4049872465215804,"19":0.015104972794204289,"20":0.11871989673753627,"21":0.5386987253875212,"22":0.290549557883266,"23":0.11871989673753627,"24":0.060998005493269634,"25":0.060998005493269634,"26":0.09680760976340146,"27":0.2918250970368646,"28":0.2918250970368646,"29":0.11871989673753627,"30":0.04095619747666383,"31":0.6231671459373614,"32":0.8494870934650703,"33":0.04172168308421292,"34":0.813677489194939,"35":0.29495318398290604,"36":0.09680760976340146,"37":0.290549557883266,"38":0.31300375006563896,"39":0.09680760976340146,"40":0.31918303844272,"41":0.47433374398530304,"42":0.32721103217783065,"43":0.7231401766447936,"44":0.23862501641462547,"45":0.08232095069664944,"46":0.2087704188366703,"47":0.23145282675105075,"48":0.4548948946266288,"49":0.0009630600493800251,"50":0.24722693932890136,"51":0.23288545616369152,"52":0.0,"53":0.22005287856900485,"54":0.23288545616369152,"55":0.21756820329473645,"56":0.9062206934113199,"57":0.08232095069664944,"58":0.01163047693221658,"59":0.2373068957380663},"ranked":{"52":0.0,"49":0.01694915254237288,"58":0.03389830508474576,"19":0.05084745762711865,"0":0.06779661016949153,"5":0.0847457627118644,"14":0.1016949152542373,"6":0.11864406779661017,"8":0.13559322033898305,"30":0.15254237288135594,"33":0.1694915254237288,"24":0.1864406779661017,"25":0.2033898305084746,"45":0.22033898305084745,"57":0.23728813559322035,"10":0.2542372881355932,"26":0.2711864406779661,"36":0.288135593220339,"39":0.3050847457627119,"20":0.3220338983050847,"23":0.3389830508474576,"29":0.3559322033898305,"1":0.3728813559322034,"17":0.3898305084745763,"46":0.4067796610169492,"55":0.423728813559322,"53":0.4406779661016949,"47":0.4576271186440678,"51":0.4745762711864407,"54":0.4915254237288136,"59":0.5084745762711864,"44":0.5254237288135594,"50":0.5423728813559322,"15":0.559322033898305,"11":0.576271186440678,"4":0.5932203389830508,"12":0.6101694915254238,"7":0.6271186440677966,"22":0.6440677966101694,"37":0.6610169491525424,"27":0.6779661016949152,"28":0.6949152542372882,"35":0.711864406779661,"38":0.7288135593220338,"40":0.7457627118644068,"42":0.7627118644067796,"13":0.7796610169491526,"18":0.7966101694915254,"48":0.8135593220338984,"41":0.8305084745762712,"9":0.847457627118644,"2":0.864406779661017,"21":0.8813559322033898,"31":0.8983050847457628,"43":0.9152542372881356,"3":0.9322033898305084,"34":0.9491525423728814,"32":0.9661016949152542,"56":0.9830508474576272,"16":1.0}}