{"name":"pagerank","alpha":0.85,"weight":"value","num_of_nodes":111,"num_of_edges":341,"process_time":0.03261995315551758,"data":{"0":0.2684192023186709,"1":0.2865035846006574,"2":0.17965066450727007,"3":0.40853355537750896,"4":0.32076070574881727,"5":0.6731565318463061,"6":0.29203870049848174,"7":0.11960769110750245,"8":0.15076939408517134,"9":0.17965066450727007,"10":0.3322055111338638,"11":0.11209226128869326,"12":0.3402178081366821,"13":0.2992536220115798,"14":0.09259713774593492,"15":0.08844153374234687,"16":0.11468560525696804,"17":0.5061307247372553,"18":0.1520224840639471,"19":0.1632031166998318,"20":0.35507103291380426,"21":0.5138525687756137,"22":0.7062796179022515,"23":0.09259713774593492,"24":0.4676187001023096,"25":0.5726684781902062,"26":0.47129700060719115,"27":0.10398507067576208,"28":0.40830859926843777,"29":0.5522879218375571,"30":0.4676187001023096,"31":0.13808989225474763,"32":0.5138230157717245,"33":0.5394989923444198,"34":0.27034609650320635,"35":0.32218822171045913,"36":0.4103876203793551,"37":0.5070198939950592,"38":0.21807596063310736,"39":0.7788184994801783,"40":0.09835645114159074,"41":0.49570511212399554,"42":0.977604421036351,"43":0.0,"44":0.11960769110750245,"45":0.19899259168473687,"46":0.3916548765766816,"47":0.8062563891955175,"48":0.26178596881040367,"49":0.22278504065010782,"50":0.3047680646853211,"51":0.3909450741931721,"52":1.0,"53":0.028710340387611666,"54":0.053124816432292166,"55":0.7945106318978956,"56":0.5719446085040565,"57":0.5598755449545826,"58":0.25198338549286065,"59":0.011061673417256473,"60":0.09835645114159074,"61":0.22661611828757292,"62":1.4297508683093027e-16,"63":0.1852253438564043,"64":0.030272307548141565,"65":0.2549452245818797,"66":0.2235661366675891,"67":0.3916548765766816,"68":0.09835645114159074,"69":0.0643054078066184,"70":0.5950053582202494,"71":0.5980714919727097,"72":0.012866190286489701,"73":0.23728221509527,"74":0.10116780292550533,"75":0.12278643273217969,"76":0.3097124040916308,"77":0.03516818549215967,"78":0.16770982486891822,"79":0.052728772990833214,"80":0.7636406034738056,"81":0.23001707366451218,"82":0.2449972492001467,"83":0.041181150228864025,"84":0.3348097536980745,"85":0.10062528721270281,"86":0.2713152930853177,"87":0.11758334625897801,"88":0.050512729278797935,"89":0.4203966697514873,"90":0.03516818549215967,"91":0.24499724920014643,"92":0.16770982486891822,"93":0.054029101743443164,"94":0.5897783323982946,"95":0.8329697623329316,"96":0.16770982486891822,"97":0.2139932787296504,"98":0.830739524892056,"99":0.13756927952267228,"100":0.2912054415645193,"101":0.12827439797654208,"102":0.5376061177708104,"103":0.3281899887734945,"104":0.8525629943166777,"105":0.17515266607584182,"106":0.3348097536980745,"107":0.07650495553295204,"108":0.06111677389851779,"109":0.6443869011480516,"110":0.6253640615503034},"ranked":{"43":0.0,"62":0.00909090909090909,"59":0.01818181818181818,"72":0.02727272727272727,"53":0.03636363636363636,"64":0.045454545454545456,"77":0.05454545454545454,"90":0.06363636363636363,"83":0.07272727272727272,"88":0.08181818181818182,"79":0.09090909090909091,"54":0.1,"93":0.10909090909090909,"108":0.11818181818181818,"69":0.12727272727272726,"107":0.13636363636363635,"15":0.14545454545454545,"14":0.15454545454545454,"23":0.16363636363636364,"40":0.17272727272727273,"60":0.18181818181818182,"68":0.19090909090909092,"85":0.2,"74":0.20909090909090908,"27":0.21818181818181817,"11":0.22727272727272727,"16":0.23636363636363636,"87":0.24545454545454545,"7":0.2545454545454545,"44":0.2636363636363636,"75":0.2727272727272727,"101":0.2818181818181818,"99":0.2909090909090909,"31":0.3,"8":0.3090909090909091,"18":0.3181818181818182,"19":0.32727272727272727,"78":0.33636363636363636,"92":0.34545454545454546,"96":0.35454545454545455,"105":0.36363636363636365,"2":0.37272727272727274,"9":0.38181818181818183,"63":0.39090909090909093,"45":0.4,"97":0.4090909090909091,"38":0.41818181818181815,"49":0.42727272727272725,"66":0.43636363636363634,"61":0.44545454545454544,"81":0.45454545454545453,"73":0.4636363636363636,"91":0.4727272727272727,"82":0.4818181818181818,"58":0.4909090909090909,"65":0.5,"48":0.509090909090909,"0":0.5181818181818182,"34":0.5272727272727272,"86":0.5363636363636364,"1":0.5454545454545454,"100":0.5545454545454546,"6":0.5636363636363636,"13":0.5727272727272728,"50":0.5818181818181818,"76":0.5909090909090909,"4":0.6,"35":0.6090909090909091,"103":0.6181818181818182,"10":0.6272727272727273,"84":0.6363636363636364,"106":0.6454545454545455,"12":0.6545454545454545,"20":0.6636363636363637,"51":0.6727272727272727,"46":0.6818181818181818,"67":0.6909090909090909,"28":0.7,"3":0.7090909090909091,"36":0.7181818181818181,"89":0.7272727272727273,"24":0.7363636363636363,"30":0.7454545454545455,"26":0.7545454545454545,"41":0.7636363636363637,"17":0.7727272727272727,"37":0.7818181818181819,"32":0.7909090909090909,"21":0.8,"102":0.8090909090909091,"33":0.8181818181818182,"29":0.8272727272727273,"57":0.8363636363636363,"56":0.8454545454545455,"25":0.8545454545454545,"94":0.8636363636363636,"70":0.8727272727272727,"71":0.8818181818181818,"110":0.8909090909090909,"109":0.9,"5":0.9090909090909091,"22":0.9181818181818182,"80":0.9272727272727272,"39":0.9363636363636364,"55":0.9454545454545454,"47":0.9545454545454546,"98":0.9636363636363636,"95":0.9727272727272728,"104":0.9818181818181818,"42":0.990909090909091,"52":1.0}}