{"name":"density","eps":0.5,"weight":"value","num_of_nodes":147,"num_of_edges":460,"process_time":0.04262590408325195,"data":{"0":0.0020581802799739747,"1":0.6654318693714011,"2":0.16769572566282848,"3":0.0016465479613517807,"4":0.00246966310760542,"5":0.0016465479613517807,"6":0.16851887818187639,"7":0.3349798376930126,"8":0.3333335326549168,"9":0.16975383119708967,"10":0.002881426231038631,"11":0.3333335326549168,"12":0.16728426152156312,"13":0.16810728323592422,"14":0.0012348222106351994,"15":0.6654319254305151,"16":0.16934210544666814,"17":0.16893060393253084,"18":0.0028815570357254155,"19":0.49979421187036566,"20":0.004527787328419042,"21":0.16975381251072358,"22":0.5002059002482433,"23":0.16604934587895775,"24":0.16934231099666394,"25":0.001646435843000017,"26":0.33415675991941346,"27":0.001646435843000017,"28":0.33456818668803984,"29":0.16975394331541038,"30":0.49855946440520893,"31":0.16604934587895775,"32":0.33497993112498275,"33":0.33621464121728173,"34":0.49979421187036566,"35":0.16851900898656316,"36":0.17016540745669126,"37":0.17140022966731094,"38":0.17016544482945448,"39":0.3333334205365961,"40":0.0028812954263673744,"41":1.868647478148032e-08,"42":0.0037046534957372074,"43":0.3325101745854848,"44":0.4989711901559609,"45":0.3329217508450709,"46":0.33251013721273714,"47":0.1672840746576849,"48":0.3378610396874098,"49":0.16687259182994477,"50":0.1672842615216097,"51":0.5010290340808918,"52":0.335803046271283,"53":0.3333333644773736,"54":0.002881220680763298,"55":0.3366262548494757,"56":0.004939214096859077,"57":0.0016464545293971538,"58":0.00041170706430391525,"59":0.5014405916540016,"60":0.00041170706430391525,"61":0.16893051050052962,"62":0.33539145132545506,"63":0.0016466227069558573,"64":0.002881388858213299,"65":0.3345682240607565,"66":0.5022638562913865,"67":0.003704560063720465,"68":0.004116173696023167,"69":0.16769585646740656,"70":0.0028814075447501962,"71":0.0028813141127489827,"72":1.0,"73":0.5006174578213214,"74":0.3349797068883724,"75":0.0028812767400012954,"76":0.5014406850859109,"77":0.002881388858213299,"78":0.16851902767286714,"79":0.001234934329018021,"80":0.004527731269196573,"81":0.33333342053648735,"82":0.00205814290733499,"83":0.0016466227069558573,"84":0.33415668517390257,"85":0.5006174578213055,"86":0.33621454778531157,"87":0.501028978021762,"88":0.5022638376050679,"89":0.0024697752259727128,"90":0.5010290527672422,"91":0.5010290340808761,"92":0.6683130900519925,"93":0.3341565917420722,"94":0.5014406477131788,"95":0.6670782865278323,"96":0.001234934329018021,"97":0.6674898627873871,"98":0.8314811778774082,"99":0.00041172575074763896,"100":0.5006173457030301,"101":0.0024696631075898914,"102":0.0020581429071952297,"103":0.002881314112671338,"104":0.003704504004575641,"105":0.00041172575074763896,"106":0.0028812767399702378,"107":0.33497976294748616,"108":0.0012348782697955525,"109":0.16687244233890744,"110":0.0008232833239055166,"111":0.3349796882019908,"112":0.6650202931117674,"113":0.002881314112671338,"114":0.0020580307888745236,"115":0.16646094082489438,"116":0.0,"117":0.0008232833239055166,"118":0.0032927969403027837,"119":0.16893064130513877,"120":0.00041172575074763896,"121":0.3325100998399429,"122":0.3337450341688211,"123":0.16769574434910137,"124":0.33374497810964526,"125":0.16851895292732516,"126":0.5018521679135562,"127":0.0024696817939404416,"128":0.5006173457030301,"129":0.33209850489399073,"130":0.16728411203041707,"131":0.0012348782698266103,"132":0.16810730192221268,"133":0.33374497810969184,"134":0.0012348782698266103,"135":0.16563765750103546,"136":0.0012348782698266103,"137":0.0020580868480659345,"138":0.16851895292732516,"139":0.0,"140":0.0008232833239055166,"141":0.17016535139743774,"142":0.0020581802799895035,"143":0.00329287168590686,"144":0.16563765750103546,"145":0.0032929464313867056,"146":0.3345681493152145},"ranked":{"116":0.0,"139":0.00684931506849315,"41":0.0136986301369863,"58":0.02054794520547945,"60":0.0273972602739726,"99":0.03424657534246575,"105":0.0410958904109589,"120":0.04794520547945205,"110":0.0547945205479452,"117":0.06164383561643835,"140":0.0684931506849315,"14":0.07534246575342465,"108":0.0821917808219178,"131":0.08904109589041095,"134":0.0958904109589041,"136":0.10273972602739725,"79":0.1095890410958904,"96":0.11643835616438356,"25":0.1232876712328767,"27":0.13013698630136986,"57":0.136986301369863,"3":0.14383561643835616,"5":0.1506849315068493,"63":0.15753424657534246,"83":0.1643835616438356,"114":0.17123287671232876,"137":0.1780821917808219,"102":0.18493150684931506,"82":0.1917808219178082,"0":0.19863013698630136,"142":0.2054794520547945,"101":0.21232876712328766,"4":0.2191780821917808,"127":0.22602739726027396,"89":0.2328767123287671,"54":0.23972602739726026,"106":0.2465753424657534,"75":0.2534246575342466,"40":0.2602739726027397,"103":0.2671232876712329,"113":0.273972602739726,"71":0.2808219178082192,"64":0.2876712328767123,"77":0.2945205479452055,"70":0.3013698630136986,"10":0.3082191780821918,"18":0.3150684931506849,"118":0.3219178082191781,"143":0.3287671232876712,"145":0.3356164383561644,"104":0.3424657534246575,"67":0.3493150684931507,"42":0.3561643835616438,"68":0.363013698630137,"80":0.3698630136986301,"20":0.3767123287671233,"56":0.3835616438356164,"135":0.3904109589041096,"144":0.3972602739726027,"23":0.4041095890410959,"31":0.410958904109589,"115":0.4178082191780822,"109":0.4246575342465753,"49":0.4315068493150685,"47":0.4383561643835616,"130":0.4452054794520548,"12":0.4520547945205479,"50":0.4589041095890411,"2":0.4657534246575342,"123":0.4726027397260274,"69":0.4794520547945205,"13":0.4863013698630137,"132":0.4931506849315068,"6":0.5,"125":0.5068493150684932,"138":0.5136986301369864,"35":0.5205479452054794,"78":0.5273972602739726,"61":0.5342465753424658,"17":0.541095890410959,"119":0.547945205479452,"16":0.5547945205479452,"24":0.5616438356164384,"21":0.5684931506849316,"9":0.5753424657534246,"29":0.5821917808219178,"141":0.589041095890411,"36":0.5958904109589042,"38":0.6027397260273972,"37":0.6095890410958904,"129":0.6164383561643836,"121":0.6232876712328768,"46":0.6301369863013698,"43":0.636986301369863,"45":0.6438356164383562,"53":0.6506849315068494,"81":0.6575342465753424,"39":0.6643835616438356,"8":0.6712328767123288,"11":0.678082191780822,"124":0.684931506849315,"133":0.6917808219178082,"122":0.6986301369863014,"93":0.7054794520547946,"84":0.7123287671232876,"26":0.7191780821917808,"146":0.726027397260274,"28":0.7328767123287672,"65":0.7397260273972602,"111":0.7465753424657534,"74":0.7534246575342466,"107":0.7602739726027398,"7":0.7671232876712328,"32":0.773972602739726,"62":0.7808219178082192,"52":0.7876712328767124,"86":0.7945205479452054,"33":0.8013698630136986,"55":0.8082191780821918,"48":0.815068493150685,"30":0.821917808219178,"44":0.8287671232876712,"19":0.8356164383561644,"34":0.8424657534246576,"22":0.8493150684931506,"100":0.8561643835616438,"128":0.863013698630137,"85":0.8698630136986302,"73":0.8767123287671232,"87":0.8835616438356164,"91":0.8904109589041096,"51":0.8972602739726028,"90":0.9041095890410958,"59":0.910958904109589,"94":0.9178082191780822,"76":0.9246575342465754,"126":0.9315068493150684,"88":0.9383561643835616,"66":0.9452054794520548,"112":0.952054794520548,"1":0.958904109589041,"15":0.9657534246575342,"95":0.9726027397260274,"97":0.9794520547945206,"92":0.9863013698630136,"98":0.9931506849315068,"72":1.0}}