{"name":"agd","num_of_nodes":147,"num_of_edges":466,"weight":"value","process_time":0.03350710868835449,"data":{"0":0.6082004555808657,"1":0.6924829157175398,"2":0.7300683371298405,"3":0.7300683371298405,"4":0.8633257403189066,"5":0.7129840546697039,"6":0.662870159453303,"7":0.835990888382688,"8":0.621867881548975,"9":0.7266514806378133,"10":0.8826879271070616,"11":0.6993166287015945,"12":0.7004555808656036,"13":0.7243735763097949,"14":0.8200455580865603,"15":0.6355353075170843,"16":0.7414578587699316,"17":0.7243735763097949,"18":0.7061503416856493,"19":0.7665148063781321,"20":0.9236902050113894,"21":0.9601366742596811,"22":0.8006833712984055,"23":0.8849658314350798,"24":0.8097949886104784,"25":0.7619589977220956,"26":0.693621867881549,"27":0.6947608200455581,"28":0.7129840546697039,"29":0.6651480637813212,"30":0.6776765375854213,"31":0.7722095671981777,"32":0.9601366742596811,"33":0.7129840546697039,"34":0.6958997722095672,"35":0.6298405466970388,"36":0.7619589977220956,"37":0.6583143507972665,"38":0.662870159453303,"39":0.8132118451025057,"40":0.8633257403189066,"41":0.693621867881549,"42":0.7756264236902051,"43":0.6890660592255125,"44":0.734624145785877,"45":0.7619589977220956,"46":0.5945330296127563,"47":0.7243735763097949,"48":0.7380410022779044,"49":0.9624145785876993,"50":0.00683371298405467,"51":0.9464692482915718,"52":0.03302961275626423,"53":0.014806378132118447,"54":0.036446469248291584,"55":0.04328018223234624,"56":0.015945330296127564,"57":0.03758542141230068,"58":0.002277904328018223,"59":0.02277904328018224,"60":0.00341685649202733,"61":0.026195899772209572,"62":0.012528473804100233,"63":0.998861047835991,"64":0.018223234624145795,"65":0.05239179954441914,"66":0.009111617312072903,"67":0.7118451025056948,"68":0.009111617312072903,"69":0.030751708428246018,"70":0.06378132118451026,"71":0.9430523917995444,"72":0.028473804100227786,"73":0.014806378132118447,"74":0.9453302961275627,"75":0.001138952164009107,"76":0.8097949886104784,"77":0.005694760820045553,"78":0.7425968109339408,"79":0.0,"80":0.84624145785877,"81":0.9259681093394078,"82":0.7744874715261959,"83":0.03758542141230068,"84":0.8189066059225513,"85":0.9168564920273349,"86":0.8758542141230068,"87":0.0387243735763098,"88":0.9191343963553531,"89":0.7813211845102506,"90":0.017084282460136678,"91":0.04783599088838269,"92":0.06378132118451026,"93":1.0,"94":0.04328018223234624,"95":0.011389521640091117,"96":0.04328018223234624,"97":0.7767653758542141,"98":0.8291571753986332,"99":0.7289293849658315,"100":0.8507972665148064,"101":0.7995444191343964,"102":0.6264236902050114,"103":0.8485193621867881,"104":0.7961275626423691,"105":0.6298405466970388,"106":0.7084282460136674,"107":0.8507972665148064,"108":0.8029612756264237,"109":0.755125284738041,"110":0.7312072892938496,"111":0.8507972665148064,"112":0.8553530751708428,"113":0.6708428246013668,"114":0.7015945330296128,"115":0.8553530751708428,"116":0.6594533029612758,"117":0.8041002277904328,"118":0.6890660592255125,"119":0.7334851936218679,"120":0.8200455580865603,"121":0.6776765375854213,"122":0.7323462414578589,"123":0.7198177676537585,"124":0.7961275626423691,"125":0.6970387243735763,"126":0.8507972665148064,"127":0.7460136674259681,"128":0.7756264236902051,"129":0.5899772209567199,"130":0.6776765375854213,"131":0.6867881548974943,"132":0.8599088838268792,"133":0.7927107061503417,"134":0.8473804100227791,"135":0.8211845102505695,"136":0.6537585421412301,"137":0.8405466970387243,"138":0.8485193621867881,"139":0.8610478359908883,"140":0.734624145785877,"141":0.7801822323462415,"142":0.8940774487471527,"143":0.6879271070615034,"144":0.8018223234624146,"145":0.7198177676537585,"146":0.8006833712984055},"ranked":{"79":0.0,"75":0.00684931506849315,"58":0.0136986301369863,"60":0.02054794520547945,"77":0.0273972602739726,"50":0.03424657534246575,"66":0.0410958904109589,"68":0.04794520547945205,"95":0.0547945205479452,"62":0.06164383561643835,"53":0.0684931506849315,"73":0.07534246575342465,"56":0.0821917808219178,"90":0.08904109589041095,"64":0.0958904109589041,"59":0.10273972602739725,"61":0.1095890410958904,"72":0.11643835616438356,"69":0.1232876712328767,"52":0.13013698630136986,"54":0.136986301369863,"57":0.14383561643835616,"83":0.1506849315068493,"87":0.15753424657534246,"55":0.1643835616438356,"94":0.17123287671232876,"96":0.1780821917808219,"91":0.18493150684931506,"65":0.1917808219178082,"70":0.19863013698630136,"92":0.2054794520547945,"129":0.21232876712328766,"46":0.2191780821917808,"0":0.22602739726027396,"8":0.2328767123287671,"102":0.23972602739726026,"35":0.2465753424657534,"105":0.2534246575342466,"15":0.2602739726027397,"136":0.2671232876712329,"37":0.273972602739726,"116":0.2808219178082192,"6":0.2876712328767123,"38":0.2945205479452055,"29":0.3013698630136986,"113":0.3082191780821918,"30":0.3150684931506849,"121":0.3219178082191781,"130":0.3287671232876712,"131":0.3356164383561644,"143":0.3424657534246575,"43":0.3493150684931507,"118":0.3561643835616438,"1":0.363013698630137,"26":0.3698630136986301,"41":0.3767123287671233,"27":0.3835616438356164,"34":0.3904109589041096,"125":0.3972602739726027,"11":0.4041095890410959,"12":0.410958904109589,"114":0.4178082191780822,"18":0.4246575342465753,"106":0.4315068493150685,"67":0.4383561643835616,"5":0.4452054794520548,"28":0.4520547945205479,"33":0.4589041095890411,"123":0.4657534246575342,"145":0.4726027397260274,"13":0.4794520547945205,"17":0.4863013698630137,"47":0.4931506849315068,"9":0.5,"99":0.5068493150684932,"2":0.5136986301369864,"3":0.5205479452054794,"110":0.5273972602739726,"122":0.5342465753424658,"119":0.541095890410959,"44":0.547945205479452,"140":0.5547945205479452,"48":0.5616438356164384,"16":0.5684931506849316,"78":0.5753424657534246,"127":0.5821917808219178,"109":0.589041095890411,"25":0.5958904109589042,"36":0.6027397260273972,"45":0.6095890410958904,"19":0.6164383561643836,"31":0.6232876712328768,"82":0.6301369863013698,"42":0.636986301369863,"128":0.6438356164383562,"97":0.6506849315068494,"141":0.6575342465753424,"89":0.6643835616438356,"133":0.6712328767123288,"104":0.678082191780822,"124":0.684931506849315,"101":0.6917808219178082,"22":0.6986301369863014,"146":0.7054794520547946,"144":0.7123287671232876,"108":0.7191780821917808,"117":0.726027397260274,"24":0.7328767123287672,"76":0.7397260273972602,"39":0.7465753424657534,"84":0.7534246575342466,"14":0.7602739726027398,"120":0.7671232876712328,"135":0.773972602739726,"98":0.7808219178082192,"7":0.7876712328767124,"137":0.7945205479452054,"80":0.8013698630136986,"134":0.8082191780821918,"103":0.815068493150685,"138":0.821917808219178,"100":0.8287671232876712,"107":0.8356164383561644,"111":0.8424657534246576,"126":0.8493150684931506,"112":0.8561643835616438,"115":0.863013698630137,"132":0.8698630136986302,"139":0.8767123287671232,"4":0.8835616438356164,"40":0.8904109589041096,"86":0.8972602739726028,"10":0.9041095890410958,"23":0.910958904109589,"142":0.9178082191780822,"85":0.9246575342465754,"88":0.9315068493150684,"20":0.9383561643835616,"81":0.9452054794520548,"71":0.952054794520548,"74":0.958904109589041,"51":0.9657534246575342,"21":0.9726027397260274,"32":0.9794520547945206,"49":0.9863013698630136,"63":0.9931506849315068,"93":1.0}}