{"name":"agd","num_of_nodes":144,"num_of_edges":453,"weight":"value","process_time":0.05130600929260254,"data":{"0":0.29171528588098017,"1":0.1738623103850641,"2":0.21586931155192524,"3":0.5192532088681446,"4":0.10851808634772456,"5":0.14235705950991834,"6":0.6511085180863476,"7":0.23337222870478408,"8":0.8728121353558924,"9":0.7876312718786463,"10":0.2263710618436406,"11":0.1376896149358226,"12":0.7257876312718786,"13":0.8669778296382729,"14":0.44457409568261386,"15":0.8529754959159859,"16":0.5775962660443407,"17":0.5834305717619603,"18":0.6487747957992999,"19":0.36056009334889144,"20":0.07001166861143517,"21":0.851808634772462,"22":0.45974329054842467,"23":0.4492415402567093,"24":0.14819136522753795,"25":0.3033838973162194,"26":0.7199533255542591,"27":0.7876312718786463,"28":0.1493582263710618,"29":0.47491248541423575,"30":0.8716452742123686,"31":0.10735122520420069,"32":0.039673278879813256,"33":0.19719953325554254,"34":0.5740956826137689,"35":0.5355892648774796,"36":0.7234539089848306,"37":0.3255542590431738,"38":0.1376896149358226,"39":0.7059509918319719,"40":0.5752625437572927,"41":0.47491248541423575,"42":0.06184364060676783,"43":0.3068844807467911,"44":0.41656942823803966,"45":0.8564760793465578,"46":0.22870478413068848,"47":0.41656942823803966,"48":0.3278879813302217,"49":0.3337222870478413,"50":0.3418903150525088,"51":0.24154025670945156,"52":0.2135355892648775,"53":0.0,"54":0.55659276546091,"55":0.6861143523920653,"56":0.8401400233372228,"57":0.5402567094515753,"58":0.6977829638273045,"59":0.15519253208868142,"60":0.32905484247374556,"61":0.2065344224037339,"62":0.1703617269544924,"63":0.7677946324387398,"64":0.8471411901983663,"65":0.07817969661610265,"66":0.9241540256709451,"67":0.3313885647607934,"68":0.2263710618436406,"69":0.22987164527421233,"70":0.014002333722287092,"71":0.1563593932322053,"72":0.8413068844807466,"73":0.6207701283547257,"74":0.5624270711785296,"75":0.2135355892648775,"76":0.9241540256709451,"77":0.1563593932322053,"78":0.6966161026837806,"79":0.690781796966161,"80":1.0,"81":0.05834305717619609,"82":0.12018669778296377,"83":0.6254375729288214,"84":0.5519253208868146,"85":0.30571761960326727,"86":0.2672112018669779,"87":0.17736289381563586,"88":0.55659276546091,"89":0.015169194865810955,"90":0.17152858809801624,"91":0.3278879813302217,"92":0.42357059509918316,"93":0.4422403733955658,"94":0.7654609101516918,"95":0.9253208868144689,"96":0.5110851808634773,"97":0.3850641773628938,"98":0.9533255542590431,"99":0.4994165694282381,"100":0.36522753792298723,"101":0.11435239206534416,"102":0.9533255542590431,"103":0.5682613768961492,"104":0.4422403733955658,"105":0.37339556592765455,"106":0.1960326721120187,"107":0.5752625437572927,"108":0.6359393232205368,"109":0.06417736289381555,"110":0.2543757292882146,"111":0.3127187864644107,"112":0.6382730455075846,"113":0.15402567094515757,"114":0.49124854142357044,"115":0.13418903150525086,"116":0.05834305717619609,"117":0.09568261376896148,"118":0.10035005834305721,"119":0.01866977829638269,"120":0.14702450408401394,"121":0.24737456242707115,"122":0.11551925320886818,"123":0.5670945157526254,"124":0.3127187864644107,"125":0.3698949824970828,"126":0.2765460910151692,"127":0.17969661610268373,"128":0.9533255542590431,"129":0.9533255542590431,"130":0.15402567094515757,"131":0.05134189031505247,"132":0.1878646441073512,"133":0.08518086347724627,"134":0.7922987164527421,"135":0.4935822637106185,"136":0.4340723453908985,"137":0.15402567094515757,"138":0.24970828471411904,"139":0.645274212368728,"140":0.1820303383897316,"141":0.9533255542590431,"142":0.09918319719953321,"143":0.1271878646441074},"ranked":{"53":0.0,"70":0.006993006993006993,"89":0.013986013986013986,"119":0.02097902097902098,"32":0.027972027972027972,"131":0.03496503496503497,"81":0.04195804195804196,"116":0.04895104895104895,"42":0.055944055944055944,"109":0.06293706293706294,"20":0.06993006993006994,"65":0.07692307692307693,"133":0.08391608391608392,"117":0.09090909090909091,"142":0.0979020979020979,"118":0.1048951048951049,"31":0.11188811188811189,"4":0.11888111888111888,"101":0.1258741258741259,"122":0.13286713286713286,"82":0.13986013986013987,"143":0.14685314685314685,"115":0.15384615384615385,"11":0.16083916083916083,"38":0.16783216783216784,"5":0.17482517482517482,"120":0.18181818181818182,"24":0.1888111888111888,"28":0.1958041958041958,"113":0.20279720279720279,"130":0.2097902097902098,"137":0.21678321678321677,"59":0.22377622377622378,"71":0.23076923076923078,"77":0.23776223776223776,"62":0.24475524475524477,"90":0.2517482517482518,"1":0.25874125874125875,"87":0.26573426573426573,"127":0.2727272727272727,"140":0.27972027972027974,"132":0.2867132867132867,"106":0.2937062937062937,"33":0.3006993006993007,"61":0.3076923076923077,"52":0.3146853146853147,"75":0.32167832167832167,"2":0.32867132867132864,"10":0.3356643356643357,"68":0.34265734265734266,"46":0.34965034965034963,"69":0.35664335664335667,"7":0.36363636363636365,"51":0.3706293706293706,"121":0.3776223776223776,"138":0.38461538461538464,"110":0.3916083916083916,"86":0.3986013986013986,"126":0.40559440559440557,"0":0.4125874125874126,"25":0.4195804195804196,"85":0.42657342657342656,"43":0.43356643356643354,"111":0.4405594405594406,"124":0.44755244755244755,"37":0.45454545454545453,"48":0.46153846153846156,"91":0.46853146853146854,"60":0.4755244755244755,"67":0.4825174825174825,"49":0.48951048951048953,"50":0.4965034965034965,"19":0.5034965034965035,"100":0.5104895104895105,"125":0.5174825174825175,"105":0.5244755244755245,"97":0.5314685314685315,"44":0.5384615384615384,"47":0.5454545454545454,"92":0.5524475524475524,"136":0.5594405594405595,"93":0.5664335664335665,"104":0.5734265734265734,"14":0.5804195804195804,"23":0.5874125874125874,"22":0.5944055944055944,"29":0.6013986013986014,"41":0.6083916083916084,"114":0.6153846153846154,"135":0.6223776223776224,"99":0.6293706293706294,"96":0.6363636363636364,"3":0.6433566433566433,"35":0.6503496503496503,"57":0.6573426573426573,"84":0.6643356643356644,"54":0.6713286713286714,"88":0.6783216783216783,"74":0.6853146853146853,"123":0.6923076923076923,"103":0.6993006993006993,"34":0.7062937062937062,"40":0.7132867132867133,"107":0.7202797202797203,"16":0.7272727272727273,"17":0.7342657342657343,"73":0.7412587412587412,"83":0.7482517482517482,"108":0.7552447552447552,"112":0.7622377622377622,"139":0.7692307692307693,"18":0.7762237762237763,"6":0.7832167832167832,"55":0.7902097902097902,"79":0.7972027972027972,"78":0.8041958041958042,"58":0.8111888111888111,"39":0.8181818181818182,"26":0.8251748251748252,"36":0.8321678321678322,"12":0.8391608391608392,"94":0.8461538461538461,"63":0.8531468531468531,"9":0.8601398601398601,"27":0.8671328671328671,"134":0.8741258741258742,"56":0.8811188811188811,"72":0.8881118881118881,"64":0.8951048951048951,"21":0.9020979020979021,"15":0.9090909090909091,"45":0.916083916083916,"13":0.9230769230769231,"30":0.9300699300699301,"8":0.9370629370629371,"66":0.9440559440559441,"76":0.951048951048951,"95":0.958041958041958,"98":0.965034965034965,"102":0.972027972027972,"128":0.9790209790209791,"129":0.986013986013986,"141":0.993006993006993,"80":1.0}}