{"name":"fiedler","normalized":false,"weight":"value","num_of_nodes":60,"num_of_edges":181,"process_time":0.0320439338684082,"data":{"0":0.02316410257067081,"1":0.029568512429692786,"2":0.636277723779693,"3":0.217503737425179,"4":0.28615361541657663,"5":0.02001837920099145,"6":0.08003816637744522,"7":7.991375302397569e-17,"8":0.17717970208114747,"9":0.046175675068236346,"10":0.25120822049503766,"11":0.012132669486072925,"12":0.2997669149960574,"13":0.01738128178681903,"14":0.0018637413443576445,"15":0.27755946480034827,"16":0.4532634387280131,"17":0.5982143077547989,"18":0.03963366875238503,"19":0.0,"20":0.9417111912922905,"21":0.9450185243636865,"22":0.9665255676868658,"23":0.9287371583888274,"24":0.8145839938232753,"25":0.7833120531603504,"26":0.9665255676868657,"27":0.8964164010171904,"28":0.8805526818500692,"29":0.2464226188315263,"30":0.8385519778976068,"31":0.8145839938232753,"32":0.9855890429787315,"33":0.217503737425179,"34":0.8805526818500692,"35":0.8385519778976068,"36":0.9855890429787315,"37":0.7833120531603504,"38":0.9855890429787315,"39":0.9952519203820656,"40":0.8544150990015101,"41":0.7996560868818051,"42":0.982611653671708,"43":0.9726492791223061,"44":0.8941423659482048,"45":0.9921466467150114,"46":1.0,"47":0.8236817953199643,"48":0.8911649533811283,"49":0.9221351806657385,"50":0.9933507162789423,"51":0.9383369926355666,"52":0.7489574535184255,"53":0.8133122018701175,"54":0.9244354309839371,"55":0.9978644488510593,"56":0.9917545157095689,"57":0.7445155649304595,"58":0.636277723779693,"59":0.9746952279515833},"ranked":{"19":0.0,"7":0.01694915254237288,"14":0.03389830508474576,"11":0.05084745762711865,"13":0.06779661016949153,"5":0.0847457627118644,"0":0.1016949152542373,"1":0.11864406779661017,"18":0.13559322033898305,"9":0.15254237288135594,"6":0.1694915254237288,"8":0.1864406779661017,"3":0.2033898305084746,"33":0.22033898305084745,"29":0.23728813559322035,"10":0.2542372881355932,"15":0.2711864406779661,"4":0.288135593220339,"12":0.3050847457627119,"16":0.3220338983050847,"17":0.3389830508474576,"2":0.3559322033898305,"58":0.3728813559322034,"57":0.3898305084745763,"52":0.4067796610169492,"25":0.423728813559322,"37":0.4406779661016949,"41":0.4576271186440678,"53":0.4745762711864407,"24":0.4915254237288136,"31":0.5084745762711864,"47":0.5254237288135594,"35":0.5423728813559322,"30":0.559322033898305,"40":0.576271186440678,"34":0.5932203389830508,"28":0.6101694915254238,"48":0.6271186440677966,"44":0.6440677966101694,"27":0.6610169491525424,"49":0.6779661016949152,"54":0.6949152542372882,"23":0.711864406779661,"51":0.7288135593220338,"20":0.7457627118644068,"21":0.7627118644067796,"26":0.7796610169491526,"22":0.7966101694915254,"43":0.8135593220338984,"59":0.8305084745762712,"42":0.847457627118644,"36":0.864406779661017,"38":0.8813559322033898,"32":0.8983050847457628,"56":0.9152542372881356,"45":0.9322033898305084,"50":0.9491525423728814,"39":0.9661016949152542,"55":0.9830508474576272,"46":1.0}}