{"name":"fiedler","normalized":true,"weight":"value","num_of_nodes":60,"num_of_edges":181,"process_time":0.030367136001586914,"data":{"0":0.15244540369346524,"1":0.15780320115539334,"2":0.6599738347092333,"3":0.3474504711851941,"4":0.399214759073245,"5":0.0,"6":0.2006830771148969,"7":0.18033865924095743,"8":0.31641136564130595,"9":0.21552844943569524,"10":0.37335265145821483,"11":0.1437363933039102,"12":0.323061020993505,"13":0.03133649232790709,"14":0.18167840878005512,"15":0.34362403729505364,"16":0.5106464002109886,"17":0.6290305707860805,"18":0.12642888329035853,"19":0.18033865920543543,"20":0.9094953309246878,"21":0.8892469340263359,"22":0.9514022780021063,"23":0.9186221272909764,"24":0.792625620676108,"25":0.7804122309991318,"26":0.9514022780021558,"27":0.8903348984054138,"28":0.8416553771598058,"29":0.3698600920964247,"30":0.8522183272144964,"31":0.7926256207280921,"32":0.9188229738830697,"33":0.34745047123470846,"34":0.8416553771569015,"35":0.8522183272148179,"36":0.9188229738730063,"37":0.7804122310035108,"38":0.9188229739571221,"39":0.953698999252904,"40":0.8678953938949331,"41":0.7817161876245351,"42":0.9454354113753581,"43":0.9603576078368059,"44":0.871689441992145,"45":1.0,"46":0.9321982054029736,"47":0.7995859846593911,"48":0.8502333247582456,"49":0.8735720472668722,"50":0.9784209631009028,"51":0.8859444753883843,"52":0.7525906979644469,"53":0.8052272092464524,"54":0.9167142971330494,"55":0.9309269772414612,"56":0.9772922332165676,"57":0.7487961087153396,"58":0.65997383472245,"59":0.9622088655219074},"ranked":{"5":0.0,"13":0.01694915254237288,"18":0.03389830508474576,"11":0.05084745762711865,"0":0.06779661016949153,"1":0.0847457627118644,"19":0.1016949152542373,"7":0.11864406779661017,"14":0.13559322033898305,"6":0.15254237288135594,"9":0.1694915254237288,"8":0.1864406779661017,"12":0.2033898305084746,"15":0.22033898305084745,"3":0.23728813559322035,"33":0.2542372881355932,"29":0.2711864406779661,"10":0.288135593220339,"4":0.3050847457627119,"16":0.3220338983050847,"17":0.3389830508474576,"2":0.3559322033898305,"58":0.3728813559322034,"57":0.3898305084745763,"52":0.4067796610169492,"25":0.423728813559322,"37":0.4406779661016949,"41":0.4576271186440678,"24":0.4745762711864407,"31":0.4915254237288136,"47":0.5084745762711864,"53":0.5254237288135594,"34":0.5423728813559322,"28":0.559322033898305,"48":0.576271186440678,"30":0.5932203389830508,"35":0.6101694915254238,"40":0.6271186440677966,"44":0.6440677966101694,"49":0.6610169491525424,"51":0.6779661016949152,"21":0.6949152542372882,"27":0.711864406779661,"20":0.7288135593220338,"54":0.7457627118644068,"23":0.7627118644067796,"36":0.7796610169491526,"32":0.7966101694915254,"38":0.8135593220338984,"55":0.8305084745762712,"46":0.847457627118644,"42":0.864406779661017,"22":0.8813559322033898,"26":0.8983050847457628,"39":0.9152542372881356,"43":0.9322033898305084,"59":0.9491525423728814,"56":0.9661016949152542,"50":0.9830508474576272,"45":1.0}}