{"name":"density","eps":0.5,"weight":"value","num_of_nodes":99,"num_of_edges":310,"process_time":0.024316787719726562,"data":{"0":0.001237331465833787,"1":0.004537013116088357,"2":0.0016499063624191301,"3":0.33649553370961777,"4":0.16886650748756346,"5":0.1692789325844734,"6":0.6684539794032974,"7":0.001237443815559201,"8":0.5008248782814827,"9":0.1692789887591883,"10":0.16721660112506653,"11":0.5008248782814827,"12":0.1701038389534128,"13":0.1692789325844734,"14":0.1692789887593906,"15":0.16762902622211653,"16":0.17051628277541445,"17":0.33484583332138657,"18":0.3352582396936717,"19":0.16845402621573632,"20":0.0024747752814707927,"21":0.16969122660709535,"22":0.16845397004078802,"23":0.0016499063624191301,"24":0.16804165729338563,"25":0.0008248689189427362,"26":0.3356706460657234,"27":0.0032995880255274807,"28":0.0020623314594380186,"29":0.16969139513142673,"30":0.003712088022306255,"31":0.17134113296943668,"32":0.17092861424772182,"33":0.1696913389566029,"34":0.1709287078724178,"35":0.002474737831474143,"36":0.6696912734193833,"37":0.33567057116588567,"38":0.0020622003849321328,"39":0.1709287078724178,"40":0.3344332584249257,"41":0.17051618915070293,"42":0.16927889513461683,"43":0.16804160111856184,"44":0.5016498969998535,"45":0.00247471910667811,"46":0.003712181647033344,"47":0.0016498689125002848,"48":0.002062387634277384,"49":0.0028872752781562015,"50":0.0016498876373585614,"51":0.1692788576848069,"52":0.33525818351866116,"53":0.834433342687135,"54":0.33484573969670617,"55":0.5016498969998535,"56":0.0024747191065536225,"57":0.0037120318475291334,"58":0.33649551498452607,"59":0.003712013122608613,"60":0.0004125187216370508,"61":0.6688664045003788,"62":0.1663917883808231,"63":0.33690790263189063,"64":0.0,"65":0.1663917883808231,"66":0.3369079962563999,"67":0.5037120224851022,"68":0.0037119569478314914,"69":0.0049494569381522534,"70":0.17051630150025718,"71":0.16762902622219433,"72":0.0032996067505569274,"73":0.16886635768798144,"74":0.33443327714992405,"75":0.16762902622219433,"76":0.33608292136325363,"77":0.17010391385306375,"78":0.5008249719061658,"79":0.001237443815559201,"80":0.004536994391105593,"81":0.3340207397032109,"82":0.001649794012740399,"83":0.003712088022290694,"84":0.3348456273471675,"85":0.3360830524377128,"86":0.0037121254721628567,"87":0.33690782773214634,"88":0.5012374157281522,"89":0.0020622565597870593,"90":0.17051613297591026,"91":0.3377327715507867,"92":0.001649756563008285,"93":0.3364954400849996,"94":0.16886635768798144,"95":1.0,"96":0.33649542136000127,"97":0.8348456741595649,"98":0.6688664045003788},"ranked":{"64":0.0,"60":0.01020408163265306,"25":0.02040816326530612,"0":0.030612244897959183,"7":0.04081632653061224,"79":0.05102040816326531,"92":0.061224489795918366,"82":0.07142857142857142,"47":0.08163265306122448,"50":0.09183673469387756,"2":0.10204081632653061,"23":0.11224489795918367,"38":0.12244897959183673,"89":0.1326530612244898,"28":0.14285714285714285,"48":0.15306122448979592,"56":0.16326530612244897,"45":0.17346938775510204,"35":0.1836734693877551,"20":0.19387755102040816,"49":0.20408163265306123,"27":0.21428571428571427,"72":0.22448979591836735,"68":0.23469387755102042,"59":0.24489795918367346,"57":0.25510204081632654,"83":0.2653061224489796,"30":0.2755102040816326,"86":0.2857142857142857,"46":0.29591836734693877,"80":0.30612244897959184,"1":0.3163265306122449,"69":0.32653061224489793,"62":0.336734693877551,"65":0.3469387755102041,"10":0.35714285714285715,"15":0.3673469387755102,"71":0.37755102040816324,"75":0.3877551020408163,"43":0.3979591836734694,"24":0.40816326530612246,"22":0.41836734693877553,"19":0.42857142857142855,"73":0.4387755102040816,"94":0.4489795918367347,"4":0.45918367346938777,"51":0.46938775510204084,"42":0.47959183673469385,"5":0.4897959183673469,"13":0.5,"9":0.5102040816326531,"14":0.5204081632653061,"21":0.5306122448979592,"33":0.5408163265306123,"29":0.5510204081632653,"12":0.5612244897959183,"77":0.5714285714285714,"90":0.5816326530612245,"41":0.5918367346938775,"16":0.6020408163265306,"70":0.6122448979591837,"32":0.6224489795918368,"34":0.6326530612244898,"39":0.6428571428571429,"31":0.6530612244897959,"81":0.6632653061224489,"40":0.673469387755102,"74":0.6836734693877551,"84":0.6938775510204082,"54":0.7040816326530612,"17":0.7142857142857143,"52":0.7244897959183674,"18":0.7346938775510204,"37":0.7448979591836735,"26":0.7551020408163265,"76":0.7653061224489796,"85":0.7755102040816326,"96":0.7857142857142857,"93":0.7959183673469388,"58":0.8061224489795918,"3":0.8163265306122449,"87":0.826530612244898,"63":0.8367346938775511,"66":0.8469387755102041,"91":0.8571428571428571,"8":0.8673469387755102,"11":0.8775510204081632,"78":0.8877551020408163,"88":0.8979591836734694,"44":0.9081632653061225,"55":0.9183673469387755,"67":0.9285714285714286,"6":0.9387755102040817,"61":0.9489795918367347,"98":0.9591836734693877,"36":0.9693877551020408,"53":0.9795918367346939,"97":0.9897959183673469,"95":1.0}}