{"name":"pagerank","alpha":0.85,"weight":"value","num_of_nodes":192,"num_of_edges":366,"process_time":0.024595022201538086,"data":{"0":0.08084570965174427,"1":0.10242822621459499,"2":0.32217581288192626,"3":0.622067624328579,"4":0.3262700152107945,"5":0.5640267480613049,"6":0.31658730925143685,"7":0.05205416703456954,"8":0.05205416703456954,"9":0.3425907009139005,"10":0.09637720534772809,"11":0.30436879615053053,"12":0.23986779461291882,"13":0.10277617870209262,"14":0.21792746160444804,"15":0.11488921549291356,"16":0.2854530712557161,"17":0.08921448318159814,"18":0.09637720534772809,"19":0.32282195793259655,"20":0.07662377697269296,"21":0.5546792854683831,"22":0.005283670401647456,"23":0.10242822621459499,"24":0.10869477927150671,"25":0.09137526927387597,"26":0.5375403971913679,"27":0.07315519836445021,"28":0.13099995958916436,"29":0.08657579972386478,"30":0.22131596410947188,"31":0.0919253817957543,"32":0.65431970255819,"33":0.08951566157209356,"34":0.4537960892383401,"35":0.2908547978455239,"36":0.33458499050254653,"37":0.0023335463595193437,"38":0.09380379254688763,"39":0.5792820768183846,"40":0.3134466989674724,"41":0.09273431170042236,"42":0.08429014268664943,"43":0.56004085729284,"44":0.06949843640665967,"45":0.5411064655832017,"46":0.11222612494557323,"47":0.5239905379340501,"48":0.07317632843314173,"49":0.6332034624437572,"50":0.09380379254688763,"51":0.5151824659806974,"52":0.29947468830512997,"53":0.3778025365633705,"54":0.10869477927150671,"55":0.11384844560739939,"56":0.3334612838984549,"57":0.07705690383489165,"58":0.37806458125148107,"59":0.5216230226094586,"60":0.012783054548680365,"61":0.13099995958916436,"62":0.09573543291342157,"63":0.0861512102504795,"64":0.08673906113050658,"65":0.2543401649000496,"66":0.2550136425279172,"67":0.07702999683374151,"68":0.30063386155653943,"69":0.2768418791806706,"70":0.25316047003410286,"71":0.495197868595289,"72":0.061828654047598,"73":0.08979416714269269,"74":0.05121080049973666,"75":0.2717488042853382,"76":0.1042455819192837,"77":0.1042455819192837,"78":0.21722874922237592,"79":0.2716415889316736,"80":0.6504162866615768,"81":0.26544459566588524,"82":0.13122326064458634,"83":0.3089858570932078,"84":0.12324991759737798,"85":0.1026535087335159,"86":0.6860764390944509,"87":0.0646826908206127,"88":0.05461941470740624,"89":0.2717488042853382,"90":0.2922053987121542,"91":0.2543401649000496,"92":0.6705647949505681,"93":0.04008765998205518,"94":0.09932108864524458,"95":0.24874184181273545,"96":0.044694971058905436,"97":0.10468064746946741,"98":0.13077206678590125,"99":0.514414116869098,"100":0.04331185797656142,"101":0.24907320050341378,"102":0.49955168899786023,"103":0.2472016671612018,"104":0.27157109878686714,"105":0.06679983911685243,"106":0.08979416714269269,"107":0.08958008001609569,"108":0.6779422366008762,"109":0.3754515368476573,"110":0.26710392883095524,"111":0.3089858570932078,"112":0.2623392259786035,"113":0.2717488042853382,"114":0.05580685874702232,"115":0.4692896849220365,"116":0.04344021186031273,"117":0.0791549177023905,"118":0.307217350239108,"119":0.08823689620659589,"120":0.24794364105589456,"121":0.07626968680219963,"122":0.2570038937539152,"123":1.0,"124":0.3189513072584253,"125":0.0763912966229366,"126":0.044694971058905436,"127":0.2844856921691531,"128":0.050559105234479144,"129":0.005600617522338689,"130":0.38223624751126467,"131":0.4593251541020753,"132":0.2874566223792505,"133":0.08787258055054986,"134":0.21171516260739362,"135":0.2037092701869928,"136":0.0843653129706403,"137":0.2721442474361442,"138":0.10204894136056275,"139":0.06500337687934479,"140":0.0,"141":0.08787258055054986,"142":0.1978975397776958,"143":0.03877730553681112,"144":0.0696120557253382,"145":0.0843653129706403,"146":0.1978975397776958,"147":0.04886932471177888,"148":0.25684860349248684,"149":0.23471366864477924,"150":0.5231539728629372,"151":0.4665031763478126,"152":0.08787258055054986,"153":0.27876286331220057,"154":0.5279197461579174,"155":0.014393864691496767,"156":0.247681874028723,"157":0.03668933386201158,"158":0.3296052492591848,"159":0.0843653129706403,"160":0.07360646633487589,"161":0.07071461584088926,"162":0.18900124027599965,"163":0.2901361770365524,"164":0.4616801045857811,"165":0.8144214333074087,"166":0.2898361976407156,"167":0.4347977198814167,"168":0.2711907840826048,"169":0.06903577566614096,"170":0.041099934001526985,"171":0.4833173823427592,"172":0.28870820304880923,"173":0.5971154728658157,"174":0.19466671200081373,"175":0.05215930548833282,"176":0.43379018451061474,"177":0.10204894136056275,"178":0.06512550461315701,"179":0.23796219352754874,"180":0.0534515037641074,"181":0.7301797956356809,"182":0.3289220006295426,"183":0.28671279807561595,"184":0.7412356506639631,"185":0.2225636797891267,"186":0.4170931071159167,"187":0.0696120557253382,"188":0.38223624751126467,"189":0.42334637643004086,"190":0.2511134815663928,"191":0.06542989294387014},"ranked":{"140":0.0,"37":0.005235602094240838,"22":0.010471204188481676,"129":0.015706806282722512,"60":0.020942408376963352,"155":0.02617801047120419,"157":0.031413612565445025,"143":0.03664921465968586,"93":0.041884816753926704,"170":0.04712041884816754,"100":0.05235602094240838,"116":0.05759162303664921,"96":0.06282722513089005,"126":0.06806282722513089,"147":0.07329842931937172,"128":0.07853403141361257,"74":0.08376963350785341,"7":0.08900523560209424,"8":0.09424083769633508,"175":0.09947643979057591,"180":0.10471204188481675,"88":0.1099476439790576,"114":0.11518324607329843,"72":0.12041884816753927,"87":0.1256544502617801,"139":0.13089005235602094,"178":0.13612565445026178,"191":0.14136125654450263,"105":0.14659685863874344,"169":0.1518324607329843,"44":0.15706806282722513,"144":0.16230366492146597,"187":0.16753926701570682,"161":0.17277486910994763,"27":0.17801047120418848,"48":0.18324607329842932,"160":0.18848167539267016,"121":0.193717277486911,"125":0.19895287958115182,"20":0.20418848167539266,"67":0.2094240837696335,"57":0.21465968586387435,"117":0.2198952879581152,"0":0.225130890052356,"42":0.23036649214659685,"136":0.2356020942408377,"145":0.24083769633507854,"159":0.24607329842931938,"63":0.2513089005235602,"29":0.25654450261780104,"64":0.2617801047120419,"133":0.2670157068062827,"141":0.27225130890052357,"152":0.2774869109947644,"119":0.28272251308900526,"17":0.2879581151832461,"33":0.2931937172774869,"107":0.29842931937172773,"73":0.3036649214659686,"106":0.3089005235602094,"25":0.31413612565445026,"31":0.3193717277486911,"41":0.32460732984293195,"38":0.3298429319371728,"50":0.33507853403141363,"62":0.3403141361256545,"10":0.34554973821989526,"18":0.3507853403141361,"94":0.35602094240837695,"138":0.3612565445026178,"177":0.36649214659685864,"1":0.3717277486910995,"23":0.3769633507853403,"85":0.38219895287958117,"13":0.387434554973822,"76":0.39267015706806285,"77":0.39790575916230364,"97":0.4031413612565445,"24":0.4083769633507853,"54":0.41361256544502617,"46":0.418848167539267,"55":0.42408376963350786,"15":0.4293193717277487,"84":0.43455497382198954,"98":0.4397905759162304,"28":0.44502617801047123,"61":0.450261780104712,"82":0.45549738219895286,"162":0.4607329842931937,"174":0.46596858638743455,"142":0.4712041884816754,"146":0.47643979057591623,"135":0.4816753926701571,"134":0.4869109947643979,"78":0.49214659685863876,"14":0.4973821989528796,"30":0.5026178010471204,"185":0.5078534031413613,"149":0.5130890052356021,"179":0.518324607329843,"12":0.5235602094240838,"103":0.5287958115183246,"156":0.5340314136125655,"120":0.5392670157068062,"95":0.5445026178010471,"101":0.5497382198952879,"190":0.5549738219895288,"70":0.5602094240837696,"65":0.5654450261780105,"91":0.5706806282722513,"66":0.5759162303664922,"148":0.581151832460733,"122":0.5863874345549738,"112":0.5916230366492147,"81":0.5968586387434555,"110":0.6020942408376964,"168":0.6073298429319371,"104":0.612565445026178,"79":0.6178010471204188,"75":0.6230366492146597,"89":0.6282722513089005,"113":0.6335078534031413,"137":0.6387434554973822,"69":0.643979057591623,