{"name":"density","eps":0.5,"weight":"value","num_of_nodes":165,"num_of_edges":320,"process_time":0.010830879211425781,"data":{"0":0.003089093398617919,"1":0.2535522975410598,"2":0.500926772894675,"3":0.2523168060254965,"4":0.2510812023224539,"5":0.5009267168008305,"6":0.5040155297305055,"7":0.25169903222097906,"8":0.0018534055548435355,"9":0.003706923297049807,"10":0.5021622083163937,"11":0.2523167218849278,"12":0.5009266607070325,"13":0.2510812023224539,"14":0.0030890092579560205,"15":0.49969114114455865,"16":0.9999999158593381,"17":0.2535522414474017,"18":0.2510812864630692,"19":0.0012356597970269304,"20":0.0024712354532288082,"21":0.0018534055547736123,"22":0.0,"23":0.003706839156457832,"24":0.004324584914157898,"25":0.2510811742756132,"26":0.0037067550157726258,"27":0.003089149492345902,"28":0.004324528820453223,"29":0.0018535177423927333,"30":0.252316693837924,"31":0.4996911691914926,"32":0.0,"33":0.0018534055548435355,"34":0.0024712354532288082,"35":0.749536711716803,"36":0.0018534616485482113,"37":0.0049423306719978116,"38":0.0030889812110687213,"39":0.0,"40":0.0037067550157726258,"41":0.2535523536348577,"42":0.5009266607070325,"43":0.0037068111096637633,"44":0.003706726968815403,"45":0.003089093398687842,"46":0.25108117427545007,"47":0.5015444906055809,"48":0.0037068672034150543,"49":0.0018535457893732639,"50":0.0,"51":0.2516990602677265,"52":0.2516990041739053,"53":0.0037068111096637633,"54":0.5009268570353602,"55":0.4990732831992162,"56":0.0006178298985484268,"57":0.004324612961138429,"58":0.0018533494609990135,"59":0.0012356317500697076,"60":0.5003088588554413,"61":0.7489187976776859,"62":0.0024712354532288082,"63":0.2510811462286094,"64":0.7495366275761878,"65":0.25046340047069954,"66":0.2523167218848113,"67":0.0030888970703602074,"68":0.0012356317500697076,"69":0.0006178298985484268,"70":0.2547878731973083,"71":0.0043245568673405226,"72":0.4990732831992162,"73":0.003088953164158114,"74":0.5033978400665101,"75":0.7495366275761411,"76":0.0018534616487113655,"77":0.0006178579454124185,"78":0.0024711232656329947,"79":0.0006178579454124185,"80":0.7501543733339111,"81":0.2529344395957639,"82":0.5015444625585538,"83":0.2535522694941958,"84":0.003088953164134806,"85":0.0030890933986412266,"86":0.25108114622849287,"87":0.25108114622849287,"88":0.002471207406411432,"89":0.2516988919863328,"90":0.5027800382148723,"91":0.5015446308400408,"92":0.25108117427552,"93":0.0018533775078396974,"94":0.5003088308085774,"95":0.25046342851781994,"96":0.003088981211022106,"97":0.003088953164134806,"98":0.004324416632764178,"99":0.2516988919863328,"100":0.0018533494609990135,"101":0.2523168901662283,"102":0.5021622083164403,"103":0.5003088308085774,"104":0.25293452373651903,"105":0.0006178298985484268,"106":0.2516989480801074,"107":0.0006178579454124185,"108":0.003088981210998798,"109":0.002471319594030553,"110":0.005560132523589016,"111":0.2529346639709322,"112":0.5021623205041061,"113":0.004324641008025728,"114":0.004324612961091813,"115":0.5027800382148723,"116":0.5003089149491926,"117":0.001853489695412203,"118":0.004942330671927888,"119":0.2510811462286327,"120":0.2541700713458802,"121":0.003706811109617148,"122":0.5033978400665333,"123":0.0030890933986645343,"124":0.003706867203368439,"125":0.25293446764255795,"126":0.5027799540742104,"127":0.7520078349824361,"128":0.5003089149491926,"129":0.5033978120195994,"130":0.0037067830626599254,"131":0.5003089429961498,"132":0.7513899209433189,"133":0.2504633443770415,"134":0.0037068111095705323,"135":0.5015445466993089,"136":0.2523167779786558,"137":0.7513900050840041,"138":0.25108120232229075,"139":0.2510812023223607,"140":0.2523168340724304,"141":0.001853489695412203,"142":0.2535523536349975,"143":0.2529345517833597,"144":0.004324697101823635,"145":0.7501545416153514,"146":0.0030890653517306192,"147":0.2529345798302004,"148":0.7513898928963617,"149":0.5033978400664635,"150":0.0030890933986412266,"151":0.0037067830627298486,"152":0.5027800662617362,"153":1.0,"154":0.00370678306261331,"155":0.2529346920177962,"156":0.0024712915471432535,"157":0.2541700432988997,"158":0.0030890373048899356,"159":0.001235631750116323,"160":0.003089037304959859,"161":0.00370678306261331,"162":0.0043246410079091895,"163":0.5009268289884495,"164":0.0018533775079329284},"ranked":{"22":0.0,"32":0.006097560975609756,"39":0.012195121951219513,"50":0.018292682926829267,"56":0.024390243902439025,"69":0.03048780487804878,"105":0.036585365853658534,"77":0.042682926829268296,"79":0.04878048780487805,"107":0.054878048780487805,"59":0.06097560975609756,"68":0.06707317073170732,"159":0.07317073170731707,"19":0.07926829268292683,"58":0.08536585365853659,"100":0.09146341463414634,"93":0.0975609756097561,"164":0.10365853658536585,"21":0.10975609756097561,"8":0.11585365853658537,"33":0.12195121951219512,"36":0.12804878048780488,"76":0.13414634146341464,"117":0.1402439024390244,"141":0.14634146341463414,"29":0.1524390243902439,"49":0.15853658536585366,"78":0.16463414634146342,"88":0.17073170731707318,"20":0.17682926829268292,"34":0.18292682926829268,"62":0.18902439024390244,"156":0.1951219512195122,"109":0.20121951219512196,"67":0.2073170731707317,"84":0.21341463414634146,"97":0.21951219512195122,"73":0.22560975609756098,"108":0.23170731707317074,"96":0.23780487804878048,"38":0.24390243902439024,"14":0.25,"158":0.25609756097560976,"160":0.2621951219512195,"146":0.2682926829268293,"0":0.27439024390243905,"85":0.2804878048780488,"150":0.2865853658536585,"123":0.2926829268292683,"45":0.29878048780487804,"27":0.3048780487804878,"44":0.31097560975609756,"26":0.3170731707317073,"40":0.3231707317073171,"154":0.32926829268292684,"161":0.3353658536585366,"130":0.34146341463414637,"151":0.3475609756097561,"134":0.35365853658536583,"121":0.3597560975609756,"43":0.36585365853658536,"53":0.3719512195121951,"23":0.3780487804878049,"124":0.38414634146341464,"48":0.3902439024390244,"9":0.39634146341463417,"98":0.4024390243902439,"28":0.40853658536585363,"71":0.4146341463414634,"24":0.42073170731707316,"114":0.4268292682926829,"57":0.4329268292682927,"162":0.43902439024390244,"113":0.4451219512195122,"144":0.45121951219512196,"118":0.4573170731707317,"37":0.4634146341463415,"110":0.4695121951219512,"133":0.47560975609756095,"65":0.4817073170731707,"95":0.4878048780487805,"86":0.49390243902439024,"87":0.5,"63":0.5060975609756098,"119":0.5121951219512195,"46":0.5182926829268293,"92":0.524390243902439,"25":0.5304878048780488,"138":0.5365853658536586,"139":0.5426829268292683,"4":0.5487804878048781,"13":0.5548780487804879,"18":0.5609756097560976,"89":0.5670731707317073,"99":0.573170731707317,"106":0.5792682926829268,"52":0.5853658536585366,"7":0.5914634146341463,"51":0.5975609756097561,"30":0.6036585365853658,"66":0.6097560975609756,"11":0.6158536585365854,"136":0.6219512195121951,"3":0.6280487804878049,"140":0.6341463414634146,"101":0.6402439024390244,"81":0.6463414634146342,"125":0.6524390243902439,"104":0.6585365853658537,"143":0.6646341463414634,"147":0.6707317073170732,"111":0.676829268292683,"155":0.6829268292682927,"17":0.6890243902439024,"83":0.6951219512195121,"1":0.7012195121951219,"41":0.7073170731707317,"142":0.7134146341463414,"157":0.7195121951219512,"120":0.725609756097561,"70":0.7317073170731707,"55":0.7378048780487805,"72":0.7439024390243902,"15":0.75,"31":0.7560975609756098,"94":0.7621951219512195,"103":0.7682926829268293,"60":0.774390243902439,"116":0.7804878048780488,"128":0.7865853658536586,"131":0.7926829268292683,"12":0.7987804878048781,"42":0.8048780487804879,"5":0.8109756097560976,"2":0.8170731707317073,"163":0.823170731707317,"54":0.8292682926829268,"82":0.8353658536585366,"47":0.8414634146341463,"135":0.8475609756097561,"91":0.8536585365853658,"10":0.8597560975609756,"102":0.8658536585365854,"112":0.8719512195121951,"126":0.8780487804878049,"90":0.8841463414634146,"115":0.8902439024390244,"152":0.8963414634146342,"129":0.9024390243902439,"149":0.9085365853658537,"74":0.9146341463414634,"122":0.9207317073170732,"6":0.926829268292683,