{"name":"fiedler","normalized":true,"weight":"value","num_of_nodes":171,"num_of_edges":526,"process_time":0.04256606101989746,"data":{"0":0.24524866095882927,"1":0.13795882797048628,"2":0.1888306071642236,"3":0.101243749957608,"4":0.12574067030098787,"5":0.2880844863340657,"6":0.2229090959520481,"7":0.1168999984702918,"8":0.2768740967496241,"9":0.1969621689943335,"10":0.1418605472834627,"11":0.126599861440028,"12":0.1365812272370421,"13":0.2306815608544002,"14":0.20978730287897068,"15":0.22981940200430506,"16":0.14416567777251119,"17":0.11902935955103214,"18":0.09148666576690426,"19":0.21279386439003733,"20":0.11689999847039793,"21":0.09060383350726976,"22":0.11689999847039678,"23":0.060015877470750996,"24":0.09704797870099863,"25":0.05404021149745065,"26":0.23089786312709232,"27":0.2604171274288857,"28":0.03468958455841512,"29":0.18742706483714142,"30":0.13746780074202142,"31":0.22770414002504566,"32":0.13346220725444985,"33":0.1478896041901374,"34":0.20915825175064284,"35":0.19534653260769597,"36":0.027863037890826982,"37":0.22195539548876578,"38":0.12659986144006746,"39":0.09250979516147811,"40":0.0,"41":0.16194841713280225,"42":0.13345652449976317,"43":0.1257406703009567,"44":0.15228876129412866,"45":0.14049778363358292,"46":0.2511717319293119,"47":0.16360103127590858,"48":0.21279007977349332,"49":0.20797614287603172,"50":0.22290909595199698,"51":0.13795882797049394,"52":0.1478896041901238,"53":0.09302015769033022,"54":0.12333320181732979,"55":0.03530634499786267,"56":0.22948564385976034,"57":0.5219789818578751,"58":0.5244198657145852,"59":0.530139004759562,"60":0.5204560848591814,"61":0.5264818661225545,"62":0.5762801514205147,"63":0.516445981827176,"64":0.5256915083112199,"65":0.5212567932840404,"66":0.5278453949262503,"67":0.5265830850399325,"68":0.5222459149784512,"69":0.5303238773137178,"70":0.5816716195584184,"71":0.5275618735293944,"72":0.5224349830691593,"73":0.5432181487172495,"74":0.5552741780806408,"75":0.5201004894357917,"76":0.5224844945597291,"77":0.5279258335802721,"78":0.522477565875324,"79":0.5222459149785345,"80":0.5252988695432265,"81":0.5186156325080264,"82":0.5245932483291031,"83":0.5227425183609052,"84":0.5253120925095502,"85":0.5241863434556787,"86":0.5283882481537572,"87":0.527177827062341,"88":0.5615521242146023,"89":0.5345892842982127,"90":0.5308727149188459,"91":0.5250317512382652,"92":0.5615521242147542,"93":0.5682650321508612,"94":0.5304083135779518,"95":0.5233032169764896,"96":0.527758603468412,"97":0.5238414625990466,"98":0.5302063292507826,"99":0.5297302024846493,"100":0.5286163922943312,"101":0.5216999791186926,"102":0.5284229476310037,"103":0.527564168468242,"104":0.5236029005820415,"105":0.5324961063613056,"106":0.5426112401783402,"107":0.5342457282468464,"108":0.5286058023395073,"109":0.5932020415484974,"110":0.5630898576528793,"111":0.5246634900428222,"112":0.5255438665219135,"113":0.5248760560054757,"114":0.9291154840366206,"115":0.715677074646332,"116":0.9247298128344303,"117":0.8539698592892789,"118":0.7549206424604598,"119":0.763639032252079,"120":0.7913729193332246,"121":0.9187669753442753,"122":0.5146695669167733,"123":0.7158118940380542,"124":0.9144223729998994,"125":0.5083689863530314,"126":1.0,"127":0.8003198286807855,"128":0.6761174564552547,"129":0.6734201053666267,"130":0.8916507930232486,"131":0.8151972165669817,"132":0.8002412296117929,"133":0.7607104746185464,"134":0.9290475569103263,"135":0.8267858888494144,"136":0.6231936230161369,"137":0.8479829927182759,"138":0.8897591312505644,"139":0.8536783761736051,"140":0.7229177561559358,"141":0.9944427168298341,"142":0.9592277847190597,"143":0.6761174564552621,"144":0.72788939188585,"145":0.8952349286665495,"146":0.8006516798055459,"147":0.6891398201543403,"148":0.5512484570316997,"149":0.6734201053667507,"150":0.782824584921448,"151":0.9247809758378239,"152":0.7730835560542648,"153":0.9635067365496786,"154":0.9620903936950893,"155":0.9552290628309805,"156":0.7324964711141254,"157":0.9276447622632786,"158":0.8824346842105405,"159":0.9515640351565218,"160":0.9144655458837221,"161":0.808135516645251,"162":0.826854641779374,"163":0.7313680712515566,"164":0.9265635143286471,"165":0.865580112794728,"166":0.5179171959045895,"167":0.8151972165670236,"168":0.7782665029115854,"169":0.6493282133918212,"170":0.4833238117015173},"ranked":{"40":0.0,"36":0.0058823529411764705,"28":0.011764705882352941,"55":0.01764705882352941,"25":0.023529411764705882,"23":0.029411764705882353,"21":0.03529411764705882,"18":0.041176470588235294,"39":0.047058823529411764,"53":0.052941176470588235,"24":0.058823529411764705,"3":0.06470588235294118,"7":0.07058823529411765,"22":0.07647058823529412,"20":0.08235294117647059,"17":0.08823529411764706,"54":0.09411764705882353,"43":0.1,"4":0.10588235294117647,"11":0.11176470588235295,"38":0.11764705882352941,"42":0.12352941176470589,"32":0.12941176470588237,"12":0.13529411764705881,"30":0.1411764705882353,"1":0.14705882352941177,"51":0.15294117647058825,"45":0.1588235294117647,"10":0.16470588235294117,"16":0.17058823529411765,"52":0.17647058823529413,"33":0.18235294117647058,"44":0.18823529411764706,"41":0.19411764705882353,"47":0.2,"29":0.20588235294117646,"2":0.21176470588235294,"35":0.21764705882352942,"9":0.2235294117647059,"49":0.22941176470588234,"34":0.23529411764705882,"14":0.2411764705882353,"48":0.24705882352941178,"19":0.2529411764705882,"37":0.25882352941176473,"50":0.2647058823529412,"6":0.27058823529411763,"31":0.27647058823529413,"56":0.2823529411764706,"15":0.28823529411764703,"13":0.29411764705882354,"26":0.3,"0":0.3058823529411765,"46":0.31176470588235294,"27":0.3176470588235294,"8":0.3235294117647059,"5":0.32941176470588235,"170":0.3352941176470588,"125":0.3411764705882353,"122":0.34705882352941175,"63":0.35294117647058826,"166":0.3588235294117647,"81":0.36470588235294116,"75":0.37058823529411766,"60":0.3764705882352941,"65":0.38235294117647056,"101":0.38823529411764707,"57":0.3941176470588235,"68":0.4,"79":0.40588235294117647,"72":0.4117647058823529,"78":0.4176470588235294,"76":0.4235294117647059,"83":0.4294117647058823,"95":0.43529411764705883,"104":0.4411764705882353,"97":0.4470588235294118,"85":0.45294117647058824,"58":0.4588235294117647,"82":0.4647058823529412,"111":0.47058823529411764,"113":0.4764705882352941,"91":0.4823529411764706,"80":0.48823529411764705,"84":0.49411764705882355,"112":0.5,"64":0.5058823529411764,"61":0.5117647058823529,"67":0.5176470588235295,"87":0.5235294117647059,"71":0.5294117647058824,"103":0.5352941176470588,"96":0.5411764705882353,"66":0.5470588235294118,"77":0.5529411764705883,"86":0.5588235294117647,"102":0.5647058823529412,"108":0.5705882352941176,"100":0.5764705882352941,"99":0.5823529411764706,"59":0.5882352941176471,"98":0.5941176470588235,"69":0.6,"94":0.6058823529411764,"90":0.611764705882353,"105":0.6176470588235294,"107":0.6235294117647059,"89":0.6294117647058823,"106":0.6352941176470588,"73":0.6411764705882353,"148":0.6470588235294118,"74":0.6529411764705882,"88":0.6588235294117647,"92":0.6647058823529411,"110":0.6705882352941176,"93":0.6764705882352942,"62":0.6823529411764706,"70":0.6882352941176471,"109":0.6941176470588235,"136":0.7,"169":0.7058823529411765,"129":0.711764705882353,"149":0.7176470588235294,"128":0.7235294117647059,"143":0.7294117647058823,"147":0.7352941176470589,"115":0.7411764705882353,"123":0.7470588235294118,"140":0.7529411764705882,"144":0.7588235294117647,"163":0.7647058823529411,"156":0.7705882352941177,"118":0.7764705882352941,"133":0.7823529411764706,"119":0.788235294117647,"152":0.7941176470588235,"168":0.8,"150":0.8058823529411765,"120":0.8117647058823529,"132":0.8176470588235294,"127":0.8235294117647058,"146":0.8294117647058824,"161":0.8352941176470589,"131":0.8411764705882353,"167":0.8470588235294118,"135":0.8529411764705882,"162":0.8588235294117647,"137":0.8647058823529412,"139":0.8705882352941177,"117":0.8764705882352941,"165":0.8823529411764706,"158":0.888235294117647,"138":0.8941176470588236,"130":0.9,"145":0.9058823529411765,