{"name":"density","eps":0.5,"weight":"value","num_of_nodes":66,"num_of_edges":126,"process_time":0.0017271041870117188,"data":{"0":0.0016499996471330703,"1":0.0016499996471641921,"2":0.00659921214175232,"3":0.33525824553869005,"4":0.000824962373795452,"5":0.0,"6":0.33278339586744826,"7":0.000824962373795452,"8":0.6696913414543558,"9":0.004124549719739388,"10":0.006599174691981237,"11":0.334433170815488,"12":0.33443332061472797,"13":0.6672166415824162,"14":0.002474812221626337,"15":0.33525813318912784,"16":0.33278339586744826,"17":0.6696913414543869,"18":0.002474812221626337,"19":0.33278339586744826,"20":0.33608305811308997,"21":0.0024748871211062594,"22":0.33525802083956563,"23":0.0024747373218040737,"24":0.3336083207911925,"25":0.0016497749480086216,"26":0.3344332082652591,"27":0.3344330959156657,"28":3.744986444872272e-08,"29":0.9983500378025758,"30":0.3344330959156657,"31":0.3344330959156657,"32":0.9999998502005734,"33":0.0041244748200104904,"34":1.1234946885869934e-07,"35":3.744986444872272e-08,"36":3.744986444872272e-08,"37":0.3344330959156657,"38":1.1234946885869934e-07,"39":0.3352581706388678,"40":0.9983500378025758,"41":0.0016497749480086216,"42":0.33525802083956563,"43":0.6672166415823229,"44":0.0016497749481019872,"45":1.0,"46":0.333608245891557,"47":0.337732795611203,"48":0.33525813318919007,"49":0.6680414541568472,"50":0.002474774771730766,"51":0.001649812397935314,"52":0.3352580957392945,"53":0.004124587169479349,"54":0.33608305811302774,"55":0.333608245891557,"56":0.001649812397935314,"57":0.0008248874740043108,"58":0.0024747373218040737,"59":0.9991750376262045,"60":0.003299662245735077,"61":0.004124549719677144,"62":0.6663916792087141,"63":0.3360829832132988,"64":0.3336082833413903,"65":0.6696912291047936},"ranked":{"5":0.0,"28":0.015384615384615385,"35":0.03076923076923077,"36":0.046153846153846156,"34":0.06153846153846154,"38":0.07692307692307693,"57":0.09230769230769231,"4":0.1076923076923077,"7":0.12307692307692308,"25":0.13846153846153847,"41":0.15384615384615385,"44":0.16923076923076924,"51":0.18461538461538463,"56":0.2,"0":0.2153846153846154,"1":0.23076923076923078,"23":0.24615384615384617,"58":0.26153846153846155,"50":0.27692307692307694,"14":0.2923076923076923,"18":0.3076923076923077,"21":0.3230769230769231,"60":0.3384615384615385,"33":0.35384615384615387,"61":0.36923076923076925,"9":0.38461538461538464,"53":0.4,"10":0.4153846153846154,"2":0.4307692307692308,"6":0.4461538461538462,"16":0.46153846153846156,"19":0.47692307692307695,"46":0.49230769230769234,"55":0.5076923076923077,"64":0.5230769230769231,"24":0.5384615384615384,"27":0.5538461538461539,"30":0.5692307692307692,"31":0.5846153846153846,"37":0.6,"11":0.6153846153846154,"26":0.6307692307692307,"12":0.6461538461538462,"22":0.6615384615384615,"42":0.676923076923077,"52":0.6923076923076923,"15":0.7076923076923077,"48":0.7230769230769231,"39":0.7384615384615385,"3":0.7538461538461538,"63":0.7692307692307693,"54":0.7846153846153846,"20":0.8,"47":0.8153846153846154,"62":0.8307692307692308,"43":0.8461538461538461,"13":0.8615384615384616,"49":0.8769230769230769,"65":0.8923076923076924,"8":0.9076923076923077,"17":0.9230769230769231,"29":0.9384615384615385,"40":0.9538461538461539,"59":0.9692307692307692,"32":0.9846153846153847,"45":1.0}}