{"name":"density","eps":0.5,"weight":"value","num_of_nodes":186,"num_of_edges":582,"process_time":0.08473920822143555,"data":{"0":0.4025691343389264,"1":0.2042489503570889,"2":0.20326072169646103,"3":1.5700462262024753e-07,"4":0.006916838031256652,"5":0.20375475752460345,"6":0.1998025381873193,"7":0.4020750985108772,"8":0.8016796814429524,"9":0.002470425861803918,"10":0.20573101298270374,"11":0.20276684287266167,"12":0.6018773226892978,"13":0.0009882510898197245,"14":0.0009881613729404426,"15":0.2027667531560247,"16":0.002470246428101272,"17":0.202272717327845,"18":0.2027668204435257,"19":0.0024704931495099776,"20":0.4010867801332023,"21":0.20424883821085002,"22":1.0,"23":0.20029661887403183,"24":0.002470381003420195,"25":0.800197573958674,"26":0.4005929461680103,"27":0.5999012466643577,"28":0.40009870847708523,"29":0.4015810178242951,"30":0.0004942376909810058,"31":0.0009881613729404426,"32":0.40009870847708523,"33":0.4020750312229661,"34":0.40108711657124796,"35":0.002470425861803918,"36":1.5700462262024753e-07,"37":0.0029645514066578625,"38":0.004446636461744135,"39":0.2047428964684825,"40":0.20227287433215074,"41":0.7997033138384569,"42":1.5700462262024753e-07,"43":0.000988295948222087,"44":0.6018773226894116,"45":0.5994070986902155,"46":0.2052369098673585,"47":0.40256911190967865,"48":0.2042490849321096,"49":0.6023714033758256,"50":0.20375500424575121,"51":0.20177861421223883,"52":0.003458542376341998,"53":0.4030629458748706,"54":0.2057310578412552,"55":0.20227262761111484,"56":0.0009882510898197245,"57":0.001976434892157061,"58":0.20029661887403183,"59":0.40009873090633297,"60":0.20227289676152901,"61":0.2007906995602784,"62":0.002964259827107744,"63":0.6018771881139551,"64":0.20375480238278215,"65":0.4030630580207926,"66":0.4010870492837656,"67":0.5999011793768002,"68":0.20375475752449163,"69":0.0029643944021284386,"70":0.4020749415063664,"71":0.20523706687153379,"72":0.7982212063541596,"73":0.9985177355111866,"74":0.60187732268926,"75":0.0024703361449619145,"76":0.00247047072022492,"77":0.004446636461688217,"78":0.8011856456147901,"79":0.004940627431279156,"80":0.2027666858683,"81":0.003952600633750833,"82":0.4015810178243324,"83":0.004940739577406218,"84":0.20276673072675827,"85":0.40158115239955816,"86":0.2057310578412552,"87":0.20177870392900626,"88":0.002964439260512162,"89":0.6018772554017972,"90":0.5984189373172737,"91":0.4010869819960222,"92":0.6008893183204929,"93":0.20276659615164438,"94":0.6003951703464833,"95":0.001976210600014774,"96":0.0009880940854207758,"97":0.2022727621861169,"98":0.8016795692968398,"99":0.4010870492837656,"100":0.003952466058301435,"101":0.7997033362678957,"102":0.6003950806297714,"103":0.4010869595667931,"104":0.19980238118288307,"105":0.20474285160983785,"106":0.2032606095503899,"107":0.000494058257296999,"108":0.20276666343916405,"109":0.40158110754128623,"110":0.0009881389437858595,"111":0.004446703749785701,"112":0.00494056014374085,"113":0.004940560143834046,"114":0.4015808608199894,"115":0.4045450982174952,"116":0.20276659615145798,"117":0.20177861421210835,"118":0.4010868922794039,"119":0.40108698199619,"120":0.00395242119997363,"121":0.4010869595667931,"122":0.20227265004010164,"123":0.0024703361448873574,"124":0.0,"125":0.20128457838405914,"126":0.40256899976364474,"127":0.0014822644887516397,"128":0.4010869147085585,"129":0.0054348426932733325,"130":0.20128457838392866,"131":0.6008891837452448,"132":0.5984188700296592,"133":0.6018773899766089,"134":0.20128455595479272,"135":0.4000988879108624,"136":0.40207494150614276,"137":0.20276684287275484,"138":0.0014822196303865558,"139":0.0,"140":0.002964439260605358,"141":0.40256897733437835,"142":0.002470223998834853,"143":0.20375477995362756,"144":0.40207496393550235,"145":0.3996047399366302,"146":0.4015808608197657,"147":0.20474300861421815,"148":0.20326074412563427,"149":0.20375473509528114,"150":0.2017786142120897,"151":0.0014822420595411389,"152":0.4025690894805427,"153":0.0029646411234998658,"154":0.001482286917999419,"155":0.9985176906528022,"156":0.002470381003420195,"157":0.002964327114608772,"158":0.003458295655026489,"159":0.0034585648056270563,"160":0.40306308045009637,"161":0.2002963721525672,"162":0.0029644616897413017,"163":0.004446546744958049,"164":0.20375471266612655,"165":0.20326096841764607,"166":0.4030630804499472,"167":0.402568977334397,"168":0.0009882286606651416,"169":0.0054349772684431415,"170":0.2027666634390895,"171":0.0014822420595411389,"172":0.0024702912865036345,"173":0.20326074412567155,"174":0.19930827806722098,"175":0.40306310287926955,"176":0.40158079353211557,"177":0.0,"178":0.40454514307595346,"179":0.40009888791063875,"180":0.20128464567154153,"181":0.4000988879108624,"182":0.40158086081967254,"183":0.001976322746067278,"184":0.002964439260661276,"185":0.20227265004019485},"ranked":{"124":0.0,"139":0.005405405405405406,"177":0.010810810810810811,"3":0.016216216216216217,"36":0.021621621621621623,"42":0.02702702702702703,"107":0.032432432432432434,"30":0.03783783783783784,"96":0.043243243243243246,"110":0.04864864864864865,"14":0.05405405405405406,"31":0.05945945945945946,"168":0.06486486486486487,"13":0.07027027027027027,"56":0.07567567567567568,"43":0.08108108108108109,"138":0.08648648648648649,"151":0.0918918918918919,"171":0.0972972972972973,"127":0.10270270270270271,"154":0.10810810810810811,"95":0.11351351351351352,"183":0.11891891891891893,"57":0.12432432432432433,"142":0.12972972972972974,"16":0.13513513513513514,"172":0.14054054054054055,"123":0.14594594594594595,"75":0.15135135135135136,"24":0.15675675675675677,"156":0.16216216216216217,"9":0.16756756756756758,"35":0.17297297297297298,"76":0.1783783783783784,"19":0.1837837837837838,"62":0.1891891891891892,"157":0.1945945945945946,"69":0.2,"88":0.20540540540540542,"140":0.21081081081081082,"184":0.21621621621621623,"162":0.22162162162162163,"37":0.22702702702702704,"153":0.23243243243243245,"158":0.23783783783783785,"52":0.24324324324324326,"159":0.24864864864864866,"120":0.25405405405405407,"100":0.2594594594594595,"81":0.2648648648648649,"163":0.2702702702702703,"77":0.2756756756756757,"38":0.2810810810810811,"111":0.2864864864864865,"112":0.2918918918918919,"113":0.2972972972972973,"79":0.3027027027027027,"83":0.3081081081081081,"129":0.31351351351351353,"169":0.31891891891891894,"4":0.32432432432432434,"174":0.32972972972972975,"104":0.33513513513513515,"6":0.34054054054054056,"161":0.34594594594594597,"23":0.35135135135135137,"58":0.3567567567567568,"61":0.3621621621621622,"134":0.3675675675675676,"130":0.372972972972973,"125":0.3783783783783784,"180":0.3837837837837838,"150":0.3891891891891892,"117":0.3945945945945946,"51":0.4,"87":0.40540540540540543,"55":0.41081081081081083,"122":0.41621621621621624,"185":0.42162162162162165,"17":0.42702702702702705,"97":0.43243243243243246,"40":0.43783783783783786,"60":0.44324324324324327,"116":0.4486486486486487,"93":0.4540540540540541,"170":0.4594594594594595,"108":0.4648648648648649,"80":0.4702702702702703,"84":0.4756756756756757,"15":0.4810810810810811,"18":0.4864864864864865,"11":0.4918918918918919,"137":0.4972972972972973,"106":0.5027027027027027,"2":0.5081081081081081,"148":0.5135135135135135,"173":0.518918918918919,"165":0.5243243243243243,"164":0.5297297297297298,"149":0.5351351351351351,"68":0.5405405405405406,"5":0.5459459459459459,"143":0.5513513513513514,"64":0.5567567567567567,"50":0.5621621621621622,"21":0.5675675675675675,"1":0.572972972972973,"48":0.5783783783783784,"105":0.5837837837837838,"39":0.5891891891891892,"147":0.5945945945945946,"46":0.6,"71":0.6054054054054054,"10":0.6108108108108108,"54":0.6162162162162163,"86":0.6216216216216216,"145":0.6270270270270271,"28":0.6324324324324324,"32":0.6378378378378379,"59":0.6432432432432432,"179":0.6486486486486487,"135":0.654054054054054,"181":0.6594594594594595,"26":0.6648648648648648,"20":0.6702702702702703,"118":0.6756756756756757,"128":0.6810810810810811,"103":0.6864864864864865,"121":0.6918918918918919,"91":0.6972972972972973,