{"name":"pagerank","alpha":0.85,"weight":"value","num_of_nodes":153,"num_of_edges":297,"process_time":0.030425071716308594,"data":{"0":0.14691177380339146,"1":0.5536948261344119,"2":0.36033022032351936,"3":0.4455138019110561,"4":0.12055992230635962,"5":0.08651397120489292,"6":0.7225509222008384,"7":0.6193221613510167,"8":0.9558021676605345,"9":0.12239184537815374,"10":0.2940259378835883,"11":0.024466618071670013,"12":0.09730123877150847,"13":0.3944540364849427,"14":0.07352203152872236,"15":1.0,"16":0.07145993000259813,"17":0.2860227011717059,"18":0.12239184537815374,"19":0.14849638350924185,"20":0.13048415707724553,"21":0.3532000293085814,"22":0.29789834673355714,"23":0.09430302828152867,"24":0.1077246058216888,"25":0.14849638350924185,"26":0.4282591222603697,"27":0.3931178109275659,"28":0.43998387419879026,"29":0.11671383510178049,"30":0.12055992230635962,"31":0.3780001720568623,"32":0.5802223401416416,"33":0.11742491320057162,"34":0.8094402530933976,"35":0.3111678994832512,"36":0.41862124752483076,"37":0.09438893435869966,"38":0.43699293848177884,"39":0.031453690672772996,"40":0.6242447016484024,"41":0.11671383510178049,"42":0.4184945480598312,"43":0.1499831969266999,"44":0.16042915706738922,"45":0.34465371849056714,"46":0.40931717095835923,"47":0.4192924132248447,"48":0.13496076243464433,"49":0.3759529128836431,"50":0.33830965986214595,"51":0.07044760214751467,"52":0.8882196975641061,"53":0.7846326931051556,"54":0.5989543463583451,"55":0.3290820722832926,"56":0.5014855535445223,"57":0.2863398560742781,"58":0.800692138128819,"59":0.0,"60":0.6216640855939591,"61":0.08991610064644953,"62":0.34446356681557155,"63":0.07841995026393173,"64":0.012924695994066395,"65":0.3482717746116258,"66":0.8581325523129617,"67":0.026622334051141134,"68":0.02208715324562722,"69":0.10339914504178106,"70":0.5764406495800256,"71":0.08991610064644953,"72":0.10339914504178106,"73":0.31238049299229187,"74":0.07140406239658431,"75":0.10525883503910628,"76":0.07044760214751467,"77":0.28551325942975103,"78":0.3052926308192745,"79":0.8054755366204797,"80":0.08548789116258343,"81":0.565371698269216,"82":0.25323941785623,"83":0.05985297445840172,"84":0.042669504014310036,"85":0.9248021609465806,"86":0.3052926308192745,"87":0.07211840703925763,"88":0.03566938328703839,"89":0.25230398041405605,"90":0.102064578714028,"91":0.7658791316386013,"92":0.8091287325719035,"93":0.3538119994276182,"94":0.10339914504178106,"95":0.24132283578815422,"96":0.04413940369369138,"97":0.2863398560742781,"98":0.2860555499182132,"99":0.5559111601474497,"100":0.03722343629109,"101":0.08548789116258326,"102":0.09093601555266095,"103":0.589917473638267,"104":0.557083815219967,"105":0.32335189566052414,"106":0.5484234656910062,"107":0.08510776333219444,"108":0.3296786229943769,"109":0.3566080659392398,"110":0.03267762903321713,"111":0.10567085572179988,"112":0.3304317323182999,"113":0.3829108044115157,"114":0.09974741350148307,"115":0.3447546173515012,"116":0.2929653890579042,"117":0.31614016196525774,"118":0.32335189566052414,"119":0.05348548074174429,"120":0.6030459740420091,"121":0.10567085572179988,"122":0.60201189688962,"123":0.3808303342162615,"124":0.08510776333219444,"125":0.5772954609520791,"126":0.6861545486490266,"127":0.06312062150265693,"128":0.33147475960347444,"129":0.31400408392187706,"130":0.32196578607724724,"131":0.3248438403459199,"132":0.3684113417354094,"133":0.6137477664236394,"134":0.6718406903325713,"135":0.6029271976375803,"136":0.10963296249042102,"137":0.06389991308837988,"138":0.0698518943269437,"139":0.06079923648567329,"140":0.2907593442210021,"141":0.33568010721742236,"142":0.05620980186595741,"143":0.3224115929399415,"144":0.34748904101256456,"145":0.9014264731501325,"146":0.626135839491402,"147":0.06868478281180095,"148":0.29566575584147337,"149":0.10963296249042102,"150":0.06049988846168664,"151":0.06416008911767937,"152":0.3725531552819074},"ranked":{"59":0.0,"64":0.006578947368421052,"68":0.013157894736842105,"11":0.019736842105263157,"67":0.02631578947368421,"39":0.03289473684210526,"110":0.039473684210526314,"88":0.046052631578947366,"100":0.05263157894736842,"84":0.05921052631578947,"96":0.06578947368421052,"119":0.07236842105263158,"142":0.07894736842105263,"83":0.08552631578947369,"150":0.09210526315789473,"139":0.09868421052631579,"127":0.10526315789473684,"137":0.1118421052631579,"151":0.11842105263157894,"147":0.125,"138":0.13157894736842105,"51":0.13815789473684212,"76":0.14473684210526316,"74":0.1513157894736842,"16":0.15789473684210525,"87":0.16447368421052633,"14":0.17105263157894737,"63":0.17763157894736842,"107":0.18421052631578946,"124":0.19078947368421054,"101":0.19736842105263158,"80":0.20394736842105263,"5":0.21052631578947367,"61":0.21710526315789475,"71":0.2236842105263158,"102":0.23026315789473684,"23":0.23684210526315788,"37":0.24342105263157895,"12":0.25,"114":0.2565789473684211,"90":0.2631578947368421,"69":0.26973684210526316,"72":0.27631578947368424,"94":0.28289473684210525,"75":0.2894736842105263,"111":0.29605263157894735,"121":0.3026315789473684,"24":0.3092105263157895,"136":0.3157894736842105,"149":0.3223684210526316,"29":0.32894736842105265,"41":0.3355263157894737,"33":0.34210526315789475,"4":0.34868421052631576,"30":0.35526315789473684,"9":0.3618421052631579,"18":0.3684210526315789,"20":0.375,"48":0.3815789473684211,"0":0.3881578947368421,"19":0.39473684210526316,"25":0.40131578947368424,"43":0.40789473684210525,"44":0.4144736842105263,"95":0.42105263157894735,"89":0.4276315789473684,"82":0.4342105263157895,"77":0.4407894736842105,"17":0.4473684210526316,"98":0.45394736842105265,"57":0.4605263157894737,"97":0.46710526315789475,"140":0.47368421052631576,"116":0.48026315789473684,"10":0.4868421052631579,"148":0.4934210526315789,"22":0.5,"78":0.506578947368421,"86":0.5131578947368421,"35":0.5197368421052632,"73":0.5263157894736842,"129":0.5328947368421053,"117":0.5394736842105263,"130":0.5460526315789473,"143":0.5526315789473685,"105":0.5592105263157895,"118":0.5657894736842105,"131":0.5723684210526315,"55":0.5789473684210527,"108":0.5855263157894737,"112":0.5921052631578947,"128":0.5986842105263158,"141":0.6052631578947368,"50":0.6118421052631579,"62":0.618421052631579,"45":0.625,"115":0.631578947368421,"144":0.6381578947368421,"65":0.6447368421052632,"21":0.6513157894736842,"93":0.6578947368421053,"109":0.6644736842105263,"2":0.6710526315789473,"132":0.6776315789473685,"152":0.6842105263157895,"49":0.6907894736842105,"31":0.6973684210526315,"123":0.7039473684210527,"113":0.7105263157894737,"27":0.7171052631578947,"13":0.7236842105263158,"46":0.7302631578947368,"42":0.7368421052631579,"36":0.743421052631579,"47":0.75,"26":0.756578947368421,"38":0.7631578947368421,"28":0.7697368421052632,"3":0.7763157894736842,"56":0.7828947368421053,"106":0.7894736842105263,"1":0.7960526315789473,"99":0.8026315789473685,"104":0.8092105263157895,"81":0.8157894736842105,"70":0.8223684210526315,"125":0.8289473684210527,"32":0.8355263157894737,"103":0.8421052631578947,"54":0.8486842105263158,"122":0.8552631578947368,"135":0.8618421052631579,"120":0.868421052631579,"133":0.875,"7":0.881578947368421,"60":0.8881578947368421,"40":0.8947368421052632,"146":0.9013157894736842,"134":0.9078947368421053,"126":0.9144736842105263,"6":0.9210526315789473,"91":0.9276315789473685,"53":0.9342105263157895,"58":0.9407894736842105,"79":0.9473684210526315,"92":0.9539473684210527,"34":0.9605263157894737,"66":0.9671052631578947,"52":0.9736842105263158,"145":0.9802631578947368,"85":0.9868421052631579,"8":0.993421052631579,"15":1.0}}