{"name":"fiedler","normalized":true,"weight":"value","num_of_nodes":147,"num_of_edges":463,"process_time":0.03925681114196777,"data":{"0":0.2060758777896942,"1":0.2638366791240685,"2":0.29618450418094583,"3":0.0,"4":0.26575604300162686,"5":0.21922926852979743,"6":0.30586556926232195,"7":0.059982424214737366,"8":0.2889630951543199,"9":0.3229112548193346,"10":0.130067262494995,"11":0.026985344802722085,"12":0.32880932453988315,"13":0.12412415392747457,"14":0.092083861974226,"15":0.05697459157848749,"16":0.3288093245415952,"17":0.3239209963229053,"18":0.15404763333158394,"19":0.1286011273268316,"20":0.31647915571363383,"21":0.2803304919224151,"22":0.05877167693099615,"23":0.3059974379637437,"24":0.16524682026784573,"25":0.2662626146683421,"26":0.21893409612783946,"27":0.1055716554341568,"28":0.13981223704095222,"29":0.38219769727250924,"30":0.25146727827686066,"31":0.17117060909898107,"32":0.12770999146287274,"33":0.20174923090021826,"34":0.3016632347858812,"35":0.23666788623553006,"36":0.30599743796374296,"37":0.25537603835326445,"38":0.1935743877443467,"39":0.17011982817956212,"40":0.29795382863235936,"41":0.32233794795698734,"42":0.2799022633557821,"43":0.3074494164316381,"44":0.13401467565648667,"45":0.15131355907409544,"46":0.0986636615649271,"47":0.22403776745389894,"48":0.16050246319333322,"49":0.9365865651248634,"50":0.7899221220416498,"51":0.888667896339214,"52":0.6599088801116929,"53":0.7879285022176464,"54":0.8515399125933113,"55":0.8866830395937497,"56":0.8084452024062636,"57":0.8061042358701622,"58":0.5998517874303093,"59":0.9234409239884438,"60":0.8820046425879882,"61":0.9271048207966949,"62":0.8787675952390672,"63":0.8562824930786526,"64":0.38918832063800934,"65":0.6672807479972673,"66":0.8375207058305968,"67":0.8965368693502052,"68":1.0,"69":0.9131942011223365,"70":0.8062299876260951,"71":0.9447943343943654,"72":0.9098169837506704,"73":0.5348678477036117,"74":0.4676485649698571,"75":0.9130978937926267,"76":0.8396417435757234,"77":0.8946707105634532,"78":0.8543143726842747,"79":0.8164582905915893,"80":0.701409557666936,"81":0.8296491767452645,"82":0.9358612321662769,"83":0.8940565998240112,"84":0.8468254621988291,"85":0.8720354896822582,"86":0.9177971746640304,"87":0.8486876857176957,"88":0.850625836023175,"89":0.8787675952397616,"90":0.5224409363406473,"91":0.8326187494731545,"92":0.8382648124805433,"93":0.8038074236239625,"94":0.5026994249060193,"95":0.8554225835386806,"96":0.8523137659922969,"97":0.7874654795593864,"98":0.49689959623290986,"99":0.5028308070474888,"100":0.411317971536526,"101":0.550151758055799,"102":0.6410674507320608,"103":0.3861017071664716,"104":0.5222037902923237,"105":0.6702862488162871,"106":0.5411572014116733,"107":0.5102824631331451,"108":0.3729993077884954,"109":0.5307603903184993,"110":0.3842103179862906,"111":0.588574972141187,"112":0.3849052129040938,"113":0.5300513207445513,"114":0.4509931553400151,"115":0.3530834583435357,"116":0.4969039024180382,"117":0.4020727180531187,"118":0.48616164660962535,"119":0.5307603903182738,"120":0.5294918027354568,"121":0.4020727180539047,"122":0.3754115615236937,"123":0.44208958212216753,"124":0.4165560874609732,"125":0.49827443617196526,"126":0.37541156152363925,"127":0.3935091774191413,"128":0.671470926748931,"129":0.7932045234787283,"130":0.49167183157536354,"131":0.5601498860014074,"132":0.5204986960130934,"133":0.36502206869813675,"134":0.6063530129856025,"135":0.47780541156678663,"136":0.5731017185239836,"137":0.328809324540314,"138":0.39187732040587037,"139":0.5410630041036913,"140":0.42986593439892595,"141":0.508508579058542,"142":0.6203362713395331,"143":0.49728556405998187,"144":0.5830821806958406,"145":0.46147735198209466,"146":0.38008009515848146},"ranked":{"3":0.0,"11":0.00684931506849315,"15":0.0136986301369863,"22":0.02054794520547945,"7":0.0273972602739726,"14":0.03424657534246575,"46":0.0410958904109589,"27":0.04794520547945205,"13":0.0547945205479452,"32":0.06164383561643835,"19":0.0684931506849315,"10":0.07534246575342465,"44":0.0821917808219178,"28":0.08904109589041095,"45":0.0958904109589041,"18":0.10273972602739725,"48":0.1095890410958904,"24":0.11643835616438356,"39":0.1232876712328767,"31":0.13013698630136986,"38":0.136986301369863,"33":0.14383561643835616,"0":0.1506849315068493,"26":0.15753424657534246,"5":0.1643835616438356,"47":0.17123287671232876,"35":0.1780821917808219,"30":0.18493150684931506,"37":0.1917808219178082,"1":0.19863013698630136,"4":0.2054794520547945,"25":0.21232876712328766,"42":0.2191780821917808,"21":0.22602739726027396,"8":0.2328767123287671,"2":0.23972602739726026,"40":0.2465753424657534,"34":0.2534246575342466,"6":0.2602739726027397,"36":0.2671232876712329,"23":0.273972602739726,"43":0.2808219178082192,"20":0.2876712328767123,"41":0.2945205479452055,"9":0.3013698630136986,"17":0.3082191780821918,"12":0.3150684931506849,"137":0.3219178082191781,"16":0.3287671232876712,"115":0.3356164383561644,"133":0.3424657534246575,"108":0.3493150684931507,"126":0.3561643835616438,"122":0.363013698630137,"146":0.3698630136986301,"29":0.3767123287671233,"110":0.3835616438356164,"112":0.3904109589041096,"103":0.3972602739726027,"64":0.4041095890410959,"138":0.410958904109589,"127":0.4178082191780822,"117":0.4246575342465753,"121":0.4315068493150685,"100":0.4383561643835616,"124":0.4452054794520548,"140":0.4520547945205479,"123":0.4589041095890411,"114":0.4657534246575342,"145":0.4726027397260274,"74":0.4794520547945205,"135":0.4863013698630137,"118":0.4931506849315068,"130":0.5,"98":0.5068493150684932,"116":0.5136986301369864,"143":0.5205479452054794,"125":0.5273972602739726,"94":0.5342465753424658,"99":0.541095890410959,"141":0.547945205479452,"107":0.5547945205479452,"132":0.5616438356164384,"104":0.5684931506849316,"90":0.5753424657534246,"120":0.5821917808219178,"113":0.589041095890411,"119":0.5958904109589042,"109":0.6027397260273972,"73":0.6095890410958904,"139":0.6164383561643836,"106":0.6232876712328768,"101":0.6301369863013698,"131":0.636986301369863,"136":0.6438356164383562,"144":0.6506849315068494,"111":0.6575342465753424,"58":0.6643835616438356,"134":0.6712328767123288,"142":0.678082191780822,"102":0.684931506849315,"52":0.6917808219178082,"65":0.6986301369863014,"105":0.7054794520547946,"128":0.7123287671232876,"80":0.7191780821917808,"97":0.726027397260274,"53":0.7328767123287672,"50":0.7397260273972602,"129":0.7465753424657534,"93":0.7534246575342466,"57":0.7602739726027398,"70":0.7671232876712328,"56":0.773972602739726,"79":0.7808219178082192,"81":0.7876712328767124,"91":0.7945205479452054,"66":0.8013698630136986,"92":0.8082191780821918,"76":0.815068493150685,"84":0.821917808219178,"87":0.8287671232876712,"88":0.8356164383561644,"54":0.8424657534246576,"96":0.8493150684931506,"78":0.8561643835616438,"95":0.863013698630137,"63":0.8698630136986302,"85":0.8767123287671232,"62":0.8835616438356164,"89":0.8904109589041096,"60":0.8972602739726028,"55":0.9041095890410958,"51":0.910958904109589,"83":0.9178082191780822,"77":0.9246575342465754,"67":0.9315068493150684,"72":0.9383561643835616,"75":0.9452054794520548,"69":0.952054794520548,"86":0.958904109589041,"59":0.9657534246575342,"61":0.9726027397260274,"82":0.9794520547945206,"49":0.9863013698630136,"71":0.9931506849315068,"68":1.0}}