{"name":"pagerank","alpha":0.85,"weight":"value","num_of_nodes":141,"num_of_edges":442,"process_time":0.026259899139404297,"data":{"0":0.27805093476203685,"1":0.5056423887615374,"2":0.6147717719497164,"3":0.4304496296457822,"4":0.06263662006964198,"5":0.8000872825089927,"6":0.31955344249575,"7":0.23524530165237745,"8":0.2699475986109848,"9":0.1428672439842161,"10":0.26125614512807765,"11":0.3446849024166541,"12":0.23566138584792226,"13":0.4284092498060676,"14":0.1428672439842161,"15":0.4304496296457822,"16":0.05720249615349803,"17":0.0547817559735443,"18":0.05086548424122633,"19":0.257424500655942,"20":0.3259507223112506,"21":0.23566138584792226,"22":0.311913031570761,"23":0.4515834723356964,"24":0.08485757078814626,"25":0.2372566509302317,"26":0.052888585734146815,"27":0.3502166436098397,"28":0.0756217902618255,"29":0.12398573343916176,"30":0.8540656872585894,"31":0.12100537820805207,"32":0.08799602294509441,"33":0.10866231400796858,"34":0.09970826347921134,"35":0.2751101692802032,"36":0.29209127743528124,"37":0.606708588779671,"38":0.450116442589994,"39":0.4515834723356964,"40":0.4322371314262643,"41":0.10532829557427459,"42":0.23658047141792476,"43":0.28401813647304663,"44":0.07233040380246254,"45":0.47260508579945437,"46":0.8268366239353887,"47":0.7069411594436904,"48":0.2805755583415369,"49":0.19434783933350497,"50":0.09002434977446033,"51":0.11117284615752936,"52":0.012307378783971095,"53":0.02388910707487935,"54":0.4952568647776424,"55":0.04870963560176619,"56":0.08124450069693422,"57":0.30615109060526763,"58":0.5204368429479044,"59":0.2867615275857272,"60":0.19539259197137243,"61":0.6716575575417171,"62":0.126872857388059,"63":0.34980029673105967,"64":0.5432131039012973,"65":0.12398573343916176,"66":0.45835621748452826,"67":0.012307378783971095,"68":0.4009816669203788,"69":0.38500632002191787,"70":0.29684878079276095,"71":0.11147186431396061,"72":0.34980029673105967,"73":0.3450720120962536,"74":0.09598373732204245,"75":0.08763715068074865,"76":0.09002434977446033,"77":0.28713882182626016,"78":0.31568311312238584,"79":0.43066672800179995,"80":0.71330156730019,"81":0.34980029673105967,"82":0.07406002688985452,"83":0.2805755583415369,"84":0.1004027751598628,"85":0.0,"86":0.5267906926125344,"87":0.2441266008621999,"88":0.009967165132213178,"89":0.6716575575417167,"90":0.6800819809638871,"91":0.0,"92":0.3225161485338329,"93":0.5201274168217402,"94":0.2651883423662462,"95":0.7017684639759016,"96":0.013548457013905389,"97":0.36251152491015026,"98":0.21033190397482995,"99":0.23056715296546584,"100":0.16856097831521138,"101":0.2055186559300181,"102":0.036791956248260614,"103":0.08091837243484949,"104":0.0699692615626112,"105":0.27216758233058214,"106":0.3327580646855124,"107":0.865155311206633,"108":0.28119677635536566,"109":0.6501267148213443,"110":0.3054426427983228,"111":0.4971340519331366,"112":0.0697111363863443,"113":0.3215606870545396,"114":0.2663554980205485,"115":0.19574192468979498,"116":0.0449250413176357,"117":0.46805770338168823,"118":0.08091837243484949,"119":0.07085071579749545,"120":0.15094652305464848,"121":0.22398110363912557,"122":0.259545377885212,"123":1.0,"124":0.4620479162606117,"125":0.9437905003922322,"126":0.02557030327981134,"127":0.37737135708656566,"128":0.5636083441828035,"129":0.26812100838617137,"130":0.030685427563634023,"131":0.07570740422706396,"132":0.27442241578146376,"133":0.08765018456753672,"134":0.2663554980205485,"135":0.41220733865756237,"136":0.5974871312187021,"137":0.21780532684813003,"138":0.012319382653052094,"139":0.08091837243484983,"140":0.3327580646855124},"ranked":{"85":0.0,"91":0.007142857142857143,"88":0.014285714285714285,"52":0.02142857142857143,"67":0.02857142857142857,"138":0.03571428571428571,"96":0.04285714285714286,"53":0.05,"126":0.05714285714285714,"130":0.06428571428571428,"102":0.07142857142857142,"116":0.07857142857142857,"55":0.08571428571428572,"18":0.09285714285714286,"26":0.1,"17":0.10714285714285714,"16":0.11428571428571428,"4":0.12142857142857143,"112":0.12857142857142856,"104":0.1357142857142857,"119":0.14285714285714285,"44":0.15,"82":0.15714285714285714,"28":0.16428571428571428,"131":0.17142857142857143,"103":0.17857142857142858,"118":0.18571428571428572,"139":0.19285714285714287,"56":0.2,"24":0.20714285714285716,"75":0.21428571428571427,"133":0.22142857142857142,"32":0.22857142857142856,"50":0.2357142857142857,"76":0.24285714285714285,"74":0.25,"34":0.2571428571428571,"84":0.2642857142857143,"41":0.2714285714285714,"33":0.2785714285714286,"51":0.2857142857142857,"71":0.29285714285714287,"31":0.3,"29":0.30714285714285716,"65":0.3142857142857143,"62":0.32142857142857145,"9":0.32857142857142857,"14":0.3357142857142857,"120":0.34285714285714286,"100":0.35,"49":0.35714285714285715,"60":0.36428571428571427,"115":0.37142857142857144,"101":0.37857142857142856,"98":0.38571428571428573,"137":0.39285714285714285,"121":0.4,"99":0.40714285714285714,"7":0.4142857142857143,"12":0.42142857142857143,"21":0.42857142857142855,"42":0.4357142857142857,"25":0.44285714285714284,"87":0.45,"19":0.45714285714285713,"122":0.4642857142857143,"10":0.4714285714285714,"94":0.4785714285714286,"114":0.4857142857142857,"134":0.4928571428571429,"129":0.5,"8":0.5071428571428571,"105":0.5142857142857142,"132":0.5214285714285715,"35":0.5285714285714286,"0":0.5357142857142857,"48":0.5428571428571428,"83":0.55,"108":0.5571428571428572,"43":0.5642857142857143,"59":0.5714285714285714,"77":0.5785714285714286,"36":0.5857142857142857,"70":0.5928571428571429,"110":0.6,"57":0.6071428571428571,"22":0.6142857142857143,"78":0.6214285714285714,"6":0.6285714285714286,"113":0.6357142857142857,"92":0.6428571428571429,"20":0.65,"106":0.6571428571428571,"140":0.6642857142857143,"11":0.6714285714285714,"73":0.6785714285714286,"63":0.6857142857142857,"72":0.6928571428571428,"81":0.7,"27":0.7071428571428572,"97":0.7142857142857143,"127":0.7214285714285714,"69":0.7285714285714285,"68":0.7357142857142858,"135":0.7428571428571429,"13":0.75,"3":0.7571428571428571,"15":0.7642857142857142,"79":0.7714285714285715,"40":0.7785714285714286,"38":0.7857142857142857,"23":0.7928571428571428,"39":0.8,"66":0.8071428571428572,"124":0.8142857142857143,"117":0.8214285714285714,"45":0.8285714285714286,"54":0.8357142857142857,"111":0.8428571428571429,"1":0.85,"93":0.8571428571428571,"58":0.8642857142857143,"86":0.8714285714285714,"64":0.8785714285714286,"128":0.8857142857142857,"136":0.8928571428571429,"37":0.9,"2":0.9071428571428571,"109":0.9142857142857143,"89":0.9214285714285714,"61":0.9285714285714286,"90":0.9357142857142857,"95":0.9428571428571428,"47":0.95,"80":0.9571428571428572,"5":0.9642857142857143,"46":0.9714285714285714,"30":0.9785714285714285,"107":0.9857142857142858,"125":0.9928571428571429,"123":1.0}}