{"name":"agd","num_of_nodes":141,"num_of_edges":459,"weight":"value","process_time":0.0470890998840332,"data":{"0":0.4301994301994302,"1":0.16809116809116817,"2":0.07264957264957274,"3":0.40598290598290604,"4":0.123931623931624,"5":0.18233618233618237,"6":0.10398860398860413,"7":0.02706552706552714,"8":0.5598290598290598,"9":1.0,"10":0.07264957264957274,"11":0.3774928774928775,"12":0.7136752136752135,"13":0.17806267806267811,"14":0.28917378917378916,"15":0.28062678062678065,"16":0.7136752136752135,"17":0.3233618233618234,"18":0.8219373219373217,"19":0.415954415954416,"20":0.811965811965812,"21":0.8490028490028488,"22":0.40455840455840464,"23":0.6837606837606839,"24":0.20655270655270666,"25":0.27920227920227925,"26":0.5740740740740741,"27":0.09116809116809119,"28":0.5797720797720798,"29":0.8774928774928776,"30":0.9344729344729343,"31":0.08831908831908834,"32":0.8490028490028488,"33":0.26638176638176647,"34":0.5797720797720798,"35":0.5327635327635327,"36":0.41310541310541316,"37":0.26638176638176647,"38":0.935897435897436,"39":0.5327635327635327,"40":0.32763532763532766,"41":0.4772079772079772,"42":0.2849002849002849,"43":0.8774928774928776,"44":0.8504273504273504,"45":0.16809116809116817,"46":0.14102564102564102,"47":0.28205128205128205,"48":0.3447293447293447,"49":0.2635327635327636,"50":0.31908831908831914,"51":0.5840455840455842,"52":0.13390313390313394,"53":0.2635327635327636,"54":0.39743589743589736,"55":0.22079772079772086,"56":0.6239316239316239,"57":0.4173789173789174,"58":0.5071225071225072,"59":0.5156695156695157,"60":0.32051282051282054,"61":0.5042735042735044,"62":0.5826210826210826,"63":0.20940170940170952,"64":0.3618233618233619,"65":0.34188034188034183,"66":0.2621082621082622,"67":0.5028490028490029,"68":0.14387464387464388,"69":0.462962962962963,"70":0.4173789173789174,"71":0.3461538461538461,"72":0.32763532763532766,"73":0.23504273504273504,"74":0.2079772079772081,"75":0.6367521367521368,"76":0.2521367521367521,"77":0.38603988603988604,"78":0.4914529914529914,"79":0.2521367521367521,"80":0.16524216524216534,"81":0.2834757834757835,"82":0.4544159544159545,"83":0.5227920227920227,"84":0.2165242165242166,"85":0.24358974358974356,"86":0.3233618233618234,"87":0.2165242165242166,"88":0.4686609686609687,"89":0.3817663817663818,"90":0.462962962962963,"91":0.34188034188034183,"92":0.14387464387464388,"93":0.264957264957265,"94":0.025641025641025723,"95":0.09401709401709402,"96":0.2863247863247863,"97":0.51994301994302,"98":0.5071225071225072,"99":0.4529914529914531,"100":0.17521367521367526,"101":0.30056980056980054,"102":0.09401709401709402,"103":0.39601139601139596,"104":0.37321937321937326,"105":0.4316239316239316,"106":0.021367521367521465,"107":0.462962962962963,"108":0.2934472934472934,"109":0.30056980056980054,"110":0.24501424501424499,"111":0.19515669515669515,"112":0.3162393162393163,"113":0.3547008547008548,"114":0.02991452991452998,"115":0.06552706552706564,"116":0.10256410256410253,"117":0.017094017094017207,"118":0.16666666666666677,"119":0.2307692307692308,"120":0.05413105413105428,"121":0.41310541310541316,"122":0.06837606837606848,"123":0.0,"124":0.3774928774928775,"125":0.17806267806267811,"126":0.4558404558404559,"127":0.15669515669515682,"128":0.22792022792022795,"129":0.4529914529914531,"130":0.21509971509971518,"131":0.03418803418803424,"132":0.0,"133":0.35612535612535623,"134":0.43447293447293445,"135":0.35754985754985763,"136":0.06695156695156705,"137":0.5071225071225072,"138":0.04700854700854701,"139":0.22649572649572655,"140":0.0925925925925926},"ranked":{"123":0.0,"132":0.007142857142857143,"117":0.014285714285714285,"106":0.02142857142857143,"94":0.02857142857142857,"7":0.03571428571428571,"114":0.04285714285714286,"131":0.05,"138":0.05714285714285714,"120":0.06428571428571428,"115":0.07142857142857142,"136":0.07857142857142857,"122":0.08571428571428572,"2":0.09285714285714286,"10":0.1,"31":0.10714285714285714,"27":0.11428571428571428,"140":0.12142857142857143,"95":0.12857142857142856,"102":0.1357142857142857,"116":0.14285714285714285,"6":0.15,"4":0.15714285714285714,"52":0.16428571428571428,"46":0.17142857142857143,"68":0.17857142857142858,"92":0.18571428571428572,"127":0.19285714285714287,"80":0.2,"118":0.20714285714285716,"1":0.21428571428571427,"45":0.22142857142857142,"100":0.22857142857142856,"13":0.2357142857142857,"125":0.24285714285714285,"5":0.25,"111":0.2571428571428571,"24":0.2642857142857143,"74":0.2714285714285714,"63":0.2785714285714286,"130":0.2857142857142857,"84":0.29285714285714287,"87":0.3,"55":0.30714285714285716,"139":0.3142857142857143,"128":0.32142857142857145,"119":0.32857142857142857,"73":0.3357142857142857,"85":0.34285714285714286,"110":0.35,"76":0.35714285714285715,"79":0.36428571428571427,"66":0.37142857142857144,"49":0.37857142857142856,"53":0.38571428571428573,"93":0.39285714285714285,"33":0.4,"37":0.40714285714285714,"25":0.4142857142857143,"15":0.42142857142857143,"47":0.42857142857142855,"81":0.4357142857142857,"42":0.44285714285714284,"96":0.45,"14":0.45714285714285713,"108":0.4642857142857143,"101":0.4714285714285714,"109":0.4785714285714286,"112":0.4857142857142857,"50":0.4928571428571429,"60":0.5,"17":0.5071428571428571,"86":0.5142857142857142,"40":0.5214285714285715,"72":0.5285714285714286,"65":0.5357142857142857,"91":0.5428571428571428,"48":0.55,"71":0.5571428571428572,"113":0.5642857142857143,"133":0.5714285714285714,"135":0.5785714285714286,"64":0.5857142857142857,"104":0.5928571428571429,"11":0.6,"124":0.6071428571428571,"89":0.6142857142857143,"77":0.6214285714285714,"103":0.6285714285714286,"54":0.6357142857142857,"22":0.6428571428571429,"3":0.65,"36":0.6571428571428571,"121":0.6642857142857143,"19":0.6714285714285714,"57":0.6785714285714286,"70":0.6857142857142857,"0":0.6928571428571428,"105":0.7,"134":0.7071428571428572,"99":0.7142857142857143,"129":0.7214285714285714,"82":0.7285714285714285,"126":0.7357142857142858,"69":0.7428571428571429,"90":0.75,"107":0.7571428571428571,"88":0.7642857142857142,"41":0.7714285714285715,"78":0.7785714285714286,"67":0.7857142857142857,"61":0.7928571428571428,"58":0.8,"98":0.8071428571428572,"137":0.8142857142857143,"59":0.8214285714285714,"97":0.8285714285714286,"83":0.8357142857142857,"35":0.8428571428571429,"39":0.85,"8":0.8571428571428571,"26":0.8642857142857143,"28":0.8714285714285714,"34":0.8785714285714286,"62":0.8857142857142857,"51":0.8928571428571429,"56":0.9,"75":0.9071428571428571,"23":0.9142857142857143,"12":0.9214285714285714,"16":0.9285714285714286,"20":0.9357142857142857,"18":0.9428571428571428,"21":0.95,"32":0.9571428571428572,"44":0.9642857142857143,"29":0.9714285714285714,"43":0.9785714285714285,"30":0.9857142857142858,"38":0.9928571428571429,"9":1.0}}