{"name":"agd","num_of_nodes":75,"num_of_edges":146,"weight":"value","process_time":0.003962993621826172,"data":{"0":0.5285714285714286,"1":0.8976190476190475,"2":0.8928571428571429,"3":0.6452380952380952,"4":0.630952380952381,"5":0.6404761904761905,"6":0.7095238095238094,"7":0.7404761904761905,"8":0.7976190476190476,"9":0.5285714285714286,"10":0.5428571428571429,"11":0.9023809523809523,"12":0.8071428571428572,"13":0.8047619047619048,"14":0.5809523809523809,"15":0.8142857142857142,"16":0.7261904761904762,"17":0.630952380952381,"18":0.4785714285714286,"19":1.0,"20":0.5,"21":0.5261904761904762,"22":0.4690476190476191,"23":0.8952380952380952,"24":0.7404761904761905,"25":0.6571428571428571,"26":0.5666666666666667,"27":0.65,"28":0.7952380952380952,"29":0.4952380952380953,"30":0.6761904761904762,"31":0.4690476190476191,"32":0.4761904761904762,"33":0.6285714285714287,"34":0.9047619047619048,"35":0.9047619047619048,"36":0.5857142857142857,"37":0.5380952380952381,"38":0.5238095238095238,"39":0.8023809523809523,"40":0.5238095238095238,"41":0.9047619047619048,"42":0.6404761904761905,"43":0.6547619047619048,"44":0.7095238095238094,"45":0.6761904761904762,"46":0.7285714285714286,"47":0.7142857142857142,"48":0.5380952380952381,"49":0.7952380952380952,"50":0.030952380952380933,"51":0.054761904761904776,"52":0.06666666666666668,"53":0.07857142857142857,"54":0.07380952380952382,"55":0.0023809523809523764,"56":0.15714285714285714,"57":0.04523809523809523,"58":0.07619047619047618,"59":0.12380952380952383,"60":0.10714285714285712,"61":0.03571428571428572,"62":0.04523809523809523,"63":0.021428571428571425,"64":0.10952380952380952,"65":0.016666666666666673,"66":0.023809523809523784,"67":0.0119047619047619,"68":0.021428571428571425,"69":0.10714285714285712,"70":0.007142857142857129,"71":0.12380952380952383,"72":0.03809523809523808,"73":0.08333333333333333,"74":0.0},"ranked":{"74":0.0,"55":0.013513513513513514,"70":0.02702702702702703,"67":0.04054054054054054,"65":0.05405405405405406,"63":0.06756756756756757,"68":0.08108108108108109,"66":0.0945945945945946,"50":0.10810810810810811,"61":0.12162162162162163,"72":0.13513513513513514,"57":0.14864864864864866,"62":0.16216216216216217,"51":0.17567567567567569,"52":0.1891891891891892,"54":0.20270270270270271,"58":0.21621621621621623,"53":0.22972972972972974,"73":0.24324324324324326,"60":0.25675675675675674,"69":0.2702702702702703,"64":0.28378378378378377,"59":0.2972972972972973,"71":0.3108108108108108,"56":0.32432432432432434,"22":0.33783783783783783,"31":0.35135135135135137,"32":0.36486486486486486,"18":0.3783783783783784,"29":0.3918918918918919,"20":0.40540540540540543,"38":0.4189189189189189,"40":0.43243243243243246,"21":0.44594594594594594,"0":0.4594594594594595,"9":0.47297297297297297,"37":0.4864864864864865,"48":0.5,"10":0.5135135135135135,"26":0.527027027027027,"14":0.5405405405405406,"36":0.5540540540540541,"33":0.5675675675675675,"4":0.581081081081081,"17":0.5945945945945946,"5":0.6081081081081081,"42":0.6216216216216216,"3":0.6351351351351351,"27":0.6486486486486487,"43":0.6621621621621622,"25":0.6756756756756757,"30":0.6891891891891891,"45":0.7027027027027027,"6":0.7162162162162162,"44":0.7297297297297297,"47":0.7432432432432432,"16":0.7567567567567568,"46":0.7702702702702703,"7":0.7837837837837838,"24":0.7972972972972973,"28":0.8108108108108109,"49":0.8243243243243243,"8":0.8378378378378378,"39":0.8513513513513513,"13":0.8648648648648649,"12":0.8783783783783784,"15":0.8918918918918919,"2":0.9054054054054054,"23":0.918918918918919,"1":0.9324324324324325,"11":0.9459459459459459,"34":0.9594594594594594,"35":0.972972972972973,"41":0.9864864864864865,"19":1.0}}