{"name":"density","eps":0.5,"weight":"value","num_of_nodes":195,"num_of_edges":371,"process_time":0.029137849807739258,"data":{"0":0.33497784454041657,"1":0.003288773569646473,"2":0.0008222493823619236,"3":0.6658444421686512,"4":0.3333333831022125,"5":0.33415544585119994,"6":0.0008222867091919175,"7":0.3325112456999063,"8":0.6642002420172335,"9":0.3366220446918033,"10":0.0016443867847611973,"11":0.6658444421686512,"12":0.6650222301128401,"13":0.004111134932219203,"14":0.0016446480715785303,"15":0.33333342042898045,"16":0.0008222867091919175,"17":0.9958890143744804,"18":0.005755372410311834,"19":7.465334979267165e-08,"20":0.3325112083732314,"21":0.33579998194281585,"22":0.0032888108962903493,"23":0.3325113576798379,"24":0.3333334950822682,"25":0.33168903364400215,"26":0.33333345775571743,"27":0.003288773569739531,"28":0.0016444987649099645,"29":0.004111134932219203,"30":0.0008222120558421249,"31":0.6658445168220631,"32":0.002466598840665361,"33":7.465334979267165e-08,"34":0.9983556878685886,"35":0.002466561513866387,"36":0.3325112083732314,"37":0.004110985625519617,"38":0.0016444987649099645,"39":0.003288661589559745,"40":0.0024665988405723027,"41":0.6650224167464628,"42":0.004933160354438689,"43":0.33333345775571743,"44":0.9975334384860095,"45":0.6658445914753198,"46":0.004933123027887871,"47":0.0016443867847611973,"48":0.0016443867847611973,"49":0.0016444987649099645,"50":0.0008224360159845615,"51":0.6658445914754129,"52":0.3349777325604229,"53":0.0008222867091919175,"54":7.465334979267165e-08,"55":0.6683111903159852,"56":0.002466598840665361,"57":0.6658444421686512,"58":0.33497784454054064,"59":0.0008224360159845615,"60":0.001644461438235068,"61":0.004110948298689623,"62":0.3341558191179489,"63":0.3333333457756617,"64":0.0024667108207210697,"65":0.0016445734182907767,"66":0.33333342042891845,"67":0.0024666734939841344,"68":0.33333338310233657,"69":0.33580001926952174,"70":0.004111022952194513,"71":0.0024666734939841344,"72":0.0032888108964764665,"73":0.3349779191939525,"74":0.0024667481475510638,"75":3.1019519074818094e-14,"76":3.1019519074818094e-14,"77":0.336622156671921,"78":0.6666668408578369,"79":0.0024665988406963805,"80":0.00411117225880104,"81":0.33415570713814136,"82":0.9975335877929573,"83":0.0024666361673402575,"84":0.335799944616265,"85":0.995889163681366,"86":0.6666668408578369,"87":0.9991778625976008,"88":0.0032889228763770774,"89":1.0,"90":0.33168903364421926,"91":0.6674889036069174,"92":0.6633779553081347,"93":0.33580001926952174,"94":0.665844591475568,"95":0.0024666361673402575,"96":0.3333333457756617,"97":0.3341556698113734,"98":0.6633779553081347,"99":0.3341556324847916,"100":0.33579998194281585,"101":0.6674888662802425,"102":0.005755521717073458,"103":0.33579998194287786,"104":0.6650223794196949,"105":0.33662211934521513,"106":0.3349778072138037,"107":0.33826661811009406,"108":0.003288922876470136,"109":0.0016445734183528156,"110":0.3341555578314418,"111":0.3341557071381103,"112":0.003288810896445447,"113":0.0016444987649720034,"114":0.0016445360916779192,"115":0.33662219399859594,"116":0.0016444987649720034,"117":0.0024666734940461733,"118":0.9983557251952325,"119":0.004111172258770021,"120":0.3316889589907144,"121":0.00411106027886941,"122":0.004110985625488598,"123":0.002466636167371277,"124":0.33168903364421926,"125":0.00082217472907417,"126":0.3341556324847295,"127":0.0016443867848852753,"128":0.0016445734182907767,"129":0.33251117104649447,"130":0.002466636167309238,"131":0.6691333277184465,"132":0.0,"133":0.33333342042898045,"134":0.003288848223027285,"135":0.9975334384860716,"136":0.0016443867848852753,"137":0.33333345775581047,"138":0.0008222867091608981,"139":0.004111134932281242,"140":0.0024666361672782185,"141":0.33415559515805465,"142":0.0016443867848852753,"143":0.6666668781846048,"144":0.0016445360916779192,"145":0.0032888108963523887,"146":0.003288848223027285,"147":0.004111097605544306,"148":0.9975334384861025,"149":0.0008222867092849761,"150":0.0041110602788383905,"151":0.33497795652059636,"152":0.0016444241115911912,"153":0.003288848223151363,"154":0.6666666542244314,"155":0.3358000939229646,"156":0.3325111710465255,"157":0.33579998194287786,"158":0.3349779191939835,"159":0.0024666734940771927,"160":0.6658446661288868,"161":0.3316889963174203,"162":0.0041110229522255326,"163":0.6683112276428151,"164":0.3357999819429089,"165":0.666666840857899,"166":0.33497780721383474,"167":0.0024665988405723027,"168":0.3316889963174203,"169":0.6666666542244624,"170":0.3358000192695528,"171":0.6650224540730446,"172":0.6666668408579609,"173":0.33580016857640743,"174":0.6650224913997815,"175":0.0016444614383281267,"176":0.3341556698115285,"177":0.667489052913679,"178":0.0016444987649099645,"179":0.0032888108965695253,"180":0.33662219399865795,"181":0.3341555951580857,"182":0.6674889782604533,"183":0.0032888855497642203,"184":0.3349778818671845,"185":0.0016445360916779192,"186":0.995889163681366,"187":0.005755521717104478,"188":0.0032888482231823823,"189":0.6683111156627285,"190":0.0,"191":0.004111060278962468,"192":0.33497795652059636,"193":0.0016445360917089389,"194":0.3357999819429399},"ranked":{"132":0.0,"190":0.005154639175257732,"75":0.010309278350515464,"76":0.015463917525773196,"19":0.020618556701030927,"33":0.02577319587628866,"54":0.030927835051546393,"125":0.03608247422680412,"30":0.041237113402061855,"2":0.04639175257731959,"138":0.05154639175257732,"6":0.05670103092783505,"16":0.061855670103092786,"53":0.06701030927835051,"149":0.07216494845360824,"50":0.07731958762886598,"59":0.08247422680412371,"10":0.08762886597938144,"47":0.09278350515463918,"48":0.0979381443298969,"127":0.10309278350515463,"136":0.10824742268041238,"142":0.1134020618556701,"152":0.11855670103092783,"60":0.12371134020618557,"175":0.12886597938144329,"28":0.13402061855670103,"38":0.13917525773195877,"49":0.14432989690721648,"178":0.14948453608247422,"113":0.15463917525773196,"116":0.15979381443298968,"114":0.16494845360824742,"144":0.17010309278350516,"185":0.17525773195876287,"193":0.18041237113402062,"65":0.18556701030927836,"128":0.19072164948453607,"109":0.1958762886597938,"14":0.20103092783505155,"35":0.20618556701030927,"40":0.211340206185567,"167":0.21649484536082475,"32":0.22164948453608246,"56":0.2268041237113402,"79":0.23195876288659795,"140":0.23711340206185566,"130":0.2422680412371134,"83":0.24742268041237114,"95":0.25257731958762886,"123":0.25773195876288657,"67":0.26288659793814434,"71":0.26804123711340205,"117":0.27319587628865977,"159":0.27835051546391754,"64":0.28350515463917525,"74":0.28865979381443296,"39":0.29381443298969073,"1":0.29896907216494845,"27":0.30412371134020616,"22":0.30927835051546393,"145":0.31443298969072164,"112":0.31958762886597936,"72":0.3247422680412371,"179":0.32989690721649484,"134":0.33505154639175255,"146":0.3402061855670103,"153":0.34536082474226804,"188":0.35051546391752575,"183":0.3556701030927835,"88":0.36082474226804123,"108":0.36597938144329895,"61":0.3711340206185567,"122":0.37628865979381443,"37":0.38144329896907214,"70":0.3865979381443299,"162":0.3917525773195876,"150":0.39690721649484534,"121":0.4020618556701031,"191":0.4072164948453608,"147":0.41237113402061853,"13":0.4175257731958763,"29":0.422680412371134,"139":0.42783505154639173,"119":0.4329896907216495,"80":0.4381443298969072,"46":0.44329896907216493,"42":0.4484536082474227,"18":0.4536082474226804,"102":0.4587628865979381,"187":0.4639175257731959,"120":0.4690721649484536,"161":0.4742268041237113,"168":0.4793814432989691,"25":0.4845360824742268,"90":0.4896907216494845,"124":0.4948453608247423,"129":0.5,"156":0.5051546391752577,"20":0.5103092783505154,"36":0.5154639175257731,"7":0.520618556701031,"23":0.5257731958762887,"63":0.5309278350515464,"96":0.5360824742268041,"4":0.5412371134020618,"68":0.5463917525773195,"66":0.5515463917525774,"15":0.5567010309278351,"133":0.5618556701030928,"26":0.5670103092783505,"43":0.5721649484536082,"137":0.5773195876288659,"24":0.5824742268041238,"5":0.5876288659793815,"110":0.5927835051546392,