{"name":"agd","num_of_nodes":162,"num_of_edges":309,"weight":"value","process_time":0.007171154022216797,"data":{"0":0.015177065767284992,"1":0.3642495784148398,"2":0.3052276559865093,"3":0.001686340640809444,"4":0.3524451939291737,"5":0.47386172006745364,"6":0.3372681281618887,"7":0.4688026981450253,"8":0.27824620573355824,"9":0.41483979763912315,"10":0.3642495784148398,"11":0.016863406408094438,"12":0.3608768971332209,"13":0.011804384485666107,"14":0.2866779089376054,"15":0.3052276559865093,"16":0.41483979763912315,"17":0.0,"18":0.015177065767284992,"19":0.2951096121416526,"20":0.2765598650927487,"21":0.47386172006745364,"22":0.2866779089376054,"23":0.26812816188870153,"24":0.3524451939291737,"25":0.001686340640809444,"26":0.3237774030354132,"27":0.2596964586846543,"28":0.27824620573355824,"29":0.26812816188870153,"30":0.26812816188870153,"31":0.010118043844856662,"32":0.24620573355817876,"33":0.3524451939291737,"34":0.2951096121416526,"35":0.0,"36":0.30354131534569984,"37":0.010118043844856662,"38":0.3406408094435076,"39":0.010118043844856662,"40":0.26138279932546377,"41":0.4688026981450253,"42":0.3136593591905565,"43":0.3052276559865093,"44":0.40809443507588533,"45":0.018549747048903876,"46":0.3406408094435076,"47":0.26475548060708265,"48":0.0,"49":0.40809443507588533,"50":0.016863406408094438,"51":0.27318718381112983,"52":0.31871838111298484,"53":0.2596964586846543,"54":0.4367622259696459,"55":0.4907251264755481,"56":0.6408094435075886,"57":0.8397976391231029,"58":0.6256323777403036,"59":0.43507588532883645,"60":0.9156829679595279,"61":0.6256323777403036,"62":0.4839797639123103,"63":0.6846543001686342,"64":0.6391231028667792,"65":0.9983136593591906,"66":0.5261382799325464,"67":0.5328836424957841,"68":0.5868465430016864,"69":0.7689713322091063,"70":0.7487352445193929,"71":0.9780775716694774,"72":0.4704890387858348,"73":1.0,"74":0.9173693086003374,"75":0.821247892074199,"76":0.5868465430016864,"77":0.893760539629005,"78":0.5885328836424958,"79":0.8195615514333896,"80":0.463743676222597,"81":0.5919055649241146,"82":0.5413153456998314,"83":0.5716694772344014,"84":0.5851602023608768,"85":0.5311973018549747,"86":0.4907251264755481,"87":0.5581787521079259,"88":0.9780775716694774,"89":0.7032040472175379,"90":0.5059021922428331,"91":0.9780775716694774,"92":0.7032040472175379,"93":0.5042158516020236,"94":0.9983136593591906,"95":0.4569983136593592,"96":0.4890387858347386,"97":0.5278246205733559,"98":0.821247892074199,"99":0.5885328836424958,"100":0.4822934232715009,"101":0.5160202360876898,"102":0.4553119730185498,"103":0.5834738617200674,"104":0.5295109612141653,"105":0.4991568296795953,"106":0.4873524451939292,"107":0.5885328836424958,"108":0.23440134907251264,"109":0.0927487352445194,"110":0.1736930860033727,"111":0.10455311973018551,"112":0.239460370994941,"113":0.28499156829679595,"114":0.21416526138279932,"115":0.163575042158516,"116":0.09106239460370996,"117":0.07588532883642497,"118":0.1703204047217538,"119":0.1197301854974705,"120":0.0,"121":0.11804384485666106,"122":0.09443507588532885,"123":0.2866779089376054,"124":0.07419898819561552,"125":0.11804384485666106,"126":0.0,"127":0.28330522765598654,"128":0.18381112984822934,"129":0.163575042158516,"130":0.1197301854974705,"131":0.0,"132":0.16863406408094436,"133":0.07588532883642497,"134":0.07082630691399663,"135":0.20236087689713322,"136":0.0927487352445194,"137":0.163575042158516,"138":0.14671163575042157,"139":0.11804384485666106,"140":0.21585160202360876,"141":0.1197301854974705,"142":0.23440134907251264,"143":0.2478920741989882,"144":0.19561551433389543,"145":0.193929173693086,"146":0.21585160202360876,"147":0.14502529510961212,"148":0.21079258010118043,"149":0.0775716694772344,"150":0.10455311973018551,"151":0.24620573355817876,"152":0.23777403035413155,"153":0.2057335581787521,"154":0.1197301854974705,"155":0.23777403035413155,"156":0.15682967959527824,"157":0.001686340640809444,"158":0.001686340640809444,"159":0.13996627318718383,"160":0.15177065767284992,"161":0.11804384485666106},"ranked":{"17":0.0,"35":0.006211180124223602,"48":0.012422360248447204,"120":0.018633540372670808,"126":0.024844720496894408,"131":0.031055900621118012,"3":0.037267080745341616,"25":0.043478260869565216,"157":0.049689440993788817,"158":0.055900621118012424,"31":0.062111801242236024,"37":0.06832298136645963,"39":0.07453416149068323,"13":0.08074534161490683,"0":0.08695652173913043,"18":0.09316770186335403,"11":0.09937888198757763,"50":0.10559006211180125,"45":0.11180124223602485,"134":0.11801242236024845,"124":0.12422360248447205,"117":0.13043478260869565,"133":0.13664596273291926,"149":0.14285714285714285,"116":0.14906832298136646,"109":0.15527950310559005,"136":0.16149068322981366,"122":0.16770186335403728,"111":0.17391304347826086,"150":0.18012422360248448,"121":0.18633540372670807,"125":0.19254658385093168,"139":0.19875776397515527,"161":0.20496894409937888,"119":0.2111801242236025,"130":0.21739130434782608,"141":0.2236024844720497,"154":0.22981366459627328,"159":0.2360248447204969,"147":0.2422360248447205,"138":0.2484472049689441,"160":0.2546583850931677,"156":0.2608695652173913,"115":0.2670807453416149,"129":0.2732919254658385,"137":0.2795031055900621,"132":0.2857142857142857,"118":0.2919254658385093,"110":0.2981366459627329,"128":0.30434782608695654,"145":0.3105590062111801,"144":0.3167701863354037,"135":0.32298136645962733,"153":0.32919254658385094,"148":0.33540372670807456,"114":0.3416149068322981,"140":0.34782608695652173,"146":0.35403726708074534,"108":0.36024844720496896,"142":0.36645962732919257,"152":0.37267080745341613,"155":0.37888198757763975,"112":0.38509316770186336,"32":0.391304347826087,"151":0.39751552795031053,"143":0.40372670807453415,"27":0.40993788819875776,"53":0.4161490683229814,"40":0.422360248447205,"47":0.42857142857142855,"23":0.43478260869565216,"29":0.4409937888198758,"30":0.4472049689440994,"51":0.453416149068323,"20":0.45962732919254656,"8":0.4658385093167702,"28":0.4720496894409938,"127":0.4782608695652174,"113":0.484472049689441,"14":0.4906832298136646,"22":0.4968944099378882,"123":0.5031055900621118,"19":0.5093167701863354,"34":0.515527950310559,"36":0.5217391304347826,"2":0.5279503105590062,"15":0.5341614906832298,"43":0.5403726708074534,"42":0.546583850931677,"52":0.5527950310559007,"26":0.5590062111801242,"6":0.5652173913043478,"38":0.5714285714285714,"46":0.577639751552795,"4":0.5838509316770186,"24":0.5900621118012422,"33":0.5962732919254659,"12":0.6024844720496895,"1":0.6086956521739131,"10":0.6149068322981367,"44":0.6211180124223602,"49":0.6273291925465838,"9":0.6335403726708074,"16":0.639751552795031,"59":0.6459627329192547,"54":0.6521739130434783,"102":0.6583850931677019,"95":0.6645962732919255,"80":0.6708074534161491,"7":0.6770186335403726,"41":0.6832298136645962,"72":0.6894409937888198,"5":0.6956521739130435,"21":0.7018633540372671,"100":0.7080745341614907,"62":0.7142857142857143,"106":0.7204968944099379,"96":0.7267080745341615,"55":0.7329192546583851,"86":0.7391304347826086,"105":0.7453416149068323,"93":0.7515527950310559,"90":0.7577639751552795,"101":0.7639751552795031,"66":0.7701863354037267,"97":0.7763975155279503,"104":0.782608695652174,"85":0.7888198757763976,"67":0.7950310559006211,"82":0.8012422360248447,"87":0.8074534161490683,"83":0.8136645962732919,"103":0.8198757763975155,"84":0.8260869565217391,"68":0.8322981366459627,"76":0.8385093167701864,"78":0.84472049689441,"99":0.8509316770186336,"107":0.8571428571428571,"81":0.8633540372670807,"58":0.8695652173913043,"61":0.8757763975155279,"64":0.8819875776397516,"56":0.8881987577639752,"63":0.8944099378881988,"89":0.9006211180124224,"92":0.906832298136646,"70":0.9130434782608695,"69":0.9192546583850931,"79":0.9254658385093167,"75":0.9316770186335404,"98":0.937888198757764,"57":0.9440993788819876,"77":0.9503105590062112,"60":0.9565217391304348,"74":0.9627329192546584,"71":0.968944099378882,"88":0.9751552795031055,"91":0.9813664596273292,"65":0.9875776397515528,"94":0.9937888198757764,"73":1.0}}