{"name":"pagerank","alpha":0.85,"weight":"value","num_of_nodes":144,"num_of_edges":275,"process_time":0.026706933975219727,"data":{"0":0.19858019723838338,"1":0.38644040117606027,"2":0.19057443890776088,"3":0.8927365267231642,"4":0.5432337456532321,"5":0.15678955951924656,"6":0.18983265480583547,"7":0.5666096789535475,"8":0.19026183115975964,"9":0.7811797847603824,"10":0.1548125906426408,"11":0.1751630078063623,"12":0.1548125906426408,"13":0.13041274429514546,"14":0.1367469855266894,"15":0.16703841870587724,"16":0.16351092530753458,"17":0.1437183421210938,"18":0.17318304676695176,"19":0.19057443890776088,"20":0.31758596223907926,"21":0.1751630078063623,"22":0.3900607628223562,"23":0.3408207387925179,"24":0.4084219662569276,"25":0.42166360566487304,"26":0.33632604779818,"27":0.20097147054749878,"28":0.5530499119507643,"29":0.1699006337819919,"30":0.44176961604325865,"31":0.3161979369337482,"32":0.4267870198125403,"33":0.389136681746007,"34":0.6331094805828926,"35":0.5576554102423897,"36":0.13289545014804494,"37":0.1437183421210938,"38":0.1751630078063623,"39":0.11712474412657177,"40":0.17660245967068935,"41":0.3520893407010651,"42":0.11677998106062852,"43":0.37874659046092557,"44":0.15570405110597563,"45":0.2026533323417793,"46":0.41819051659095763,"47":0.11677998106062852,"48":0.5002382304282973,"49":0.36343057777847426,"50":0.0,"51":0.17950558398675598,"52":0.48280090069126713,"53":0.5635719410124832,"54":0.6430818651678601,"55":0.11752812986975321,"56":0.1283629873939924,"57":0.7646440602003897,"58":0.09345449242080918,"59":0.5742084398652859,"60":0.13055676936566413,"61":0.16024919614566124,"62":0.13263365102589025,"63":0.2340613652658411,"64":0.09214542342101442,"65":0.4967436329582059,"66":0.09214542342101442,"67":0.396611798071038,"68":0.2779195399654236,"69":0.3627416888941296,"70":0.12780640903865217,"71":0.11752812986975321,"72":0.16024919614566124,"73":0.3627416888941296,"74":0.327721422238749,"75":0.07196631859160037,"76":0.31627801295320446,"77":0.31144774600187697,"78":0.1175249610160934,"79":0.39711109181355625,"80":0.16024919614566124,"81":0.0358354045244084,"82":0.5829304330543903,"83":0.35440067423127697,"84":0.029124441773372124,"85":0.8475747686790578,"86":0.13263365102589025,"87":0.26328880984193154,"88":0.580043176314444,"89":0.17950558398675598,"90":0.35908315357343895,"91":0.17950558398675598,"92":0.0,"93":0.3512749024916671,"94":0.09881950629460713,"95":1.0,"96":0.1459615578023758,"97":0.38219008583474917,"98":0.44112520978979636,"99":0.1447602895655845,"100":0.29296988480167285,"101":0.1459615578023758,"102":0.05193927761611044,"103":0.26697172620059334,"104":0.1135484629370028,"105":0.6321993603039708,"106":0.17227796408756216,"107":0.5764310068221903,"108":0.27660958000924085,"109":0.36047149314476645,"110":0.10305384707560833,"111":0.17227796408756216,"112":0.12444145934750928,"113":0.35266046375169546,"114":0.3928593486539416,"115":0.7402444763638643,"116":0.13318525671484122,"117":0.3661631909527257,"118":0.054452269450696505,"119":0.409839902772417,"120":0.5753440668715463,"121":0.5796545280095982,"122":0.12466640713110616,"123":0.1447602895655845,"124":0.4091857232859728,"125":0.1303967922229326,"126":0.1462556858331722,"127":0.13279939168482505,"128":0.4597946275655012,"129":0.5900033932910096,"130":0.30305283671228594,"131":0.580229661699631,"132":0.053317452149766145,"133":0.04930773367245421,"134":0.09698599227133539,"135":0.26490185689254814,"136":0.3040716784071749,"137":0.29296988480167285,"138":0.3751931507725221,"139":0.4562189744744664,"140":0.12874575570979277,"141":0.649731421144033,"142":0.12466640713110616,"143":0.42643061264729215},"ranked":{"50":0.0,"92":0.006993006993006993,"84":0.013986013986013986,"81":0.02097902097902098,"133":0.027972027972027972,"102":0.03496503496503497,"132":0.04195804195804196,"118":0.04895104895104895,"75":0.055944055944055944,"64":0.06293706293706294,"66":0.06993006993006994,"58":0.07692307692307693,"134":0.08391608391608392,"94":0.09090909090909091,"110":0.0979020979020979,"104":0.1048951048951049,"42":0.11188811188811189,"47":0.11888111888111888,"39":0.1258741258741259,"78":0.13286713286713286,"55":0.13986013986013987,"71":0.14685314685314685,"112":0.15384615384615385,"122":0.16083916083916083,"142":0.16783216783216784,"70":0.17482517482517482,"56":0.18181818181818182,"140":0.1888111888111888,"125":0.1958041958041958,"13":0.20279720279720279,"60":0.2097902097902098,"62":0.21678321678321677,"86":0.22377622377622378,"127":0.23076923076923078,"36":0.23776223776223776,"116":0.24475524475524477,"14":0.2517482517482518,"17":0.25874125874125875,"37":0.26573426573426573,"99":0.2727272727272727,"123":0.27972027972027974,"96":0.2867132867132867,"101":0.2937062937062937,"126":0.3006993006993007,"10":0.3076923076923077,"12":0.3146853146853147,"44":0.32167832167832167,"5":0.32867132867132864,"61":0.3356643356643357,"72":0.34265734265734266,"80":0.34965034965034963,"16":0.35664335664335667,"15":0.36363636363636365,"29":0.3706293706293706,"106":0.3776223776223776,"111":0.38461538461538464,"18":0.3916083916083916,"11":0.3986013986013986,"21":0.40559440559440557,"38":0.4125874125874126,"40":0.4195804195804196,"51":0.42657342657342656,"89":0.43356643356643354,"91":0.4405594405594406,"6":0.44755244755244755,"8":0.45454545454545453,"2":0.46153846153846156,"19":0.46853146853146854,"0":0.4755244755244755,"27":0.4825174825174825,"45":0.48951048951048953,"63":0.4965034965034965,"87":0.5034965034965035,"135":0.5104895104895105,"103":0.5174825174825175,"108":0.5244755244755245,"68":0.5314685314685315,"100":0.5384615384615384,"137":0.5454545454545454,"130":0.5524475524475524,"136":0.5594405594405595,"77":0.5664335664335665,"31":0.5734265734265734,"76":0.5804195804195804,"20":0.5874125874125874,"74":0.5944055944055944,"26":0.6013986013986014,"23":0.6083916083916084,"93":0.6153846153846154,"41":0.6223776223776224,"113":0.6293706293706294,"83":0.6363636363636364,"90":0.6433566433566433,"109":0.6503496503496503,"69":0.6573426573426573,"73":0.6643356643356644,"49":0.6713286713286714,"117":0.6783216783216783,"138":0.6853146853146853,"43":0.6923076923076923,"97":0.6993006993006993,"1":0.7062937062937062,"33":0.7132867132867133,"22":0.7202797202797203,"114":0.7272727272727273,"67":0.7342657342657343,"79":0.7412587412587412,"24":0.7482517482517482,"124":0.7552447552447552,"119":0.7622377622377622,"46":0.7692307692307693,"25":0.7762237762237763,"143":0.7832167832167832,"32":0.7902097902097902,"98":0.7972027972027972,"30":0.8041958041958042,"139":0.8111888111888111,"128":0.8181818181818182,"52":0.8251748251748252,"65":0.8321678321678322,"48":0.8391608391608392,"4":0.8461538461538461,"28":0.8531468531468531,"35":0.8601398601398601,"53":0.8671328671328671,"7":0.8741258741258742,"59":0.8811188811188811,"120":0.8881118881118881,"107":0.8951048951048951,"121":0.9020979020979021,"88":0.9090909090909091,"131":0.916083916083916,"82":0.9230769230769231,"129":0.9300699300699301,"105":0.9370629370629371,"34":0.9440559440559441,"54":0.951048951048951,"141":0.958041958041958,"115":0.965034965034965,"57":0.972027972027972,"9":0.9790209790209791,"85":0.986013986013986,"3":0.993006993006993,"95":1.0}}