{"name":"pagerank","alpha":0.85,"weight":"value","num_of_nodes":135,"num_of_edges":419,"process_time":0.03207898139953613,"data":{"0":0.42831694382474716,"1":0.2058990367285578,"2":0.42831694382474716,"3":0.17662667863029535,"4":0.10386656620611955,"5":0.21763214909643053,"6":0.5489903784827194,"7":0.2969169174074085,"8":1.0,"9":0.20742992945974664,"10":0.42599860098395687,"11":0.13610454719672882,"12":0.36265186206010275,"13":0.15747147199616093,"14":0.1760041545439094,"15":0.2960647063565957,"16":0.20685117523222396,"17":0.11010445127591764,"18":0.14088999613241734,"19":0.18124832254813467,"20":0.16213160971273974,"21":0.4330560524138307,"22":0.41605105434832423,"23":0.24429308257969432,"24":0.3073809687462678,"25":0.14088999613241734,"26":0.2815915466759548,"27":0.1282971818019318,"28":0.263375010865176,"29":0.24354325007409505,"30":0.14088999613241734,"31":0.8179293432194336,"32":0.20217910749753162,"33":0.41064035027246293,"34":0.10386656620611968,"35":0.28418518177184793,"36":0.6372697837889872,"37":0.4705727809625112,"38":0.48607478686275957,"39":0.42150789407147427,"40":0.34557349591999803,"41":0.29644488437906674,"42":0.1641178975690064,"43":0.2661036079080297,"44":0.2565349697639027,"45":0.14435473685804595,"46":0.3009994683795053,"47":0.47147088005631427,"48":0.4652371364295285,"49":0.018734795177034608,"50":0.23513804609128916,"51":0.17535678523363316,"52":0.17928840923002765,"53":0.12719550483251763,"54":0.46134863921817215,"55":0.6135593670729012,"56":0.0,"57":0.35162532008135666,"58":0.2556918748764856,"59":0.6257930345073588,"60":0.16686569564545267,"61":0.11860538943074538,"62":0.23930068600926074,"63":0.12001287373546066,"64":0.9298660116071485,"65":0.558131816511388,"66":0.17410957092749332,"67":0.2442288592184903,"68":0.49681977649787584,"69":0.07436608600879709,"70":0.1469666130474432,"71":0.24422885921849016,"72":0.4707745556541774,"73":0.1771369856609157,"74":0.17907822329207876,"75":0.28977303509382013,"76":0.2148518768375033,"77":0.4124762736519101,"78":0.19185209550854568,"79":0.1486426432731294,"80":0.17928840923002778,"81":0.11465466368816032,"82":0.2774791437563089,"83":0.5259573331706253,"84":0.46141370484770416,"85":0.5145071599378489,"86":0.17410957092749332,"87":0.5155834894838044,"88":0.28977303509382013,"89":0.3369804126323541,"90":0.5184406232719513,"91":0.6740595303461331,"92":0.09047381718625434,"93":0.03462545316652577,"94":0.4443944295284101,"95":0.42546257939862775,"96":0.4346019577993901,"97":0.28093775315442104,"98":0.6721181777169181,"99":0.3574800517338392,"100":0.11012915737454895,"101":0.26724820038170893,"102":0.10948559338657923,"103":0.7638460277942716,"104":0.45489557091812505,"105":0.194923622740489,"106":0.06753723915292878,"107":0.2020240866299532,"108":0.2887100216325264,"109":0.5937100766026951,"110":0.10825391206137028,"111":0.43020318228053284,"112":0.2434855902895006,"113":0.041257189328227556,"114":0.4455673553724007,"115":0.10692693563376486,"116":0.28107598937498385,"117":0.41107911788616575,"118":0.2693523414653579,"119":0.27153668908230405,"120":0.4535391034706769,"121":0.5059952071061891,"122":0.08938781062494368,"123":0.09047381718625434,"124":0.27580524949009416,"125":0.09936732339052069,"126":0.3996043460223651,"127":0.4456042370360301,"128":0.41729565841905364,"129":0.4479840985964005,"130":0.10034757183882631,"131":0.19151913018677097,"132":0.09622059946801143,"133":0.6790352125477406,"134":0.06540089186614265},"ranked":{"56":0.0,"49":0.007462686567164179,"93":0.014925373134328358,"113":0.022388059701492536,"134":0.029850746268656716,"106":0.03731343283582089,"69":0.04477611940298507,"122":0.05223880597014925,"92":0.05970149253731343,"123":0.06716417910447761,"132":0.07462686567164178,"125":0.08208955223880597,"130":0.08955223880597014,"4":0.09701492537313433,"34":0.1044776119402985,"115":0.11194029850746269,"110":0.11940298507462686,"102":0.12686567164179105,"17":0.13432835820895522,"100":0.1417910447761194,"81":0.14925373134328357,"61":0.15671641791044777,"63":0.16417910447761194,"53":0.17164179104477612,"27":0.1791044776119403,"11":0.1865671641791045,"18":0.19402985074626866,"25":0.20149253731343283,"30":0.208955223880597,"45":0.21641791044776118,"70":0.22388059701492538,"79":0.23134328358208955,"13":0.23880597014925373,"20":0.2462686567164179,"42":0.2537313432835821,"60":0.26119402985074625,"66":0.26865671641791045,"86":0.27611940298507465,"51":0.2835820895522388,"14":0.291044776119403,"3":0.29850746268656714,"73":0.30597014925373134,"74":0.31343283582089554,"52":0.3208955223880597,"80":0.3283582089552239,"19":0.3358208955223881,"131":0.34328358208955223,"78":0.35074626865671643,"105":0.3582089552238806,"107":0.3656716417910448,"32":0.373134328358209,"1":0.3805970149253731,"16":0.3880597014925373,"9":0.39552238805970147,"76":0.40298507462686567,"5":0.41044776119402987,"50":0.417910447761194,"62":0.4253731343283582,"112":0.43283582089552236,"29":0.44029850746268656,"71":0.44776119402985076,"67":0.4552238805970149,"23":0.4626865671641791,"58":0.4701492537313433,"44":0.47761194029850745,"28":0.48507462686567165,"43":0.4925373134328358,"101":0.5,"118":0.5074626865671642,"119":0.5149253731343284,"124":0.5223880597014925,"82":0.5298507462686567,"97":0.5373134328358209,"116":0.5447761194029851,"26":0.5522388059701493,"35":0.5597014925373134,"108":0.5671641791044776,"75":0.5746268656716418,"88":0.582089552238806,"15":0.5895522388059702,"41":0.5970149253731343,"7":0.6044776119402985,"46":0.6119402985074627,"24":0.6194029850746269,"89":0.6268656716417911,"40":0.6343283582089553,"57":0.6417910447761194,"99":0.6492537313432836,"12":0.6567164179104478,"126":0.664179104477612,"33":0.6716417910447762,"117":0.6791044776119403,"77":0.6865671641791045,"22":0.6940298507462687,"128":0.7014925373134329,"39":0.7089552238805971,"95":0.7164179104477612,"10":0.7238805970149254,"0":0.7313432835820896,"2":0.7388059701492538,"111":0.746268656716418,"21":0.753731343283582,"96":0.7611940298507462,"94":0.7686567164179104,"114":0.7761194029850746,"127":0.7835820895522388,"129":0.7910447761194029,"120":0.7985074626865671,"104":0.8059701492537313,"54":0.8134328358208955,"84":0.8208955223880597,"48":0.8283582089552238,"37":0.835820895522388,"72":0.8432835820895522,"47":0.8507462686567164,"38":0.8582089552238806,"68":0.8656716417910447,"121":0.8731343283582089,"85":0.8805970149253731,"87":0.8880597014925373,"90":0.8955223880597015,"83":0.9029850746268657,"6":0.9104477611940298,"65":0.917910447761194,"109":0.9253731343283582,"55":0.9328358208955224,"59":0.9402985074626866,"36":0.9477611940298507,"98":0.9552238805970149,"91":0.9626865671641791,"133":0.9701492537313433,"103":0.9776119402985075,"31":0.9850746268656716,"64":0.9925373134328358,"8":1.0}}