{"name":"density","eps":0.5,"weight":"value","num_of_nodes":117,"num_of_edges":223,"process_time":0.006281852722167969,"data":{"0":0.25448461903666114,"1":0.25262894849917955,"2":1.0,"3":0.0012373009023069017,"4":0.0018557267006096602,"5":0.002474349070000711,"6":0.25201029804815445,"7":8.424480879994807e-08,"8":0.7523195811512277,"9":0.25262894849922624,"10":0.25201029804813113,"11":0.0030928871947696547,"12":0.2513918160865836,"13":0.003711453401102637,"14":0.0012372728206495164,"15":8.424480879994807e-08,"16":0.0006187346959505826,"17":0.25262900466235433,"18":0.0012373009023069017,"19":0.2513918160865836,"20":0.0018557267006096602,"21":0.0012372447390388043,"22":0.0018556986189056017,"23":0.002474292906942643,"24":0.25262894849929624,"25":0.5034021702979828,"26":0.25201029804815445,"27":0.25201029804813113,"28":0.5027836040916965,"29":0.7517011272714308,"30":0.2520105227009468,"31":0.2501547117556217,"32":0.5015464435973498,"33":0.25201041037462063,"34":0.25324748662404184,"35":0.5015464716789605,"36":0.001855895190180587,"37":0.0006187346959505826,"38":0.2513919845762012,"39":0.49969074497837423,"40":0.0006185662063096461,"41":0.0006185662063096461,"42":0.0024742086621105065,"43":0.0006185662062396363,"44":0.002474292906942643,"45":0.0006185662062396363,"46":0.0012371043310085799,"47":0.2507731375538311,"48":0.5009278493094528,"49":0.25201024188486304,"50":0.25015476791879643,"51":0.0018556424557308504,"52":0.0018557267005863236,"53":0.0024741805804064476,"54":0.5009278212278421,"55":0.5015463031893196,"56":0.5003092831030498,"57":0.0018556986189522749,"58":5.616310474140556e-08,"59":0.2507731375538311,"60":0.0006185662062396363,"61":0.5021649255588506,"62":0.0018556424557308504,"63":0.5009278212278421,"64":0.000618594287873685,"65":0.49969077305991494,"66":0.0018557828636677283,"67":0.5009278212278421,"68":0.0012372166574747654,"69":0.2513917599234322,"70":0.25262892041756885,"71":0.5009279054726509,"72":0.4996906888151528,"73":5.616310474140556e-08,"74":0.0018556986189522749,"75":0.0018556424557308504,"76":0.49969077305991494,"77":0.0012371043310085799,"78":0.4996908011416423,"79":0.5015464155157158,"80":0.25139173184182145,"81":0.2507732217987099,"82":0.0024742086620171597,"83":0.2526289484992029,"84":0.0,"85":0.0030928591131589426,"86":0.0012371043310319167,"87":0.25139175992333884,"88":0.5021648693956292,"89":0.0012371043310785898,"90":0.0006185381247222705,"91":0.49907220685365195,"92":0.0024742086620171597,"93":0.2495361455492187,"94":0.25201029804810776,"95":0.0012371043310319167,"96":0.0030927467867160937,"97":0.2495361455492187,"98":0.2501546555923536,"99":0.5009278493093594,"100":0.0012371324126192922,"101":0.0006185942879436948,"102":0.0012371324126192922,"103":0.2507732498802973,"104":0.25139173184182145,"105":0.4996907730600316,"106":0.0,"107":0.0012371043310085799,"108":0.0037113410747297982,"109":0.25139173184182145,"110":0.0012371324126192922,"111":0.25324743046075043,"112":0.0012371043310085799,"113":0.2507732217987566,"114":0.0006185942879436948,"115":0.7492269186092736,"116":0.7492268624459822},"ranked":{"84":0.0,"106":0.008620689655172414,"58":0.017241379310344827,"73":0.02586206896551724,"7":0.034482758620689655,"15":0.04310344827586207,"90":0.05172413793103448,"43":0.0603448275862069,"45":0.06896551724137931,"60":0.07758620689655173,"40":0.08620689655172414,"41":0.09482758620689655,"64":0.10344827586206896,"101":0.11206896551724138,"114":0.1206896551724138,"16":0.12931034482758622,"37":0.13793103448275862,"46":0.14655172413793102,"77":0.15517241379310345,"107":0.16379310344827586,"112":0.1724137931034483,"86":0.1810344827586207,"95":0.1896551724137931,"89":0.19827586206896552,"100":0.20689655172413793,"102":0.21551724137931033,"110":0.22413793103448276,"68":0.23275862068965517,"21":0.2413793103448276,"14":0.25,"3":0.25862068965517243,"18":0.2672413793103448,"51":0.27586206896551724,"62":0.28448275862068967,"75":0.29310344827586204,"22":0.3017241379310345,"57":0.3103448275862069,"74":0.31896551724137934,"52":0.3275862068965517,"4":0.33620689655172414,"20":0.3448275862068966,"66":0.35344827586206895,"36":0.3620689655172414,"53":0.3706896551724138,"82":0.3793103448275862,"92":0.3879310344827586,"42":0.39655172413793105,"23":0.4051724137931034,"44":0.41379310344827586,"5":0.4224137931034483,"96":0.43103448275862066,"85":0.4396551724137931,"11":0.4482758620689655,"108":0.45689655172413796,"13":0.46551724137931033,"93":0.47413793103448276,"97":0.4827586206896552,"98":0.49137931034482757,"31":0.5,"50":0.5086206896551724,"47":0.5172413793103449,"59":0.5258620689655172,"81":0.5344827586206896,"113":0.5431034482758621,"103":0.5517241379310345,"80":0.5603448275862069,"104":0.5689655172413793,"109":0.5775862068965517,"87":0.5862068965517241,"69":0.5948275862068966,"12":0.603448275862069,"19":0.6120689655172413,"38":0.6206896551724138,"49":0.6293103448275862,"94":0.6379310344827587,"10":0.646551724137931,"27":0.6551724137931034,"6":0.6637931034482759,"26":0.6724137931034483,"33":0.6810344827586207,"30":0.6896551724137931,"70":0.6982758620689655,"1":0.7068965517241379,"83":0.7155172413793104,"9":0.7241379310344828,"24":0.7327586206896551,"17":0.7413793103448276,"111":0.75,"34":0.7586206896551724,"0":0.7672413793103449,"91":0.7758620689655172,"72":0.7844827586206896,"39":0.7931034482758621,"65":0.8017241379310345,"76":0.8103448275862069,"105":0.8189655172413793,"78":0.8275862068965517,"56":0.8362068965517241,"54":0.8448275862068966,"63":0.853448275862069,"67":0.8620689655172413,"99":0.8706896551724138,"48":0.8793103448275862,"71":0.8879310344827587,"55":0.896551724137931,"79":0.9051724137931034,"32":0.9137931034482759,"35":0.9224137931034483,"88":0.9310344827586207,"61":0.9396551724137931,"28":0.9482758620689655,"25":0.9568965517241379,"116":0.9655172413793104,"115":0.9741379310344828,"29":0.9827586206896551,"8":0.9913793103448276,"2":1.0}}