{"name":"density","eps":0.5,"weight":"value","num_of_nodes":159,"num_of_edges":302,"process_time":0.012724876403808594,"data":{"0":0.001484375341625667,"1":0.001484375341625667,"2":0.0014843528793014153,"3":0.0014844202667035106,"4":0.40118747781079284,"5":0.20108856437967668,"6":0.20207812547836154,"7":0.20059383998677957,"8":0.40217706137195125,"9":0.0009896509486538758,"10":0.0014843978042112561,"11":0.001979189584790479,"12":0.20207805809079143,"13":0.199604189038107,"14":0.0014844876541616064,"15":0.40168233697888617,"16":0.20207812547836154,"17":0.20059370521169537,"18":0.39970319231919216,"19":0.0014843753417563357,"20":0.20108851945471085,"21":0.000989516173607015,"22":0.0019791446596753018,"23":0.40168222466635023,"24":0.0014844202667035106,"25":0.001484397804229923,"26":0.0009896060237067012,"27":0.0009895835612331138,"28":0.0019791446596753018,"29":0.199604189038107,"30":0.0004947693181056356,"31":1.0,"32":0.0019791446597686364,"33":0.20257291725895943,"34":0.20108860930481054,"35":0.2000989358936084,"36":0.60128648109199,"37":0.2015834010852964,"38":0.5988125446516981,"39":0.4011875451983629,"40":0.20059377259919078,"41":0.4026717408399946,"42":0.0024739813652950343,"43":0.0004948591681679876,"44":0.0009896509486538758,"45":0.0014843978042112561,"46":0.0004948591681679876,"47":0.0034634076888770313,"48":0.20257284987138932,"49":0.002473891515288683,"50":0.002474048752771797,"51":0.20108851945471085,"52":0.39970312493169674,"53":0.2030676641144608,"54":0.3992084454636161,"55":0.0004947468556320483,"56":0.3992083780761767,"57":0.0019792120473014004,"58":0.201583423547826,"59":0.0024739364403851935,"60":0.40168233697892347,"61":0.003958266856933017,"62":0.40118756766085517,"63":0.3992084454636161,"64":0.0019792120472453996,"65":0.0009896284861056206,"66":0.20257293972135834,"67":0.0029686608333756516,"68":0.0009896509486912097,"69":0.20306770903937066,"70":0.0019792120473014004,"71":0.0024739364403851935,"72":0.20158335616033057,"73":0.6012864361669308,"74":0.20306759672694671,"75":0.0004947468556320483,"76":0.2000990706686926,"77":0.00247389151530735,"78":0.001979167122298225,"79":0.20306768657695307,"80":0.40267185315249315,"81":0.001979167122223557,"82":0.20306764165198724,"83":0.2025729172588661,"84":0.0004947468555760473,"85":0.0024740038277499547,"86":0.3992083780761767,"87":0.4006927534177837,"88":0.0019791446596753018,"89":0.20257282740884108,"90":0.0009896060236133663,"91":0.0009896284861056206,"92":0.4006927534177837,"93":0.2015832887728538,"94":0.0014843304167344933,"95":0.40118754519838157,"96":0.0024740038277686217,"97":0.0009896284861056206,"98":0.6007917566988689,"99":0.40019791671229465,"100":0.2015832887728538,"101":0.19960416657557742,"102":0.40217710629695447,"103":0.4026718531525118,"104":0.002968660833282317,"105":0.0004947468555760473,"106":0.2020780805533397,"107":0.0009896284861056206,"108":0.0,"109":0.001484397804267257,"110":0.40168224712891715,"111":0.20059372767418762,"112":0.001979167122260891,"113":0.40019802902471857,"114":0.20108854191725908,"115":0.0,"116":0.0009896284861056206,"117":0.0014844202667221775,"118":0.0009895386361366033,"119":0.0009896060236693671,"120":0.001979189584697144,"121":0.20207803562831786,"122":0.0,"123":0.0009895386361552703,"124":0.0004947693180496347,"125":0.2010885419172031,"126":0.0004947917806538908,"127":0.0019790548097436186,"128":0.0024738465902855076,"129":0.001484307954186238,"130":0.0009895386361366033,"131":0.20158337862280415,"132":0.4006928432677714,"133":0.4011875676607805,"134":0.20009893589362707,"135":0.5993073588947323,"136":0.20207819286581963,"137":0.2010886093047172,"138":0.20207805809082877,"139":0.20059375013669853,"140":0.20158331123532738,"141":0.5993073364322213,"142":0.001979099734728127,"143":0.2030676191894763,"144":0.20207812547834286,"145":0.20009895835610064,"146":0.40019791671222,"147":0.0009896284861242875,"148":0.20207805809084745,"149":0.20108854191724043,"150":0.0009895386361179364,"151":0.0009895386361179364,"152":0.20009895835610064,"153":0.0019790548097436186,"154":0.0009895386361366033,"155":0.20059375013667988,"156":0.0029687282208710817,"157":0.20059370521165804,"158":0.40019796163722315},"ranked":{"108":0.0,"115":0.006329113924050633,"122":0.012658227848101266,"84":0.0189873417721519,"105":0.02531645569620253,"55":0.03164556962025317,"75":0.0379746835443038,"124":0.04430379746835443,"30":0.05063291139240506,"126":0.056962025316455694,"43":0.06329113924050633,"46":0.06962025316455696,"21":0.0759493670886076,"150":0.08227848101265822,"151":0.08860759493670886,"118":0.0949367088607595,"130":0.10126582278481013,"154":0.10759493670886076,"123":0.11392405063291139,"27":0.12025316455696203,"90":0.12658227848101267,"119":0.13291139240506328,"26":0.13924050632911392,"65":0.14556962025316456,"91":0.1518987341772152,"97":0.15822784810126583,"107":0.16455696202531644,"116":0.17088607594936708,"147":0.17721518987341772,"9":0.18354430379746836,"44":0.189873417721519,"68":0.1962025316455696,"129":0.20253164556962025,"94":0.2088607594936709,"2":0.21518987341772153,"0":0.22151898734177214,"1":0.22784810126582278,"19":0.23417721518987342,"10":0.24050632911392406,"45":0.2468354430379747,"25":0.25316455696202533,"109":0.25949367088607594,"3":0.26582278481012656,"24":0.2721518987341772,"117":0.27848101265822783,"14":0.2848101265822785,"127":0.2911392405063291,"153":0.2974683544303797,"142":0.3037974683544304,"22":0.310126582278481,"28":0.31645569620253167,"88":0.3227848101265823,"32":0.3291139240506329,"81":0.33544303797468356,"112":0.34177215189873417,"78":0.34810126582278483,"120":0.35443037974683544,"11":0.36075949367088606,"64":0.3670886075949367,"57":0.37341772151898733,"70":0.379746835443038,"128":0.3860759493670886,"49":0.3924050632911392,"77":0.3987341772151899,"59":0.4050632911392405,"71":0.41139240506329117,"42":0.4177215189873418,"85":0.4240506329113924,"96":0.43037974683544306,"50":0.43670886075949367,"104":0.4430379746835443,"67":0.44936708860759494,"156":0.45569620253164556,"47":0.4620253164556962,"61":0.46835443037974683,"101":0.47468354430379744,"13":0.4810126582278481,"29":0.4873417721518987,"35":0.4936708860759494,"134":0.5,"145":0.5063291139240507,"152":0.5126582278481012,"76":0.5189873417721519,"157":0.5253164556962026,"17":0.5316455696202531,"111":0.5379746835443038,"155":0.5443037974683544,"139":0.5506329113924051,"40":0.5569620253164557,"7":0.5632911392405063,"20":0.569620253164557,"51":0.5759493670886076,"125":0.5822784810126582,"149":0.5886075949367089,"114":0.5949367088607594,"5":0.6012658227848101,"137":0.6075949367088608,"34":0.6139240506329114,"93":0.620253164556962,"100":0.6265822784810127,"140":0.6329113924050633,"72":0.6392405063291139,"131":0.6455696202531646,"37":0.6518987341772152,"58":0.6582278481012658,"121":0.6645569620253164,"12":0.6708860759493671,"138":0.6772151898734177,"148":0.6835443037974683,"106":0.689873417721519,"144":0.6962025316455697,"6":0.7025316455696202,"16":0.7088607594936709,"136":0.7151898734177216,"89":0.7215189873417721,"48":0.7278481012658228,"83":0.7341772151898734,"33":0.740506329113924,"66":0.7468354430379747,"74":0.7531645569620253,"143":0.759493670886076,"82":0.7658227848101266,"53":0.7721518987341772,"79":0.7784810126582279,"69":0.7848101265822784,"56":0.7911392405063291,"86":0.7974683544303798,"54":0.8037974683544303,"63":0.810126582278481,"52":0.8164556962025317,"18":0.8227848101265823,"146":0.8291139240506329,"99":0.8354430379746836,"158":0.8417721518987342,"113":0.8481012658227848,"87":0.8544303797468354,"92":0.8607594936708861,"132":0.8670886075949367,"4":0.8734177215189873,"39":0.879746835443038,"95":0.8860759493670886,"133":0.8924050632911392,"62":0.8987341772151899,"23":0.9050632911392406,"110":0.9113924050632911,"15":0.9177215189873418,"60":0.9240506329113924,"8":0.930379746835443,"102":0.9367088607594937,"41":0.9430379746835443,"80":0.9493670886075949,"103":0.9556962025316456,"38":0.9620253164556962,"141":0.9683544303797469,"135":0.9746835443037974,"98":0.9810126582278481,