{"name":"eccentricity","num_of_nodes":66,"num_of_edges":201,"process_time":0.0026502609252929688,"data":{"0":0.3333333333333333,"1":0.3333333333333333,"2":1.0,"3":1.0,"4":0.6666666666666666,"5":1.0,"6":0.6666666666666666,"7":0.6666666666666666,"8":0.3333333333333333,"9":0.6666666666666666,"10":0.3333333333333333,"11":0.6666666666666666,"12":0.3333333333333333,"13":1.0,"14":0.6666666666666666,"15":1.0,"16":0.6666666666666666,"17":0.6666666666666666,"18":1.0,"19":1.0,"20":1.0,"21":0.6666666666666666,"22":0.6666666666666666,"23":0.6666666666666666,"24":0.3333333333333333,"25":1.0,"26":0.3333333333333333,"27":0.3333333333333333,"28":1.0,"29":1.0,"30":0.6666666666666666,"31":0.6666666666666666,"32":0.3333333333333333,"33":0.3333333333333333,"34":0.3333333333333333,"35":1.0,"36":0.6666666666666666,"37":0.3333333333333333,"38":0.3333333333333333,"39":0.3333333333333333,"40":0.6666666666666666,"41":0.3333333333333333,"42":0.3333333333333333,"43":0.3333333333333333,"44":0.3333333333333333,"45":0.3333333333333333,"46":0.3333333333333333,"47":0.6666666666666666,"48":0.6666666666666666,"49":1.0,"50":0.6666666666666666,"51":0.3333333333333333,"52":0.6666666666666666,"53":0.3333333333333333,"54":0.6666666666666666,"55":0.6666666666666666,"56":0.6666666666666666,"57":0.0,"58":0.3333333333333333,"59":0.3333333333333333,"60":1.0,"61":0.3333333333333333,"62":0.6666666666666666,"63":0.3333333333333333,"64":1.0,"65":0.3333333333333333},"ranked":{"57":0.0,"0":0.015384615384615385,"1":0.03076923076923077,"8":0.046153846153846156,"10":0.06153846153846154,"12":0.07692307692307693,"24":0.09230769230769231,"26":0.1076923076923077,"27":0.12307692307692308,"32":0.13846153846153847,"33":0.15384615384615385,"34":0.16923076923076924,"37":0.18461538461538463,"38":0.2,"39":0.2153846153846154,"41":0.23076923076923078,"42":0.24615384615384617,"43":0.26153846153846155,"44":0.27692307692307694,"45":0.2923076923076923,"46":0.3076923076923077,"51":0.3230769230769231,"53":0.3384615384615385,"58":0.35384615384615387,"59":0.36923076923076925,"61":0.38461538461538464,"63":0.4,"65":0.4153846153846154,"4":0.4307692307692308,"6":0.4461538461538462,"7":0.46153846153846156,"9":0.47692307692307695,"11":0.49230769230769234,"14":0.5076923076923077,"16":0.5230769230769231,"17":0.5384615384615384,"21":0.5538461538461539,"22":0.5692307692307692,"23":0.5846153846153846,"30":0.6,"31":0.6153846153846154,"36":0.6307692307692307,"40":0.6461538461538462,"47":0.6615384615384615,"48":0.676923076923077,"50":0.6923076923076923,"52":0.7076923076923077,"54":0.7230769230769231,"55":0.7384615384615385,"56":0.7538461538461538,"62":0.7692307692307693,"2":0.7846153846153846,"3":0.8,"5":0.8153846153846154,"13":0.8307692307692308,"15":0.8461538461538461,"18":0.8615384615384616,"19":0.8769230769230769,"20":0.8923076923076924,"25":0.9076923076923077,"28":0.9230769230769231,"29":0.9384615384615385,"35":0.9538461538461539,"49":0.9692307692307692,"60":0.9846153846153847,"64":1.0}}