{"name":"fiedler","normalized":false,"weight":"value","num_of_nodes":66,"num_of_edges":201,"process_time":0.03705096244812012,"data":{"0":0.2599903211317591,"1":0.2500122679462529,"2":7.589758074482966e-17,"3":0.01257256673762225,"4":0.12465242244913718,"5":0.09574364984402392,"6":0.17172202969477676,"7":0.02191711156494387,"8":0.19813323664425267,"9":0.19142262865717638,"10":0.20167966421653094,"11":0.14503808299607537,"12":0.1698352473512439,"13":0.006962341500566924,"14":0.10836330323438731,"15":0.047829442717037624,"16":0.14536013768816025,"17":0.14188168293239697,"18":0.0,"19":0.015857484248590327,"20":0.05111332836196224,"21":0.1241217837628557,"22":0.694925218481431,"23":0.6233486370213004,"24":0.23060323507792133,"25":0.6454718396629129,"26":0.1934215012142769,"27":0.32954080093585447,"28":0.6521544043501704,"29":0.6498993100422343,"30":0.6062469544583106,"31":0.24708179137196032,"32":0.2796666179285516,"33":0.28750762412570147,"34":0.3306484922516276,"35":0.07368087373803972,"36":0.6194837613170667,"37":0.29849791265092335,"38":0.27989807767082736,"39":0.2963674228398002,"40":0.2769429647955226,"41":0.31484673957746484,"42":0.27376999826199366,"43":0.47136809224903553,"44":0.5441759932728796,"45":0.9333764646894693,"46":0.9553705627999051,"47":0.2815141682261139,"48":0.9842763885047523,"49":0.9955935627064405,"50":0.945978575272533,"51":0.39782059525056224,"52":0.9819037476420734,"53":0.8317000133868087,"54":0.9617576613292296,"55":0.9975978486236136,"56":0.9854230425264616,"57":0.7509759794266643,"58":0.8965263928981995,"59":0.5059413574296696,"60":0.99632258077242,"61":0.8865013801736958,"62":0.9915521711297179,"63":0.43447053049206497,"64":1.0,"65":0.6180940491898776},"ranked":{"18":0.0,"2":0.015384615384615385,"13":0.03076923076923077,"3":0.046153846153846156,"19":0.06153846153846154,"7":0.07692307692307693,"15":0.09230769230769231,"20":0.1076923076923077,"35":0.12307692307692308,"5":0.13846153846153847,"14":0.15384615384615385,"21":0.16923076923076924,"4":0.18461538461538463,"17":0.2,"11":0.2153846153846154,"16":0.23076923076923078,"12":0.24615384615384617,"6":0.26153846153846155,"9":0.27692307692307694,"26":0.2923076923076923,"8":0.3076923076923077,"10":0.3230769230769231,"24":0.3384615384615385,"31":0.35384615384615387,"1":0.36923076923076925,"0":0.38461538461538464,"42":0.4,"40":0.4153846153846154,"32":0.4307692307692308,"38":0.4461538461538462,"47":0.46153846153846156,"33":0.47692307692307695,"39":0.49230769230769234,"37":0.5076923076923077,"41":0.5230769230769231,"27":0.5384615384615384,"34":0.5538461538461539,"51":0.5692307692307692,"63":0.5846153846153846,"43":0.6,"59":0.6153846153846154,"44":0.6307692307692307,"30":0.6461538461538462,"65":0.6615384615384615,"36":0.676923076923077,"23":0.6923076923076923,"25":0.7076923076923077,"29":0.7230769230769231,"28":0.7384615384615385,"22":0.7538461538461538,"57":0.7692307692307693,"53":0.7846153846153846,"61":0.8,"58":0.8153846153846154,"45":0.8307692307692308,"50":0.8461538461538461,"46":0.8615384615384616,"54":0.8769230769230769,"52":0.8923076923076924,"48":0.9076923076923077,"56":0.9230769230769231,"62":0.9384615384615385,"49":0.9538461538461539,"60":0.9692307692307692,"55":0.9846153846153847,"64":1.0}}