{"name":"pagerank","alpha":0.85,"weight":"value","num_of_nodes":165,"num_of_edges":521,"process_time":0.03520011901855469,"data":{"0":0.0860933054310747,"1":0.42276292604130405,"2":0.021820935895431486,"3":0.029584483633701555,"4":0.06294307375943944,"5":0.6854435702119126,"6":0.08094894941121879,"7":0.06610898481808625,"8":0.058545554283219364,"9":0.0489072295189881,"10":0.6494448869413281,"11":0.06610898481808625,"12":0.39909155501696725,"13":0.49185775834142154,"14":0.0489072295189881,"15":0.5247247269676606,"16":0.40647351744687127,"17":0.3550367392858237,"18":0.20200318103341164,"19":0.5712261110446597,"20":0.9650510629989617,"21":0.23058672448356807,"22":0.2744943551510172,"23":0.20041731792997788,"24":0.25441307805466395,"25":0.06375028892939669,"26":0.20115555070236257,"27":0.09894927964901959,"28":0.5182008174938153,"29":0.08227650072642678,"30":0.47499477877583385,"31":1.0,"32":0.2524897008933551,"33":0.20115555070236257,"34":0.4086292993631804,"35":0.2744943551510172,"36":0.07022364181738108,"37":0.5731661640104265,"38":0.4366483850048022,"39":0.0860933054310747,"40":0.2427112638143724,"41":0.17545803316351238,"42":0.5006911527200754,"43":0.5006911527200754,"44":0.5309976542869446,"45":0.22136236272100906,"46":0.24311161237014045,"47":0.002181826203542712,"48":0.058545554283219364,"49":0.09894927964901959,"50":0.20115555070236257,"51":0.22136236272100906,"52":0.07191743508055227,"53":0.6339113446611185,"54":0.022412063576323138,"55":0.1540682552084271,"56":0.8696865038675715,"57":0.7366494474755888,"58":0.1338933077255943,"59":0.08825726748600002,"60":0.09963973864566464,"61":0.29937175649691106,"62":0.24662198631180718,"63":0.23589415823517956,"64":0.2467374515392822,"65":0.09138404164270982,"66":0.2656142440781663,"67":0.5592236125081337,"68":0.8679133725434112,"69":0.4030826304224243,"70":0.12142974416283728,"71":0.05444364758499344,"72":0.44117180334015754,"73":0.391338027320509,"74":0.3668252066476302,"75":0.0380277977259603,"76":0.09777156739804964,"77":0.43655764103664796,"78":0.6110575401590064,"79":0.26885527193551967,"80":0.21120769601351536,"81":0.6047521169195225,"82":0.11077284825525248,"83":0.11763045545715614,"84":0.2508438196634575,"85":0.4330798036864593,"86":0.22657341984461968,"87":0.754099856482019,"88":0.0803871167161286,"89":0.04305975436856494,"90":0.42696699715037384,"91":0.2707816213687668,"92":0.1768649204449895,"93":0.273552446271282,"94":0.2517262003468104,"95":0.2411605239893477,"96":0.22703727604141744,"97":0.1752711855544122,"98":0.17758755917028016,"99":0.11599023282669987,"100":0.24996226606166197,"101":0.4365576410366478,"102":0.4266180559133126,"103":0.11077284825525248,"104":0.11545279599890296,"105":0.17758755917028016,"106":0.14085578622933997,"107":0.09138404164270963,"108":0.26759909761249584,"109":0.17036571550207152,"110":0.302143265547777,"111":0.4777115341158812,"112":0.11764947535004969,"113":0.36243658574776666,"114":0.42480655176458687,"115":0.41807315460163547,"116":0.29268440205052276,"117":0.6222468830808916,"118":0.6397949624314957,"119":0.26697303831930647,"120":0.09963973864566464,"121":0.6218572594255658,"122":0.1586417153428105,"123":0.3513709452392231,"124":0.05413758523705252,"125":0.408992596346501,"126":0.1881862027917111,"127":0.4296816085647087,"128":0.6591550347877813,"129":0.28197105379949644,"130":0.16237399648887696,"131":0.6226602348316589,"132":0.1540682552084271,"133":0.3838635875422151,"134":0.19847984586378087,"135":0.586033482774007,"136":0.10523673843528122,"137":0.6288162500147936,"138":0.044886582979504874,"139":0.3513709452392231,"140":0.1540682552084271,"141":0.11262520666694724,"142":0.32884341664706973,"143":0.06947908128376827,"144":0.26697303831930663,"145":0.04683030256815774,"146":0.45111356598027347,"147":0.21702685578984973,"148":0.044886582979504874,"149":0.1848129495850679,"150":0.10994530997165781,"151":0.008628468213234996,"152":0.15751240372086153,"153":0.11262520666694724,"154":0.08995125324373336,"155":0.35137094523922324,"156":0.2003090698742656,"157":0.17923658711025253,"158":0.47389146882255134,"159":0.10523673843528122,"160":0.27399136591044915,"161":0.16881144162626863,"162":0.6394718460462447,"163":0.06097676824884496,"164":0.0},"ranked":{"164":0.0,"47":0.006097560975609756,"151":0.012195121951219513,"2":0.018292682926829267,"54":0.024390243902439025,"3":0.03048780487804878,"75":0.036585365853658534,"89":0.042682926829268296,"138":0.04878048780487805,"148":0.054878048780487805,"145":0.06097560975609756,"9":0.06707317073170732,"14":0.07317073170731707,"124":0.07926829268292683,"71":0.08536585365853659,"8":0.09146341463414634,"48":0.0975609756097561,"163":0.10365853658536585,"4":0.10975609756097561,"25":0.11585365853658537,"7":0.12195121951219512,"11":0.12804878048780488,"143":0.13414634146341464,"36":0.1402439024390244,"52":0.14634146341463414,"88":0.1524390243902439,"6":0.15853658536585366,"29":0.16463414634146342,"0":0.17073170731707318,"39":0.17682926829268292,"59":0.18292682926829268,"154":0.18902439024390244,"107":0.1951219512195122,"65":0.20121951219512196,"76":0.2073170731707317,"27":0.21341463414634146,"49":0.21951219512195122,"60":0.22560975609756098,"120":0.23170731707317074,"136":0.23780487804878048,"159":0.24390243902439024,"150":0.25,"82":0.25609756097560976,"103":0.2621951219512195,"141":0.2682926829268293,"153":0.27439024390243905,"104":0.2804878048780488,"99":0.2865853658536585,"83":0.2926829268292683,"112":0.29878048780487804,"70":0.3048780487804878,"58":0.31097560975609756,"106":0.3170731707317073,"55":0.3231707317073171,"132":0.32926829268292684,"140":0.3353658536585366,"152":0.34146341463414637,"122":0.3475609756097561,"130":0.35365853658536583,"161":0.3597560975609756,"109":0.36585365853658536,"97":0.3719512195121951,"41":0.3780487804878049,"92":0.38414634146341464,"98":0.3902439024390244,"105":0.39634146341463417,"157":0.4024390243902439,"149":0.40853658536585363,"126":0.4146341463414634,"134":0.42073170731707316,"156":0.4268292682926829,"23":0.4329268292682927,"26":0.43902439024390244,"33":0.4451219512195122,"50":0.45121951219512196,"18":0.4573170731707317,"80":0.4634146341463415,"147":0.4695121951219512,"45":0.47560975609756095,"51":0.4817073170731707,"86":0.4878048780487805,"96":0.49390243902439024,"21":0.5,"63":0.5060975609756098,"95":0.5121951219512195,"40":0.5182926829268293,"46":0.524390243902439,"62":0.5304878048780488,"64":0.5365853658536586,"100":0.5426829268292683,"84":0.5487804878048781,"94":0.5548780487804879,"32":0.5609756097560976,"24":0.5670731707317073,"66":0.573170731707317,"119":0.5792682926829268,"144":0.5853658536585366,"108":0.5914634146341463,"79":0.5975609756097561,"91":0.6036585365853658,"93":0.6097560975609756,"160":0.6158536585365854,"22":0.6219512195121951,"35":0.6280487804878049,"129":0.6341463414634146,"116":0.6402439024390244,"61":0.6463414634146342,"110":0.6524390243902439,"142":0.6585365853658537,"123":0.6646341463414634,"139":0.6707317073170732,"155":0.676829268292683,"17":0.6829268292682927,"113":0.6890243902439024,"74":0.6951219512195121,"133":0.7012195121951219,"73":0.7073170731707317,"12":0.7134146341463414,"69":0.7195121951219512,"16":0.725609756097561,"34":0.7317073170731707,"125":0.7378048780487805,"115":0.7439024390243902,"1":0.75,"114":0.7560975609756098,"102":0.7621951219512195,"90":0.7682926829268293,"127":0.774390243902439,"85":0.7804878048780488,"101":0.7865853658536586,"77":0.7926829268292683,"38":0.7987804878048781,"72":0.8048780487804879,"146":0.8109756097560976,"158":0.8170731707317073,"30":0.823170731707317,"111":0.8292682926829268,"13":0.8353658536585366,"42":0.8414634146341463,"43":0.8475609756097561,"28":0.8536585365853658,"15":0.8597560975609756,"44":0.8658536585365854,"67":0.8719512195121951,"19":0.8780487804878049,"37":0.8841463414634146,"135":0.8902439024390244,"81":0.8963414634146342,"78":0.9024390243902439,"121":0.9085365853658537,"117":0.9146341463414634,"131":0.9207317073170732,"137":0.926829268292683,"53":0.9329268292682927,"162":0.9390243902439024,