{"name":"agd","num_of_nodes":51,"num_of_edges":151,"weight":"value","process_time":0.007017850875854492,"data":{"0":0.35403726708074534,"1":0.02484472049689443,"2":0.0,"3":0.12422360248447202,"4":0.2732919254658386,"5":0.09316770186335398,"6":0.21118012422360252,"7":0.1552795031055899,"8":0.3043478260869565,"9":0.02484472049689443,"10":0.5652173913043478,"11":0.41614906832298143,"12":0.09937888198757758,"13":0.0,"14":0.42857142857142866,"15":0.055900621118012465,"16":0.4223602484472049,"17":0.372670807453416,"18":0.29813664596273304,"19":0.03105590062111804,"20":0.09316770186335398,"21":0.29192546583850926,"22":0.17391304347826086,"23":0.24844720496894418,"24":0.09937888198757758,"25":0.5155279503105589,"26":0.10559006211180119,"27":0.44720496894409933,"28":0.10559006211180119,"29":0.006211180124223607,"30":0.49068322981366447,"31":0.09316770186335398,"32":0.16149068322981366,"33":0.037267080745341644,"34":0.42857142857142866,"35":0.217391304347826,"36":0.8819875776397516,"37":0.7204968944099378,"38":0.12422360248447202,"39":0.8819875776397516,"40":0.2857142857142858,"41":1.0,"42":0.8819875776397516,"43":0.8819875776397516,"44":0.06211180124223608,"45":0.06832298136645969,"46":0.6149068322981366,"47":0.3975155279503105,"48":0.48447204968944096,"49":0.4968944099378882,"50":0.08695652173913036},"ranked":{"2":0.0,"13":0.02,"29":0.04,"1":0.06,"9":0.08,"19":0.1,"33":0.12,"15":0.14,"44":0.16,"45":0.18,"50":0.2,"5":0.22,"20":0.24,"31":0.26,"12":0.28,"24":0.3,"26":0.32,"28":0.34,"3":0.36,"38":0.38,"7":0.4,"32":0.42,"22":0.44,"6":0.46,"35":0.48,"23":0.5,"4":0.52,"40":0.54,"21":0.56,"18":0.58,"8":0.6,"0":0.62,"17":0.64,"47":0.66,"11":0.68,"16":0.7,"14":0.72,"34":0.74,"27":0.76,"48":0.78,"30":0.8,"49":0.82,"25":0.84,"10":0.86,"46":0.88,"37":0.9,"36":0.92,"39":0.94,"42":0.96,"43":0.98,"41":1.0}}