{"name":"agd","num_of_nodes":108,"num_of_edges":207,"weight":"value","process_time":0.015083074569702148,"data":{"0":0.6109573879358051,"1":0.5041505257332595,"2":0.833978970669618,"3":0.7897066961815162,"4":0.606530160486995,"5":0.5041505257332595,"6":0.8826784726065301,"7":0.6109573879358051,"8":0.7094631986718317,"9":0.7072495849474266,"10":0.5777531820697288,"11":0.4720531267293857,"12":0.712230215827338,"13":0.5888212506917543,"14":0.6685113447703376,"15":0.7105700055340343,"16":0.7509684560044272,"17":0.7520752628666297,"18":0.7482014388489208,"19":0.5888212506917543,"20":0.5511898173768677,"21":0.636967349197565,"22":0.7946873270614278,"23":0.8350857775318207,"24":0.636967349197565,"25":0.503043718871057,"26":0.8384061981184283,"27":0.6109573879358051,"28":0.7908135030437189,"29":0.4853348090758163,"30":0.5268400664084117,"31":0.5157719977863863,"32":0.503043718871057,"33":0.7559490868843386,"34":0.7553956834532374,"35":0.5622578859988931,"36":0.46928610957387934,"37":0.4925290536801328,"38":0.46707249584947425,"39":0.5611510791366906,"40":0.4427227448810183,"41":0.4925290536801328,"42":0.5550636413945765,"43":0.46651909241837297,"44":0.493082457111234,"45":0.47980077476480354,"46":0.5318206972883232,"47":0.5451023796347537,"48":0.46098505810736023,"49":0.4515771997786387,"50":0.46873270614277807,"51":0.5611510791366906,"52":0.6081903707802988,"53":0.511344770337576,"54":0.5805201992252351,"55":0.5002767017155506,"56":0.4499169894853348,"57":0.5556170448256779,"58":0.5124515771997786,"59":0.5556170448256779,"60":0.5334809075816269,"61":0.5107913669064748,"62":0.48754842280022126,"63":0.4465965688987272,"64":0.5002767017155506,"65":0.47980077476480354,"66":0.44438295517432214,"67":0.46153846153846156,"68":0.4465965688987272,"69":0.5345877144438295,"70":0.47592695074709457,"71":0.48865522966242386,"72":0.0,"73":0.007194244604316547,"74":0.7786386275594909,"75":0.6685113447703376,"76":0.012174875484228,"77":0.7426674045379081,"78":0.7797454344216933,"79":0.0,"80":0.004427227448810183,"81":0.0022136137244050916,"82":0.0027670171555063644,"83":0.9053680132816824,"84":0.9524073049252906,"85":0.012728278915329273,"86":0.677365799667958,"87":0.013835085777531819,"88":0.7376867736579966,"89":0.7017155506364139,"90":0.7747648035417819,"91":0.0027670171555063644,"92":0.013835085777531819,"93":0.8594355285002766,"94":0.7797454344216933,"95":0.6375207526286663,"96":0.9524073049252906,"97":0.003320420586607637,"98":0.013835085777531819,"99":0.8162700608743774,"100":0.007194244604316547,"101":0.9042612064194797,"102":0.012728278915329273,"103":0.8190370780298837,"104":0.951300498063088,"105":1.0,"106":0.6375207526286663,"107":0.0060874377421140016},"ranked":{"72":0.0,"79":0.009345794392523364,"81":0.018691588785046728,"82":0.028037383177570093,"91":0.037383177570093455,"97":0.04672897196261682,"80":0.056074766355140186,"107":0.06542056074766354,"73":0.07476635514018691,"100":0.08411214953271028,"76":0.09345794392523364,"85":0.102803738317757,"102":0.11214953271028037,"87":0.12149532710280374,"92":0.1308411214953271,"98":0.14018691588785046,"40":0.14953271028037382,"66":0.1588785046728972,"63":0.16822429906542055,"68":0.17757009345794392,"56":0.18691588785046728,"49":0.19626168224299065,"48":0.205607476635514,"67":0.21495327102803738,"43":0.22429906542056074,"38":0.2336448598130841,"50":0.24299065420560748,"36":0.2523364485981308,"11":0.2616822429906542,"70":0.27102803738317754,"45":0.2803738317757009,"65":0.2897196261682243,"29":0.29906542056074764,"62":0.308411214953271,"71":0.3177570093457944,"37":0.32710280373831774,"41":0.3364485981308411,"44":0.34579439252336447,"55":0.35514018691588783,"64":0.3644859813084112,"25":0.37383177570093457,"32":0.38317757009345793,"1":0.3925233644859813,"5":0.40186915887850466,"61":0.411214953271028,"53":0.4205607476635514,"58":0.42990654205607476,"31":0.4392523364485981,"30":0.4485981308411215,"46":0.45794392523364486,"60":0.4672897196261682,"69":0.4766355140186916,"47":0.48598130841121495,"20":0.4953271028037383,"42":0.5046728971962616,"57":0.514018691588785,"59":0.5233644859813084,"39":0.5327102803738317,"51":0.5420560747663551,"35":0.5514018691588785,"10":0.5607476635514018,"54":0.5700934579439252,"13":0.5794392523364486,"19":0.5887850467289719,"4":0.5981308411214953,"52":0.6074766355140186,"0":0.616822429906542,"7":0.6261682242990654,"27":0.6355140186915887,"21":0.6448598130841121,"24":0.6542056074766355,"95":0.6635514018691588,"106":0.6728971962616822,"14":0.6822429906542056,"75":0.6915887850467289,"86":0.7009345794392523,"89":0.7102803738317757,"9":0.719626168224299,"8":0.7289719626168224,"15":0.7383177570093458,"12":0.7476635514018691,"88":0.7570093457943925,"77":0.7663551401869159,"18":0.7757009345794392,"16":0.7850467289719626,"17":0.794392523364486,"34":0.8037383177570093,"33":0.8130841121495327,"90":0.822429906542056,"74":0.8317757009345794,"78":0.8411214953271028,"94":0.8504672897196262,"3":0.8598130841121495,"28":0.8691588785046729,"22":0.8785046728971962,"99":0.8878504672897196,"103":0.897196261682243,"2":0.9065420560747663,"23":0.9158878504672897,"26":0.9252336448598131,"93":0.9345794392523364,"6":0.9439252336448598,"101":0.9532710280373832,"83":0.9626168224299065,"104":0.9719626168224299,"84":0.9813084112149533,"96":0.9906542056074766,"105":1.0}}