{"name":"fiedler","normalized":true,"weight":"value","num_of_nodes":186,"num_of_edges":569,"process_time":0.04465293884277344,"data":{"0":0.22965945211610608,"1":0.09926395577970686,"2":0.2928421067647067,"3":0.23120750163911377,"4":0.2044073268395619,"5":0.04255495891923368,"6":0.15028737329438385,"7":0.11869873563878283,"8":0.14606553503314648,"9":0.13996951037933011,"10":0.13373150154583643,"11":0.23563081563847726,"12":0.2612061882153391,"13":0.14026612595190616,"14":0.10725945703768279,"15":0.11869873563744145,"16":0.16589775993423178,"17":0.1773778947006412,"18":0.06636339807313163,"19":0.06681779717830666,"20":0.20803341332073966,"21":0.12291902269032548,"22":0.1357896328820319,"23":0.09516754628820762,"24":0.21666779688777094,"25":0.12335782017106314,"26":0.04698203482160582,"27":0.09568479273967072,"28":0.13139433535101477,"29":0.05788388012194777,"30":0.1027162629350988,"31":0.13278109049340786,"32":0.14026612595173307,"33":0.020709179032003467,"34":0.07981228104443794,"35":0.13800397452714228,"36":0.09232821010697109,"37":0.10271626293354331,"38":0.08581532344688027,"39":0.11457658452744636,"40":0.09525702409588326,"41":0.07804340788142865,"42":0.24681317285431523,"43":0.22290314130649502,"44":0.042554958919252206,"45":0.024002180421584723,"46":0.10271626293663166,"47":0.13080890089531572,"48":0.05870642644186216,"49":0.07804340788142912,"50":0.1539665857258291,"51":0.12872370018876278,"52":0.18608390941585878,"53":0.21792562832123172,"54":0.13588420065646004,"55":0.07981228104444094,"56":0.226645333093939,"57":0.16551421589347198,"58":0.24551940103548278,"59":0.17660910143631883,"60":0.22909191427353554,"61":0.22965945211404293,"62":0.9357536929050975,"63":0.8961932038882421,"64":0.7433050455577891,"65":0.7422786736611505,"66":0.6734172225770761,"67":0.5652864714998993,"68":0.673417222577067,"69":0.6952407081117159,"70":0.9503589982939836,"71":0.7280937545132039,"72":0.6972251907605039,"73":0.6226750981285144,"74":0.7044043903979829,"75":0.9530855176161739,"76":0.9019458710742924,"77":0.7804638957034575,"78":0.9194598309354363,"79":0.9285642572197235,"80":0.9880885332070712,"81":0.7720758756245959,"82":0.880946793949126,"83":0.8723529662758066,"84":0.6144227841181354,"85":0.8288425999278478,"86":0.9530855176162772,"87":0.7718512816461968,"88":0.6965242375332898,"89":0.5476559287925182,"90":0.9194598309354417,"91":0.9189229572461356,"92":0.7494754321226909,"93":0.6495135754096517,"94":0.6290763024185313,"95":0.7223705681299023,"96":0.9019458710742974,"97":0.5718756169009557,"98":0.5325842963669453,"99":0.9285593013835539,"100":0.6224154398484013,"101":0.7235794965134313,"102":0.7342943164646843,"103":0.861061972254734,"104":0.67868929563227,"105":0.9485113554064959,"106":0.6290763024179872,"107":0.881281332397251,"108":0.8616754456358252,"109":0.9536303025349535,"110":0.7986154169879142,"111":0.9963751193605314,"112":0.5718756169009619,"113":0.933817243396718,"114":0.943303682214607,"115":0.8569223436857611,"116":1.0,"117":0.856922343684644,"118":0.6598357919262595,"119":0.7043294625215386,"120":0.5442675236931949,"121":0.7276646740570931,"122":0.9194598309354487,"123":0.6972251907604969,"124":0.18148505625526823,"125":0.15210995687003365,"126":0.10131478381156223,"127":0.41539340500750405,"128":0.05618569191669722,"129":0.10613707332279138,"130":0.18745974315930586,"131":0.4169914785877688,"132":0.18221107538275974,"133":0.0982976262672678,"134":0.06621316684242491,"135":0.2482191184070265,"136":0.09259578865748361,"137":0.452912035932031,"138":0.08492808910738596,"139":0.25212242925811174,"140":0.0833200380137892,"141":0.22209762505659195,"142":0.1667053351468266,"143":0.0689248600925502,"144":0.20290774241555046,"145":0.42675517195157026,"146":0.1854449480784044,"147":0.41919708884479334,"148":0.08007881017780534,"149":0.05771851719402388,"150":0.08332003801378807,"151":0.042088259388658775,"152":0.24956255514244688,"153":0.04208825938866105,"154":0.14667347565725627,"155":0.24383701281532277,"156":0.15343199128120907,"157":0.0,"158":0.0870484395095392,"159":0.1499803190526632,"160":0.021521256904812283,"161":0.26187159660999926,"162":0.12365404211134355,"163":0.05973545413616641,"164":0.1371427665989215,"165":0.044391715408702924,"166":0.2807509029070649,"167":0.438856940588594,"168":0.08964579364898242,"169":0.10534151179733081,"170":0.05961119192805385,"171":0.23014922785289324,"172":0.17243031641968065,"173":0.15024053260863557,"174":0.09452001199275577,"175":0.11889777252913755,"176":0.42924125970954735,"177":0.1854449480773322,"178":0.3753581153391567,"179":0.3033354870230614,"180":0.1355820137359884,"181":0.05283216474345946,"182":0.24010713675776627,"183":0.06580213267423972,"184":0.1499803190526623,"185":0.1498904867797956},"ranked":{"157":0.0,"33":0.005405405405405406,"160":0.010810810810810811,"45":0.016216216216216217,"151":0.021621621621621623,"153":0.02702702702702703,"5":0.032432432432432434,"44":0.03783783783783784,"165":0.043243243243243246,"26":0.04864864864864865,"181":0.05405405405405406,"128":0.05945945945945946,"149":0.06486486486486487,"29":0.07027027027027027,"48":0.07567567567567568,"170":0.08108108108108109,"163":0.08648648648648649,"183":0.0918918918918919,"134":0.0972972972972973,"18":0.10270270270270271,"19":0.10810810810810811,"143":0.11351351351351352,"41":0.11891891891891893,"49":0.12432432432432433,"34":0.12972972972972974,"55":0.13513513513513514,"148":0.14054054054054055,"150":0.14594594594594595,"140":0.15135135135135136,"138":0.15675675675675677,"38":0.16216216216216217,"158":0.16756756756756758,"168":0.17297297297297298,"36":0.1783783783783784,"136":0.1837837837837838,"174":0.1891891891891892,"23":0.1945945945945946,"40":0.2,"27":0.20540540540540542,"133":0.21081081081081082,"1":0.21621621621621623,"126":0.22162162162162163,"37":0.22702702702702704,"30":0.23243243243243245,"46":0.23783783783783785,"169":0.24324324324324326,"129":0.24864864864864866,"14":0.25405405405405407,"39":0.2594594594594595,"15":0.2648648648648649,"7":0.2702702702702703,"175":0.2756756756756757,"21":0.2810810810810811,"25":0.2864864864864865,"162":0.2918918918918919,"51":0.2972972972972973,"47":0.3027027027027027,"28":0.3081081081081081,"31":0.31351351351351353,"10":0.31891891891891894,"180":0.32432432432432434,"22":0.32972972972972975,"54":0.33513513513513515,"164":0.34054054054054056,"35":0.34594594594594597,"9":0.35135135135135137,"32":0.3567567567567568,"13":0.3621621621621622,"8":0.3675675675675676,"154":0.372972972972973,"185":0.3783783783783784,"184":0.3837837837837838,"159":0.3891891891891892,"173":0.3945945945945946,"6":0.4,"125":0.40540540540540543,"156":0.41081081081081083,"50":0.41621621621621624,"57":0.42162162162162165,"16":0.42702702702702705,"142":0.43243243243243246,"172":0.43783783783783786,"59":0.44324324324324327,"17":0.4486486486486487,"124":0.4540540540540541,"132":0.4594594594594595,"177":0.4648648648648649,"146":0.4702702702702703,"52":0.4756756756756757,"130":0.4810810810810811,"144":0.4864864864864865,"4":0.4918918918918919,"20":0.4972972972972973,"24":0.5027027027027027,"53":0.5081081081081081,"141":0.5135135135135135,"43":0.518918918918919,"56":0.5243243243243243,"60":0.5297297297297298,"61":0.5351351351351351,"0":0.5405405405405406,"171":0.5459459459459459,"3":0.5513513513513514,"11":0.5567567567567567,"182":0.5621621621621622,"155":0.5675675675675675,"58":0.572972972972973,"42":0.5783783783783784,"135":0.5837837837837838,"152":0.5891891891891892,"139":0.5945945945945946,"12":0.6,"161":0.6054054054054054,"166":0.6108108108108108,"2":0.6162162162162163,"179":0.6216216216216216,"178":0.6270270270270271,"127":0.6324324324324324,"131":0.6378378378378379,"147":0.6432432432432432,"145":0.6486486486486487,"176":0.654054054054054,"167":0.6594594594594595,"137":0.6648648648648648,"98":0.6702702702702703,"120":0.6756756756756757,"89":0.6810810810810811,"67":0.6864864864864865,"97":0.6918918918918919,"112":0.6972972972972973,"84":0.7027027027027027,"100":0.7081081081081081,"73":0.7135135135135136,