{"name":"agd","num_of_nodes":144,"num_of_edges":271,"weight":"value","process_time":0.007074117660522461,"data":{"0":0.5261845386533667,"1":0.5685785536159601,"2":0.513715710723192,"3":0.5037406483790524,"4":0.8179551122194514,"5":0.9177057356608479,"6":0.4812967581047382,"7":0.7231920199501247,"8":0.8004987531172071,"9":0.4937655860349127,"10":0.49127182044887785,"11":0.8204488778054864,"12":0.7256857855361596,"13":0.6957605985037407,"14":0.6408977556109726,"15":0.458852867830424,"16":0.5286783042394015,"17":0.57356608478803,"18":0.8204488778054864,"19":0.6084788029925188,"20":0.4812967581047382,"21":0.48877805486284287,"22":0.5660847880299252,"23":0.46882793017456365,"24":0.5012468827930174,"25":0.6533665835411471,"26":0.6059850374064838,"27":0.5935162094763092,"28":0.6483790523690773,"29":0.8004987531172071,"30":0.5261845386533667,"31":0.9177057356608479,"32":0.830423940149626,"33":0.4638403990024938,"34":0.7281795511221946,"35":0.4937655860349127,"36":0.57356608478803,"37":0.8229426433915213,"38":0.5486284289276808,"39":0.630922693266833,"40":0.8379052369077307,"41":0.8079800498753118,"42":0.6708229426433916,"43":0.5062344139650873,"44":0.8379052369077307,"45":0.830423940149626,"46":0.5012468827930174,"47":0.5062344139650873,"48":0.5561097256857856,"49":0.6708229426433916,"50":0.6334164588528678,"51":0.6433915211970075,"52":0.997506234413965,"53":0.5760598503740648,"54":0.7381546134663342,"55":0.628428927680798,"56":0.5236907730673317,"57":0.5236907730673317,"58":0.6533665835411471,"59":0.8902743142144639,"60":0.543640897755611,"61":0.6059850374064838,"62":0.6009975062344141,"63":0.513715710723192,"64":1.0,"65":0.6034912718204489,"66":0.8703241895261845,"67":0.5660847880299252,"68":0.7930174563591023,"69":0.5685785536159601,"70":0.71571072319202,"71":0.5561097256857856,"72":0.6708229426433916,"73":0.628428927680798,"74":0.6832917705735662,"75":0.773067331670823,"76":0.5561097256857856,"77":0.543640897755611,"78":0.8952618453865336,"79":0.9775561097256857,"80":0.5037406483790524,"81":0.5261845386533667,"82":0.5860349127182045,"83":0.9800498753117207,"84":0.5386533665835412,"85":0.5236907730673317,"86":0.5835411471321696,"87":0.6533665835411471,"88":0.8753117206982544,"89":0.6159600997506235,"90":0.9800498753117207,"91":0.5211970074812968,"92":0.6533665835411471,"93":1.0,"94":0.7057356608478803,"95":0.5062344139650873,"96":0.4563591022443891,"97":0.45137157107231923,"98":0.3117206982543641,"99":0.054862842892768084,"100":0.26932668329177056,"101":0.0,"102":0.02992518703241895,"103":0.513715710723192,"104":0.03491271820448878,"105":0.027431421446384042,"106":0.26433915211970077,"107":0.03491271820448878,"108":0.2817955112219451,"109":0.019950124688279308,"110":0.26932668329177056,"111":0.27680798004987534,"112":0.33915211970074816,"113":0.2817955112219451,"114":0.41396508728179554,"115":0.44638403990024944,"116":0.29925187032418954,"117":0.44389027431421446,"118":0.009975062344139649,"119":0.007481296758104742,"120":0.5286783042394015,"121":0.054862842892768084,"122":0.3067331670822943,"123":0.5286783042394015,"124":0.2718204488778055,"125":0.4039900249376559,"126":0.3416458852867831,"127":0.5286783042394015,"128":0.39401496259351626,"129":0.516209476309227,"130":0.009975062344139649,"131":0.2593516209476309,"132":0.41396508728179554,"133":0.27431421446384036,"134":0.513715710723192,"135":0.024937655860349135,"136":0.3416458852867831,"137":0.054862842892768084,"138":0.012468827930174568,"139":0.2718204488778055,"140":0.2718204488778055,"141":0.3865336658354115,"142":0.2793017456359102,"143":0.02992518703241895},"ranked":{"101":0.0,"119":0.006993006993006993,"118":0.013986013986013986,"130":0.02097902097902098,"138":0.027972027972027972,"109":0.03496503496503497,"135":0.04195804195804196,"105":0.04895104895104895,"102":0.055944055944055944,"143":0.06293706293706294,"104":0.06993006993006994,"107":0.07692307692307693,"99":0.08391608391608392,"121":0.09090909090909091,"137":0.0979020979020979,"131":0.1048951048951049,"106":0.11188811188811189,"100":0.11888111888111888,"110":0.1258741258741259,"124":0.13286713286713286,"139":0.13986013986013987,"140":0.14685314685314685,"133":0.15384615384615385,"111":0.16083916083916083,"142":0.16783216783216784,"108":0.17482517482517482,"113":0.18181818181818182,"116":0.1888111888111888,"122":0.1958041958041958,"98":0.20279720279720279,"112":0.2097902097902098,"126":0.21678321678321677,"136":0.22377622377622378,"141":0.23076923076923078,"128":0.23776223776223776,"125":0.24475524475524477,"114":0.2517482517482518,"132":0.25874125874125875,"117":0.26573426573426573,"115":0.2727272727272727,"97":0.27972027972027974,"96":0.2867132867132867,"15":0.2937062937062937,"33":0.3006993006993007,"23":0.3076923076923077,"6":0.3146853146853147,"20":0.32167832167832167,"21":0.32867132867132864,"10":0.3356643356643357,"9":0.34265734265734266,"35":0.34965034965034963,"24":0.35664335664335667,"46":0.36363636363636365,"3":0.3706293706293706,"80":0.3776223776223776,"43":0.38461538461538464,"47":0.3916083916083916,"95":0.3986013986013986,"2":0.40559440559440557,"63":0.4125874125874126,"103":0.4195804195804196,"134":0.42657342657342656,"129":0.43356643356643354,"91":0.4405594405594406,"56":0.44755244755244755,"57":0.45454545454545453,"85":0.46153846153846156,"0":0.46853146853146854,"30":0.4755244755244755,"81":0.4825174825174825,"16":0.48951048951048953,"120":0.4965034965034965,"123":0.5034965034965035,"127":0.5104895104895105,"84":0.5174825174825175,"60":0.5244755244755245,"77":0.5314685314685315,"38":0.5384615384615384,"48":0.5454545454545454,"71":0.5524475524475524,"76":0.5594405594405595,"22":0.5664335664335665,"67":0.5734265734265734,"1":0.5804195804195804,"69":0.5874125874125874,"17":0.5944055944055944,"36":0.6013986013986014,"53":0.6083916083916084,"86":0.6153846153846154,"82":0.6223776223776224,"27":0.6293706293706294,"62":0.6363636363636364,"65":0.6433566433566433,"26":0.6503496503496503,"61":0.6573426573426573,"19":0.6643356643356644,"89":0.6713286713286714,"55":0.6783216783216783,"73":0.6853146853146853,"39":0.6923076923076923,"50":0.6993006993006993,"14":0.7062937062937062,"51":0.7132867132867133,"28":0.7202797202797203,"25":0.7272727272727273,"58":0.7342657342657343,"87":0.7412587412587412,"92":0.7482517482517482,"42":0.7552447552447552,"49":0.7622377622377622,"72":0.7692307692307693,"74":0.7762237762237763,"13":0.7832167832167832,"94":0.7902097902097902,"70":0.7972027972027972,"7":0.8041958041958042,"12":0.8111888111888111,"34":0.8181818181818182,"54":0.8251748251748252,"75":0.8321678321678322,"68":0.8391608391608392,"8":0.8461538461538461,"29":0.8531468531468531,"41":0.8601398601398601,"4":0.8671328671328671,"11":0.8741258741258742,"18":0.8811188811188811,"37":0.8881118881118881,"32":0.8951048951048951,"45":0.9020979020979021,"40":0.9090909090909091,"44":0.916083916083916,"66":0.9230769230769231,"88":0.9300699300699301,"59":0.9370629370629371,"78":0.9440559440559441,"5":0.951048951048951,"31":0.958041958041958,"79":0.965034965034965,"83":0.972027972027972,"90":0.9790209790209791,"52":0.986013986013986,"64":0.993006993006993,"93":1.0}}