{"name":"density","eps":0.5,"weight":"value","num_of_nodes":177,"num_of_edges":552,"process_time":0.05977988243103027,"data":{"0":0.40286407891134374,"1":0.004938211647022882,"2":0.003456835583655498,"3":0.6015802958782662,"4":0.601580385550627,"5":0.4018767190505838,"6":0.4043457464103665,"7":0.20019757061200796,"8":0.003950515514026127,"9":0.40138281493872197,"10":0.20316034515684714,"11":0.008888480561341573,"12":0.0024690946144312895,"13":0.20316050208389472,"14":0.0,"15":0.004444217862519799,"16":0.2026666203901,"17":0.002962953889972558,"18":0.003950493096070756,"19":0.008888435725263159,"20":0.20464205749206016,"21":0.4018765172873647,"22":0.20217282836909553,"23":0.0039504930959776054,"24":0.0029629763081514904,"25":0.004444217862519799,"26":0.2046419902376724,"27":0.6020739982266804,"28":0.2026665979719397,"29":0.0034566786566451618,"30":0.6020741551537335,"31":0.40286443760142415,"32":0.0034567907475398243,"33":0.0,"34":0.003950694859252657,"35":0.003950694859252657,"36":0.40187649486914845,"37":0.0029628642174617586,"38":0.20266666522643925,"39":0.004938166810534606,"40":0.20019757061200796,"41":0.40138277010241996,"42":0.6030616271051596,"43":0.6005925997452841,"44":0.002962886635547541,"45":0.0029629314718122553,"46":0.40335796060513845,"47":0.40335802785960073,"48":0.003950515514026127,"49":0.003950493095884455,"50":1.0,"51":0.2036542716869252,"52":0.6015804079689399,"53":0.004444285117187008,"54":0.003950403423317766,"55":0.003456701074730944,"56":0.4033579830233174,"57":0.0064194756195142325,"58":0.7998025414787203,"59":0.8022715688387475,"60":0.6000989646511642,"61":0.6025679920109828,"62":0.004444307535142379,"63":0.401876629378073,"64":0.008394800630970943,"65":0.20316056933815207,"66":0.005925728434737217,"67":0.004444352371407093,"68":0.004938144392541975,"69":0.40286414616591776,"70":0.20562948460744998,"71":0.2041479964534674,"72":0.40434556706541946,"73":0.6025677678297112,"74":0.007407194170634029,"75":0.4043456567377812,"76":0.20414822063458604,"77":0.4023704438171819,"78":0.0029629090535774325,"79":0.6030616495234536,"80":0.401876629378073,"81":0.40385181988051205,"82":0.0034566786565892716,"83":0.20316034515679124,"84":0.40434561190162827,"85":0.20266675489883826,"86":0.20612323179220837,"87":0.20562943977116666,"88":0.6010863693482201,"89":0.4038517974624635,"90":0.004444352371407093,"91":0.40335798302322423,"92":0.002469117032554332,"93":0.6020740654812781,"94":0.40286423583829817,"95":0.0029629090535774325,"96":0.60009896465124,"97":0.20365427168675754,"98":0.20464181089274394,"99":0.8027652936054178,"100":0.004938189228750799,"101":0.4018764948691671,"102":0.20167908118407632,"103":0.20414806370783653,"104":0.004444352371500244,"105":0.402370242054,"106":0.003950493095865825,"107":0.20464187814711307,"108":0.40385166295366937,"109":0.002469117032554332,"110":0.20118526674489293,"111":0.002469117032554332,"112":0.2016791260204901,"113":0.4013827925205803,"114":0.40187665179604704,"115":0.20513575984060972,"116":0.2036540923417173,"117":0.6000989646511642,"118":0.003456544147776498,"119":0.0024691170324984417,"120":0.005431779486685149,"121":0.20217267144199205,"122":0.6020742224080089,"123":0.6015802286238012,"124":0.003950291332590774,"125":0.403357938187034,"126":0.0029630211443789447,"127":0.20167899151180774,"128":0.4028641237476457,"129":0.4008890901720866,"130":0.004938234064885103,"131":0.9985185791003856,"132":0.8002964007544152,"133":0.40286403407517213,"134":0.20217294045971074,"135":0.0029628642175921695,"136":0.20266657555381667,"137":0.4023703317265667,"138":0.40237028689046966,"139":0.3999012595302212,"140":0.20217280595093523,"141":0.003950582768507035,"142":0.004938144392691015,"143":0.0,"144":0.0029629090535960626,"145":0.003950291332590774,"146":0.2051356925865014,"147":0.20266662039023042,"148":0.003456544147776498,"149":0.599605105375621,"150":0.6005924652364112,"151":0.6010863245119544,"152":0.4013825459210219,"153":0.20365420443235113,"154":0.40385166295366937,"155":0.20266664280839072,"156":0.00345665623854075,"157":0.6005926894179862,"158":0.20365433894120116,"159":0.002962953890009818,"160":0.004938121974493452,"161":0.20217294045971074,"162":0.005431869159195949,"163":0.0,"164":0.203160412411179,"165":0.7993085925306268,"166":0.003456544147776498,"167":0.6010863245119544,"168":0.6005925773271797,"169":0.3999012595302212,"170":0.40138279252050574,"171":0.003950627604715859,"172":0.0044443075353100495,"173":0.20217280595093523,"174":0.004444397207764958,"175":0.20316034515679124,"176":0.4023701972177353},"ranked":{"14":0.0,"33":0.005681818181818182,"143":0.011363636363636364,"163":0.017045454545454544,"12":0.022727272727272728,"119":0.028409090909090908,"92":0.03409090909090909,"109":0.03977272727272727,"111":0.045454545454545456,"37":0.05113636363636364,"135":0.056818181818181816,"44":0.0625,"78":0.06818181818181818,"95":0.07386363636363637,"144":0.07954545454545454,"45":0.08522727272727272,"17":0.09090909090909091,"159":0.09659090909090909,"24":0.10227272727272728,"126":0.10795454545454546,"118":0.11363636363636363,"148":0.11931818181818182,"166":0.125,"156":0.13068181818181818,"82":0.13636363636363635,"29":0.14204545454545456,"55":0.14772727272727273,"32":0.1534090909090909,"2":0.1590909090909091,"124":0.16477272727272727,"145":0.17045454545454544,"54":0.17613636363636365,"106":0.18181818181818182,"49":0.1875,"23":0.19318181818181818,"18":0.19886363636363635,"8":0.20454545454545456,"48":0.21022727272727273,"141":0.2159090909090909,"171":0.2215909090909091,"34":0.22727272727272727,"35":0.23295454545454544,"15":0.23863636363636365,"25":0.24431818181818182,"53":0.25,"62":0.2556818181818182,"172":0.26136363636363635,"67":0.26704545454545453,"90":0.2727272727272727,"104":0.2784090909090909,"174":0.2840909090909091,"160":0.2897727272727273,"68":0.29545454545454547,"142":0.30113636363636365,"39":0.3068181818181818,"100":0.3125,"1":0.3181818181818182,"130":0.32386363636363635,"120":0.32954545454545453,"162":0.3352272727272727,"66":0.3409090909090909,"57":0.3465909090909091,"74":0.3522727272727273,"64":0.35795454545454547,"19":0.36363636363636365,"11":0.3693181818181818,"7":0.375,"40":0.3806818181818182,"110":0.38636363636363635,"127":0.39204545454545453,"102":0.3977272727272727,"112":0.4034090909090909,"121":0.4090909090909091,"140":0.4147727272727273,"173":0.42045454545454547,"22":0.42613636363636365,"134":0.4318181818181818,"161":0.4375,"136":0.4431818181818182,"28":0.44886363636363635,"16":0.45454545454545453,"147":0.4602272727272727,"155":0.4659090909090909,"38":0.4715909090909091,"85":0.4772727272727273,"83":0.48295454545454547,"175":0.48863636363636365,"10":0.4943181818181818,"164":0.5,"13":0.5056818181818182,"65":0.5113636363636364,"116":0.5170454545454546,"153":0.5227272727272727,"97":0.5284090909090909,"51":0.5340909090909091,"158":0.5397727272727273,"71":0.5454545454545454,"103":0.5511363636363636,"76":0.5568181818181818,"98":0.5625,"107":0.5681818181818182,"26":0.5738636363636364,"20":0.5795454545454546,"146":0.5852272727272727,"115":0.5909090909090909,"87":0.5965909090909091,"70":0.6022727272727273,"86":0.6079545454545454,"139":0.6136363636363636,"169":0.6193181818181818,"129":0.625,"152":0.6306818181818182,"41":0.6363636363636364,"170":0.6420454545454546,"113":0.6477272727272727,"9":0.6534090909090909,"36":0.6590909090909091,"101":0.6647727272727273,"21":0.6704545454545454,"63":0.6761363636363636,"80":0.6818181818181818,"114":0.6875,"5":0.6931818181818182,"176":0.6988636363636364,"105":0.7045454545454546,"138":0.7102272727272727,"137":0.7159090909090909,"77":0.7215909090909091,"133":0.7272727272727273,"0":0.7329545454545454,"128":0.7386363636363636,"69":0.7443181818181818,"94":0.75,"31":0.7556818181818182,"125":0.7613636363636364,"46":0.7670454545454546,"91":0.7727272727272727,"56":0.7784090909090909,"47":0.7840909090909091,"108":0.7897727272727273,"154":0.7954545454545454,"89":0.8011363636363636,"81":0.8068181818181818,"72":0.8125,"84":0.8181818181818182,"75":0.8238636363636364,