{"name":"agd","num_of_nodes":129,"num_of_edges":406,"weight":"value","process_time":0.03261399269104004,"data":{"0":0.4531772575250836,"1":0.7692307692307693,"2":0.45652173913043476,"3":0.8160535117056856,"4":0.1254180602006689,"5":0.4866220735785953,"6":0.6020066889632107,"7":0.9498327759197325,"8":0.3394648829431438,"9":0.6237458193979933,"10":0.3311036789297659,"11":1.0,"12":0.12040133779264214,"13":0.7642140468227425,"14":0.3060200668896321,"15":0.11705685618729098,"16":0.81438127090301,"17":0.3060200668896321,"18":0.5852842809364549,"19":0.637123745819398,"20":0.959866220735786,"21":0.43478260869565216,"22":0.30267558528428096,"23":0.3076923076923077,"24":0.7709030100334449,"25":0.14381270903010032,"26":0.47491638795986624,"27":0.18896321070234115,"28":0.07023411371237458,"29":0.1956521739130435,"30":0.44648829431438125,"31":0.9983277591973244,"32":0.07692307692307693,"33":0.06688963210702341,"34":0.7642140468227425,"35":0.18896321070234115,"36":0.3060200668896321,"37":0.959866220735786,"38":0.4866220735785953,"39":0.4230769230769231,"40":0.5033444816053512,"41":0.03177257525083612,"42":0.45484949832775917,"43":0.49331103678929766,"44":0.6555183946488294,"45":0.6705685618729097,"46":0.0451505016722408,"47":0.27759197324414714,"48":0.31438127090301005,"49":0.2491638795986622,"50":0.7157190635451505,"51":0.19732441471571907,"52":0.0903010033444816,"53":0.5083612040133779,"54":0.5267558528428093,"55":0.3595317725752508,"56":0.3177257525083612,"57":0.7575250836120402,"58":0.3394648829431438,"59":0.5852842809364549,"60":0.6872909698996655,"61":0.4297658862876254,"62":0.657190635451505,"63":0.6872909698996655,"64":0.3177257525083612,"65":0.11371237458193979,"66":0.1488294314381271,"67":0.205685618729097,"68":0.431438127090301,"69":0.6555183946488294,"70":0.5083612040133779,"71":0.31270903010033446,"72":0.3110367892976589,"73":0.657190635451505,"74":0.479933110367893,"75":0.31438127090301005,"76":0.7073578595317725,"77":0.5886287625418061,"78":0.6053511705685619,"79":0.01839464882943144,"80":0.19732441471571907,"81":0.46488294314381273,"82":0.6839464882943144,"83":0.31438127090301005,"84":0.45652173913043476,"85":0.7642140468227425,"86":0.5936454849498328,"87":0.5418060200668896,"88":0.6254180602006689,"89":0.3110367892976589,"90":0.28929765886287623,"91":0.3411371237458194,"92":0.07525083612040134,"93":0.5217391304347826,"94":0.0,"95":0.15217391304347827,"96":0.3110367892976589,"97":0.3612040133779264,"98":0.32441471571906355,"99":0.4682274247491639,"100":0.32441471571906355,"101":0.16555183946488294,"102":0.3745819397993311,"103":0.15551839464882944,"104":0.49331103678929766,"105":0.28929765886287623,"106":0.2709030100334448,"107":0.25418060200668896,"108":0.4331103678929766,"109":0.17391304347826086,"110":0.2525083612040134,"111":0.19230769230769232,"112":0.49331103678929766,"113":0.31270903010033446,"114":0.35451505016722407,"115":0.4214046822742475,"116":0.30434782608695654,"117":0.5183946488294314,"118":0.06521739130434782,"119":0.2842809364548495,"120":0.23578595317725753,"121":0.3093645484949833,"122":0.47157190635451507,"123":0.09364548494983277,"124":0.3896321070234114,"125":0.42474916387959866,"126":0.28595317725752506,"127":0.06521739130434782,"128":0.2842809364548495},"ranked":{"94":0.0,"79":0.0078125,"41":0.015625,"46":0.0234375,"118":0.03125,"127":0.0390625,"33":0.046875,"28":0.0546875,"92":0.0625,"32":0.0703125,"52":0.078125,"123":0.0859375,"65":0.09375,"15":0.1015625,"12":0.109375,"4":0.1171875,"25":0.125,"66":0.1328125,"95":0.140625,"103":0.1484375,"101":0.15625,"109":0.1640625,"27":0.171875,"35":0.1796875,"111":0.1875,"29":0.1953125,"51":0.203125,"80":0.2109375,"67":0.21875,"120":0.2265625,"49":0.234375,"110":0.2421875,"107":0.25,"106":0.2578125,"47":0.265625,"119":0.2734375,"128":0.28125,"126":0.2890625,"90":0.296875,"105":0.3046875,"22":0.3125,"116":0.3203125,"14":0.328125,"17":0.3359375,"36":0.34375,"23":0.3515625,"121":0.359375,"72":0.3671875,"89":0.375,"96":0.3828125,"71":0.390625,"113":0.3984375,"48":0.40625,"75":0.4140625,"83":0.421875,"56":0.4296875,"64":0.4375,"98":0.4453125,"100":0.453125,"10":0.4609375,"8":0.46875,"58":0.4765625,"91":0.484375,"114":0.4921875,"55":0.5,"97":0.5078125,"102":0.515625,"124":0.5234375,"115":0.53125,"39":0.5390625,"125":0.546875,"61":0.5546875,"68":0.5625,"108":0.5703125,"21":0.578125,"30":0.5859375,"0":0.59375,"42":0.6015625,"2":0.609375,"84":0.6171875,"81":0.625,"99":0.6328125,"122":0.640625,"26":0.6484375,"74":0.65625,"5":0.6640625,"38":0.671875,"43":0.6796875,"104":0.6875,"112":0.6953125,"40":0.703125,"53":0.7109375,"70":0.71875,"117":0.7265625,"93":0.734375,"54":0.7421875,"87":0.75,"18":0.7578125,"59":0.765625,"77":0.7734375,"86":0.78125,"6":0.7890625,"78":0.796875,"9":0.8046875,"88":0.8125,"19":0.8203125,"44":0.828125,"69":0.8359375,"62":0.84375,"73":0.8515625,"45":0.859375,"82":0.8671875,"60":0.875,"63":0.8828125,"76":0.890625,"50":0.8984375,"57":0.90625,"13":0.9140625,"34":0.921875,"85":0.9296875,"1":0.9375,"24":0.9453125,"16":0.953125,"3":0.9609375,"7":0.96875,"20":0.9765625,"37":0.984375,"31":0.9921875,"11":1.0}}