{"name":"pagerank","alpha":0.85,"weight":"value","num_of_nodes":132,"num_of_edges":261,"process_time":0.03240180015563965,"data":{"0":0.3373541456098819,"1":0.5114478331493575,"2":0.5503475912355732,"3":0.03166313853583978,"4":0.5995164111338566,"5":0.027930457635319487,"6":0.15257315784922587,"7":0.9436889085242819,"8":0.3365267981104296,"9":0.3260804384794479,"10":0.12733364981678277,"11":0.3842388009664256,"12":0.1278518774618574,"13":0.8203442336392389,"14":0.09300049344895941,"15":0.17053299912577982,"16":0.4903063387028345,"17":0.1885586590484333,"18":0.7038146535231513,"19":0.4546725081485078,"20":0.02185985304495375,"21":0.10447748550289641,"22":0.46559417096932065,"23":0.15257315784922587,"24":0.09005448553303466,"25":0.08237283267862512,"26":0.11283634962451121,"27":0.7345248303238705,"28":0.9250040212295174,"29":0.820739378007642,"30":0.6037622485319654,"31":0.6780533492129973,"32":0.6428175224833957,"33":0.12328192872654342,"34":0.6209973213237447,"35":0.7368339556577692,"36":0.17053299912577982,"37":0.0975669404769896,"38":0.10447748550289641,"39":0.11843266332487185,"40":0.5995164111338562,"41":0.4547002212933274,"42":0.1885586590484333,"43":0.09300049344895941,"44":0.7604870936495506,"45":0.3323782683640227,"46":0.3366468865022261,"47":0.13124835190863246,"48":0.652540071313689,"49":0.6317956065666152,"50":0.7352271870495067,"51":0.10390802013660777,"52":0.3355602925132154,"53":0.08996320781723827,"54":0.11140456485324766,"55":0.10390802013660777,"56":0.9673107413533066,"57":0.9224411845443963,"58":0.4286462425014783,"59":0.6033669950404961,"60":0.05367501694858552,"61":0.4066023704142655,"62":0.434730989652746,"63":0.12591088176618387,"64":0.045145168390532724,"65":0.7726962707624379,"66":0.19001813757211605,"67":0.1573277573135975,"68":0.11318174571703099,"69":0.47243917580315964,"70":0.6482547138256533,"71":0.07162007092821131,"72":0.05660933924481068,"73":0.3742487914540063,"74":0.05367501694858552,"75":0.2214103973615508,"76":0.4404989986473226,"77":0.05660933924481068,"78":0.4290193065172634,"79":0.14720414212622956,"80":0.23089456030425443,"81":0.20822552169799374,"82":0.6433344328099933,"83":0.8326472725047764,"84":0.3743601045284081,"85":0.11183708820103579,"86":0.4286462425014783,"87":0.7726962707624379,"88":0.08441301663215944,"89":0.05823444331631002,"90":0.544844585020741,"91":0.8674077776516471,"92":0.0,"93":0.09736829074743122,"94":0.38279916117551727,"95":0.8511052734030305,"96":0.7020248819355013,"97":0.6377549387168824,"98":0.38780705608961585,"99":0.0020072754243937578,"100":0.2549066596963994,"101":0.07775919710715065,"102":0.09736829074743122,"103":0.047357020332531065,"104":0.6430186201497728,"105":0.3203872034060648,"106":0.7978872735537981,"107":0.3347218205392014,"108":0.08441301663215944,"109":0.3374747048600948,"110":0.04869497823066292,"111":0.0,"112":1.0,"113":0.9387416952053538,"114":0.28690180752378797,"115":0.04869497823066292,"116":0.699102249756677,"117":0.7721953974589132,"118":0.0884300892371108,"119":0.009426626145339323,"120":0.01888226052116161,"121":0.5741415607828809,"122":0.3167496939270084,"123":0.4015212436625496,"124":0.35307117902436264,"125":0.6715681953063439,"126":0.030294319499377328,"127":0.2224415359041427,"128":0.8105180108072285,"129":0.5790141245908845,"130":0.31851420184196805,"131":0.3203872034060648},"ranked":{"92":0.0,"111":0.007633587786259542,"99":0.015267175572519083,"119":0.022900763358778626,"120":0.030534351145038167,"20":0.03816793893129771,"5":0.04580152671755725,"126":0.05343511450381679,"3":0.061068702290076333,"64":0.06870229007633588,"103":0.07633587786259542,"110":0.08396946564885496,"115":0.0916030534351145,"60":0.09923664122137404,"74":0.10687022900763359,"72":0.11450381679389313,"77":0.12213740458015267,"89":0.1297709923664122,"71":0.13740458015267176,"101":0.1450381679389313,"25":0.15267175572519084,"88":0.16030534351145037,"108":0.16793893129770993,"118":0.17557251908396945,"53":0.183206106870229,"24":0.19083969465648856,"14":0.1984732824427481,"43":0.20610687022900764,"93":0.21374045801526717,"102":0.22137404580152673,"37":0.22900763358778625,"51":0.2366412213740458,"55":0.24427480916030533,"21":0.25190839694656486,"38":0.2595419847328244,"54":0.26717557251908397,"85":0.2748091603053435,"26":0.2824427480916031,"68":0.2900763358778626,"39":0.29770992366412213,"33":0.3053435114503817,"63":0.31297709923664124,"10":0.32061068702290074,"12":0.3282442748091603,"47":0.33587786259541985,"79":0.3435114503816794,"6":0.3511450381679389,"23":0.35877862595419846,"67":0.366412213740458,"15":0.37404580152671757,"36":0.3816793893129771,"17":0.3893129770992366,"42":0.3969465648854962,"66":0.40458015267175573,"81":0.4122137404580153,"75":0.4198473282442748,"127":0.42748091603053434,"80":0.4351145038167939,"100":0.44274809160305345,"114":0.45038167938931295,"122":0.4580152671755725,"130":0.46564885496183206,"105":0.4732824427480916,"131":0.48091603053435117,"9":0.48854961832061067,"45":0.4961832061068702,"107":0.5038167938931297,"52":0.5114503816793893,"8":0.5190839694656488,"46":0.5267175572519084,"0":0.5343511450381679,"109":0.5419847328244275,"124":0.549618320610687,"73":0.5572519083969466,"84":0.5648854961832062,"94":0.5725190839694656,"11":0.5801526717557252,"98":0.5877862595419847,"123":0.5954198473282443,"61":0.6030534351145038,"58":0.6106870229007634,"86":0.6183206106870229,"78":0.6259541984732825,"62":0.6335877862595419,"76":0.6412213740458015,"19":0.648854961832061,"41":0.6564885496183206,"22":0.6641221374045801,"69":0.6717557251908397,"16":0.6793893129770993,"1":0.6870229007633588,"90":0.6946564885496184,"2":0.7022900763358778,"121":0.7099236641221374,"129":0.7175572519083969,"40":0.7251908396946565,"4":0.732824427480916,"59":0.7404580152671756,"30":0.7480916030534351,"34":0.7557251908396947,"49":0.7633587786259542,"97":0.7709923664122137,"32":0.7786259541984732,"104":0.7862595419847328,"82":0.7938931297709924,"70":0.8015267175572519,"48":0.8091603053435115,"125":0.816793893129771,"31":0.8244274809160306,"116":0.8320610687022901,"96":0.8396946564885496,"18":0.8473282442748091,"27":0.8549618320610687,"50":0.8625954198473282,"35":0.8702290076335878,"44":0.8778625954198473,"117":0.8854961832061069,"65":0.8931297709923665,"87":0.9007633587786259,"106":0.9083969465648855,"128":0.916030534351145,"13":0.9236641221374046,"29":0.9312977099236641,"83":0.9389312977099237,"95":0.9465648854961832,"91":0.9541984732824428,"57":0.9618320610687023,"28":0.9694656488549618,"113":0.9770992366412213,"7":0.9847328244274809,"56":0.9923664122137404,"112":1.0}}