{"name":"pagerank","alpha":0.85,"weight":"value","num_of_nodes":135,"num_of_edges":419,"process_time":0.031629085540771484,"data":{"0":0.2654486253874857,"1":0.28666412997574325,"2":0.08180990152489538,"3":0.2756868343410398,"4":0.4642491669924867,"5":0.08759084385614553,"6":0.1267657007706913,"7":0.362001546985176,"8":0.22222213089970305,"9":0.5054277683408366,"10":0.4399866779051622,"11":0.28760155719489383,"12":0.09519053332499049,"13":0.28390225630367255,"14":0.6318566854785546,"15":0.16629603596069567,"16":0.1317577477286686,"17":0.4802358633760527,"18":0.16629603596069567,"19":0.28390225630367255,"20":0.7738564305976959,"21":0.1267657007706913,"22":0.08585914236122957,"23":0.2320419007251251,"24":0.4946072590911756,"25":0.28390225630367255,"26":0.07889773914060356,"27":0.16629603596069567,"28":0.44854375971310606,"29":0.07708580305431784,"30":0.26902507788992214,"31":0.11866325666417478,"32":0.23635233809044554,"33":0.03084024269175899,"34":0.26572956093195654,"35":0.22026800595131674,"36":0.362001546985176,"37":0.28700464164987527,"38":0.4169446692095583,"39":0.362001546985176,"40":0.9676539555015423,"41":0.709783765206174,"42":0.4386456369569733,"43":0.6440600956352979,"44":0.4066265186262166,"45":0.813648053786686,"46":0.1318270649838063,"47":0.6084370962484998,"48":0.5937618130658342,"49":0.4415165776453527,"50":0.423939092512331,"51":0.05972231565403702,"52":0.2700878272278688,"53":0.33606713743213923,"54":0.07476058029512928,"55":0.33606713743213923,"56":0.05229623623398135,"57":0.23225917201616664,"58":0.07540257960400928,"59":0.22970529795205988,"60":0.542340172216652,"61":0.044871398042108344,"62":0.07476058029512928,"63":0.6364347702407869,"64":0.47340529231699996,"65":0.614757013563891,"66":0.2477862522264437,"67":0.07605385418958513,"68":0.1318270649838063,"69":0.23508945065999198,"70":0.26856046959141094,"71":0.05645934554675798,"72":0.6319104888909215,"73":0.2720575078479708,"74":0.08451138799264594,"75":0.044932950066541535,"76":0.056804404936999786,"77":0.4054606451287731,"78":0.24295585632149222,"79":0.26331855524850906,"80":0.25257824315268723,"81":0.424337828612388,"82":0.5955510941414687,"83":0.07605385418958513,"84":0.23324786842048997,"85":0.4180762943403758,"86":0.08653029999855878,"87":0.27259233118959797,"88":0.07605385418958513,"89":1.0,"90":0.4117473243733047,"91":0.04839706302343742,"92":0.051353298432449054,"93":0.05709057013631581,"94":0.09199147070437508,"95":0.4180881937829194,"96":0.12382435210028682,"97":0.41120990094041615,"98":0.21337616617689006,"99":0.36870659578698334,"100":0.046620889378008075,"101":0.262522806337563,"102":0.14479912782111284,"103":0.35671699376542043,"104":0.07686468347205302,"105":0.2851537764796454,"106":0.35671699376542043,"107":0.038172106015263614,"108":0.1392700233592686,"109":0.22060990175531298,"110":0.35671699376542043,"111":0.22060990175531298,"112":0.22060990175531298,"113":0.0,"114":0.08508908806938259,"115":0.7235966333202201,"116":0.46828086520858087,"117":0.579452322965413,"118":0.0943994621306221,"119":0.9240368528418597,"120":0.3906050632017694,"121":0.39679205083648617,"122":0.7090346575210866,"123":0.046620889378007915,"124":0.1392700233592686,"125":0.38914320524234636,"126":0.22962653446718917,"127":0.5880263527898227,"128":0.1392700233592686,"129":0.533235916080772,"130":0.2857594595281143,"131":0.04984081910719056,"132":0.19679052312700268,"133":0.5332368283404468,"134":0.39060506320176974},"ranked":{"113":0.0,"33":0.007462686567164179,"107":0.014925373134328358,"61":0.022388059701492536,"75":0.029850746268656716,"123":0.03731343283582089,"100":0.04477611940298507,"91":0.05223880597014925,"131":0.05970149253731343,"92":0.06716417910447761,"56":0.07462686567164178,"71":0.08208955223880597,"76":0.08955223880597014,"93":0.09701492537313433,"51":0.1044776119402985,"54":0.11194029850746269,"62":0.11940298507462686,"58":0.12686567164179105,"67":0.13432835820895522,"83":0.1417910447761194,"88":0.14925373134328357,"104":0.15671641791044777,"29":0.16417910447761194,"26":0.17164179104477612,"2":0.1791044776119403,"74":0.1865671641791045,"114":0.19402985074626866,"22":0.20149253731343283,"86":0.208955223880597,"5":0.21641791044776118,"94":0.22388059701492538,"118":0.23134328358208955,"12":0.23880597014925373,"31":0.2462686567164179,"96":0.2537313432835821,"6":0.26119402985074625,"21":0.26865671641791045,"16":0.27611940298507465,"46":0.2835820895522388,"68":0.291044776119403,"108":0.29850746268656714,"124":0.30597014925373134,"128":0.31343283582089554,"102":0.3208955223880597,"15":0.3283582089552239,"18":0.3358208955223881,"27":0.34328358208955223,"132":0.35074626865671643,"98":0.3582089552238806,"35":0.3656716417910448,"109":0.373134328358209,"111":0.3805970149253731,"112":0.3880597014925373,"8":0.39552238805970147,"126":0.40298507462686567,"59":0.41044776119402987,"23":0.417910447761194,"57":0.4253731343283582,"84":0.43283582089552236,"69":0.44029850746268656,"32":0.44776119402985076,"78":0.4552238805970149,"66":0.4626865671641791,"80":0.4701492537313433,"101":0.47761194029850745,"79":0.48507462686567165,"0":0.4925373134328358,"34":0.5,"70":0.5074626865671642,"30":0.5149253731343284,"52":0.5223880597014925,"73":0.5298507462686567,"87":0.5373134328358209,"3":0.5447761194029851,"13":0.5522388059701493,"19":0.5597014925373134,"25":0.5671641791044776,"105":0.5746268656716418,"130":0.582089552238806,"1":0.5895522388059702,"37":0.5970149253731343,"11":0.6044776119402985,"53":0.6119402985074627,"55":0.6194029850746269,"103":0.6268656716417911,"106":0.6343283582089553,"110":0.6417910447761194,"7":0.6492537313432836,"36":0.6567164179104478,"39":0.664179104477612,"99":0.6716417910447762,"125":0.6791044776119403,"120":0.6865671641791045,"134":0.6940298507462687,"121":0.7014925373134329,"77":0.7089552238805971,"44":0.7164179104477612,"97":0.7238805970149254,"90":0.7313432835820896,"38":0.7388059701492538,"85":0.746268656716418,"95":0.753731343283582,"50":0.7611940298507462,"81":0.7686567164179104,"42":0.7761194029850746,"10":0.7835820895522388,"49":0.7910447761194029,"28":0.7985074626865671,"4":0.8059701492537313,"116":0.8134328358208955,"64":0.8208955223880597,"17":0.8283582089552238,"24":0.835820895522388,"9":0.8432835820895522,"129":0.8507462686567164,"133":0.8582089552238806,"60":0.8656716417910447,"117":0.8731343283582089,"127":0.8805970149253731,"48":0.8880597014925373,"82":0.8955223880597015,"47":0.9029850746268657,"65":0.9104477611940298,"14":0.917910447761194,"72":0.9253731343283582,"63":0.9328358208955224,"43":0.9402985074626866,"122":0.9477611940298507,"41":0.9552238805970149,"115":0.9626865671641791,"20":0.9701492537313433,"45":0.9776119402985075,"119":0.9850746268656716,"40":0.9925373134328358,"89":1.0}}