{"name":"pagerank","alpha":0.85,"weight":"value","num_of_nodes":162,"num_of_edges":310,"process_time":0.03722715377807617,"data":{"0":0.14475900295816685,"1":0.15847912970652828,"2":0.04492295739757615,"3":0.3965308395725508,"4":0.14120753885663972,"5":0.14475900295816685,"6":0.13921505222950725,"7":0.18612151901668977,"8":0.605010640315557,"9":0.061627981550440164,"10":0.1790970268960026,"11":0.4351375953160424,"12":0.4599588093317182,"13":0.11643564502876176,"14":0.31603753920411415,"15":0.11406291993591727,"16":0.18960175179176394,"17":0.3737112905746259,"18":0.5109392941115994,"19":0.40480049600740936,"20":0.061627981550440164,"21":0.697653920538946,"22":0.17679241860649128,"23":0.5742283121993778,"24":0.15847912970652828,"25":0.31603753920411415,"26":0.3737112905746259,"27":0.47926080988837866,"28":0.0894964771225418,"29":0.4456045799375809,"30":0.1790970268960026,"31":0.12655316514857137,"32":0.13921505222950725,"33":0.18129007465169072,"34":0.0894964771225418,"35":0.5544242448830109,"36":0.8773696839176445,"37":0.12655316514857137,"38":0.34139064392661067,"39":0.31603753920411415,"40":0.34774713457171186,"41":0.38713652074407023,"42":0.6108762140452004,"43":0.9321363484458598,"44":0.31603753920411415,"45":0.46482529998170397,"46":0.3342073683395917,"47":0.38713652074407023,"48":0.1790970268960026,"49":0.3358829290514541,"50":0.1798384128146706,"51":0.38713652074407023,"52":0.11670952344559611,"53":0.6828604767101936,"54":0.362323967351425,"55":0.38455215084259403,"56":0.38455215084259403,"57":0.12966596710164652,"58":0.1002168764698979,"59":0.12966596710164652,"60":0.12071488353804498,"61":0.5879959245101997,"62":1.0,"63":0.14074691270342374,"64":0.33357685944283416,"65":0.27434819911610153,"66":0.33443849793023755,"67":0.14074691270342374,"68":0.13215172190984326,"69":0.5409959944254829,"70":0.37604647041993056,"71":0.3315176702131009,"72":0.22050438284854296,"73":0.5513898298619594,"74":0.22050438284854296,"75":0.06548902594646479,"76":0.33456254198272645,"77":0.5549956037705432,"78":0.8231582635566741,"79":0.11107849033197152,"80":0.1357944413788278,"81":0.10230396917482673,"82":0.107907873500436,"83":0.8801708219299123,"84":0.5750985323565014,"85":0.22050438284854296,"86":0.36080862118475626,"87":0.14074691270342374,"88":0.29370125527089325,"89":0.12071488353804498,"90":0.12071488353804498,"91":0.11200372603698015,"92":0.30514437237242664,"93":0.5005897162444354,"94":0.3315176702131009,"95":0.28559360988412175,"96":0.5090054735577426,"97":0.5635589173209118,"98":0.14525401206235442,"99":0.3879206698678901,"100":0.10050766449774833,"101":0.14074691270342374,"102":0.30050144747201235,"103":0.09909069658828944,"104":0.596595879531369,"105":0.1357944413788278,"106":0.4650971972551963,"107":0.32036220090804324,"108":0.7709594486342307,"109":0.0030129454261629334,"110":0.17941973014781906,"111":0.46220198129448226,"112":0.1878468519927369,"113":0.10349949895260482,"114":0.16681331617826792,"115":0.3657095700323181,"116":0.26061028586207824,"117":0.08598264044722682,"118":0.0865093301074832,"119":0.11881240647682498,"120":0.19649676794818402,"121":0.06244294130917495,"122":0.5818771844189998,"123":0.1940265853889011,"124":0.4458971234680912,"125":0.14103922192885515,"126":0.13636727664758772,"127":0.5826261026870353,"128":0.11763310984605573,"129":0.3596094018450858,"130":0.3958437501358797,"131":0.17569886394321482,"132":0.12163377028208298,"133":0.3501115332314873,"134":0.6229316146068494,"135":0.36907102252160623,"136":0.5804775369374109,"137":0.647954850372906,"138":0.18301276156144491,"139":0.4125084824100911,"140":0.38684406293224294,"141":0.3240076721353548,"142":0.4161504152635848,"143":0.5598861720733982,"144":0.17569886394321482,"145":0.3162581235005836,"146":0.3257893165164749,"147":0.17569886394321482,"148":0.5857504304410063,"149":0.567609255937382,"150":0.45599479597270404,"151":0.39779753439501164,"152":0.0,"153":0.19649676794818402,"154":0.38684406293224294,"155":0.8149791905467254,"156":0.16165129726922225,"157":0.10451499366469424,"158":0.08855467012834034,"159":0.14667193040248916,"160":0.623346727100661,"161":0.38684406293224294},"ranked":{"152":0.0,"109":0.006211180124223602,"2":0.012422360248447204,"9":0.018633540372670808,"20":0.024844720496894408,"121":0.031055900621118012,"75":0.037267080745341616,"117":0.043478260869565216,"118":0.049689440993788817,"158":0.055900621118012424,"28":0.062111801242236024,"34":0.06832298136645963,"103":0.07453416149068323,"58":0.08074534161490683,"100":0.08695652173913043,"81":0.09316770186335403,"113":0.09937888198757763,"157":0.10559006211180125,"82":0.11180124223602485,"79":0.11801242236024845,"91":0.12422360248447205,"15":0.13043478260869565,"13":0.13664596273291926,"52":0.14285714285714285,"128":0.14906832298136646,"119":0.15527950310559005,"60":0.16149068322981366,"89":0.16770186335403728,"90":0.17391304347826086,"132":0.18012422360248448,"31":0.18633540372670807,"37":0.19254658385093168,"57":0.19875776397515527,"59":0.20496894409937888,"68":0.2111801242236025,"80":0.21739130434782608,"105":0.2236024844720497,"126":0.22981366459627328,"6":0.2360248447204969,"32":0.2422360248447205,"63":0.2484472049689441,"67":0.2546583850931677,"87":0.2608695652173913,"101":0.2670807453416149,"125":0.2732919254658385,"4":0.2795031055900621,"0":0.2857142857142857,"5":0.2919254658385093,"98":0.2981366459627329,"159":0.30434782608695654,"1":0.3105590062111801,"24":0.3167701863354037,"156":0.32298136645962733,"114":0.32919254658385094,"131":0.33540372670807456,"144":0.3416149068322981,"147":0.34782608695652173,"22":0.35403726708074534,"10":0.36024844720496896,"30":0.36645962732919257,"48":0.37267080745341613,"110":0.37888198757763975,"50":0.38509316770186336,"33":0.391304347826087,"138":0.39751552795031053,"7":0.40372670807453415,"112":0.40993788819875776,"16":0.4161490683229814,"123":0.422360248447205,"120":0.42857142857142855,"153":0.43478260869565216,"72":0.4409937888198758,"74":0.4472049689440994,"85":0.453416149068323,"116":0.45962732919254656,"65":0.4658385093167702,"95":0.4720496894409938,"88":0.4782608695652174,"102":0.484472049689441,"92":0.4906832298136646,"14":0.4968944099378882,"25":0.5031055900621118,"39":0.5093167701863354,"44":0.515527950310559,"145":0.5217391304347826,"107":0.5279503105590062,"141":0.5341614906832298,"146":0.5403726708074534,"71":0.546583850931677,"94":0.5527950310559007,"64":0.5590062111801242,"46":0.5652173913043478,"66":0.5714285714285714,"76":0.577639751552795,"49":0.5838509316770186,"38":0.5900621118012422,"40":0.5962732919254659,"133":0.6024844720496895,"129":0.6086956521739131,"86":0.6149068322981367,"54":0.6211180124223602,"115":0.6273291925465838,"135":0.6335403726708074,"17":0.639751552795031,"26":0.6459627329192547,"70":0.6521739130434783,"55":0.6583850931677019,"56":0.6645962732919255,"140":0.6708074534161491,"154":0.6770186335403726,"161":0.6832298136645962,"41":0.6894409937888198,"47":0.6956521739130435,"51":0.7018633540372671,"99":0.7080745341614907,"130":0.7142857142857143,"3":0.7204968944099379,"151":0.7267080745341615,"19":0.7329192546583851,"139":0.7391304347826086,"142":0.7453416149068323,"11":0.7515527950310559,"29":0.7577639751552795,"124":0.7639751552795031,"150":0.7701863354037267,"12":0.7763975155279503,"111":0.782608695652174,"45":0.7888198757763976,"106":0.7950310559006211,"27":0.8012422360248447,"93":0.8074534161490683,"96":0.8136645962732919,"18":0.8198757763975155,"69":0.8260869565217391,"73":0.8322981366459627,"35":0.8385093167701864,"77":0.84472049689441,"143":0.8509316770186336,"97":0.8571428571428571,"149":0.8633540372670807,"23":0.8695652173913043,"84":0.8757763975155279,"136":0.8819875776397516,"122":0.8881987577639752,"127":0.8944099378881988,"148":0.9006211180124224,"61":0.906832298136646,"104":0.9130434782608695,"8":0.9192546583850931,"42":0.9254658385093167,"134":0.9316770186335404,"160":0.937888198757764,"137":0.9440993788819876,"53":0.9503105590062112,"21":0.9565217391304348,"108":0.9627329192546584,"155":0.968944099378882,