{"name":"agd","num_of_nodes":147,"num_of_edges":452,"weight":"value","process_time":0.05052971839904785,"data":{"0":0.0461689587426327,"1":0.4351669941060904,"2":0.10216110019646368,"3":0.0,"4":0.1031434184675835,"5":0.0648330058939097,"6":0.1591355599214146,"7":0.09528487229862485,"8":0.11493123772102166,"9":0.23575638506876234,"10":0.4096267190569744,"11":0.02357563850687632,"12":0.350687622789784,"13":0.04518664047151276,"14":0.20235756385068773,"15":0.163064833005894,"16":0.4607072691552063,"17":0.3222003929273086,"18":0.39489194499017694,"19":0.16011787819253442,"20":0.049115913555992145,"21":0.15324165029469558,"22":0.14243614931237725,"23":0.11394891944990185,"24":0.3192534381139489,"25":0.16502946954813363,"26":0.01571709233791755,"27":0.39096267190569745,"28":0.21611001964636553,"29":0.04420432220039294,"30":0.2662082514734775,"31":0.0893909626719057,"32":0.21807465618860516,"33":0.051080550098231904,"34":0.144400785854617,"35":0.0844793713163065,"36":0.4607072691552063,"37":0.27897838899803545,"38":0.08349705304518669,"39":0.058939096267190676,"40":0.09430255402750491,"41":0.27897838899803545,"42":0.39096267190569745,"43":0.46365422396856576,"44":0.0009823182711199423,"45":0.10609037328094306,"46":0.37917485265225936,"47":0.35363457760314343,"48":0.021611001964636566,"49":0.6326129666011788,"50":0.5206286836935168,"51":0.8713163064833007,"52":0.15618860510805505,"53":0.23280943025540277,"54":0.62475442043222,"55":0.6267190569744598,"56":0.7416502946954813,"57":0.23280943025540277,"58":0.8732809430255403,"59":0.6326129666011788,"60":0.11591355599214147,"61":0.5255402750491159,"62":0.8939096267190569,"63":0.8781925343811396,"64":0.23280943025540277,"65":0.531434184675835,"66":0.31532416502946964,"67":0.19351669941060914,"68":0.29469548133595286,"69":0.7396856581532416,"70":0.7603143418467585,"71":0.31728880157170924,"72":0.24165029469548135,"73":0.33595284872298625,"74":0.512770137524558,"75":0.6414538310412574,"76":0.6394891944990178,"77":0.0029469548133595723,"78":0.33889980353634597,"79":0.531434184675835,"80":0.7426326129666013,"81":0.7593320235756384,"82":0.4076620825147348,"83":0.4194499017681728,"84":0.08546168958742632,"85":0.3379174852652259,"86":0.02455795677799614,"87":0.05992141453831049,"88":0.0933202357563851,"89":0.19351669941060914,"90":1.0,"91":0.1915520628683694,"92":0.5137524557956779,"93":0.8664047151277013,"94":0.2681728880157171,"95":1.0,"96":0.08546168958742632,"97":0.2593320235756385,"98":0.5766208251473478,"99":0.9636542239685658,"100":0.14341846758349705,"101":0.5795677799607072,"102":0.163064833005894,"103":0.17387033398821222,"104":0.7023575638506877,"105":0.46365422396856576,"106":0.08055009823182711,"107":0.1719056974459726,"108":0.832023575638507,"109":0.6994106090373282,"110":0.9636542239685658,"111":0.6974459724950886,"112":0.6994106090373282,"113":0.4685658153241651,"114":0.1719056974459726,"115":0.20726915520628694,"116":0.2593320235756385,"117":0.27897838899803545,"118":0.18565815324165036,"119":0.2662082514734775,"120":0.30844793713163066,"121":0.22986247544204333,"122":0.3143418467583498,"123":0.4685658153241651,"124":0.832023575638507,"125":0.35658153241650287,"126":0.35658153241650287,"127":0.16502946954813363,"128":0.17583497053045197,"129":0.10805500982318282,"130":0.31532416502946964,"131":0.8261296660117879,"132":0.21807465618860516,"133":0.8251473477406681,"134":0.7013752455795679,"135":0.31532416502946964,"136":0.8251473477406681,"137":0.5785854616895875,"138":0.7033398821218075,"139":0.2681728880157171,"140":0.4115913555992143,"141":0.2288801571709234,"142":0.832023575638507,"143":0.1404715127701376,"144":0.1355599214145384,"145":0.831041257367387,"146":0.2347740667976425},"ranked":{"3":0.0,"44":0.00684931506849315,"77":0.0136986301369863,"26":0.02054794520547945,"48":0.0273972602739726,"11":0.03424657534246575,"86":0.0410958904109589,"29":0.04794520547945205,"13":0.0547945205479452,"0":0.06164383561643835,"20":0.0684931506849315,"33":0.07534246575342465,"39":0.0821917808219178,"87":0.08904109589041095,"5":0.0958904109589041,"106":0.10273972602739725,"38":0.1095890410958904,"35":0.11643835616438356,"84":0.1232876712328767,"96":0.13013698630136986,"31":0.136986301369863,"88":0.14383561643835616,"40":0.1506849315068493,"7":0.15753424657534246,"2":0.1643835616438356,"4":0.17123287671232876,"45":0.1780821917808219,"129":0.18493150684931506,"23":0.1917808219178082,"8":0.19863013698630136,"60":0.2054794520547945,"144":0.21232876712328766,"143":0.2191780821917808,"22":0.22602739726027396,"100":0.2328767123287671,"34":0.23972602739726026,"21":0.2465753424657534,"52":0.2534246575342466,"6":0.2602739726027397,"19":0.2671232876712329,"15":0.273972602739726,"102":0.2808219178082192,"25":0.2876712328767123,"127":0.2945205479452055,"107":0.3013698630136986,"114":0.3082191780821918,"103":0.3150684931506849,"128":0.3219178082191781,"118":0.3287671232876712,"91":0.3356164383561644,"67":0.3424657534246575,"89":0.3493150684931507,"14":0.3561643835616438,"115":0.363013698630137,"28":0.3698630136986301,"32":0.3767123287671233,"132":0.3835616438356164,"141":0.3904109589041096,"121":0.3972602739726027,"53":0.4041095890410959,"57":0.410958904109589,"64":0.4178082191780822,"146":0.4246575342465753,"9":0.4315068493150685,"72":0.4383561643835616,"97":0.4452054794520548,"116":0.4520547945205479,"30":0.4589041095890411,"119":0.4657534246575342,"94":0.4726027397260274,"139":0.4794520547945205,"37":0.4863013698630137,"41":0.4931506849315068,"117":0.5,"68":0.5068493150684932,"120":0.5136986301369864,"122":0.5205479452054794,"66":0.5273972602739726,"130":0.5342465753424658,"135":0.541095890410959,"71":0.547945205479452,"24":0.5547945205479452,"17":0.5616438356164384,"73":0.5684931506849316,"85":0.5753424657534246,"78":0.5821917808219178,"12":0.589041095890411,"47":0.5958904109589042,"125":0.6027397260273972,"126":0.6095890410958904,"46":0.6164383561643836,"27":0.6232876712328768,"42":0.6301369863013698,"18":0.636986301369863,"82":0.6438356164383562,"10":0.6506849315068494,"140":0.6575342465753424,"83":0.6643835616438356,"1":0.6712328767123288,"16":0.678082191780822,"36":0.684931506849315,"43":0.6917808219178082,"105":0.6986301369863014,"113":0.7054794520547946,"123":0.7123287671232876,"74":0.7191780821917808,"92":0.726027397260274,"50":0.7328767123287672,"61":0.7397260273972602,"65":0.7465753424657534,"79":0.7534246575342466,"98":0.7602739726027398,"137":0.7671232876712328,"101":0.773972602739726,"54":0.7808219178082192,"55":0.7876712328767124,"49":0.7945205479452054,"59":0.8013698630136986,"76":0.8082191780821918,"75":0.815068493150685,"111":0.821917808219178,"109":0.8287671232876712,"112":0.8356164383561644,"134":0.8424657534246576,"104":0.8493150684931506,"138":0.8561643835616438,"69":0.863013698630137,"56":0.8698630136986302,"80":0.8767123287671232,"81":0.8835616438356164,"70":0.8904109589041096,"133":0.8972602739726028,"136":0.9041095890410958,"131":0.910958904109589,"145":0.9178082191780822,"108":0.9246575342465754,"124":0.9315068493150684,"142":0.9383561643835616,"93":0.9452054794520548,"51":0.952054794520548,"58":0.958904109589041,"63":0.9657534246575342,"62":0.9726027397260274,"99":0.9794520547945206,"110":0.9863013698630136,"90":0.9931506849315068,"95":1.0}}