{"name":"fiedler","normalized":true,"weight":"value","num_of_nodes":105,"num_of_edges":329,"process_time":0.05783390998840332,"data":{"0":0.09186805104565963,"1":0.10185704639638504,"2":0.2190553917700642,"3":0.20460321107691537,"4":0.21844720550513677,"5":0.14475649571341367,"6":0.09257365523675339,"7":0.1389732454629452,"8":0.14662329739656144,"9":0.18448133316493756,"10":0.0,"11":0.1292328653094682,"12":0.1353567394632477,"13":0.06023766516244199,"14":0.09304672512164572,"15":0.04375459960008196,"16":0.15100838147713153,"17":0.1292328653084892,"18":0.13897324546248488,"19":0.2573312152638671,"20":0.07611399534228969,"21":0.14175647955140658,"22":0.11276586019515819,"23":0.16095627383487407,"24":0.17645035172197826,"25":0.11626776867480272,"26":0.20005421451452285,"27":0.17645035172018955,"28":0.1635417915794275,"29":0.10815576282597587,"30":0.1125222362180456,"31":0.11075404918567597,"32":0.16553956699075592,"33":0.08231221456343868,"34":0.20979995947753505,"35":0.47641059571956795,"36":0.684853583779642,"37":0.6930801415799908,"38":0.40237690527829933,"39":0.30258526268571306,"40":0.33188725150063697,"41":0.7071655769011443,"42":0.6866711624066576,"43":0.7688068474011067,"44":0.7260438200204943,"45":0.4005570164756331,"46":0.6297583187696053,"47":0.6622683434096011,"48":0.15100838147795484,"49":0.37841339415752906,"50":0.6754323274795138,"51":0.48943130554168174,"52":0.7295416991732958,"53":0.5056459701806176,"54":0.357817584986785,"55":0.7599748820546351,"56":0.3965064272853536,"57":0.5114196956572605,"58":0.717253073890419,"59":0.5214141419174365,"60":0.3602892378345063,"61":0.6930801415828286,"62":0.40720509449712455,"63":0.4121489359279433,"64":0.7260438200200166,"65":0.7055612970292502,"66":0.6585991855562986,"67":0.7169036412765141,"68":0.6815888649529924,"69":0.32078078506653784,"70":0.8370266610869962,"71":0.9323435592804624,"72":0.9373029788271782,"73":0.9314970466560036,"74":0.8978652988835546,"75":0.8934770334416245,"76":0.9356423934223765,"77":0.9508219205490125,"78":1.0,"79":0.8599148719521963,"80":0.9999999999932956,"81":0.8461547233767218,"82":0.9079247969272797,"83":0.17645035171861362,"84":0.8431661271271658,"85":0.9928827909215046,"86":0.8701787214778389,"87":0.8445881590171542,"88":0.876076772208598,"89":0.8878910153375282,"90":0.8646293316086688,"91":0.7888395341911031,"92":0.937302978825832,"93":0.8493362973045653,"94":0.9010337197436622,"95":0.8416962891570359,"96":0.893477033440166,"97":0.847062709773718,"98":0.9028474236387409,"99":0.880219635654219,"100":0.9589410982987925,"101":0.7962174991304094,"102":0.8157741320652813,"103":0.9281192753421863,"104":0.2144116914920255},"ranked":{"10":0.0,"15":0.009615384615384616,"13":0.019230769230769232,"20":0.028846153846153848,"33":0.038461538461538464,"0":0.04807692307692308,"6":0.057692307692307696,"14":0.0673076923076923,"1":0.07692307692307693,"29":0.08653846153846154,"31":0.09615384615384616,"30":0.10576923076923077,"22":0.11538461538461539,"25":0.125,"17":0.1346153846153846,"11":0.14423076923076922,"12":0.15384615384615385,"18":0.16346153846153846,"7":0.17307692307692307,"21":0.18269230769230768,"5":0.19230769230769232,"8":0.20192307692307693,"16":0.21153846153846154,"48":0.22115384615384615,"23":0.23076923076923078,"28":0.2403846153846154,"32":0.25,"83":0.25961538461538464,"27":0.2692307692307692,"24":0.27884615384615385,"9":0.28846153846153844,"26":0.2980769230769231,"3":0.3076923076923077,"34":0.3173076923076923,"104":0.3269230769230769,"4":0.33653846153846156,"2":0.34615384615384615,"19":0.3557692307692308,"39":0.36538461538461536,"69":0.375,"40":0.38461538461538464,"54":0.3942307692307692,"60":0.40384615384615385,"49":0.41346153846153844,"56":0.4230769230769231,"45":0.4326923076923077,"38":0.4423076923076923,"62":0.4519230769230769,"63":0.46153846153846156,"35":0.47115384615384615,"51":0.4807692307692308,"53":0.49038461538461536,"57":0.5,"59":0.5096153846153846,"46":0.5192307692307693,"66":0.5288461538461539,"47":0.5384615384615384,"50":0.5480769230769231,"68":0.5576923076923077,"36":0.5673076923076923,"42":0.5769230769230769,"37":0.5865384615384616,"61":0.5961538461538461,"65":0.6057692307692307,"41":0.6153846153846154,"67":0.625,"58":0.6346153846153846,"64":0.6442307692307693,"44":0.6538461538461539,"52":0.6634615384615384,"55":0.6730769230769231,"43":0.6826923076923077,"91":0.6923076923076923,"101":0.7019230769230769,"102":0.7115384615384616,"70":0.7211538461538461,"95":0.7307692307692307,"84":0.7403846153846154,"87":0.75,"81":0.7596153846153846,"97":0.7692307692307693,"93":0.7788461538461539,"79":0.7884615384615384,"90":0.7980769230769231,"86":0.8076923076923077,"88":0.8173076923076923,"99":0.8269230769230769,"89":0.8365384615384616,"96":0.8461538461538461,"75":0.8557692307692307,"74":0.8653846153846154,"94":0.875,"98":0.8846153846153846,"82":0.8942307692307693,"103":0.9038461538461539,"73":0.9134615384615384,"71":0.9230769230769231,"76":0.9326923076923077,"92":0.9423076923076923,"72":0.9519230769230769,"77":0.9615384615384616,"100":0.9711538461538461,"85":0.9807692307692307,"80":0.9903846153846154,"78":1.0}}