{"name":"density","eps":0.5,"weight":"value","num_of_nodes":132,"num_of_edges":259,"process_time":0.008349180221557617,"data":{"0":0.2020780939375439,"1":0.0029688179373168273,"2":0.20207804901243073,"3":0.0044529685873819225,"4":0.4001979211958863,"5":0.4006927354167283,"6":0.40019787627086645,"7":0.20158332464164708,"8":0.000989516129134406,"9":0.40019787627086645,"10":0.400692712954181,"11":0.002473913866584531,"12":0.0019790996457798816,"13":1.0,"14":0.20009892690415962,"15":0.0014843303500510574,"16":0.0034633626082825357,"17":0.2040571486582293,"18":0.0019790996457798816,"19":0.20257286323327273,"20":0.20009892690415962,"21":0.002473913866584531,"22":0.799901095558423,"23":0.001979234420764687,"24":0.002968660699934112,"25":0.20207809393741322,"26":0.40118752717500433,"27":0.0009895610542102313,"28":0.00395815436659594,"29":0.0034633626082825357,"30":0.000989516129134406,"31":0.20158332464170306,"32":0.20059369620005643,"33":0.6002968705625745,"34":0.0014843078874851444,"35":0.0019790771833446373,"36":0.6007915949333581,"37":0.40168225154593734,"38":0.20207807147495932,"39":0.20207807147510864,"40":0.0019791445707437053,"41":0.2020780939375439,"42":0.0009895610542102313,"43":0.0014843078874851444,"44":0.0009895835167014766,"45":0.6007916398583033,"46":0.0009895385916256513,"47":0.4001978538083379,"48":0.20158325725411733,"49":0.40168218415833296,"50":0.6007915949333955,"51":0.001979122108308461,"52":0.0004947243708396687,"53":0.2010884430333127,"54":0.0009895161291157391,"55":0.0024738240166382176,"56":0.20108853288338965,"57":0.201088532883315,"58":0.20158334710415698,"59":0.20158325725415466,"60":0.39920836014167604,"61":0.20158332464159107,"62":0.0004947243708396687,"63":0.20207809393745058,"64":0.0019790996457985485,"65":0.4006927578791449,"66":0.40069264556668865,"67":0.20158323479166343,"68":0.20108853288333367,"69":0.5998021012666963,"70":0.4001978538083379,"71":0.39920836014167604,"72":0.6012864091541628,"73":0.0009895835167014766,"74":0.0009895161291157391,"75":0.001979122108289794,"76":0.002968728087389181,"77":0.0014843303499763895,"78":0.20158325725411733,"79":0.40267174521244986,"80":0.0019790996457985485,"81":0.000989628441627966,"82":0.4021769983791749,"83":0.20158332464164708,"84":0.0019790996457985485,"85":0.001979122108308461,"86":0.20207807147494064,"87":0.2030675876040937,"88":0.5998020788041677,"89":0.002968615774970289,"90":0.2005937635874555,"91":0.0029686606998967783,"92":0.20158332464160975,"93":0.20257275092077917,"94":0.0,"95":0.5993073095083269,"96":0.0009895161291530732,"97":0.20059371866245435,"98":0.20207807147494064,"99":0.0009895161291530732,"100":0.0029686382373868662,"101":0.0029686382373868662,"102":0.3997031743624807,"103":0.3997031069750443,"104":0.6002968930250284,"105":0.6002968930250284,"106":0.000494746833312247,"107":0.20257281830825288,"108":0.4006926904916338,"109":0.0,"110":0.3997031069750443,"111":0.0014842854249938991,"112":0.20059374112498293,"113":0.0019790771832513027,"114":0.20009894936666953,"115":0.20108855534580625,"116":0.20207798162497567,"117":0.000989516129209074,"118":0.0019790996458358824,"119":0.0014843303499950564,"120":0.0019791670332536173,"121":0.0,"122":0.0009895610542288982,"123":0.39970315190000816,"124":0.2000989718292541,"125":0.20009892690417827,"126":0.0009895385916443183,"127":0.0009895161291530732,"128":0.0009895385916443183,"129":0.000494746833312247,"130":0.2010885553458249,"131":0.20108855534576892},"ranked":{"94":0.0,"109":0.007633587786259542,"121":0.015267175572519083,"52":0.022900763358778626,"62":0.030534351145038167,"106":0.03816793893129771,"129":0.04580152671755725,"54":0.05343511450381679,"74":0.061068702290076333,"8":0.06870229007633588,"30":0.07633587786259542,"96":0.08396946564885496,"99":0.0916030534351145,"127":0.09923664122137404,"117":0.10687022900763359,"46":0.11450381679389313,"126":0.12213740458015267,"128":0.1297709923664122,"27":0.13740458015267176,"42":0.1450381679389313,"122":0.15267175572519084,"44":0.16030534351145037,"73":0.16793893129770993,"81":0.17557251908396945,"111":0.183206106870229,"34":0.19083969465648856,"43":0.1984732824427481,"77":0.20610687022900764,"119":0.21374045801526717,"15":0.22137404580152673,"113":0.22900763358778625,"35":0.2366412213740458,"12":0.24427480916030533,"18":0.25190839694656486,"64":0.2595419847328244,"80":0.26717557251908397,"84":0.2748091603053435,"118":0.2824427480916031,"75":0.2900763358778626,"51":0.29770992366412213,"85":0.3053435114503817,"40":0.31297709923664124,"120":0.32061068702290074,"23":0.3282442748091603,"55":0.33587786259541985,"11":0.3435114503816794,"21":0.3511450381679389,"89":0.35877862595419846,"100":0.366412213740458,"101":0.37404580152671757,"91":0.3816793893129771,"24":0.3893129770992366,"76":0.3969465648854962,"1":0.40458015267175573,"16":0.4122137404580153,"29":0.4198473282442748,"28":0.42748091603053434,"3":0.4351145038167939,"14":0.44274809160305345,"20":0.45038167938931295,"125":0.4580152671755725,"114":0.46564885496183206,"124":0.4732824427480916,"32":0.48091603053435117,"97":0.48854961832061067,"112":0.4961832061068702,"90":0.5038167938931297,"53":0.5114503816793893,"57":0.5190839694656488,"68":0.5267175572519084,"56":0.5343511450381679,"131":0.5419847328244275,"115":0.549618320610687,"130":0.5572519083969466,"67":0.5648854961832062,"48":0.5725190839694656,"78":0.5801526717557252,"59":0.5877862595419847,"61":0.5954198473282443,"92":0.6030534351145038,"7":0.6106870229007634,"83":0.6183206106870229,"31":0.6259541984732825,"58":0.6335877862595419,"116":0.6412213740458015,"2":0.648854961832061,"86":0.6564885496183206,"98":0.6641221374045801,"38":0.6717557251908397,"39":0.6793893129770993,"25":0.6870229007633588,"63":0.6946564885496184,"0":0.7022900763358778,"41":0.7099236641221374,"93":0.7175572519083969,"107":0.7251908396946565,"19":0.732824427480916,"87":0.7404580152671756,"17":0.7480916030534351,"60":0.7557251908396947,"71":0.7633587786259542,"103":0.7709923664122137,"110":0.7786259541984732,"123":0.7862595419847328,"102":0.7938931297709924,"47":0.8015267175572519,"70":0.8091603053435115,"6":0.816793893129771,"9":0.8244274809160306,"4":0.8320610687022901,"66":0.8396946564885496,"108":0.8473282442748091,"10":0.8549618320610687,"5":0.8625954198473282,"65":0.8702290076335878,"26":0.8778625954198473,"49":0.8854961832061069,"37":0.8931297709923665,"82":0.9007633587786259,"79":0.9083969465648855,"95":0.916030534351145,"88":0.9236641221374046,"69":0.9312977099236641,"33":0.9389312977099237,"104":0.9465648854961832,"105":0.9541984732824428,"36":0.9618320610687023,"50":0.9694656488549618,"45":0.9770992366412213,"72":0.9847328244274809,"22":0.9923664122137404,"13":1.0}}