{"name":"density","eps":0.5,"weight":"value","num_of_nodes":171,"num_of_edges":533,"process_time":0.05804085731506348,"data":{"0":0.20287395939763872,"1":0.0019820417395507816,"2":0.0029730963531421927,"3":0.002973028865547541,"4":0.20188281480036344,"5":0.20188281480036344,"6":0.40277482244191093,"7":0.0014864919367967185,"8":0.4002972758914667,"9":0.001486514432755076,"10":0.002477546550294656,"11":0.001486446944973477,"12":0.0,"13":0.002973141344946739,"14":0.20039639035116139,"15":0.40178397029149604,"16":0.0024776140382445073,"17":0.003963948503706618,"18":0.603171212793171,"19":0.20287402688523337,"20":0.20287395939765743,"21":0.20237854457022353,"22":0.6016847433522976,"23":0.002477659029918191,"24":0.6041621549272674,"25":0.0024775690463277925,"26":0.002477501558733141,"27":0.0029730738572960034,"28":0.0029729613777098583,"29":0.2008919851456826,"30":0.6006936662426884,"31":0.20237840959482858,"32":0.4022793851188552,"33":0.2038649465235794,"34":0.40277479994593385,"35":0.0024774340709702368,"36":0.002477501558639667,"37":0.001486446944973477,"38":0.40178381282012404,"39":0.2008919851456826,"40":0.0014864919367967185,"41":0.20188281480036344,"42":0.6026756404945691,"43":0.4017838803078309,"44":0.002477501558733141,"45":0.002477501558639667,"46":0.0029729613777098583,"47":0.20237845458663312,"48":0.6016848558318122,"49":0.6011892385414616,"50":0.6011891260618327,"51":0.0024775465505750766,"52":0.403765809567889,"53":0.40277495741736197,"54":0.0024775240545232458,"55":0.0029730288653232045,"56":0.000990964630113181,"57":0.4012884204887607,"58":0.4032703272530474,"59":0.20436054131798845,"60":0.0024776365339598335,"61":0.0029730963531608874,"62":0.40376596703913015,"63":0.20287404938115436,"64":0.204856068624915,"65":0.6026757979659467,"66":0.001982064235490444,"67":0.40327039474054854,"68":0.4027748449379441,"69":0.20138730998937654,"70":0.002477614038132339,"71":0.20287395939765743,"72":0.20535159593165464,"73":0.401783947795519,"74":0.6021801131877921,"75":0.6026758204617545,"76":0.0024775015587705303,"77":0.0029730963531608874,"78":0.4032704622283302,"79":0.20138748995657604,"80":0.7996035196652092,"81":0.20336950920026192,"82":0.0024776365340906962,"83":0.00396403848742788,"84":0.20386499151525309,"85":0.4012884204887607,"86":0.2028740043893124,"87":0.7996035196652092,"88":0.0004953698354984874,"89":0.4012884204887794,"90":0.2038649240277332,"91":0.40029736587513187,"92":0.401783947795519,"93":0.20237849957841897,"94":0.4007927132146533,"95":0.0004953698354984874,"96":0.20188306225523237,"97":0.0029731413450589076,"98":0.6026758204617926,"99":0.6026758204617545,"100":0.6021803156509375,"101":0.8005947092542949,"102":0.20287402688534556,"103":0.20138762493193357,"104":0.20039625537580383,"105":0.0004953698354984874,"106":0.0029730513614498145,"107":0.002477411575086658,"108":0.40178372283657104,"109":0.4017839702913465,"110":0.4032703947407355,"111":0.0014864694409318345,"112":0.20138762493193357,"113":0.6021802931549395,"114":0.40525252646376453,"115":0.20188299476758162,"116":0.0029731863368260645,"117":0.0029731638407929284,"118":0.20436056381385334,"119":0.0034686911476821073,"120":0.8030723232924672,"121":0.8015855614047986,"122":0.0059461702104755855,"123":0.0019819292600207206,"124":0.20485606862495243,"125":0.40277493492147837,"126":0.20336959918377756,"127":0.4022794751023147,"128":0.20436058630971823,"129":0.20287393690182992,"130":0.20336948670447183,"131":0.0034686911476634126,"132":0.4037658770556332,"133":0.6041623123986831,"134":0.6021802256674209,"135":0.0024776590300490536,"136":0.2028740718771127,"137":0.20436063130159754,"138":0.20336950920028063,"139":0.6026757979659276,"140":0.4037658770557267,"141":0.20188308475111594,"142":0.6041624248781406,"143":1.0,"144":0.20436036135084504,"145":0.20386492402763975,"146":0.0034686911476634126,"147":0.003468466188659375,"148":0.40376603452681825,"149":0.0024776590299555802,"150":0.4057480762663877,"151":0.6021802931550917,"152":0.00198206423543436,"153":0.0019819292600207206,"154":0.4007927357105743,"155":0.20287395939752656,"156":0.40376601203093465,"157":0.00346866865172375,"158":0.4027749124256135,"159":0.4037659445433213,"160":0.2053515734356776,"161":0.6026759104454233,"162":0.001981951755941688,"163":0.6001981389358544,"164":0.2033696441756382,"165":0.2038651939782053,"166":0.003964240950398781,"167":0.2033696441755821,"168":0.001981951755941688,"169":0.2033693517289647,"170":0.2043607212850758},"ranked":{"12":0.0,"88":0.0058823529411764705,"95":0.011764705882352941,"105":0.01764705882352941,"56":0.023529411764705882,"11":0.029411764705882353,"37":0.03529411764705882,"111":0.041176470588235294,"7":0.047058823529411764,"40":0.052941176470588235,"9":0.058823529411764705,"123":0.06470588235294118,"153":0.07058823529411765,"162":0.07647058823529412,"168":0.08235294117647059,"1":0.08823529411764706,"152":0.09411764705882353,"66":0.1,"107":0.10588235294117647,"35":0.11176470588235295,"36":0.11764705882352941,"45":0.12352941176470589,"26":0.12941176470588237,"44":0.13529411764705881,"76":0.1411764705882353,"54":0.14705882352941177,"10":0.15294117647058825,"51":0.1588235294117647,"25":0.16470588235294117,"70":0.17058823529411765,"16":0.17647058823529413,"60":0.18235294117647058,"82":0.18823529411764706,"23":0.19411764705882353,"149":0.2,"135":0.20588235294117646,"28":0.21176470588235294,"46":0.21764705882352942,"55":0.2235294117647059,"3":0.22941176470588234,"106":0.23529411764705882,"27":0.2411764705882353,"2":0.24705882352941178,"61":0.2529411764705882,"77":0.25882352941176473,"13":0.2647058823529412,"97":0.27058823529411763,"117":0.27647058823529413,"116":0.2823529411764706,"147":0.28823529411764703,"157":0.29411764705882354,"131":0.3,"146":0.3058823529411765,"119":0.31176470588235294,"17":0.3176470588235294,"83":0.3235294117647059,"166":0.32941176470588235,"122":0.3352941176470588,"104":0.3411764705882353,"14":0.34705882352941175,"29":0.35294117647058826,"39":0.3588235294117647,"69":0.36470588235294116,"79":0.37058823529411766,"103":0.3764705882352941,"112":0.38235294117647056,"4":0.38823529411764707,"5":0.3941176470588235,"41":0.4,"115":0.40588235294117647,"96":0.4117647058823529,"141":0.4176470588235294,"31":0.4235294117647059,"47":0.4294117647058823,"93":0.43529411764705883,"21":0.4411764705882353,"129":0.4470588235294118,"155":0.45294117647058824,"0":0.4588235294117647,"20":0.4647058823529412,"71":0.47058823529411764,"86":0.4764705882352941,"19":0.4823529411764706,"102":0.48823529411764705,"63":0.49411764705882355,"136":0.5,"169":0.5058823529411764,"130":0.5117647058823529,"81":0.5176470588235295,"138":0.5235294117647059,"126":0.5294117647058824,"167":0.5352941176470588,"164":0.5411764705882353,"145":0.5470588235294118,"90":0.5529411764705883,"33":0.5588235294117647,"84":0.5647058823529412,"165":0.5705882352941176,"144":0.5764705882352941,"59":0.5823529411764706,"118":0.5882352941176471,"128":0.5941176470588235,"137":0.6,"170":0.6058823529411764,"64":0.611764705882353,"124":0.6176470588235294,"160":0.6235294117647059,"72":0.6294117647058823,"8":0.6352941176470588,"91":0.6411764705882353,"94":0.6470588235294118,"154":0.6529411764705882,"57":0.6588235294117647,"85":0.6647058823529411,"89":0.6705882352941176,"108":0.6764705882352942,"38":0.6823529411764706,"43":0.6882352941176471,"73":0.6941176470588235,"92":0.7,"109":0.7058823529411765,"15":0.711764705882353,"32":0.7176470588235294,"127":0.7235294117647059,"34":0.7294117647058823,"6":0.7352941176470589,"68":0.7411764705882353,"158":0.7470588235294118,"125":0.7529411764705882,"53":0.7588235294117647,"58":0.7647058823529411,"67":0.7705882352941177,"110":0.7764705882352941,"78":0.7823529411764706,"52":0.788235294117647,"132":0.7941176470588235,"140":0.8,"159":0.8058823529411765,"62":0.8117647058823529,"156":0.8176470588235294,"148":0.8235294117647058,"114":0.8294117647058824,"150":0.8352941176470589,"163":0.8411764705882353,"30":0.8470588235294118,"50":0.8529411764705882,"49":0.8588235294117647,"22":0.8647058823529412,