{"name":"pagerank","alpha":0.85,"weight":"value","num_of_nodes":177,"num_of_edges":344,"process_time":0.03697919845581055,"data":{"0":0.17503054729984008,"1":0.41931841899229116,"2":0.21156255170152158,"3":0.3665768261070164,"4":0.23186683823187235,"5":0.3612145588750456,"6":1.0,"7":0.2385890609457851,"8":0.16058658318097177,"9":0.5415926452068762,"10":0.10133875421631867,"11":0.18066522913378352,"12":0.07694028817963454,"13":0.5968011384687751,"14":0.2385890609457851,"15":0.6363228004568466,"16":0.40906916269451493,"17":0.34945074193127335,"18":0.7448192608123624,"19":0.14207057476674143,"20":0.16058658318097177,"21":0.09814609383222775,"22":0.3502042235153763,"23":0.2385890609457851,"24":0.3833956534478281,"25":0.3992627059651477,"26":0.4909381827864227,"27":0.3502042235153763,"28":0.11154679522906873,"29":0.09083221358408206,"30":0.15966701681270232,"31":0.09101266328576714,"32":0.3650418228665053,"33":0.12181817692488574,"34":0.3194749564115465,"35":0.8799650534667744,"36":0.6919852372633106,"37":0.2301904949733053,"38":0.12706920849081116,"39":0.5219639074808993,"40":0.21156255170152158,"41":0.6077768711655477,"42":0.23019049497330496,"43":0.18066522913378352,"44":0.16058658318097177,"45":0.11045354483605735,"46":0.6725259595008298,"47":0.1178516428298751,"48":0.1399342450218196,"49":0.15942431033356946,"50":0.2084296595797653,"51":0.13820839369121224,"52":0.18720479160197068,"53":0.40165598981786094,"54":0.4097690131396369,"55":0.3495911053704249,"56":0.6459662918070436,"57":0.1460251867820374,"58":0.411090047612294,"59":0.2159246313910847,"60":0.46184868444867977,"61":0.4053680126702937,"62":0.9456374072540895,"63":0.23586446894005944,"64":0.09336552022188944,"65":0.10550473715037646,"66":0.14369261786656917,"67":0.11186610535406742,"68":0.6246293656770519,"69":0.3775688870010675,"70":0.5516993181387203,"71":0.35325702249135205,"72":0.09930976600509754,"73":0.10375929164729515,"74":0.11669103570433745,"75":0.3582419907723535,"76":0.3364867671439299,"77":0.3537862408013363,"78":0.3516658720951633,"79":0.8435415679015897,"80":0.0961012871692763,"81":0.37973422838293325,"82":0.10117573388066856,"83":0.25467228916107104,"84":0.20127247783854008,"85":0.10117573388066856,"86":0.3812362531485065,"87":0.4844939107777697,"88":0.019837459861040418,"89":0.08792610655149344,"90":0.10550473715037646,"91":0.11186610535406742,"92":0.6258298356169807,"93":0.04419028893867893,"94":0.09628504310219796,"95":0.42162779620826657,"96":0.6188638437717435,"97":0.021198623661679912,"98":0.43114903685341555,"99":0.18874471700818726,"100":0.3437643398453977,"101":0.4582340099525748,"102":0.1358404948931994,"103":0.2367673164463115,"104":0.4276161504331098,"105":0.6600339022131317,"106":0.20363724110069217,"107":0.9301295988271492,"108":0.3537862408013363,"109":0.614610192278304,"110":0.3582419907723535,"111":0.3537862408013363,"112":0.4108444652452427,"113":0.3582419907723535,"114":0.20616130696088247,"115":0.25467228916107104,"116":0.2502831573542329,"117":0.33739964096646224,"118":0.3549973716891438,"119":0.12279965833746433,"120":0.2724995475873733,"121":0.19671485600882893,"122":0.9419399258599225,"123":0.20127247783854008,"124":0.4434346984551961,"125":0.07114451323231887,"126":0.4309241234306053,"127":0.30189124659316763,"128":0.3640837500490317,"129":0.8224833384972425,"130":0.05336092055265833,"131":0.19396936025064052,"132":0.07975125801237977,"133":0.20274595696887007,"134":0.8099513099198629,"135":0.22280865581394224,"136":0.04605985084690929,"137":0.19396936025064052,"138":0.30047415282686457,"139":0.06689711395553528,"140":0.46424247230974025,"141":0.27760727933482354,"142":0.23094573200058427,"143":0.8891526603679121,"144":0.3479042264834576,"145":0.22666535934554524,"146":0.20127247783854008,"147":0.54673681964596,"148":0.40014584932685354,"149":0.3439468917236089,"150":0.0937779141016139,"151":0.30188034329452756,"152":0.40014584932685354,"153":0.4358228255483705,"154":0.0,"155":0.27760727933482354,"156":0.5354884888418369,"157":0.3154050136376936,"158":0.8616627302275163,"159":0.10240937727368518,"160":0.3439468917236089,"161":0.2724995475873733,"162":0.2724995475873733,"163":0.07376938181276857,"164":0.9287567216431378,"165":0.0937779141016139,"166":0.2976007527147173,"167":0.09664264603282732,"168":0.4117292373697162,"169":0.20274595696887007,"170":0.4087906385583946,"171":0.5201220670827071,"172":0.3602935902667991,"173":0.5162022130903486,"174":0.0746792026595273,"175":0.40014584932685354,"176":0.0},"ranked":{"154":0.0,"176":0.005681818181818182,"88":0.011363636363636364,"97":0.017045454545454544,"93":0.022727272727272728,"136":0.028409090909090908,"130":0.03409090909090909,"139":0.03977272727272727,"125":0.045454545454545456,"163":0.05113636363636364,"174":0.056818181818181816,"12":0.0625,"132":0.06818181818181818,"89":0.07386363636363637,"29":0.07954545454545454,"31":0.08522727272727272,"64":0.09090909090909091,"150":0.09659090909090909,"165":0.10227272727272728,"80":0.10795454545454546,"94":0.11363636363636363,"167":0.11931818181818182,"21":0.125,"72":0.13068181818181818,"82":0.13636363636363635,"85":0.14204545454545456,"10":0.14772727272727273,"159":0.1534090909090909,"73":0.1590909090909091,"65":0.16477272727272727,"90":0.17045454545454544,"45":0.17613636363636365,"28":0.18181818181818182,"67":0.1875,"91":0.19318181818181818,"74":0.19886363636363635,"47":0.20454545454545456,"33":0.21022727272727273,"119":0.2159090909090909,"38":0.2215909090909091,"102":0.22727272727272727,"51":0.23295454545454544,"48":0.23863636363636365,"19":0.24431818181818182,"66":0.25,"57":0.2556818181818182,"49":0.26136363636363635,"30":0.26704545454545453,"8":0.2727272727272727,"20":0.2784090909090909,"44":0.2840909090909091,"0":0.2897727272727273,"11":0.29545454545454547,"43":0.30113636363636365,"52":0.3068181818181818,"99":0.3125,"131":0.3181818181818182,"137":0.32386363636363635,"121":0.32954545454545453,"84":0.3352272727272727,"123":0.3409090909090909,"146":0.3465909090909091,"133":0.3522727272727273,"169":0.35795454545454547,"106":0.36363636363636365,"114":0.3693181818181818,"50":0.375,"2":0.3806818181818182,"40":0.38636363636363635,"59":0.39204545454545453,"135":0.3977272727272727,"145":0.4034090909090909,"42":0.4090909090909091,"37":0.4147727272727273,"142":0.42045454545454547,"4":0.42613636363636365,"63":0.4318181818181818,"103":0.4375,"7":0.4431818181818182,"14":0.44886363636363635,"23":0.45454545454545453,"116":0.4602272727272727,"83":0.4659090909090909,"115":0.4715909090909091,"120":0.4772727272727273,"161":0.48295454545454547,"162":0.48863636363636365,"141":0.4943181818181818,"155":0.5,"166":0.5056818181818182,"138":0.5113636363636364,"151":0.5170454545454546,"127":0.5227272727272727,"157":0.5284090909090909,"34":0.5340909090909091,"76":0.5397727272727273,"117":0.5454545454545454,"100":0.5511363636363636,"149":0.5568181818181818,"160":0.5625,"144":0.5681818181818182,"17":0.5738636363636364,"55":0.5795454545454546,"22":0.5852272727272727,"27":0.5909090909090909,"78":0.5965909090909091,"71":0.6022727272727273,"77":0.6079545454545454,"108":0.6136363636363636,"111":0.6193181818181818,"118":0.625,"75":0.6306818181818182,"110":0.6363636363636364,"113":0.6420454545454546,"172":0.6477272727272727,"5":0.6534090909090909,"128":0.6590909090909091,"32":0.6647727272727273,"3":0.6704545454545454,"69":0.6761363636363636,"81":0.6818181818181818,"86":0.6875,"24":0.6931818181818182,"25":0.6988636363636364,"148":0.7045454545454546,"152":0.7102272727272727,"175":0.7159090909090909,"53":0.7215909090909091,"61":0.7272727272727273,"170":0.7329545454545454,"16":0.7386363636363636,"54":0.7443181818181818,"112":0.75,"58":0.7556818181818182,"168":0.7613636363636364,"1":0.7670454545454546,"95":0.7727272727272727,"104":0.7784090909090909,"126":0.7840909090909091,"98":0.7897727272727273,"153":0.7954545454545454,"124":0.8011363636363636,"101":0.8068181818181818,"60":0.8125,"140":0.8181818181818182,"87":0.8238636363636364,"26":0.8295454545454546,"173":0.8352272727272727,