{"name":"agd","num_of_nodes":135,"num_of_edges":413,"weight":"value","process_time":0.04130887985229492,"data":{"0":0.2867587327376116,"1":0.3354995938261576,"2":0.5020308692120226,"3":0.19090170593013808,"4":0.6076360682372055,"5":0.6076360682372055,"6":0.3290008123476847,"7":0.4906580016246954,"8":0.31925264012997556,"9":0.12672623883021933,"10":0.199025182778229,"11":0.5044679122664499,"12":0.17303005686433798,"13":0.17627944760357425,"14":0.48984565393988627,"15":0.19008935824532897,"16":0.05280259951259135,"17":0.5166531275385864,"18":0.2428919577579203,"19":0.12103980503655565,"20":0.2843216896831843,"21":0.4183590576766855,"22":0.39967506092607635,"23":0.30138099106417543,"24":0.1746547522339562,"25":0.4021121039805037,"26":0.3891145410235581,"27":0.48659626320064986,"28":0.3290008123476847,"29":0.3346872461413485,"30":0.587327376116978,"31":0.587327376116978,"32":0.10479285134037368,"33":0.25507717303005684,"34":0.25507717303005684,"35":0.04792851340373677,"36":0.3021933387489846,"37":0.12022745735174653,"38":0.2924451665312754,"39":0.1056051990251828,"40":0.5150284321689682,"41":0.25751421608448416,"42":0.2843216896831843,"43":0.2502030869212023,"44":0.25751421608448416,"45":0.09017059301380995,"46":0.06173842404549149,"47":0.02437043054427299,"48":0.4094232331437855,"49":0.03655564581640939,"50":0.0,"51":0.2843216896831843,"52":0.6969943135662063,"53":0.6969943135662063,"54":0.022745735174654766,"55":0.06092607636068238,"56":0.5946385052802599,"57":0.08773354995938261,"58":0.40048740861088544,"59":0.4012997562956946,"60":0.08935824532900084,"61":0.06092607636068238,"62":0.060113728675873265,"63":0.5922014622258326,"64":0.5938261575954508,"65":0.3086921202274573,"66":0.15109666937449234,"67":0.07879772542648257,"68":0.16734362307067419,"69":0.32656376929325753,"70":0.02355808285946388,"71":0.13891145410235584,"72":0.49390739236393166,"73":0.49471974004874075,"74":0.3964256701868399,"75":0.5946385052802599,"76":0.074735987002437,"77":0.022745735174654766,"78":0.32575142160844844,"79":0.4086108854589764,"80":0.31356620633631194,"81":0.08204711616571893,"82":0.04630381803411864,"83":0.058489033306255045,"84":0.32575142160844844,"85":0.49228269699431343,"86":0.39967506092607635,"87":0.22502030869212022,"88":0.08935824532900084,"89":0.4012997562956946,"90":0.18846466287571073,"91":0.5345247766043865,"92":0.6133225020308691,"93":0.46709991876523155,"94":0.7043054427294881,"95":0.010560519902518271,"96":0.20633631194151103,"97":0.3834281072298943,"98":0.7043054427294881,"99":0.3818034118602762,"100":0.32087733549959374,"101":0.7985377741673435,"102":0.18927701056051985,"103":0.2640129975629569,"104":0.4703493095044678,"105":0.8960194963444351,"106":0.5418359057676685,"107":0.28350934199837535,"108":0.45735174654752236,"109":0.3387489845653939,"110":0.23314378554021115,"111":1.0,"112":0.2055239642567019,"113":0.8952071486596263,"114":0.5304630381803411,"115":1.0,"116":0.7043054427294881,"117":0.7993501218521526,"118":0.4565393988627133,"119":0.5418359057676685,"120":0.5337124289195776,"121":0.45247766043866766,"122":0.8976441917140534,"123":0.7977254264825343,"124":0.18846466287571073,"125":0.9991876523151907,"126":0.39967506092607635,"127":0.25832656376929325,"128":0.5442729488220959,"129":0.31762794476035733,"130":0.5304630381803411,"131":0.11616571892770107,"132":1.0,"133":0.15759545085296503,"134":0.11697806661251019},"ranked":{"50":0.0,"95":0.007462686567164179,"54":0.014925373134328358,"77":0.022388059701492536,"70":0.029850746268656716,"47":0.03731343283582089,"49":0.04477611940298507,"82":0.05223880597014925,"35":0.05970149253731343,"16":0.06716417910447761,"83":0.07462686567164178,"62":0.08208955223880597,"55":0.08955223880597014,"61":0.09701492537313433,"46":0.1044776119402985,"76":0.11194029850746269,"67":0.11940298507462686,"81":0.12686567164179105,"57":0.13432835820895522,"60":0.1417910447761194,"88":0.14925373134328357,"45":0.15671641791044777,"32":0.16417910447761194,"39":0.17164179104477612,"131":0.1791044776119403,"134":0.1865671641791045,"37":0.19402985074626866,"19":0.20149253731343283,"9":0.208955223880597,"71":0.21641791044776118,"66":0.22388059701492538,"133":0.23134328358208955,"68":0.23880597014925373,"12":0.2462686567164179,"24":0.2537313432835821,"13":0.26119402985074625,"90":0.26865671641791045,"124":0.27611940298507465,"102":0.2835820895522388,"15":0.291044776119403,"3":0.29850746268656714,"10":0.30597014925373134,"112":0.31343283582089554,"96":0.3208955223880597,"87":0.3283582089552239,"110":0.3358208955223881,"18":0.34328358208955223,"43":0.35074626865671643,"33":0.3582089552238806,"34":0.3656716417910448,"41":0.373134328358209,"44":0.3805970149253731,"127":0.3880597014925373,"103":0.39552238805970147,"107":0.40298507462686567,"20":0.41044776119402987,"42":0.417910447761194,"51":0.4253731343283582,"0":0.43283582089552236,"38":0.44029850746268656,"23":0.44776119402985076,"36":0.4552238805970149,"65":0.4626865671641791,"80":0.4701492537313433,"129":0.47761194029850745,"8":0.48507462686567165,"100":0.4925373134328358,"78":0.5,"84":0.5074626865671642,"69":0.5149253731343284,"6":0.5223880597014925,"28":0.5298507462686567,"29":0.5373134328358209,"1":0.5447761194029851,"109":0.5522388059701493,"99":0.5597014925373134,"97":0.5671641791044776,"26":0.5746268656716418,"74":0.582089552238806,"22":0.5895522388059702,"86":0.5970149253731343,"126":0.6044776119402985,"58":0.6119402985074627,"59":0.6194029850746269,"89":0.6268656716417911,"25":0.6343283582089553,"79":0.6417910447761194,"48":0.6492537313432836,"21":0.6567164179104478,"121":0.664179104477612,"118":0.6716417910447762,"108":0.6791044776119403,"93":0.6865671641791045,"104":0.6940298507462687,"27":0.7014925373134329,"14":0.7089552238805971,"7":0.7164179104477612,"85":0.7238805970149254,"72":0.7313432835820896,"73":0.7388059701492538,"2":0.746268656716418,"11":0.753731343283582,"40":0.7611940298507462,"17":0.7686567164179104,"114":0.7761194029850746,"130":0.7835820895522388,"120":0.7910447761194029,"91":0.7985074626865671,"106":0.8059701492537313,"119":0.8134328358208955,"128":0.8208955223880597,"30":0.8283582089552238,"31":0.835820895522388,"63":0.8432835820895522,"64":0.8507462686567164,"56":0.8582089552238806,"75":0.8656716417910447,"4":0.8731343283582089,"5":0.8805970149253731,"92":0.8880597014925373,"52":0.8955223880597015,"53":0.9029850746268657,"94":0.9104477611940298,"98":0.917910447761194,"116":0.9253731343283582,"123":0.9328358208955224,"101":0.9402985074626866,"117":0.9477611940298507,"113":0.9552238805970149,"105":0.9626865671641791,"122":0.9701492537313433,"125":0.9776119402985075,"111":0.9850746268656716,"115":0.9925373134328358,"132":1.0}}