{"name":"fiedler","normalized":true,"weight":"value","num_of_nodes":99,"num_of_edges":314,"process_time":0.040760040283203125,"data":{"0":0.10320243165112776,"1":0.2990582624706857,"2":0.23645289548429302,"3":0.025272816531078806,"4":0.1539722445156286,"5":0.1874648189930222,"6":0.23956516779117404,"7":0.2416534477713375,"8":0.13821963652303798,"9":0.07202066843930288,"10":0.05878878592164147,"11":0.23290245562268627,"12":0.04505845597841658,"13":0.26302285422448185,"14":0.19779743326736585,"15":0.2596860078722146,"16":0.08058173096787817,"17":0.20690513509507008,"18":0.2652988833711168,"19":0.12996384901176486,"20":0.05302116392889612,"21":0.1299638490117828,"22":0.24270454755701676,"23":0.24759485784752738,"24":0.1813964397849336,"25":0.25542892558225705,"26":0.09593302117259124,"27":0.07693563123592362,"28":0.2768130895648679,"29":0.022267503029972838,"30":0.0,"31":0.06286917084741557,"32":0.022267503049776823,"33":0.5315704191387568,"34":0.29910675433776934,"35":0.8215366500086195,"36":0.8230613728850966,"37":0.4440005006569108,"38":0.6756374733626485,"39":0.3976566173771731,"40":0.7977387962963313,"41":0.6027409666244176,"42":0.47114453340411,"43":0.35598727570350575,"44":0.7961505148413048,"45":0.5390491756788116,"46":0.43956747473129476,"47":0.45032860921919915,"48":0.22215947877698577,"49":0.7092342252346733,"50":0.7860450733090593,"51":0.40886497047580883,"52":0.8215366500086226,"53":0.5784757327144716,"54":0.8387539724252827,"55":0.5236555556077533,"56":0.4220920931827226,"57":0.5126669351973402,"58":0.477969014250097,"59":0.44447416116899074,"60":0.7911787213033723,"61":0.5444893461793507,"62":0.5549223636655294,"63":0.21795098782600372,"64":0.49106280920732626,"65":0.5390491756789427,"66":1.0,"67":0.4749310381204168,"68":0.6358958613896766,"69":0.9320171347579522,"70":0.865095282433901,"71":0.9407341384138209,"72":0.5193890289894174,"73":0.5847808776870292,"74":0.9406625155999262,"75":0.3271877111411669,"76":0.47897756020966603,"77":0.3546954604175582,"78":0.5383205477024177,"79":0.837835241610664,"80":0.9199536873622849,"81":0.5573847092205434,"82":0.4484466768300487,"83":0.936102020421029,"84":0.41564579945804125,"85":0.7546512205688364,"86":0.8653476401676466,"87":0.21788762443073809,"88":0.8547320549468364,"89":0.8681632406989144,"90":0.40515762302410174,"91":0.6004113256168166,"92":0.8553103831522052,"93":0.6670459021407014,"94":0.9653799888298423,"95":0.548083749626962,"96":0.5847808776872546,"97":0.5946698714350712,"98":0.4525542940996853},"ranked":{"30":0.0,"29":0.01020408163265306,"32":0.02040816326530612,"3":0.030612244897959183,"12":0.04081632653061224,"20":0.05102040816326531,"10":0.061224489795918366,"31":0.07142857142857142,"9":0.08163265306122448,"27":0.09183673469387756,"16":0.10204081632653061,"26":0.11224489795918367,"0":0.12244897959183673,"19":0.1326530612244898,"21":0.14285714285714285,"8":0.15306122448979592,"4":0.16326530612244897,"24":0.17346938775510204,"5":0.1836734693877551,"14":0.19387755102040816,"17":0.20408163265306123,"87":0.21428571428571427,"63":0.22448979591836735,"48":0.23469387755102042,"11":0.24489795918367346,"2":0.25510204081632654,"6":0.2653061224489796,"7":0.2755102040816326,"22":0.2857142857142857,"23":0.29591836734693877,"25":0.30612244897959184,"15":0.3163265306122449,"13":0.32653061224489793,"18":0.336734693877551,"28":0.3469387755102041,"1":0.35714285714285715,"34":0.3673469387755102,"75":0.37755102040816324,"77":0.3877551020408163,"43":0.3979591836734694,"39":0.40816326530612246,"90":0.41836734693877553,"51":0.42857142857142855,"84":0.4387755102040816,"56":0.4489795918367347,"46":0.45918367346938777,"37":0.46938775510204084,"59":0.47959183673469385,"82":0.4897959183673469,"47":0.5,"98":0.5102040816326531,"42":0.5204081632653061,"67":0.5306122448979592,"58":0.5408163265306123,"76":0.5510204081632653,"64":0.5612244897959183,"57":0.5714285714285714,"72":0.5816326530612245,"55":0.5918367346938775,"33":0.6020408163265306,"78":0.6122448979591837,"45":0.6224489795918368,"65":0.6326530612244898,"61":0.6428571428571429,"95":0.6530612244897959,"62":0.6632653061224489,"81":0.673469387755102,"53":0.6836734693877551,"73":0.6938775510204082,"96":0.7040816326530612,"97":0.7142857142857143,"91":0.7244897959183674,"41":0.7346938775510204,"68":0.7448979591836735,"93":0.7551020408163265,"38":0.7653061224489796,"49":0.7755102040816326,"85":0.7857142857142857,"50":0.7959183673469388,"60":0.8061224489795918,"44":0.8163265306122449,"40":0.826530612244898,"35":0.8367346938775511,"52":0.8469387755102041,"36":0.8571428571428571,"79":0.8673469387755102,"54":0.8775510204081632,"88":0.8877551020408163,"92":0.8979591836734694,"70":0.9081632653061225,"86":0.9183673469387755,"89":0.9285714285714286,"80":0.9387755102040817,"69":0.9489795918367347,"83":0.9591836734693877,"74":0.9693877551020408,"71":0.9795918367346939,"94":0.9897959183673469,"66":1.0}}