{"name":"density","eps":0.5,"weight":"value","num_of_nodes":105,"num_of_edges":215,"process_time":0.009036064147949219,"data":{"0":0.25139167567865844,"1":0.5015465840053102,"2":0.2520102980482829,"3":0.0012373289837776522,"4":0.0006185662063796847,"5":0.25077319371718093,"6":0.2513918441682294,"7":0.2513918160867587,"8":0.0024741244173251582,"9":0.0018556705373416493,"10":0.0012371604942067254,"11":0.0006185942880604067,"12":0.2513917318419032,"13":0.0006185381247222994,"14":0.0018556705374349956,"15":0.25015476791878477,"16":0.0006186785327525236,"17":8.424497215608709e-08,"18":0.0006186785327525236,"19":0.0030928871947931355,"20":0.0006185381247222994,"21":0.25015476791878477,"22":0.2557215267965,"23":0.0012371324126893596,"24":0.0012371043311253207,"25":0.5015464155159493,"26":0.49969074497851423,"27":0.0024743209885534703,"28":8.424497215608709e-08,"29":0.5021649536405781,"30":0.7486082400765794,"31":0.7486082400765794,"32":0.7492268343645698,"33":0.25077319371718093,"34":0.0012370762494445988,"35":0.0030926625420241213,"36":0.0018557547822904688,"37":1.0,"38":0.25139178800512463,"39":0.750463854450793,"40":0.25139173184185654,"41":0.2520103261298469,"42":0.0018556424558242835,"43":0.002474320988460124,"44":0.7498453724892454,"45":0.749845344407658,"46":0.252010382292975,"47":0.0012371885759807938,"48":0.49969085730495705,"49":0.2532474023791982,"50":0.25139181608659533,"51":0.7504639386955317,"52":0.0018556705373883224,"53":0.5015463874341984,"54":0.2513919003313808,"55":0.5009279054727442,"56":0.5015463031894597,"57":0.0037113129931192596,"58":0.0012371324126193499,"59":0.001855698619092381,"60":0.2520104103745391,"61":0.2526288642544759,"62":0.5027834636836431,"63":0.2520103261298003,"64":0.2520103542113176,"65":0.0006185942879437237,"66":0.0006185942879437237,"67":0.5021649536405548,"68":0.49969074497849086,"69":0.5009278493094995,"70":0.25077324988033234,"71":0.7504640229403873,"72":0.2513918722499334,"73":0.7504639386956251,"74":0.7498454848156649,"75":0.49907215069054717,"76":0.2526288923361333,"77":0.25139187224981674,"78":0.0018558109454185467,"79":0.25015459942921386,"80":0.7498455128972057,"81":0.5015464155158091,"82":0.4996907449784442,"83":0.5015464435975132,"84":0.251391816086642,"85":0.004329794954806827,"86":0.0018556424557776103,"87":2.8081634048771636e-08,"88":0.5015463312710704,"89":0.2520103261298469,"90":0.7486082681582601,"91":2.8081634048771636e-08,"92":0.2513918722499334,"93":2.8081634048771636e-08,"94":0.2513918441682294,"95":0.0012372166575214962,"96":0.25262889233617997,"97":0.252628920417744,"98":0.0,"99":0.49907215069054717,"100":0.7517009868635057,"101":0.5021648974774034,"102":0.49969071689692685,"103":0.003711369156387357,"104":0.0012371043311253207},"ranked":{"98":0.0,"87":0.009615384615384616,"91":0.019230769230769232,"93":0.028846153846153848,"17":0.038461538461538464,"28":0.04807692307692308,"13":0.057692307692307696,"20":0.0673076923076923,"4":0.07692307692307693,"65":0.08653846153846154,"66":0.09615384615384616,"11":0.10576923076923077,"16":0.11538461538461539,"18":0.125,"34":0.1346153846153846,"24":0.14423076923076922,"104":0.15384615384615385,"58":0.16346153846153846,"23":0.17307692307692307,"10":0.18269230769230768,"47":0.19230769230769232,"95":0.20192307692307693,"3":0.21153846153846154,"86":0.22115384615384615,"42":0.23076923076923078,"9":0.2403846153846154,"52":0.25,"14":0.25961538461538464,"59":0.2692307692307692,"36":0.27884615384615385,"78":0.28846153846153844,"8":0.2980769230769231,"43":0.3076923076923077,"27":0.3173076923076923,"35":0.3269230769230769,"19":0.33653846153846156,"57":0.34615384615384615,"103":0.3557692307692308,"85":0.36538461538461536,"79":0.375,"15":0.38461538461538464,"21":0.3942307692307692,"5":0.40384615384615385,"33":0.41346153846153844,"70":0.4230769230769231,"0":0.4326923076923077,"40":0.4423076923076923,"12":0.4519230769230769,"38":0.46153846153846156,"50":0.47115384615384615,"84":0.4807692307692308,"7":0.49038461538461536,"6":0.5,"94":0.5096153846153846,"77":0.5192307692307693,"72":0.5288461538461539,"92":0.5384615384615384,"54":0.5480769230769231,"2":0.5576923076923077,"63":0.5673076923076923,"41":0.5769230769230769,"89":0.5865384615384616,"64":0.5961538461538461,"46":0.6057692307692307,"60":0.6153846153846154,"61":0.625,"76":0.6346153846153846,"96":0.6442307692307693,"97":0.6538461538461539,"49":0.6634615384615384,"22":0.6730769230769231,"75":0.6826923076923077,"99":0.6923076923076923,"102":0.7019230769230769,"82":0.7115384615384616,"68":0.7211538461538461,"26":0.7307692307692307,"48":0.7403846153846154,"69":0.75,"55":0.7596153846153846,"56":0.7692307692307693,"88":0.7788461538461539,"53":0.7884615384615384,"81":0.7980769230769231,"25":0.8076923076923077,"83":0.8173076923076923,"1":0.8269230769230769,"101":0.8365384615384616,"67":0.8461538461538461,"29":0.8557692307692307,"62":0.8653846153846154,"30":0.875,"31":0.8846153846153846,"90":0.8942307692307693,"32":0.9038461538461539,"45":0.9134615384615384,"44":0.9230769230769231,"74":0.9326923076923077,"80":0.9423076923076923,"39":0.9519230769230769,"51":0.9615384615384616,"73":0.9711538461538461,"71":0.9807692307692307,"100":0.9903846153846154,"37":1.0}}