{"name":"agd","num_of_nodes":105,"num_of_edges":200,"weight":"value","process_time":0.0036880970001220703,"data":{"0":0.4851485148514851,"1":0.5099009900990099,"2":0.7475247524752475,"3":0.6237623762376238,"4":0.43069306930693074,"5":0.4851485148514851,"6":0.5099009900990099,"7":0.7475247524752475,"8":0.6336633663366337,"9":0.5891089108910891,"10":0.4455445544554455,"11":0.43069306930693074,"12":0.5198019801980197,"13":0.46534653465346537,"14":0.6386138613861385,"15":0.7524752475247525,"16":0.4554455445544554,"17":0.5891089108910891,"18":0.594059405940594,"19":0.4405940594059406,"20":0.7326732673267327,"21":0.5643564356435643,"22":0.8861386138613861,"23":0.6188118811881188,"24":0.5841584158415841,"25":0.6336633663366337,"26":0.5594059405940595,"27":0.8217821782178217,"28":0.9009900990099009,"29":0.8267326732673267,"30":0.4405940594059406,"31":0.4257425742574258,"32":0.49009900990099015,"33":0.7475247524752475,"34":0.9009900990099009,"35":0.05940594059405942,"36":0.07425742574257424,"37":0.054455445544554455,"38":0.09405940594059406,"39":0.07920792079207921,"40":0.07425742574257424,"41":0.02970297029702971,"42":0.1485148514851485,"43":0.10891089108910891,"44":0.1485148514851485,"45":0.08910891089108909,"46":0.04950495049504949,"47":0.019801980198019816,"48":0.05940594059405942,"49":0.07425742574257424,"50":0.09405940594059406,"51":0.12376237623762373,"52":0.05940594059405942,"53":0.07425742574257424,"54":0.12376237623762373,"55":0.05940594059405942,"56":0.12871287128712872,"57":0.004950495049504961,"58":0.03465346534653467,"59":0.0,"60":0.004950495049504961,"61":0.06930693069306931,"62":0.06435643564356434,"63":0.054455445544554455,"64":0.014851485148514854,"65":0.06930693069306931,"66":0.009900990099009894,"67":0.06930693069306931,"68":0.06435643564356434,"69":0.05940594059405942,"70":0.5396039603960395,"71":0.6089108910891089,"72":0.6188118811881188,"73":0.8465346534653465,"74":0.9554455445544554,"75":0.7079207920792079,"76":1.0,"77":0.5742574257425742,"78":0.7524752475247525,"79":0.8069306930693069,"80":0.698019801980198,"81":0.7376237623762375,"82":0.5346534653465347,"83":0.5297029702970297,"84":0.8762376237623762,"85":0.8465346534653465,"86":0.5198019801980197,"87":0.6287128712871287,"88":0.9801980198019801,"89":0.5198019801980197,"90":0.6732673267326732,"91":0.9603960396039604,"92":0.6089108910891089,"93":0.6435643564356435,"94":1.0,"95":0.9603960396039604,"96":0.8465346534653465,"97":0.7029702970297029,"98":1.0,"99":0.7475247524752475,"100":0.797029702970297,"101":0.6782178217821782,"102":0.8168316831683168,"103":0.5841584158415841,"104":0.7475247524752475},"ranked":{"59":0.0,"57":0.009615384615384616,"60":0.019230769230769232,"66":0.028846153846153848,"64":0.038461538461538464,"47":0.04807692307692308,"41":0.057692307692307696,"58":0.0673076923076923,"46":0.07692307692307693,"37":0.08653846153846154,"63":0.09615384615384616,"35":0.10576923076923077,"48":0.11538461538461539,"52":0.125,"55":0.1346153846153846,"69":0.14423076923076922,"62":0.15384615384615385,"68":0.16346153846153846,"61":0.17307692307692307,"65":0.18269230769230768,"67":0.19230769230769232,"36":0.20192307692307693,"40":0.21153846153846154,"49":0.22115384615384615,"53":0.23076923076923078,"39":0.2403846153846154,"45":0.25,"38":0.25961538461538464,"50":0.2692307692307692,"43":0.27884615384615385,"51":0.28846153846153844,"54":0.2980769230769231,"56":0.3076923076923077,"42":0.3173076923076923,"44":0.3269230769230769,"31":0.33653846153846156,"4":0.34615384615384615,"11":0.3557692307692308,"19":0.36538461538461536,"30":0.375,"10":0.38461538461538464,"16":0.3942307692307692,"13":0.40384615384615385,"0":0.41346153846153844,"5":0.4230769230769231,"32":0.4326923076923077,"1":0.4423076923076923,"6":0.4519230769230769,"12":0.46153846153846156,"86":0.47115384615384615,"89":0.4807692307692308,"83":0.49038461538461536,"82":0.5,"70":0.5096153846153846,"26":0.5192307692307693,"21":0.5288461538461539,"77":0.5384615384615384,"24":0.5480769230769231,"103":0.5576923076923077,"9":0.5673076923076923,"17":0.5769230769230769,"18":0.5865384615384616,"71":0.5961538461538461,"92":0.6057692307692307,"23":0.6153846153846154,"72":0.625,"3":0.6346153846153846,"87":0.6442307692307693,"8":0.6538461538461539,"25":0.6634615384615384,"14":0.6730769230769231,"93":0.6826923076923077,"90":0.6923076923076923,"101":0.7019230769230769,"80":0.7115384615384616,"97":0.7211538461538461,"75":0.7307692307692307,"20":0.7403846153846154,"81":0.75,"2":0.7596153846153846,"7":0.7692307692307693,"33":0.7788461538461539,"99":0.7884615384615384,"104":0.7980769230769231,"15":0.8076923076923077,"78":0.8173076923076923,"100":0.8269230769230769,"79":0.8365384615384616,"102":0.8461538461538461,"27":0.8557692307692307,"29":0.8653846153846154,"73":0.875,"85":0.8846153846153846,"96":0.8942307692307693,"84":0.9038461538461539,"22":0.9134615384615384,"28":0.9230769230769231,"34":0.9326923076923077,"74":0.9423076923076923,"91":0.9519230769230769,"95":0.9615384615384616,"88":0.9711538461538461,"76":0.9807692307692307,"94":0.9903846153846154,"98":1.0}}