{"name":"agd","num_of_nodes":135,"num_of_edges":430,"weight":"value","process_time":0.0422971248626709,"data":{"0":0.867379679144385,"1":0.7518716577540107,"2":0.9839572192513368,"3":0.7561497326203208,"4":0.6374331550802138,"5":0.758288770053476,"6":0.8737967914438504,"7":0.9850267379679144,"8":0.5572192513368984,"9":0.6374331550802138,"10":0.9914438502673796,"11":0.33796791443850266,"12":0.39786096256684494,"13":0.8748663101604276,"14":1.0,"15":0.8780748663101603,"16":0.6438502673796792,"17":0.47593582887700525,"18":0.7550802139037434,"19":0.5572192513368984,"20":0.42994652406417094,"21":0.39572192513368987,"22":0.21069518716577543,"23":0.5272727272727273,"24":0.8716577540106952,"25":0.6374331550802138,"26":0.5561497326203209,"27":0.6427807486631016,"28":0.48021390374331546,"29":0.5219251336898395,"30":0.2973262032085562,"31":0.4791443850267379,"32":0.8684491978609625,"33":0.21069518716577543,"34":0.6438502673796792,"35":0.4320855614973261,"36":0.2663101604278075,"37":0.20748663101604276,"38":1.0,"39":0.3593582887700533,"40":0.39358288770053473,"41":0.1540106951871658,"42":0.5368983957219251,"43":0.42459893048128344,"44":0.21069518716577543,"45":0.0737967914438503,"46":0.022459893048128357,"47":0.054545454545454494,"48":0.008556149732620345,"49":0.025668449197860908,"50":0.08663101604278076,"51":0.014973262032085571,"52":0.03743315508021393,"53":0.07272727272727274,"54":0.057754010695187166,"55":0.03636363636363637,"56":0.08556149732620319,"57":0.021390374331550797,"58":0.011764705882352894,"59":0.0042780748663101085,"60":0.09411764705882354,"61":0.08663101604278076,"62":0.026737967914438467,"63":0.059893048128342286,"64":0.026737967914438467,"65":0.10588235294117644,"66":0.024598930481283476,"67":0.023529411764705917,"68":0.05347593582887706,"69":0.007486631016042786,"70":0.0042780748663101085,"71":0.06310160427807483,"72":0.057754010695187166,"73":0.045989304812834274,"74":0.011764705882352894,"75":0.01925133689839568,"76":0.026737967914438467,"77":0.08663101604278076,"78":0.05133689839572194,"79":0.07272727272727274,"80":0.042780748663101595,"81":0.03957219251336892,"82":0.008556149732620345,"83":0.057754010695187166,"84":0.009625668449197903,"85":0.005347593582887668,"86":0.0,"87":0.022459893048128357,"88":0.056684491978609614,"89":0.028877005347593583,"90":0.5272727272727273,"91":0.41283422459893054,"92":0.4106951871657754,"93":0.7572192513368984,"94":0.5101604278074866,"95":0.4106951871657754,"96":0.5272727272727273,"97":0.33048128342245975,"98":0.1636363636363636,"99":0.6395721925133689,"100":0.2352941176470588,"101":0.24171122994652414,"102":0.4149732620320856,"103":0.748663101604278,"104":0.5037433155080213,"105":0.42994652406417094,"106":0.320855614973262,"107":0.2641711229946524,"108":0.2566844919786097,"109":0.8705882352941177,"110":0.5165775401069517,"111":0.24598930481283413,"112":0.5251336898395722,"113":0.40962566844919784,"114":0.4085561497326203,"115":0.3251336898395722,"116":0.16470588235294117,"117":0.41283422459893054,"118":0.5122994652406417,"119":0.26310160427807483,"120":0.8705882352941177,"121":0.7336898395721924,"122":0.49946524064171127,"123":0.2545454545454546,"124":0.6245989304812835,"125":0.6213903743315508,"126":0.0951871657754011,"127":0.7347593582887699,"128":0.3197860962566844,"129":0.6064171122994652,"130":0.6096256684491979,"131":0.1893048128342245,"132":0.25561497326203214,"133":0.5069518716577539,"134":0.7540106951871658},"ranked":{"86":0.0,"59":0.007462686567164179,"70":0.014925373134328358,"85":0.022388059701492536,"69":0.029850746268656716,"48":0.03731343283582089,"82":0.04477611940298507,"84":0.05223880597014925,"58":0.05970149253731343,"74":0.06716417910447761,"51":0.07462686567164178,"75":0.08208955223880597,"57":0.08955223880597014,"46":0.09701492537313433,"87":0.1044776119402985,"67":0.11194029850746269,"66":0.11940298507462686,"49":0.12686567164179105,"62":0.13432835820895522,"64":0.1417910447761194,"76":0.14925373134328357,"89":0.15671641791044777,"55":0.16417910447761194,"52":0.17164179104477612,"81":0.1791044776119403,"80":0.1865671641791045,"73":0.19402985074626866,"78":0.20149253731343283,"68":0.208955223880597,"47":0.21641791044776118,"88":0.22388059701492538,"54":0.23134328358208955,"72":0.23880597014925373,"83":0.2462686567164179,"63":0.2537313432835821,"71":0.26119402985074625,"53":0.26865671641791045,"79":0.27611940298507465,"45":0.2835820895522388,"56":0.291044776119403,"50":0.29850746268656714,"61":0.30597014925373134,"77":0.31343283582089554,"60":0.3208955223880597,"126":0.3283582089552239,"65":0.3358208955223881,"41":0.34328358208955223,"98":0.35074626865671643,"116":0.3582089552238806,"131":0.3656716417910448,"37":0.373134328358209,"22":0.3805970149253731,"33":0.3880597014925373,"44":0.39552238805970147,"100":0.40298507462686567,"101":0.41044776119402987,"111":0.417910447761194,"123":0.4253731343283582,"132":0.43283582089552236,"108":0.44029850746268656,"119":0.44776119402985076,"107":0.4552238805970149,"36":0.4626865671641791,"30":0.4701492537313433,"128":0.47761194029850745,"106":0.48507462686567165,"115":0.4925373134328358,"97":0.5,"11":0.5074626865671642,"39":0.5149253731343284,"40":0.5223880597014925,"21":0.5298507462686567,"12":0.5373134328358209,"114":0.5447761194029851,"113":0.5522388059701493,"92":0.5597014925373134,"95":0.5671641791044776,"91":0.5746268656716418,"117":0.582089552238806,"102":0.5895522388059702,"43":0.5970149253731343,"20":0.6044776119402985,"105":0.6119402985074627,"35":0.6194029850746269,"17":0.6268656716417911,"31":0.6343283582089553,"28":0.6417910447761194,"122":0.6492537313432836,"104":0.6567164179104478,"133":0.664179104477612,"94":0.6716417910447762,"118":0.6791044776119403,"110":0.6865671641791045,"29":0.6940298507462687,"112":0.7014925373134329,"23":0.7089552238805971,"90":0.7164179104477612,"96":0.7238805970149254,"42":0.7313432835820896,"26":0.7388059701492538,"8":0.746268656716418,"19":0.753731343283582,"129":0.7611940298507462,"130":0.7686567164179104,"125":0.7761194029850746,"124":0.7835820895522388,"4":0.7910447761194029,"9":0.7985074626865671,"25":0.8059701492537313,"99":0.8134328358208955,"27":0.8208955223880597,"16":0.8283582089552238,"34":0.835820895522388,"121":0.8432835820895522,"127":0.8507462686567164,"103":0.8582089552238806,"1":0.8656716417910447,"134":0.8731343283582089,"18":0.8805970149253731,"3":0.8880597014925373,"93":0.8955223880597015,"5":0.9029850746268657,"0":0.9104477611940298,"32":0.917910447761194,"109":0.9253731343283582,"120":0.9328358208955224,"24":0.9402985074626866,"6":0.9477611940298507,"13":0.9552238805970149,"15":0.9626865671641791,"2":0.9701492537313433,"7":0.9776119402985075,"10":0.9850746268656716,"14":0.9925373134328358,"38":1.0}}