{"name":"density","eps":0.5,"weight":"value","num_of_nodes":147,"num_of_edges":462,"process_time":0.04238533973693848,"data":{"0":0.0010631556180397722,"1":0.14614766880688154,"2":0.0028351245489532995,"3":0.001417449659560459,"4":0.002834995846170929,"5":0.001063075178782408,"6":0.001417626626028268,"7":0.14579348738044418,"8":0.1443761181603015,"9":0.43064699307367116,"10":0.43100133537874336,"11":0.1447303478502238,"12":0.0017719528432946828,"13":0.1440216471522729,"14":0.002835011934030424,"15":0.001063139530153539,"16":0.001063075178782408,"17":0.0003544388321759206,"18":0.002126295148193311,"19":0.4302926507685445,"20":0.0017718563160040212,"21":0.14402167932805873,"22":0.14437600554513796,"23":0.14473021914737455,"24":0.8573959794737153,"25":0.1450847062431022,"26":0.0014176105381286652,"27":0.42922954341408254,"28":0.14473047655322005,"29":0.0014174979230854646,"30":0.28804302081102795,"31":0.14366709570506714,"32":0.2866256676785576,"33":0.002835011934030424,"34":0.0007088937523182914,"35":0.2859168382776506,"36":0.28697988128074076,"37":0.002126198621089822,"38":0.28662565159069814,"39":0.0021263112360126973,"40":0.14543900028462292,"41":0.14685654647120663,"42":0.001063075178782408,"43":0.14579340694120016,"44":0.7176269065300244,"45":0.1461478296855166,"46":4.826355174463673e-08,"47":0.14579342302889922,"48":1.0,"49":0.2873343683764684,"50":0.14366725658364873,"51":0.1440215667130289,"52":0.0017719689309803742,"53":0.14650217199058901,"54":0.000708829400813466,"55":0.00035443883213581224,"56":0.2876886945936947,"57":0.00177201719450538,"58":0.0028349797583916516,"59":0.7158551306533052,"60":0.14473033176228406,"61":0.14402158280084829,"62":0.0021262147089493163,"63":0.1433129142784827,"64":0.43029271511992995,"65":0.14437590901810132,"66":0.001417674889499796,"67":0.1454389198453789,"68":0.28768866241798907,"69":0.4306469608979512,"70":0.5736053719928881,"71":0.2866255872392602,"72":0.0007088937523450303,"73":0.42993830846355396,"74":0.14402169541578452,"75":0.2873343683764951,"76":0.001417546186744165,"77":0.28768856589085884,"78":0.14331280166349297,"79":0.14543911289959927,"80":0.2862712288463282,"81":0.0021262951482066807,"82":0.0007088776644320579,"83":0.5732510296878158,"84":0.0024808305074593517,"85":0.14543898419687037,"86":0.00035443883213581224,"87":0.1457933747654277,"88":0.14437603772080349,"89":0.2883974274673378,"90":0.000708781137221613,"91":0.14508467406740996,"92":0.0031895633812629143,"93":0.4302926829443869,"94":0.42993838890275854,"95":0.2880429242838175,"96":0.429584110949099,"97":0.0003544227442896872,"98":0.42993826020000125,"99":0.2876886624180292,"100":0.4306470091615311,"101":0.4299383084634587,"102":0.0010631877937453918,"103":0.002480589189633781,"104":0.572542280726286,"105":0.43135582247441917,"106":0.28804305298664,"107":0.14543903246035528,"108":0.2883974113795051,"109":0.0,"110":0.14366714396868574,"111":0.14331276948784083,"112":0.0024806374532390036,"113":0.4306470091615719,"114":0.5711248310666974,"115":0.0,"116":0.0028350923732476797,"117":0.14685649820768162,"118":0.001417610538061818,"119":0.286625635502852,"120":0.28733430402507054,"121":0.0007087489615561018,"122":0.14473028349885264,"123":0.2873342557614653,"124":0.14402153453728317,"125":2.2523008640102e-07,"126":0.14366714396868574,"127":0.4281664360596341,"128":2.2523008640102e-07,"129":0.42852081054041263,"130":0.4299383245513731,"131":0.0010631556180665113,"132":0.0007088133129673409,"133":0.001417610538061818,"134":0.14543898419669657,"135":0.0010633004088153313,"136":0.002835044109722674,"137":0.5728966873827844,"138":0.0024806052775734923,"139":0.14366720832007024,"140":0.14295839500706278,"141":0.573959826912844,"142":0.0010632038815514085,"143":2.2523008640102e-07,"144":0.2876886302423236,"145":0.28733428793725113,"146":0.42922954341408254},"ranked":{"109":0.0,"115":0.00684931506849315,"46":0.0136986301369863,"125":0.02054794520547945,"128":0.0273972602739726,"143":0.03424657534246575,"97":0.0410958904109589,"55":0.04794520547945205,"86":0.0547945205479452,"17":0.06164383561643835,"121":0.0684931506849315,"90":0.07534246575342465,"132":0.0821917808219178,"54":0.08904109589041095,"82":0.0958904109589041,"34":0.10273972602739725,"72":0.1095890410958904,"5":0.11643835616438356,"16":0.1232876712328767,"42":0.13013698630136986,"15":0.136986301369863,"0":0.14383561643835616,"131":0.1506849315068493,"102":0.15753424657534246,"142":0.1643835616438356,"135":0.17123287671232876,"3":0.1780821917808219,"29":0.18493150684931506,"76":0.1917808219178082,"118":0.19863013698630136,"133":0.2054794520547945,"26":0.21232876712328766,"6":0.2191780821917808,"66":0.22602739726027396,"20":0.2328767123287671,"12":0.23972602739726026,"52":0.2465753424657534,"57":0.2534246575342466,"37":0.2602739726027397,"62":0.2671232876712329,"18":0.273972602739726,"81":0.2808219178082192,"39":0.2876712328767123,"103":0.2945205479452055,"138":0.3013698630136986,"112":0.3082191780821918,"84":0.3150684931506849,"58":0.3219178082191781,"4":0.3287671232876712,"14":0.3356164383561644,"33":0.3424657534246575,"136":0.3493150684931507,"116":0.3561643835616438,"2":0.363013698630137,"92":0.3698630136986301,"140":0.3767123287671233,"111":0.3835616438356164,"78":0.3904109589041096,"63":0.3972602739726027,"31":0.4041095890410959,"110":0.410958904109589,"126":0.4178082191780822,"139":0.4246575342465753,"50":0.4315068493150685,"124":0.4383561643835616,"51":0.4452054794520548,"61":0.4520547945205479,"13":0.4589041095890411,"21":0.4657534246575342,"74":0.4726027397260274,"65":0.4794520547945205,"22":0.4863013698630137,"88":0.4931506849315068,"8":0.5,"23":0.5068493150684932,"122":0.5136986301369864,"60":0.5205479452054794,"11":0.5273972602739726,"28":0.5342465753424658,"91":0.541095890410959,"25":0.547945205479452,"67":0.5547945205479452,"134":0.5616438356164384,"85":0.5684931506849316,"40":0.5753424657534246,"107":0.5821917808219178,"79":0.589041095890411,"87":0.5958904109589042,"43":0.6027397260273972,"47":0.6095890410958904,"7":0.6164383561643836,"1":0.6232876712328768,"45":0.6301369863013698,"53":0.636986301369863,"117":0.6438356164383562,"41":0.6506849315068494,"35":0.6575342465753424,"80":0.6643835616438356,"71":0.6712328767123288,"119":0.678082191780822,"38":0.684931506849315,"32":0.6917808219178082,"36":0.6986301369863014,"123":0.7054794520547946,"145":0.7123287671232876,"120":0.7191780821917808,"49":0.726027397260274,"75":0.7328767123287672,"77":0.7397260273972602,"144":0.7465753424657534,"68":0.7534246575342466,"99":0.7602739726027398,"56":0.7671232876712328,"95":0.773972602739726,"30":0.7808219178082192,"106":0.7876712328767124,"108":0.7945205479452054,"89":0.8013698630136986,"127":0.8082191780821918,"129":0.815068493150685,"27":0.821917808219178,"146":0.8287671232876712,"96":0.8356164383561644,"98":0.8424657534246576,"101":0.8493150684931506,"73":0.8561643835616438,"130":0.863013698630137,"94":0.8698630136986302,"19":0.8767123287671232,"93":0.8835616438356164,"64":0.8904109589041096,"69":0.8972602739726028,"9":0.9041095890410958,"100":0.910958904109589,"113":0.9178082191780822,"10":0.9246575342465754,"105":0.9315068493150684,"114":0.9383561643835616,"104":0.9452054794520548,"137":0.952054794520548,"83":0.958904109589041,"70":0.9657534246575342,"141":0.9726027397260274,"59":0.9794520547945206,"44":0.9863013698630136,"24":0.9931506849315068,"48":1.0}}