{"name":"pagerank","alpha":0.85,"weight":"value","num_of_nodes":135,"num_of_edges":266,"process_time":0.04326605796813965,"data":{"0":0.5114592849256024,"1":0.6201979845877044,"2":0.34950308278173614,"3":0.1433232835824101,"4":0.18222904245747273,"5":0.15896028585514152,"6":0.22858158108179039,"7":0.20268487290672632,"8":0.7396120757042444,"9":0.10062254138891782,"10":0.8312443099555709,"11":0.9298221849866868,"12":0.4388322788571684,"13":0.6155801531516433,"14":0.45328168117692863,"15":0.36194795601052193,"16":0.4252900878585311,"17":0.20088741914130573,"18":0.18556849497918318,"19":0.36642042359530513,"20":0.45966970103899457,"21":0.4412262833826131,"22":0.20389089108340927,"23":0.08283574772902655,"24":0.20241176095579802,"25":0.7194063065500912,"26":0.13151136739081476,"27":0.7323404808469868,"28":0.19033295348573076,"29":0.6001302501631542,"30":0.2421045863384051,"31":0.5001649937572029,"32":0.18204333254106206,"33":0.4352614918964505,"34":0.15235673660930926,"35":0.4854483514058398,"36":0.18284487514453077,"37":0.12375960739780706,"38":0.5216405572216012,"39":0.4828036646048785,"40":0.22858158108179039,"41":0.4597365860570905,"42":0.47579309363148586,"43":0.1606565228054903,"44":0.19409948839894692,"45":0.41877350238926614,"46":0.11786194943900251,"47":0.7998996564500214,"48":0.8230073367166882,"49":0.14483718818515126,"50":0.9867515785149225,"51":0.5448063464031366,"52":0.4280332170591094,"53":0.2712711213078314,"54":0.2070706798950066,"55":0.06730691112131236,"56":0.14269655687584268,"57":0.1530098118378537,"58":0.29048079274768696,"59":0.34583712752674334,"60":0.7239600733031278,"61":0.44055910291154227,"62":0.5448063464031366,"63":0.14701626795786985,"64":0.12815781630577686,"65":0.31353843884840343,"66":0.14502614760521723,"67":0.5901504258988512,"68":0.13267424252599086,"69":0.13660625986506217,"70":0.3869701367797889,"71":0.2712711213078314,"72":0.29581289560162416,"73":0.7037151658865775,"74":0.4370136934565249,"75":0.7091316953983113,"76":0.6444607750671034,"77":0.6165043316392704,"78":0.6346137274068108,"79":0.3656674923928558,"80":0.35502502365073746,"81":0.38029097388492916,"82":0.2070706798950066,"83":0.44055910291154227,"84":0.05351815671936997,"85":0.35502502365073746,"86":0.08502677570483073,"87":0.2070706798950066,"88":0.2712711213078314,"89":0.17294276585186139,"90":0.23638139008381062,"91":0.0,"92":0.0538470174563143,"93":0.24005022719516936,"94":0.0457864799671587,"95":0.48217492794873623,"96":0.6758644556029747,"97":0.5238189389629291,"98":0.7405110410249847,"99":0.050154882408875535,"100":0.738334090740635,"101":0.7693913046951454,"102":0.7953451768141968,"103":0.09152479420254221,"104":0.554782272031123,"105":0.10801586255294586,"106":0.5532625452416597,"107":0.09537939297357963,"108":0.10801586255294586,"109":0.25990040666379055,"110":0.36189316619196826,"111":0.545079005673363,"112":0.9032663858175533,"113":0.25938397891530685,"114":0.06175396922498923,"115":0.29109732457742316,"116":0.5115354852545277,"117":0.38652806994173317,"118":0.2981479504162181,"119":0.35072561241533196,"120":0.13119515436995605,"121":0.0457864799671587,"122":0.0538470174563143,"123":0.794964828066619,"124":0.413290201586233,"125":0.36189316619196843,"126":0.558627840961347,"127":0.06175396922498923,"128":0.5746115567832402,"129":0.362989194523591,"130":0.6506935329683635,"131":1.0,"132":0.11652675525592297,"133":0.05201233665559058,"134":0.3669561849438796},"ranked":{"91":0.0,"94":0.007462686567164179,"121":0.014925373134328358,"99":0.022388059701492536,"133":0.029850746268656716,"84":0.03731343283582089,"92":0.04477611940298507,"122":0.05223880597014925,"114":0.05970149253731343,"127":0.06716417910447761,"55":0.07462686567164178,"23":0.08208955223880597,"86":0.08955223880597014,"103":0.09701492537313433,"107":0.1044776119402985,"9":0.11194029850746269,"105":0.11940298507462686,"108":0.12686567164179105,"132":0.13432835820895522,"46":0.1417910447761194,"37":0.14925373134328357,"64":0.15671641791044777,"120":0.16417910447761194,"26":0.17164179104477612,"68":0.1791044776119403,"69":0.1865671641791045,"56":0.19402985074626866,"3":0.20149253731343283,"49":0.208955223880597,"66":0.21641791044776118,"63":0.22388059701492538,"34":0.23134328358208955,"57":0.23880597014925373,"5":0.2462686567164179,"43":0.2537313432835821,"89":0.26119402985074625,"32":0.26865671641791045,"4":0.27611940298507465,"36":0.2835820895522388,"18":0.291044776119403,"28":0.29850746268656714,"44":0.30597014925373134,"17":0.31343283582089554,"24":0.3208955223880597,"7":0.3283582089552239,"22":0.3358208955223881,"54":0.34328358208955223,"82":0.35074626865671643,"87":0.3582089552238806,"6":0.3656716417910448,"40":0.373134328358209,"90":0.3805970149253731,"93":0.3880597014925373,"30":0.39552238805970147,"113":0.40298507462686567,"109":0.41044776119402987,"53":0.417910447761194,"71":0.4253731343283582,"88":0.43283582089552236,"58":0.44029850746268656,"115":0.44776119402985076,"72":0.4552238805970149,"118":0.4626865671641791,"65":0.4701492537313433,"59":0.47761194029850745,"2":0.48507462686567165,"119":0.4925373134328358,"80":0.5,"85":0.5074626865671642,"110":0.5149253731343284,"125":0.5223880597014925,"15":0.5298507462686567,"129":0.5373134328358209,"79":0.5447761194029851,"19":0.5522388059701493,"134":0.5597014925373134,"81":0.5671641791044776,"117":0.5746268656716418,"70":0.582089552238806,"124":0.5895522388059702,"45":0.5970149253731343,"16":0.6044776119402985,"52":0.6119402985074627,"33":0.6194029850746269,"74":0.6268656716417911,"12":0.6343283582089553,"61":0.6417910447761194,"83":0.6492537313432836,"21":0.6567164179104478,"14":0.664179104477612,"20":0.6716417910447762,"41":0.6791044776119403,"42":0.6865671641791045,"95":0.6940298507462687,"39":0.7014925373134329,"35":0.7089552238805971,"31":0.7164179104477612,"0":0.7238805970149254,"116":0.7313432835820896,"38":0.7388059701492538,"97":0.746268656716418,"51":0.753731343283582,"62":0.7611940298507462,"111":0.7686567164179104,"106":0.7761194029850746,"104":0.7835820895522388,"126":0.7910447761194029,"128":0.7985074626865671,"67":0.8059701492537313,"29":0.8134328358208955,"13":0.8208955223880597,"77":0.8283582089552238,"1":0.835820895522388,"78":0.8432835820895522,"76":0.8507462686567164,"130":0.8582089552238806,"96":0.8656716417910447,"73":0.8731343283582089,"75":0.8805970149253731,"25":0.8880597014925373,"60":0.8955223880597015,"27":0.9029850746268657,"100":0.9104477611940298,"8":0.917910447761194,"98":0.9253731343283582,"101":0.9328358208955224,"123":0.9402985074626866,"102":0.9477611940298507,"47":0.9552238805970149,"48":0.9626865671641791,"10":0.9701492537313433,"112":0.9776119402985075,"11":0.9850746268656716,"50":0.9925373134328358,"131":1.0}}