{"name":"pagerank","alpha":0.85,"weight":"value","num_of_nodes":159,"num_of_edges":300,"process_time":0.031503915786743164,"data":{"0":0.14128645560869357,"1":0.35712107273481886,"2":0.2043541000607562,"3":0.7657606207334116,"4":0.12755266597725154,"5":0.11951170369381922,"6":0.6485896563101619,"7":0.2232633129994088,"8":0.4094964750827922,"9":0.07595721286664342,"10":0.17716205215443634,"11":0.3561623691734553,"12":0.3822884313504335,"13":0.5453275863592357,"14":0.15680725767324313,"15":0.20511428108114635,"16":0.3695451623276886,"17":0.6208759487604953,"18":0.19120156201836544,"19":0.5306649804653107,"20":0.2232633129994088,"21":0.37903805780784927,"22":0.35107925359661873,"23":0.47731322960620537,"24":0.10532642315617063,"25":0.47731322960620537,"26":0.17716205215443634,"27":0.04147914524445088,"28":0.6834623317254007,"29":0.15065895234804763,"30":0.4577561022610666,"31":0.18999587804643311,"32":0.18999587804643311,"33":0.19346633463944965,"34":0.5465029488427542,"35":0.4134745785106178,"36":0.18511820795999542,"37":0.1084408702124052,"38":0.07595721286664342,"39":0.29834632996652777,"40":0.11664141567018516,"41":0.1450477729861526,"42":0.32641877185961277,"43":0.10954555342125848,"44":0.08415577786406273,"45":0.15995349764484024,"46":0.3731871731306239,"47":0.08759361149889218,"48":0.2232633129994088,"49":0.5701600448174998,"50":0.12755266597725154,"51":0.43903977899092234,"52":0.3328192714643215,"53":0.30138304376228536,"54":0.2528864419569479,"55":0.2456661748626001,"56":0.967671424604977,"57":0.016603832086479742,"58":0.07107480755815518,"59":0.08946182266700946,"60":0.12665127346414207,"61":1.0,"62":0.14468810205359545,"63":0.35059110816003897,"64":0.30498906824664923,"65":0.15244503675920573,"66":0.15244503675920573,"67":0.10945405368343392,"68":0.25175330990047784,"69":0.23640174856681656,"70":0.04291693647415233,"71":0.49059081680531225,"72":0.12109606653288171,"73":0.12230092078621785,"74":0.12230092078621785,"75":0.4056175301188934,"76":0.41589551665917124,"77":0.47600368573023033,"78":0.48446485236233994,"79":0.47507186091417275,"80":0.10775656649063521,"81":0.14468810205359545,"82":0.12728743233681147,"83":0.5350647882371684,"84":0.09359365884499164,"85":0.7010088983891208,"86":0.13280426163335382,"87":0.14252507046011248,"88":0.1086171857825912,"89":0.08205147658873893,"90":0.48326001365598814,"91":0.572783968211236,"92":0.12837753258509765,"93":0.5785413971063724,"94":0.544183867678448,"95":0.0,"96":0.32459456358004674,"97":0.15244503675920573,"98":0.3453777353773806,"99":0.2978290221975415,"100":0.39993318499447345,"101":0.13198986815657904,"102":0.9679242713811174,"103":0.33671272254465323,"104":0.05466747210415483,"105":0.13757029371277169,"106":0.10206710829881147,"107":0.7473349800108923,"108":0.08867443457331683,"109":0.5474141744655735,"110":0.25931821734541244,"111":0.5485927066505587,"112":0.7716359939807028,"113":0.13049562026101505,"114":0.146907542777579,"115":0.12308395856479197,"116":0.08585990900090665,"117":0.06859473675281536,"118":0.014203193449789054,"119":0.05292322132223345,"120":0.026865432915054575,"121":0.10186433275971622,"122":0.07035825577674258,"123":0.35644248872622386,"124":0.0911567718131119,"125":0.05790180749426684,"126":0.31916953969815076,"127":0.2502271829006282,"128":0.5359851971597887,"129":0.322103791826866,"130":0.10364520271079335,"131":0.5778087400285641,"132":0.5778087400285641,"133":0.23544950644476106,"134":0.43263965615706784,"135":0.1435415414246224,"136":0.04700279863230089,"137":0.2780048135234828,"138":0.4671592308424937,"139":0.2780048135234828,"140":0.11401561032585278,"141":0.36426387439963615,"142":0.5034595760421035,"143":0.7762618411827279,"144":0.9599551407181719,"145":0.06804794798005177,"146":0.4857359051341085,"147":0.2828885772319819,"148":0.6291878510305209,"149":0.014193251778205435,"150":0.4750517301831715,"151":0.04700279863230089,"152":0.11401561032585278,"153":0.5806983099632931,"154":0.06804794798005177,"155":0.29174360957041245,"156":0.42287021055391577,"157":0.07926549871566844,"158":0.058179053994535455},"ranked":{"95":0.0,"149":0.006329113924050633,"118":0.012658227848101266,"57":0.0189873417721519,"120":0.02531645569620253,"27":0.03164556962025317,"70":0.0379746835443038,"136":0.04430379746835443,"151":0.05063291139240506,"119":0.056962025316455694,"104":0.06329113924050633,"125":0.06962025316455696,"158":0.0759493670886076,"145":0.08227848101265822,"154":0.08860759493670886,"117":0.0949367088607595,"122":0.10126582278481013,"58":0.10759493670886076,"9":0.11392405063291139,"38":0.12025316455696203,"157":0.12658227848101267,"89":0.13291139240506328,"44":0.13924050632911392,"116":0.14556962025316456,"47":0.1518987341772152,"108":0.15822784810126583,"59":0.16455696202531644,"124":0.17088607594936708,"84":0.17721518987341772,"121":0.18354430379746836,"106":0.189873417721519,"130":0.1962025316455696,"24":0.20253164556962025,"80":0.2088607594936709,"37":0.21518987341772153,"88":0.22151898734177214,"67":0.22784810126582278,"43":0.23417721518987342,"140":0.24050632911392406,"152":0.2468354430379747,"40":0.25316455696202533,"5":0.25949367088607594,"72":0.26582278481012656,"73":0.2721518987341772,"74":0.27848101265822783,"115":0.2848101265822785,"60":0.2911392405063291,"82":0.2974683544303797,"4":0.3037974683544304,"50":0.310126582278481,"92":0.31645569620253167,"113":0.3227848101265823,"101":0.3291139240506329,"86":0.33544303797468356,"105":0.34177215189873417,"0":0.34810126582278483,"87":0.35443037974683544,"135":0.36075949367088606,"62":0.3670886075949367,"81":0.37341772151898733,"41":0.379746835443038,"114":0.3860759493670886,"29":0.3924050632911392,"65":0.3987341772151899,"66":0.4050632911392405,"97":0.41139240506329117,"14":0.4177215189873418,"45":0.4240506329113924,"10":0.43037974683544306,"26":0.43670886075949367,"36":0.4430379746835443,"31":0.44936708860759494,"32":0.45569620253164556,"18":0.4620253164556962,"33":0.46835443037974683,"2":0.47468354430379744,"15":0.4810126582278481,"7":0.4873417721518987,"20":0.4936708860759494,"48":0.5,"133":0.5063291139240507,"69":0.5126582278481012,"55":0.5189873417721519,"127":0.5253164556962026,"68":0.5316455696202531,"54":0.5379746835443038,"110":0.5443037974683544,"137":0.5506329113924051,"139":0.5569620253164557,"147":0.5632911392405063,"155":0.569620253164557,"99":0.5759493670886076,"39":0.5822784810126582,"53":0.5886075949367089,"64":0.5949367088607594,"126":0.6012658227848101,"129":0.6075949367088608,"96":0.6139240506329114,"42":0.620253164556962,"52":0.6265822784810127,"103":0.6329113924050633,"98":0.6392405063291139,"63":0.6455696202531646,"22":0.6518987341772152,"11":0.6582278481012658,"123":0.6645569620253164,"1":0.6708860759493671,"141":0.6772151898734177,"16":0.6835443037974683,"46":0.689873417721519,"21":0.6962025316455697,"12":0.7025316455696202,"100":0.7088607594936709,"75":0.7151898734177216,"8":0.7215189873417721,"35":0.7278481012658228,"76":0.7341772151898734,"156":0.740506329113924,"134":0.7468354430379747,"51":0.7531645569620253,"30":0.759493670886076,"138":0.7658227848101266,"150":0.7721518987341772,"79":0.7784810126582279,"77":0.7848101265822784,"23":0.7911392405063291,"25":0.7974683544303798,"90":0.8037974683544303,"78":0.810126582278481,"146":0.8164556962025317,"71":0.8227848101265823,"142":0.8291139240506329,"19":0.8354430379746836,"83":0.8417721518987342,"128":0.8481012658227848,"94":0.8544303797468354,"13":0.8607594936708861,"34":0.8670886075949367,"109":0.8734177215189873,"111":0.879746835443038,"49":0.8860759493670886,"91":0.8924050632911392,"131":0.8987341772151899,"132":0.9050632911392406,"93":0.9113924050632911,"153":0.9177215189873418,"17":0.9240506329113924,"148":0.930379746835443,"6":0.9367088607594937,"28":0.9430379746835443,"85":0.9493670886075949,"107":0.9556962025316456,"3":0.9620253164556962,"112":0.9683544303797469,"143":0.9746835443037974,"144":0.9810126582278481,"56":0.9873417721518988,"102":0.9936708860759493,"61":1.0}}