{"name":"density","eps":0.5,"weight":"value","num_of_nodes":78,"num_of_edges":236,"process_time":0.019626140594482422,"data":{"0":0.25247908267918134,"1":0.25185942278624196,"2":0.006197330408171355,"3":0.750619779461632,"4":1.1253524152390741e-07,"5":0.25123973475948636,"6":0.25247902641145537,"7":0.7518592961841104,"8":0.25309871443823434,"9":1.1253524152390741e-07,"10":0.2549577503848018,"11":0.7555775087459072,"12":0.006197049070242895,"13":1.1253524152390741e-07,"14":0.5037185079667593,"15":0.0037182688294276657,"16":0.0037186627025976495,"17":0.5018594438865394,"18":0.5049577433513063,"19":0.2530985737692467,"20":0.501239530789441,"21":0.0037185501675197855,"22":0.0030986652042610274,"23":1.1253524152390741e-07,"24":0.0037183250972003977,"25":0.7537182477291577,"26":0.00247878024072171,"27":0.2518592258494816,"28":0.2530986581707188,"29":0.0018592610168400897,"30":1.0,"31":8.440135515801199e-08,"32":0.7543380482911581,"33":0.25371837433129063,"34":0.0012395167225923217,"35":0.25123950968895653,"36":0.2493803893411742,"37":0.2493803893411742,"38":0.7487606591137538,"39":0.25061984979618085,"40":0.0012395448563617877,"41":0.5024787943075937,"42":0.5000001266022305,"43":0.0012395729901312539,"44":0.25000004923411356,"45":0.2518592258494816,"46":0.0030986370703512817,"47":0.0012395448563617877,"48":0.2518592258494816,"49":0.2518590851805408,"50":0.0030986933379603537,"51":0.2518590851805408,"52":0.004338125659010477,"53":0.5006199271642977,"54":0.0024790897126534357,"55":0.0030986933379603537,"56":0.24938030493981905,"57":0.9981409640536204,"58":0.2518592821175115,"59":0.0012396573916734516,"60":0.25247905454541186,"61":0.7549577925854294,"62":0.0,"63":0.25309860190310973,"64":0.24938030493981905,"65":0.5006199271642977,"66":0.7487606591138013,"67":0.25000004923416036,"68":0.0030986933379603537,"69":0.0024788365083074017,"70":0.0,"71":0.0018592610168400897,"72":0.5006199271642977,"73":0.7530986159701072,"74":0.2512396503584118,"75":0.25123967849204093,"76":0.4987606098796381,"77":0.0024788365083074017},"ranked":{"62":0.0,"70":0.012987012987012988,"31":0.025974025974025976,"4":0.03896103896103896,"9":0.05194805194805195,"13":0.06493506493506493,"23":0.07792207792207792,"34":0.09090909090909091,"40":0.1038961038961039,"47":0.11688311688311688,"43":0.12987012987012986,"59":0.14285714285714285,"29":0.15584415584415584,"71":0.16883116883116883,"26":0.18181818181818182,"69":0.19480519480519481,"77":0.2077922077922078,"54":0.22077922077922077,"46":0.23376623376623376,"22":0.24675324675324675,"50":0.2597402597402597,"55":0.2727272727272727,"68":0.2857142857142857,"15":0.2987012987012987,"24":0.3116883116883117,"21":0.3246753246753247,"16":0.33766233766233766,"52":0.35064935064935066,"12":0.36363636363636365,"2":0.37662337662337664,"56":0.38961038961038963,"64":0.4025974025974026,"36":0.4155844155844156,"37":0.42857142857142855,"44":0.44155844155844154,"67":0.45454545454545453,"39":0.4675324675324675,"35":0.4805194805194805,"74":0.4935064935064935,"75":0.5064935064935064,"5":0.5194805194805194,"49":0.5324675324675324,"51":0.5454545454545454,"27":0.5584415584415584,"45":0.5714285714285714,"48":0.5844155844155844,"58":0.5974025974025974,"1":0.6103896103896104,"6":0.6233766233766234,"60":0.6363636363636364,"0":0.6493506493506493,"19":0.6623376623376623,"63":0.6753246753246753,"28":0.6883116883116883,"8":0.7012987012987013,"33":0.7142857142857143,"10":0.7272727272727273,"76":0.7402597402597403,"42":0.7532467532467533,"53":0.7662337662337663,"65":0.7792207792207793,"72":0.7922077922077922,"20":0.8051948051948052,"17":0.8181818181818182,"41":0.8311688311688312,"14":0.8441558441558441,"18":0.8571428571428571,"38":0.8701298701298701,"66":0.8831168831168831,"3":0.8961038961038961,"7":0.9090909090909091,"73":0.922077922077922,"25":0.935064935064935,"32":0.948051948051948,"61":0.961038961038961,"11":0.974025974025974,"57":0.987012987012987,"30":1.0}}