{"name":"pagerank","alpha":0.85,"weight":"value","num_of_nodes":117,"num_of_edges":356,"process_time":0.032186031341552734,"data":{"0":0.08268879415626197,"1":0.07289395236209142,"2":0.06282215837123342,"3":0.0773650919485974,"4":0.06282215837123342,"5":0.08268879415626197,"6":0.11101422351087296,"7":0.06684954535311577,"8":0.24607121876134605,"9":0.04660203979418261,"10":0.07289395236209142,"11":0.0645321875356252,"12":0.47886438155837135,"13":0.2916626488377625,"14":0.29623838607697034,"15":0.477467937225777,"16":0.45220509177902185,"17":0.2694586573590895,"18":0.2809403756879474,"19":0.2699681998141944,"20":0.07231608715822889,"21":0.2916626488377625,"22":0.3084459139449388,"23":0.06956773241267515,"24":0.4545495974753162,"25":0.0773650919485974,"26":0.4718662535546501,"27":0.8886824882299911,"28":0.04660203979418261,"29":0.4602551606672586,"30":0.29137650882020266,"31":0.47953517754889297,"32":0.3184296954534415,"33":0.6591378588217264,"34":0.2635507124677447,"35":0.1096745565969548,"36":0.07017020278520575,"37":0.6859844613989939,"38":0.6804211344013102,"39":0.03813568194318284,"40":0.21712221550918617,"41":0.22149457468462974,"42":0.9733992108522066,"43":0.02732380911421328,"44":0.2012586328508353,"45":0.20617328701511944,"46":0.389191576777341,"47":0.031711586325807416,"48":0.2063928005781585,"49":0.414955242899799,"50":0.03418409813735829,"51":0.027707794489038585,"52":0.42120354061269394,"53":0.027210224886284235,"54":0.2240580724986879,"55":0.03356582836449162,"56":0.036398589369551836,"57":0.995395591314149,"58":0.40317196593175403,"59":0.8036869261317341,"60":0.40341087528375735,"61":0.3887039592810174,"62":0.0171276259007219,"63":0.6175021891640359,"64":0.0,"65":0.2162570419568651,"66":0.20815333634146657,"67":0.22308918573505734,"68":0.619952317621529,"69":0.22226159907970017,"70":0.4244644672332012,"71":0.02732380911421328,"72":0.5989877044428984,"73":0.04045126105388023,"74":0.22149457468462974,"75":0.015640424423655232,"76":0.22069665825788798,"77":0.03813568194318284,"78":0.647880040530572,"79":1.0,"80":0.041559514334644644,"81":0.0850159990807294,"82":0.041559514334644644,"83":0.24538527381800482,"84":0.16383296575979783,"85":0.16383296575979783,"86":0.040045493156923795,"87":0.27335610986951203,"88":0.16383296575979783,"89":0.5000774827450085,"90":0.05771874322067221,"91":0.02980880878280898,"92":0.3929368387169839,"93":0.07429048328794079,"94":0.06393100663922256,"95":0.0850159990807294,"96":0.11978968155965358,"97":0.69205575721776,"98":0.6000490731716778,"99":0.16383296575979783,"100":0.3929368387169839,"101":0.4915539693209329,"102":0.0501279072243767,"103":0.45332230486530645,"104":0.04045262107156125,"105":0.07429048328794079,"106":0.6568914362462658,"107":0.39412341349321317,"108":0.16383296575979783,"109":0.041559514334644644,"110":0.7946679333934986,"111":0.46568683280228024,"112":0.5961595594776736,"113":0.04163823883747656,"114":0.24275258709448536,"115":0.04817191023653761,"116":0.02980880878280898},"ranked":{"64":0.0,"75":0.008620689655172414,"62":0.017241379310344827,"53":0.02586206896551724,"43":0.034482758620689655,"71":0.04310344827586207,"51":0.05172413793103448,"91":0.0603448275862069,"116":0.06896551724137931,"47":0.07758620689655173,"55":0.08620689655172414,"50":0.09482758620689655,"56":0.10344827586206896,"39":0.11206896551724138,"77":0.1206896551724138,"86":0.12931034482758622,"73":0.13793103448275862,"104":0.14655172413793102,"80":0.15517241379310345,"82":0.16379310344827586,"109":0.1724137931034483,"113":0.1810344827586207,"9":0.1896551724137931,"28":0.19827586206896552,"115":0.20689655172413793,"102":0.21551724137931033,"90":0.22413793103448276,"2":0.23275862068965517,"4":0.2413793103448276,"94":0.25,"11":0.25862068965517243,"7":0.2672413793103448,"23":0.27586206896551724,"36":0.28448275862068967,"20":0.29310344827586204,"1":0.3017241379310345,"10":0.3103448275862069,"93":0.31896551724137934,"105":0.3275862068965517,"3":0.33620689655172414,"25":0.3448275862068966,"0":0.35344827586206895,"5":0.3620689655172414,"81":0.3706896551724138,"95":0.3793103448275862,"35":0.3879310344827586,"6":0.39655172413793105,"96":0.4051724137931034,"84":0.41379310344827586,"85":0.4224137931034483,"88":0.43103448275862066,"99":0.4396551724137931,"108":0.4482758620689655,"44":0.45689655172413796,"45":0.46551724137931033,"48":0.47413793103448276,"66":0.4827586206896552,"65":0.49137931034482757,"40":0.5,"76":0.5086206896551724,"41":0.5172413793103449,"74":0.5258620689655172,"69":0.5344827586206896,"67":0.5431034482758621,"54":0.5517241379310345,"114":0.5603448275862069,"83":0.5689655172413793,"8":0.5775862068965517,"34":0.5862068965517241,"17":0.5948275862068966,"19":0.603448275862069,"87":0.6120689655172413,"18":0.6206896551724138,"30":0.6293103448275862,"13":0.6379310344827587,"21":0.646551724137931,"14":0.6551724137931034,"22":0.6637931034482759,"32":0.6724137931034483,"61":0.6810344827586207,"46":0.6896551724137931,"92":0.6982758620689655,"100":0.7068965517241379,"107":0.7155172413793104,"58":0.7241379310344828,"60":0.7327586206896551,"49":0.7413793103448276,"52":0.75,"70":0.7586206896551724,"16":0.7672413793103449,"103":0.7758620689655172,"24":0.7844827586206896,"29":0.7931034482758621,"111":0.8017241379310345,"26":0.8103448275862069,"15":0.8189655172413793,"12":0.8275862068965517,"31":0.8362068965517241,"101":0.8448275862068966,"89":0.853448275862069,"112":0.8620689655172413,"72":0.8706896551724138,"98":0.8793103448275862,"63":0.8879310344827587,"68":0.896551724137931,"78":0.9051724137931034,"106":0.9137931034482759,"33":0.9224137931034483,"38":0.9310344827586207,"37":0.9396551724137931,"97":0.9482758620689655,"110":0.9568965517241379,"59":0.9655172413793104,"27":0.9741379310344828,"42":0.9827586206896551,"57":0.9913793103448276,"79":1.0}}