{"name":"density","eps":0.5,"weight":"value","num_of_nodes":171,"num_of_edges":338,"process_time":0.05465412139892578,"data":{"0":0.401783911641601,"1":0.20138747183500058,"2":1.0,"3":0.40079278962939413,"4":0.20188297660138144,"5":0.20188293160961834,"6":0.0004955722540068166,"7":0.20138747183511277,"8":0.4012883393875007,"9":0.002477771286358308,"10":0.0024775463275427652,"11":0.0024775463275427652,"12":0.20138762930626494,"13":0.40178386664974436,"14":0.2008920120605137,"15":0.40227937141599435,"16":0.40029728486303195,"17":0.20287400862994992,"18":0.002477523831642516,"19":0.20039641731060664,"20":0.40376595320265074,"21":0.4002973298548698,"22":0.40327033595697426,"23":0.0004955722540068166,"24":0.000991077020387665,"25":0.20138747183500058,"26":0.20237854885533219,"27":0.001486626778400759,"28":0.40128833938753805,"29":0.20039641731060664,"30":0.4012882943957189,"31":0.4022793489201876,"32":0.40227937141599435,"33":0.20188293160958096,"34":0.001982131544744218,"35":0.2028739636382429,"36":0.20386510814612566,"37":0.000495504766343459,"38":0.0004955047663060695,"39":0.20188297660141882,"40":0.002477613815318291,"41":0.001982131544688134,"42":0.0004955722540068166,"43":0.0014865817866750398,"44":0.20138747183500058,"45":0.20039641731055058,"46":0.002973186069231634,"47":0.0024776363111063716,"48":0.0024776813029442593,"49":0.002477636311087677,"50":0.20039641731055058,"51":0.0024777037988258136,"52":0.402279416407851,"53":0.0029730960855745537,"54":0.0029730960856680275,"55":0.001486626778400759,"56":0.20188293160961834,"57":0.6016848466815775,"58":0.0024776363111063716,"59":0.0,"60":0.0014866267783633696,"61":0.1999008675524627,"62":0.20089201206053242,"63":0.20188302159314456,"64":0.0004954822704245152,"65":0.20138742684327487,"66":0.3998017800966885,"67":0.400792879612939,"68":0.0014866042825939835,"69":0.0014866267783633696,"70":0.2018829091136807,"71":0.2023784813677623,"72":0.20188302159314456,"73":0.20138742684327487,"74":0.4012883618833448,"75":0.0019821090489374423,"76":0.2023785713513259,"77":0.6016848016897957,"78":0.4012883618833448,"79":0.4032703359569182,"80":0.3998017800966885,"81":0.40029737484659556,"82":0.20089196706875062,"83":0.0034686233478182617,"84":0.20039641731056926,"85":0.20237850386351297,"86":0.20336949090029965,"87":0.0009910770202941914,"88":0.6006938596448843,"89":0.003964105618317556,"90":0.20138749433091954,"91":0.401783799162081,"92":0.0009910770203315808,"93":0.0024775463274866807,"94":0.20138742684327487,"95":0.20089201206040155,"96":0.4012884068752201,"97":0.0,"98":0.20089201206053242,"99":0.0009910320286245565,"100":0.0014865817867498188,"101":0.0004954822704245152,"102":0.20138753932272005,"103":0.0004955722540068166,"104":0.0009910545244313318,"105":0.40079287961306986,"106":0.0009910770203315808,"107":0.6021803064561765,"108":0.0,"109":0.0019819965693988082,"110":0.20138749433090083,"111":0.20237845887176856,"112":0.20089196706875062,"113":0.40029737484659556,"114":0.0009911445080697174,"115":0.00198219903246366,"116":0.20188302159312585,"117":0.2008920345563392,"118":0.20237859384717005,"119":0.4007927896293567,"120":0.2023785713512324,"121":0.4032704709322823,"122":0.00099109951623183,"123":0.20188302159314456,"124":0.40227937141603176,"125":0.20138749433091954,"126":0.40178393413740776,"127":0.00099109951623183,"128":0.403765908210925,"129":0.0014866492743383975,"130":0.2008920345563392,"131":0.20188297660134405,"132":0.6011891844441005,"133":0.20237854885533219,"134":0.0014866042825752888,"135":0.40178388914562596,"136":0.20336951339625597,"137":0.001982131544818997,"138":0.2033695133962186,"139":0.6016847791939515,"140":0.2018829990972256,"141":0.4007927896293567,"142":0.2008919670687693,"143":0.001982109048843969,"144":0.2013875168268011,"145":0.0004955272621876239,"146":0.003468758323144977,"147":0.40178391164143273,"148":0.001982109048900053,"149":0.20287405362163824,"150":0.20336951339616252,"151":0.20089207954813967,"152":0.6021803514479023,"153":0.20188302159314456,"154":0.0019820190652803625,"155":0.40277487618239394,"156":0.40178382165796256,"157":0.0004955272621876239,"158":0.20287403112577537,"159":0.0024776138152248174,"160":0.0004955497581813464,"161":0.0019821315447816072,"162":0.4022794389037325,"163":0.20188302159314456,"164":0.0014866042825752888,"165":0.002477636311087677,"166":0.2028740086299312,"167":0.0014866042825192047,"168":0.4027748761823565,"169":0.40227946139961407,"170":0.0029731185815495818},"ranked":{"59":0.0,"97":0.0058823529411764705,"108":0.011764705882352941,"64":0.01764705882352941,"101":0.023529411764705882,"38":0.029411764705882353,"37":0.03529411764705882,"145":0.041176470588235294,"157":0.047058823529411764,"160":0.052941176470588235,"6":0.058823529411764705,"23":0.06470588235294118,"42":0.07058823529411765,"103":0.07647058823529412,"99":0.08235294117647059,"104":0.08823529411764706,"87":0.09411764705882353,"92":0.1,"106":0.10588235294117647,"24":0.11176470588235295,"122":0.11764705882352941,"127":0.12352941176470589,"114":0.12941176470588237,"43":0.13529411764705881,"100":0.1411764705882353,"167":0.14705882352941177,"134":0.15294117647058825,"164":0.1588235294117647,"68":0.16470588235294117,"60":0.17058823529411765,"69":0.17647058823529413,"27":0.18235294117647058,"55":0.18823529411764706,"129":0.19411764705882353,"109":0.2,"154":0.20588235294117646,"143":0.21176470588235294,"148":0.21764705882352942,"75":0.2235294117647059,"41":0.22941176470588234,"34":0.23529411764705882,"161":0.2411764705882353,"137":0.24705882352941178,"115":0.2529411764705882,"18":0.25882352941176473,"93":0.2647058823529412,"10":0.27058823529411763,"11":0.27647058823529413,"159":0.2823529411764706,"40":0.28823529411764703,"49":0.29411764705882354,"165":0.3,"47":0.3058823529411765,"58":0.31176470588235294,"48":0.3176470588235294,"51":0.3235294117647059,"9":0.32941176470588235,"53":0.3352941176470588,"54":0.3411764705882353,"170":0.34705882352941175,"46":0.35294117647058826,"83":0.3588235294117647,"146":0.36470588235294116,"89":0.37058823529411766,"61":0.3764705882352941,"45":0.38235294117647056,"50":0.38823529411764707,"84":0.3941176470588235,"19":0.4,"29":0.40588235294117647,"82":0.4117647058823529,"112":0.4176470588235294,"142":0.4235294117647059,"95":0.4294117647058823,"14":0.43529411764705883,"62":0.4411764705882353,"98":0.4470588235294118,"117":0.45294117647058824,"130":0.4588235294117647,"151":0.4647058823529412,"65":0.47058823529411764,"73":0.4764705882352941,"94":0.4823529411764706,"1":0.48823529411764705,"25":0.49411764705882355,"44":0.5,"7":0.5058823529411764,"110":0.5117647058823529,"90":0.5176470588235295,"125":0.5235294117647059,"144":0.5294117647058824,"102":0.5352941176470588,"12":0.5411764705882353,"70":0.5470588235294118,"33":0.5529411764705883,"5":0.5588235294117647,"56":0.5647058823529412,"131":0.5705882352941176,"4":0.5764705882352941,"39":0.5823529411764706,"140":0.5882352941176471,"116":0.5941176470588235,"63":0.6,"72":0.6058823529411764,"123":0.611764705882353,"153":0.6176470588235294,"163":0.6235294117647059,"111":0.6294117647058823,"71":0.6352941176470588,"85":0.6411764705882353,"26":0.6470588235294118,"133":0.6529411764705882,"120":0.6588235294117647,"76":0.6647058823529411,"118":0.6705882352941176,"35":0.6764705882352942,"166":0.6823529411764706,"17":0.6882352941176471,"158":0.6941176470588235,"149":0.7,"86":0.7058823529411765,"150":0.711764705882353,"138":0.7176470588235294,"136":0.7235294117647059,"36":0.7294117647058823,"66":0.7352941176470589,"80":0.7411764705882353,"16":0.7470588235294118,"21":0.7529411764705882,"81":0.7588235294117647,"113":0.7647058823529411,"119":0.7705882352941177,"141":0.7764705882352941,"3":0.7823529411764706,"67":0.788235294117647,"105":0.7941176470588235,"30":0.8,"8":0.8058823529411765,"28":0.8117647058823529,"74":0.8176470588235294,"78":0.8235294117647058,"96":0.8294117647058824,"91":0.8352941176470589,"156":0.8411764705882353,"13":0.8470588235294118,"135":0.8529411764705882,"147":0.8588235294117647,"0":0.8647058823529412,