{"name":"agd","num_of_nodes":192,"num_of_edges":603,"weight":"value","process_time":0.07045507431030273,"data":{"0":0.39232673267326734,"1":0.6943069306930691,"2":0.21287128712871292,"3":0.29826732673267314,"4":0.06435643564356436,"5":0.6089108910891087,"6":0.3539603960396038,"7":0.12004950495049499,"8":0.06559405940594064,"9":0.2797029702970296,"10":0.08910891089108909,"11":0.34653465346534656,"12":0.724009900990099,"13":0.39232673267326734,"14":0.6992574257425743,"15":0.04084158415841592,"16":0.08168316831683163,"17":0.8106435643564355,"18":0.6076732673267327,"19":0.6274752475247523,"20":0.03341584158415846,"21":0.04826732673267317,"22":0.029702970297029625,"23":0.45049504950495056,"24":0.501237623762376,"25":0.8106435643564355,"26":0.2970297029702969,"27":0.44554455445544544,"28":0.056930693069306905,"29":0.011138613861386084,"30":0.1967821782178217,"31":0.5903465346534652,"32":0.11881188118811871,"33":0.3811881188118811,"34":0.45792079207920783,"35":0.0,"36":0.5606435643564357,"37":0.4727722772277227,"38":0.2623762376237624,"39":0.704207920792079,"40":0.2623762376237624,"41":0.5594059405940592,"42":0.5804455445544554,"43":0.04084158415841592,"44":0.1448019801980197,"45":0.10148514851485145,"46":0.3168316831683167,"47":0.03217821782178218,"48":0.13366336633663364,"49":0.28836633663366334,"50":0.11262376237623753,"51":0.214108910891089,"52":0.30321782178217827,"53":0.10148514851485145,"54":0.14356435643564364,"55":0.4467821782178219,"56":0.016089108910890985,"57":0.49752475247524747,"58":0.28836633663366334,"59":0.04826732673267317,"60":0.15965346534653463,"61":0.29950495049504944,"62":0.3898514851485148,"63":0.6274752475247523,"64":0.3910891089108909,"65":0.2388613861386139,"66":0.06930693069306927,"67":0.25742574257425743,"68":0.18935643564356425,"69":0.21287128712871292,"70":0.3935643564356434,"71":0.37252475247524736,"72":0.3997524752475246,"73":0.24133663366336627,"74":0.2809405940594059,"75":0.1349009900990099,"76":0.12499999999999989,"77":0.43564356435643564,"78":0.33168316831683164,"79":0.5148514851485149,"80":0.34777227722772264,"81":0.5173267326732675,"82":0.266089108910891,"83":0.09653465346534655,"84":0.2561881188118812,"85":0.3935643564356434,"86":0.6064356435643565,"87":0.4727722772277227,"88":0.5173267326732675,"89":0.5247524752475248,"90":0.12376237623762383,"91":0.33168316831683164,"92":0.155940594059406,"93":0.3873762376237623,"94":0.2747524752475247,"95":0.2698019801980198,"96":0.4888613861386137,"97":0.5198019801980196,"98":0.3861386138613862,"99":0.24009900990098998,"100":0.5061881188118812,"101":0.3762376237623764,"102":0.43193069306930704,"103":0.12252475247524755,"104":0.29579207920792083,"105":0.3675742574257426,"106":0.3787128712871285,"107":0.2784653465346533,"108":0.35767326732673244,"109":0.30816831683168316,"110":0.35148514851485124,"111":0.3910891089108909,"112":0.4022277227722772,"113":0.39851485148514854,"114":0.25,"115":0.34777227722772264,"116":0.23019801980198018,"117":0.09777227722772283,"118":0.06064356435643553,"119":0.25742574257425743,"120":0.45049504950495056,"121":0.16831683168316838,"122":0.2698019801980198,"123":0.32054455445544533,"124":0.379950495049505,"125":0.4108910891089109,"126":0.3836633663366336,"127":0.379950495049505,"128":0.20915841584158407,"129":0.18564356435643564,"130":0.2586633663366335,"131":0.07920792079207928,"132":0.43564356435643564,"133":0.46163366336633643,"134":0.7351485148514849,"135":0.5730198019801981,"136":0.03341584158415846,"137":0.266089108910891,"138":0.12004950495049499,"139":0.03341584158415846,"140":0.7685643564356434,"141":0.7698019801980198,"142":0.275990099009901,"143":0.4913366336633663,"144":0.3168316831683167,"145":0.10024752475247517,"146":0.15717821782178207,"147":0.3898514851485148,"148":0.36262376237623756,"149":0.14232673267326737,"150":0.17574257425742562,"151":0.3341584158415842,"152":0.18316831683168308,"153":0.4096534653465344,"154":0.11138613861386147,"155":0.4900990099009902,"156":0.4913366336633663,"157":0.6967821782178217,"158":1.0,"159":0.7883663366336634,"160":0.7685643564356434,"161":0.5631188118811878,"162":0.4678217821782176,"163":0.35767326732673244,"164":0.5878712871287126,"165":0.21782178217821782,"166":0.35643564356435636,"167":0.4913366336633663,"168":0.21287128712871292,"169":0.31559405940594065,"170":0.16460396039603953,"171":0.3341584158415842,"172":0.24628712871287117,"173":0.30940594059405946,"174":0.2586633663366335,"175":0.6361386138613859,"176":0.16089108910891092,"177":0.5878712871287126,"178":0.30940594059405946,"179":1.0,"180":0.35643564356435636,"181":0.40841584158415833,"182":0.8292079207920791,"183":0.24009900990098998,"184":0.2685643564356435,"185":0.39851485148514854,"186":0.2908415841584157,"187":0.6163366336633663,"188":0.7871287128712868,"189":0.24009900990098998,"190":1.0,"191":0.29579207920792083},"ranked":{"35":0.0,"29":0.005235602094240838,"56":0.010471204188481676,"22":0.015706806282722512,"47":0.020942408376963352,"20":0.02617801047120419,"136":0.031413612565445025,"139":0.03664921465968586,"15":0.041884816753926704,"43":0.04712041884816754,"21":0.05235602094240838,"59":0.05759162303664921,"28":0.06282722513089005,"118":0.06806282722513089,"4":0.07329842931937172,"8":0.07853403141361257,"66":0.08376963350785341,"131":0.08900523560209424,"16":0.09424083769633508,"10":0.09947643979057591,"83":0.10471204188481675,"117":0.1099476439790576,"145":0.11518324607329843,"45":0.12041884816753927,"53":0.1256544502617801,"154":0.13089005235602094,"50":0.13612565445026178,"32":0.14136125654450263,"7":0.14659685863874344,"138":0.1518324607329843,"103":0.15706806282722513,"90":0.16230366492146597,"76":0.16753926701570682,"48":0.17277486910994763,"75":0.17801047120418848,"149":0.18324607329842932,"54":0.18848167539267016,"44":0.193717277486911,"92":0.19895287958115182,"146":0.20418848167539266,"60":0.2094240837696335,"176":0.21465968586387435,"170":0.2198952879581152,"121":0.225130890052356,"150":0.23036649214659685,"152":0.2356020942408377,"129":0.24083769633507854,"68":0.24607329842931938,"30":0.2513089005235602,"128":0.25654450261780104,"2":0.2617801047120419,"69":0.2670157068062827,"168":0.27225130890052357,"51":0.2774869109947644,"165":0.28272251308900526,"116":0.2879581151832461,"65":0.2931937172774869,"99":0.29842931937172773,"183":0.3036649214659686,"189":0.3089005235602094,"73":0.31413612565445026,"172":0.3193717277486911,"114":0.32460732984293195,"84":0.3298429319371728,"67":0.33507853403141363,"119":0.3403141361256545,"130":0.34554973821989526,"174":0.3507853403141361,"38":0.35602094240837695,"40":0.3612565445026178,"82":0.36649214659685864,"137":0.3717277486910995,"184":0.3769633507853403,"95":0.38219895287958117,"122":0.387434554973822,"94":0.39267015706806285,"142":0.39790575916230364,"107":0.4031413612565445,"9":0.4083769633507853,"74":0.41361256544502617,"49":0.418848167539267,"58":0.42408376963350786,"186":0.4293193717277487,"104":0.43455497382198954,"191":0.4397905759162304,"26":0.44502617801047123,"3":0.450261780104712,"61":0.45549738219895286,"52":0.4607329842931937,"109":0.46596858638743455,"173":0.4712041884816754,"178":0.47643979057591623,"169":0.4816753926701571,"46":0.4869109947643979,"144":0.49214659685863876,"123":0.4973821989528796,"78":0.5026178010471204,"91":0.5078534031413613,"151":0.5130890052356021,"171":0.518324607329843,"11":0.5235602094240838,"80":0.5287958115183246,"115":0.5340314136125655,"110":0.5392670157068062,"6":0.5445026178010471,"166":0.5497382198952879,"180":0.5549738219895288,"108":0.5602094240837696,"163":0.5654450261780105,"148":0.5706806282722513,"105":0.5759162303664922,"71":0.581151832460733,"101":0.5863874345549738,"106":0.5916230366492147,"124":0.5968586387434555,"127":0.6020942408376964,"33":0.6073298429319371,"126":0.612565445026178,"98":0.6178010471204188,"93":0.6230366492146597,"62":0.6282722513089005,"147":0.6335078534031413,"64":0.6387434554973822,"111":0.643979057591623,"0":0.6492146596858639,"13":0.6544502617801047,"70":0.6596858638743456,"85":0.6649214659685864,