{"name":"density","eps":0.5,"weight":"value","num_of_nodes":186,"num_of_edges":574,"process_time":0.1206510066986084,"data":{"0":0.16666666666673086,"1":0.1662546002262644,"2":0.000824245137881516,"3":0.0008242077189556699,"4":0.1662546002262644,"5":0.00041219740693238335,"6":0.33292130431184336,"7":0.0012363302878808798,"8":0.0020605005877552224,"9":0.33456981329735697,"10":0.3337454184833367,"11":0.1666666666666531,"12":0.0012363489975226061,"13":0.16790305308297718,"14":0.33663035130389807,"15":0.3341575971808295,"16":0.001236330287896428,"17":0.001236330287896428,"18":0.1703759194632742,"19":0.5008242638472991,"20":0.001236348997367125,"21":0.5008241890094637,"22":0.49958785872156536,"23":0.33292130431184336,"24":0.0004121412784891957,"25":0.33456983200670326,"26":0.0037089721539542687,"27":0.0004121412784891957,"28":0.0,"29":0.0012363864164950966,"30":0.49917586711909295,"31":0.33292130431184336,"32":0.0008243012663868961,"33":0.0037089721539542687,"34":0.0012363677068689184,"35":0.33292122947394504,"36":0.5008241702999614,"37":0.6658425899142847,"38":0.000824245137881516,"39":0.002060556716338343,"40":0.1687271485449532,"41":0.0,"42":0.5016485651138785,"43":0.0012363677068689184,"44":0.6679031279210926,"45":0.0008242077189556699,"46":0.0,"47":0.16831525048990956,"48":0.00041219740693238335,"49":0.3341575971808295,"50":0.16749106148051787,"51":0.3337455868687751,"52":0.0028846895971780025,"53":0.33415752234276014,"54":0.0004121412785047438,"55":0.0,"56":0.1670788266546441,"57":0.1687273543493641,"58":0.1679031279209999,"59":0.16996357238034304,"60":0.5008242638472991,"61":0.0024726044472563797,"62":0.33621813518740173,"63":0.0004121225689563061,"64":0.5008244135233335,"65":0.0004121225689563061,"66":0.5012365173827567,"67":0.16913955175623427,"68":0.16913955175623427,"69":0.6687272420923481,"70":0.002884839273207898,"71":0.16749104277103163,"72":0.002472754123224082,"73":0.3358060313279628,"74":0.1691393833709047,"75":0.6662546376452958,"76":0.5020606502636885,"77":0.33621822873489515,"78":0.6662545628071915,"79":0.1691395517564364,"80":0.0004121225689563061,"81":0.33415763459980197,"82":0.5024727167041703,"83":0.3345697197496925,"84":0.0004121225689563061,"85":0.17078787364660555,"86":0.0020605567163227948,"87":0.16955161819674738,"88":0.3374544654752515,"89":0.1662545815167315,"90":0.002060650263707377,"91":0.1691393646612941,"92":0.0024726605756218265,"93":0.17078791106578017,"94":0.0028848579825853063,"95":0.16831517565196458,"96":0.002884727016088301,"97":0.3370423054873071,"98":0.16831523178048552,"99":0.16913949562774444,"100":0.33498182360906925,"101":0.002472791542103284,"102":0.502060575425695,"103":0.16955137497325518,"104":0.6674909492235495,"105":0.0012363864163396155,"106":0.0020606502636607324,"107":0.16749104277103163,"108":0.002472772832710327,"109":0.1674910240615454,"110":0.33374558686875955,"111":0.0020606502636607324,"112":0.002472754123224082,"113":0.5000000561285635,"114":0.00206063155423668,"115":0.17037588204417733,"116":0.3366301454993473,"117":0.33745442805621684,"118":0.500000112256944,"119":0.0037090282826151297,"120":0.0012364238353276542,"121":0.3345697571687894,"122":0.1683151943614353,"123":0.1683151943614353,"124":0.16872742918729353,"125":0.1691394207899083,"126":0.004121150851478147,"127":0.16955154335881795,"128":0.33415767201879,"129":0.16913947691830483,"130":0.1687273730588814,"131":0.5020606128446681,"132":0.0012363489973360288,"133":0.6683152504899549,"134":0.0037090282824441007,"135":0.1695515433588646,"136":0.16955154335872466,"137":0.1695514498112157,"138":1.0,"139":0.17037595688223117,"140":0.17119995879649608,"141":0.16831519436157522,"142":0.003296980551634901,"143":0.6670789389117012,"144":0.001648546404377249,"145":0.0032969992612610793,"146":0.3329212668928864,"147":0.16872737305880367,"148":0.16790305308308603,"149":0.0032969805516193528,"150":0.002060668973302459,"151":0.0016484341473042964,"152":0.5008242077188869,"153":0.16831528790894426,"154":0.004121225689392032,"155":0.0049456579224003185,"156":0.33580610616595435,"157":0.16831521307099928,"158":0.5012363302878124,"159":0.004121356656106711,"160":0.33456964491165425,"161":0.3341577094377003,"162":0.3366304074323257,"163":0.16996353496116842,"164":0.00370917795852064,"165":0.002472828961137967,"166":0.5004121038594321,"167":0.004533554063023546,"168":0.002472828961137967,"169":0.336630351303867,"170":0.16872729822101418,"171":0.001648565113847946,"172":0.16831525049003396,"173":0.16913949562777553,"174":0.33539405843503634,"175":0.3329212668928864,"176":0.5024728850897389,"177":0.16831525048992513,"178":0.0041211695610265855,"179":0.3349818423187732,"180":0.16872739176833657,"181":0.0020606502637851173,"182":0.004945302441804052,"183":0.33498174877110876,"184":0.003297055389610978,"185":0.004533236001353126},"ranked":{"28":0.0,"41":0.005405405405405406,"46":0.010810810810810811,"55":0.016216216216216217,"63":0.021621621621621623,"65":0.02702702702702703,"80":0.032432432432432434,"84":0.03783783783783784,"24":0.043243243243243246,"27":0.04864864864864865,"54":0.05405405405405406,"5":0.05945945945945946,"48":0.06486486486486487,"3":0.07027027027027027,"45":0.07567567567567568,"2":0.08108108108108109,"38":0.08648648648648649,"32":0.0918918918918919,"7":0.0972972972972973,"16":0.10270270270270271,"17":0.10810810810810811,"132":0.11351351351351352,"20":0.11891891891891893,"12":0.12432432432432433,"34":0.12972972972972974,"43":0.13513513513513514,"105":0.14054054054054055,"29":0.14594594594594595,"120":0.15135135135135136,"151":0.15675675675675677,"144":0.16216216216216217,"171":0.16756756756756758,"8":0.17297297297297298,"86":0.1783783783783784,"39":0.1837837837837838,"114":0.1891891891891892,"106":0.1945945945945946,"111":0.2,"90":0.20540540540540542,"181":0.21081081081081082,"150":0.21621621621621623,"61":0.22162162162162163,"92":0.22702702702702704,"72":0.23243243243243245,"112":0.23783783783783785,"108":0.24324324324324326,"101":0.24864864864864866,"165":0.25405405405405407,"168":0.2594594594594595,"52":0.2648648648648649,"96":0.2702702702702703,"70":0.2756756756756757,"94":0.2810810810810811,"149":0.2864864864864865,"142":0.2918918918918919,"145":0.2972972972972973,"184":0.3027027027027027,"26":0.3081081081081081,"33":0.31351351351351353,"134":0.31891891891891894,"119":0.32432432432432434,"164":0.32972972972972975,"126":0.33513513513513515,"178":0.34054054054054056,"154":0.34594594594594597,"159":0.35135135135135137,"185":0.3567567567567568,"167":0.3621621621621622,"182":0.3675675675675676,"155":0.372972972972973,"89":0.3783783783783784,"1":0.3837837837837838,"4":0.3891891891891892,"11":0.3945945945945946,"0":0.4,"56":0.40540540540540543,"109":0.41081081081081083,"71":0.41621621621621624,"107":0.42162162162162165,"50":0.42702702702702705,"13":0.43243243243243246,"148":0.43783783783783786,"58":0.44324324324324327,"95":0.4486486486486487,"122":0.4540540540540541,"123":0.4594594594594595,"141":0.4648648648648649,"157":0.4702702702702703,"98":0.4756756756756757,"47":0.4810810810810811,"177":0.4864864864864865,"172":0.4918918918918919,"153":0.4972972972972973,"40":0.5027027027027027,"170":0.5081081081081081,"57":0.5135135135135135,"147":0.518918918918919,"130":0.5243243243243243,"180":0.5297297297297298,"124":0.5351351351351351,"91":0.5405405405405406,"74":0.5459459459459459,"125":0.5513513513513514,"129":0.5567567567567567,"99":0.5621621621621622,"173":0.5675675675675675,"67":0.572972972972973,"68":0.5783783783783784,"79":0.5837837837837838,"103":0.5891891891891892,"137":0.5945945945945946,"136":0.6,"127":0.6054054054054054,"135":0.6108108108108108,"87":0.6162162162162163,"163":0.6216216216216216,"59":0.6270270270270271,"115":0.6324324324324324,"18":0.6378378378378379,"139":0.6432432432432432,"85":0.6486486486486487,"93":0.654054054054054,"140":0.6594594594594595,"35":0.6648648648648648,"146":0.6702702702702703,"175":0.6756756756756757,"6":0.6810810810810811,"23":0.6864864864864865,"31":0.6918918918918919,"10":0.6972972972972973,