{"name":"fiedler","normalized":true,"weight":"value","num_of_nodes":171,"num_of_edges":524,"process_time":0.04722189903259277,"data":{"0":0.14697413042567142,"1":0.3781770207159125,"2":0.18937426810037739,"3":0.10112372576760967,"4":0.38100817079057986,"5":0.14870733212130066,"6":0.21511504551269672,"7":0.3894857510845723,"8":0.19330166956809652,"9":0.1390787842491072,"10":0.33391448269944846,"11":0.378177020715943,"12":0.3894857510849145,"13":0.3452281563155473,"14":0.079326226315842,"15":0.2689568868096414,"16":0.33004432058869015,"17":0.17247742898869947,"18":0.3500459704714722,"19":0.12444987433088336,"20":0.3985828086090438,"21":0.30710147584888986,"22":0.037603872249340545,"23":0.23222448132538348,"24":0.1967786084366292,"25":0.09131070994470097,"26":0.15650433060614263,"27":0.2610043381509334,"28":0.20015851038140783,"29":0.2281556778823071,"30":0.014284284959408448,"31":0.21848013024445412,"32":0.03760387224936451,"33":0.21552845839110832,"34":0.18402125012506823,"35":0.21284937236295454,"36":0.15247639120463183,"37":0.12329351712091381,"38":0.1931688167021047,"39":0.24496924391069017,"40":0.09957531010304603,"41":0.07932622630761435,"42":0.0,"43":0.18402125011994272,"44":0.12655633797332094,"45":0.14783833561815904,"46":9.632100542275787e-12,"47":0.12329351711344404,"48":0.08769123191500171,"49":0.33578393013313845,"50":0.3530367893111497,"51":0.34522815630333625,"52":0.18402125012449885,"53":0.13889118126343036,"54":0.17748072907797174,"55":0.17292060114555083,"56":0.2925844678632494,"57":0.793465411786715,"58":0.6516453549933058,"59":0.8207276460545727,"60":0.7930039459453481,"61":0.8302933414691945,"62":0.7394917112019078,"63":0.7394917112018994,"64":0.8656736025259111,"65":0.7213542210826951,"66":0.7777417702670022,"67":0.8394901451091397,"68":0.7171545337998315,"69":0.8435528703820903,"70":0.9124424897133466,"71":0.8550062669727078,"72":0.9122845151892489,"73":0.9177056952534158,"74":0.8102692646510821,"75":0.7432092401630807,"76":0.7729765691309232,"77":0.7670254428179359,"78":1.0,"79":0.8214031033445691,"80":0.6888061041827725,"81":0.659452333412733,"82":0.6248931243908569,"83":0.7875624817639533,"84":0.8441734488956327,"85":0.6775751162376971,"86":0.8947460086273514,"87":0.8195042599992318,"88":0.8612476358939338,"89":0.7515003843395132,"90":0.79521499431028,"91":0.8851002006689178,"92":0.8851002006629247,"93":0.6335529499690419,"94":0.9045302140152465,"95":0.42381770444658046,"96":0.8209318903262848,"97":0.7556799650496068,"98":0.7427629665886327,"99":0.9167800934951977,"100":0.8691856449135809,"101":0.9385417115390576,"102":0.7116476942099546,"103":0.9085111175964119,"104":0.936220285402407,"105":0.8834636449741928,"106":0.8353024438473398,"107":0.9385417115341018,"108":0.8054434722778065,"109":0.9431866127747938,"110":0.5700433696495872,"111":0.5358004547295612,"112":0.8058277606003681,"113":0.7515003843293233,"114":0.3463521221182977,"115":0.6393504418095174,"116":0.6431056908967296,"117":0.7285586221276247,"118":0.6415614568954865,"119":0.5198543679301049,"120":0.5680021716282022,"121":0.23030556716578518,"122":0.7328636844868331,"123":0.5696175443843201,"124":0.43423348845501225,"125":0.6887630269399242,"126":0.7504534687474518,"127":0.676595170748317,"128":0.6991804698263152,"129":0.5345453048210064,"130":0.6340763424938808,"131":0.7423805971706551,"132":0.7859610121665196,"133":0.7550032525575427,"134":0.568002171627459,"135":0.3312902082742103,"136":0.7143545160649156,"137":0.7237767717846265,"138":0.7143545160650664,"139":0.736308858354242,"140":0.7528699966737572,"141":0.7424809746614256,"142":0.7696982658347509,"143":0.6511669699476688,"144":0.6313446666511263,"145":0.2749305508507228,"146":0.29481733119714043,"147":0.6415614568954767,"148":0.6836195918585349,"149":0.7042122397235113,"150":0.7143545160631638,"151":0.3229673908481734,"152":0.2303055671686205,"153":0.676249822065539,"154":0.7356416530536866,"155":0.6062603323164408,"156":0.7221993824138487,"157":0.6683031513689672,"158":0.7808948354903873,"159":0.5776021185807255,"160":0.7550032525506101,"161":0.5135022319929474,"162":0.7221993824189642,"163":0.36862696494558816,"164":0.6313446666497828,"165":0.5389034664003004,"166":0.707978439162941,"167":0.7030387876190216,"168":0.5680021716269388,"169":0.3740068232073292,"170":0.5198543679301021},"ranked":{"42":0.0,"46":0.0058823529411764705,"30":0.011764705882352941,"22":0.01764705882352941,"32":0.023529411764705882,"41":0.029411764705882353,"14":0.03529411764705882,"48":0.041176470588235294,"25":0.047058823529411764,"40":0.052941176470588235,"3":0.058823529411764705,"47":0.06470588235294118,"37":0.07058823529411765,"19":0.07647058823529412,"44":0.08235294117647059,"53":0.08823529411764706,"9":0.09411764705882353,"0":0.1,"45":0.10588235294117647,"5":0.11176470588235295,"36":0.11764705882352941,"26":0.12352941176470589,"17":0.12941176470588237,"55":0.13529411764705881,"54":0.1411764705882353,"43":0.14705882352941177,"52":0.15294117647058825,"34":0.1588235294117647,"2":0.16470588235294117,"38":0.17058823529411765,"8":0.17647058823529413,"24":0.18235294117647058,"28":0.18823529411764706,"35":0.19411764705882353,"6":0.2,"33":0.20588235294117646,"31":0.21176470588235294,"29":0.21764705882352942,"121":0.2235294117647059,"152":0.22941176470588234,"23":0.23529411764705882,"39":0.2411764705882353,"27":0.24705882352941178,"15":0.2529411764705882,"145":0.25882352941176473,"56":0.2647058823529412,"146":0.27058823529411763,"21":0.27647058823529413,"151":0.2823529411764706,"16":0.28823529411764703,"135":0.29411764705882354,"10":0.3,"49":0.3058823529411765,"51":0.31176470588235294,"13":0.3176470588235294,"114":0.3235294117647059,"18":0.32941176470588235,"50":0.3352941176470588,"163":0.3411764705882353,"169":0.34705882352941175,"1":0.35294117647058826,"11":0.3588235294117647,"4":0.36470588235294116,"7":0.37058823529411766,"12":0.3764705882352941,"20":0.38235294117647056,"95":0.38823529411764707,"124":0.3941176470588235,"161":0.4,"170":0.40588235294117647,"119":0.4117647058823529,"129":0.4176470588235294,"111":0.4235294117647059,"165":0.4294117647058823,"168":0.43529411764705883,"134":0.4411764705882353,"120":0.4470588235294118,"123":0.45294117647058824,"110":0.4588235294117647,"159":0.4647058823529412,"155":0.47058823529411764,"82":0.4764705882352941,"164":0.4823529411764706,"144":0.48823529411764705,"93":0.49411764705882355,"130":0.5,"115":0.5058823529411764,"147":0.5117647058823529,"118":0.5176470588235295,"116":0.5235294117647059,"143":0.5294117647058824,"58":0.5352941176470588,"81":0.5411764705882353,"157":0.5470588235294118,"153":0.5529411764705883,"127":0.5588235294117647,"85":0.5647058823529412,"148":0.5705882352941176,"125":0.5764705882352941,"80":0.5823529411764706,"128":0.5882352941176471,"167":0.5941176470588235,"149":0.6,"166":0.6058823529411764,"102":0.611764705882353,"150":0.6176470588235294,"136":0.6235294117647059,"138":0.6294117647058823,"68":0.6352941176470588,"65":0.6411764705882353,"156":0.6470588235294118,"162":0.6529411764705882,"137":0.6588235294117647,"117":0.6647058823529411,"122":0.6705882352941176,"154":0.6764705882352942,"139":0.6823529411764706,"63":0.6882352941176471,"62":0.6941176470588235,"131":0.7,"141":0.7058823529411765,"98":0.711764705882353,"75":0.7176470588235294,"126":0.7235294117647059,"113":0.7294117647058823,"89":0.7352941176470589,"140":0.7411764705882353,"160":0.7470588235294118,"133":0.7529411764705882,"97":0.7588235294117647,"77":0.7647058823529411,"142":0.7705882352941177,"76":0.7764705882352941,"66":0.7823529411764706,"158":0.788235294117647,"132":0.7941176470588235,"83":0.8,"60":0.8058823529411765,"57":0.8117647058823529,"90":0.8176470588235294,"108":0.8235294117647058,"112":0.8294117647058824,"74":0.8352941176470589,"87":0.8411764705882353,"59":0.8470588235294118,"96":0.8529411764705882,"79":0.8588235294117647,"61":0.8647058823529412,"106":0.8705882352941177,"67":0.8764705882352941,"69":0.8823529411764706,"84":0.888235294117647,"71":0.8941176470588236,"88":0.9,