{"name":"fiedler","normalized":false,"weight":"value","num_of_nodes":186,"num_of_edges":585,"process_time":0.04050803184509277,"data":{"0":0.048511480172888234,"1":0.00043252121164683173,"2":0.0220040634720675,"3":0.0828354076818761,"4":0.00018993249193269764,"5":0.0005398017752613359,"6":0.0012893888371472884,"7":0.09040106566263419,"8":0.100586325071049,"9":0.05916091785428724,"10":0.023376236996272556,"11":0.09120906805571476,"12":0.030877088045340857,"13":0.09098745357048148,"14":0.10857529388375527,"15":0.0004215939936436943,"16":0.0059224434637934024,"17":0.04514302444347111,"18":0.036691835874971386,"19":0.000594296109623479,"20":0.0030207285734588415,"21":0.024908856561654858,"22":0.03429355733621598,"23":0.08623442569532429,"24":0.030079142670010068,"25":0.09040106566263421,"26":0.03169030603324617,"27":0.041888289813719316,"28":0.037663037851081015,"29":0.041888289813719316,"30":0.002531074365676456,"31":0.09667887570627208,"32":0.1228201232024499,"33":0.05111321391992209,"34":0.03260071481891534,"35":0.03594648634052132,"36":0.01760527172357075,"37":0.0776338861118226,"38":0.005212402148752046,"39":0.09889421389395692,"40":0.09302991725025694,"41":0.10806271721146135,"42":0.109819309720761,"43":0.11667555587179332,"44":0.035711771946269545,"45":0.0005733547711857276,"46":0.034496531561434826,"47":0.02485979089001976,"48":0.0009612666714364097,"49":0.09098745357048148,"50":0.02422232082056565,"51":0.008696140334566348,"52":0.016393593501329677,"53":0.09685471519724315,"54":0.11922041325986564,"55":0.0,"56":0.000649705106005114,"57":0.03805148363613081,"58":0.013788632416877522,"59":0.1052584870223816,"60":0.10806271721146135,"61":0.004096946531706228,"62":0.9276196182381046,"63":0.9495551742158462,"64":0.47548648916845204,"65":0.4738659997224024,"66":0.5317446939064762,"67":0.35668191246384046,"68":0.9975091030724191,"69":0.48801309370582124,"70":0.9986956208443858,"71":0.5073350703617786,"72":0.44885285102243305,"73":0.44656175535195747,"74":0.9352202462990751,"75":0.4749097816874964,"76":0.38609547969474534,"77":0.9291731258335223,"78":0.5210998609657826,"79":0.9426519232217347,"80":0.5186860048893221,"81":0.9047674049511844,"82":0.469955323709878,"83":0.99720182086996,"84":0.48112730557741723,"85":0.9969827931809637,"86":0.9493918648335065,"87":0.8780130733163714,"88":0.4729754997863547,"89":0.9047674049511844,"90":0.48243617912775805,"91":0.49603115799995756,"92":0.8834026682877619,"93":0.9190405913885418,"94":0.9999634171541868,"95":0.8889877019574723,"96":0.9908860858487304,"97":0.3217939801965446,"98":0.475028248541174,"99":0.4666360296524881,"100":0.9897450160512613,"101":0.9280554617333389,"102":0.9097394831013741,"103":0.8780130733163714,"104":0.4729754997863547,"105":0.48455875675560606,"106":0.33920187454823103,"107":0.48008807084487587,"108":0.8363194736510022,"109":0.9975091030724191,"110":1.0,"111":0.9291731258335223,"112":0.521798095404395,"113":0.4655779178582464,"114":0.39205428905028833,"115":0.9426519232217347,"116":0.4767512880820378,"117":0.5866929595310829,"118":0.4718503062128114,"119":0.9023834413502494,"120":0.4543628386577437,"121":0.9266000847695439,"122":0.8957870604972228,"123":0.3194116063174165,"124":0.20565668899651737,"125":0.3356411075477561,"126":0.17049092279274164,"127":0.06297054398738648,"128":0.06278334482415687,"129":0.05968680918547147,"130":0.46818418693934194,"131":0.05818025780217464,"132":0.3712150858377448,"133":0.15431579078787297,"134":0.19430964062126416,"135":0.17257872007682618,"136":0.11078862435846518,"137":0.0930491706595369,"138":0.12170431750962549,"139":0.11153040565139047,"140":0.17641444060538056,"141":0.14085901593274983,"142":0.05216615761005804,"143":0.332426757825928,"144":0.16705390797169428,"145":0.09312033931119013,"146":0.1036811770953358,"147":0.12296587701649969,"148":0.09091742313347193,"149":0.1821109688628457,"150":0.05668506691509526,"151":0.08075527503469702,"152":0.051764587467739445,"153":0.17361639115162583,"154":0.0939506791690537,"155":0.05494336795498089,"156":0.05445488713543429,"157":0.08878557087881915,"158":0.20182354393608032,"159":0.11927469175537632,"160":0.051826157084930914,"161":0.11622347017127309,"162":0.08683383060368566,"163":0.05144112264839845,"164":0.08700044775768702,"165":0.06332618450535801,"166":0.12077745474276459,"167":0.06049408116247612,"168":0.08775775299780836,"169":0.09357443103118006,"170":0.0944388544685026,"171":0.15856971609012044,"172":0.05144112264839842,"173":0.17001590136046707,"174":0.08820487916836746,"175":0.06418567737681458,"176":0.060485624447021,"177":0.11153040565139047,"178":0.07424326428517115,"179":0.15902860421513995,"180":0.2676078526056034,"181":0.251748610825682,"182":0.16158264267824257,"183":0.05187960673067299,"184":0.13805892064937708,"185":0.052621695881510035},"ranked":{"55":0.0,"4":0.005405405405405406,"15":0.010810810810810811,"1":0.016216216216216217,"5":0.021621621621621623,"45":0.02702702702702703,"19":0.032432432432432434,"56":0.03783783783783784,"48":0.043243243243243246,"6":0.04864864864864865,"30":0.05405405405405406,"20":0.05945945945945946,"61":0.06486486486486487,"38":0.07027027027027027,"16":0.07567567567567568,"51":0.08108108108108109,"58":0.08648648648648649,"52":0.0918918918918919,"36":0.0972972972972973,"2":0.10270270270270271,"10":0.10810810810810811,"50":0.11351351351351352,"47":0.11891891891891893,"21":0.12432432432432433,"24":0.12972972972972974,"12":0.13513513513513514,"26":0.14054054054054055,"34":0.14594594594594595,"22":0.15135135135135136,"46":0.15675675675675677,"44":0.16216216216216217,"35":0.16756756756756758,"18":0.17297297297297298,"28":0.1783783783783784,"57":0.1837837837837838,"27":0.1891891891891892,"29":0.1945945945945946,"17":0.2,"0":0.20540540540540542,"33":0.21081081081081082,"172":0.21621621621621623,"163":0.22162162162162163,"152":0.22702702702702704,"160":0.23243243243243245,"183":0.23783783783783785,"142":0.24324324324324326,"185":0.24864864864864866,"156":0.25405405405405407,"155":0.2594594594594595,"150":0.2648648648648649,"131":0.2702702702702703,"9":0.2756756756756757,"129":0.2810810810810811,"176":0.2864864864864865,"167":0.2918918918918919,"128":0.2972972972972973,"127":0.3027027027027027,"165":0.3081081081081081,"175":0.31351351351351353,"178":0.31891891891891894,"37":0.32432432432432434,"151":0.32972972972972975,"3":0.33513513513513515,"23":0.34054054054054056,"162":0.34594594594594597,"164":0.35135135135135137,"168":0.3567567567567568,"174":0.3621621621621622,"157":0.3675675675675676,"7":0.372972972972973,"25":0.3783783783783784,"148":0.3837837837837838,"13":0.3891891891891892,"49":0.3945945945945946,"11":0.4,"40":0.40540540540540543,"137":0.41081081081081083,"145":0.41621621621621624,"169":0.42162162162162165,"154":0.42702702702702705,"170":0.43243243243243246,"31":0.43783783783783786,"53":0.44324324324324327,"39":0.4486486486486487,"8":0.4540540540540541,"146":0.4594594594594595,"59":0.4648648648648649,"41":0.4702702702702703,"60":0.4756756756756757,"14":0.4810810810810811,"42":0.4864864864864865,"136":0.4918918918918919,"139":0.4972972972972973,"177":0.5027027027027027,"161":0.5081081081081081,"43":0.5135135135135135,"54":0.518918918918919,"159":0.5243243243243243,"166":0.5297297297297298,"138":0.5351351351351351,"32":0.5405405405405406,"147":0.5459459459459459,"184":0.5513513513513514,"141":0.5567567567567567,"133":0.5621621621621622,"171":0.5675675675675675,"179":0.572972972972973,"182":0.5783783783783784,"144":0.5837837837837838,"173":0.5891891891891892,"126":0.5945945945945946,"135":0.6,"153":0.6054054054054054,"140":0.6108108108108108,"149":0.6162162162162163,"134":0.6216216216216216,"158":0.6270270270270271,"124":0.6324324324324324,"181":0.6378378378378379,"180":0.6432432432432432,"123":0.6486486486486487,"97":0.654054054054054,"143":0.6594594594594595,"125":0.6648648648648648,"106":0.6702702702702703,"67":0.6756756756756757,"132":0.6810810810810811,"76":0.6864864864864865,"114":0.6918918918918919,"73":0.6972972972972973,