{"name":"fiedler","normalized":true,"weight":"value","num_of_nodes":171,"num_of_edges":529,"process_time":0.035965919494628906,"data":{"0":0.0,"1":0.11478460014074182,"2":0.060126404621159465,"3":0.11849596081199956,"4":0.058831037928333045,"5":0.08574449589476217,"6":0.1163995974055141,"7":0.0913651841148458,"8":0.0924178851118099,"9":0.1029308719654286,"10":0.0872687926221205,"11":0.07529237077537397,"12":0.1171583054844775,"13":0.06296788995990404,"14":0.014504851355157215,"15":0.09478293511045705,"16":0.08574449589472773,"17":0.11496229221947099,"18":0.10427958268516015,"19":0.07698771313872303,"20":0.10515209688744269,"21":0.08775811791031402,"22":0.13241508298613988,"23":0.10427958268518152,"24":0.08804239009029097,"25":0.02629429218058406,"26":0.08906777796722075,"27":0.06167019780125632,"28":0.08574449589471973,"29":0.08784140887294824,"30":0.0830940116379051,"31":0.09307088051494881,"32":0.11655037703588018,"33":0.09115764385397196,"34":0.040248192153664604,"35":0.0708107568133063,"36":0.07007172433686668,"37":0.0685103104379567,"38":0.03848021016806566,"39":0.11490934528303132,"40":0.06296788995302043,"41":0.04606299092098764,"42":0.10293087196548144,"43":0.08574449589476275,"44":0.03733195490825422,"45":0.08879227770093892,"46":0.09036415042893296,"47":0.09307088051498343,"48":0.08784140887383653,"49":0.02062534275440311,"50":0.0881665157560776,"51":0.06243191902725817,"52":0.01577046312665943,"53":0.0694687351829387,"54":0.06341398813417191,"55":0.09136518411481735,"56":0.08833323054934299,"57":0.20288717709327236,"58":0.23601234935350962,"59":0.2980023164468591,"60":0.31417165368464656,"61":0.2475674563409898,"62":0.3532848237857067,"63":0.30075986877837235,"64":0.348979872696444,"65":0.3263853747704571,"66":0.5266674530390876,"67":0.31968832635014083,"68":0.35099563450752497,"69":0.3546718620567546,"70":0.3778657790918478,"71":0.3489798726964402,"72":0.44570460225225644,"73":0.2340821455047007,"74":0.4947431578078059,"75":0.39199437135234233,"76":0.3300958176648777,"77":0.39138137429938363,"78":0.34217986025793673,"79":0.24710788825237562,"80":0.33278770640510447,"81":0.2347273164637672,"82":0.30075986877839495,"83":0.37832075974938684,"84":0.2619352694346329,"85":0.2341600914480775,"86":0.25844806680575816,"87":0.4425506226497068,"88":0.5023343821749284,"89":0.2362068869045048,"90":0.3953015737818589,"91":0.33049582592613647,"92":0.524788307641032,"93":0.42430524280130505,"94":0.4172766292232673,"95":0.5264713568756102,"96":0.40496399262374944,"97":0.3759212899130693,"98":0.5057494178710253,"99":0.289166139858012,"100":0.38287621875462574,"101":0.3460605231335535,"102":0.24094687279377291,"103":0.22017753800524914,"104":0.39360409959533577,"105":0.3500338823814541,"106":0.3358494553779814,"107":0.30143674386680047,"108":0.3835388273416149,"109":0.5247883076405158,"110":0.47096625211920373,"111":0.18535523556022243,"112":0.40384965239806825,"113":0.22159845213871388,"114":0.8654895245761558,"115":0.6077428898206533,"116":0.7741494435458204,"117":0.9050384348697135,"118":0.7644488559595211,"119":0.7497485191480765,"120":0.7276055611330212,"121":0.7276055611330187,"122":0.7465861322258004,"123":0.981849638971516,"124":0.850639561268652,"125":0.8472737993546252,"126":0.8154416557583131,"127":0.8630101073473225,"128":0.9224955478969841,"129":0.7553715821943773,"130":0.9910781634688198,"131":0.6319080005743686,"132":0.7627272674099864,"133":0.7814723016462515,"134":0.9751126001672771,"135":0.9083464877362573,"136":0.6078609380226861,"137":0.8474039031591639,"138":0.6612424384157071,"139":0.9184953287696166,"140":0.7741494435512348,"141":0.8866806992303439,"142":0.7130008091974646,"143":0.8656338468645846,"144":0.8556728987211462,"145":0.5259599244557159,"146":0.9081710377815201,"147":0.8970618607544034,"148":0.735116689801588,"149":0.8462943875618418,"150":0.6319080005743956,"151":0.71755143692389,"152":0.7896612770397282,"153":1.0,"154":0.961433044063154,"155":0.9019117308028886,"156":0.8202982782880459,"157":0.8656338468646111,"158":0.8762565250065811,"159":0.8594338956632592,"160":0.7769293446951617,"161":0.7715853610076913,"162":0.9538615727691921,"163":0.8377412405918385,"164":0.932317076576211,"165":0.6949130561266342,"166":0.8210856008412379,"167":0.8226076625034994,"168":0.7859890723719212,"169":0.86563384686458,"170":0.8154416557572599},"ranked":{"0":0.0,"14":0.0058823529411764705,"52":0.011764705882352941,"49":0.01764705882352941,"25":0.023529411764705882,"44":0.029411764705882353,"38":0.03529411764705882,"34":0.041176470588235294,"41":0.047058823529411764,"4":0.052941176470588235,"2":0.058823529411764705,"27":0.06470588235294118,"51":0.07058823529411765,"40":0.07647058823529412,"13":0.08235294117647059,"54":0.08823529411764706,"37":0.09411764705882353,"53":0.1,"36":0.10588235294117647,"35":0.11176470588235295,"11":0.11764705882352941,"19":0.12352941176470589,"30":0.12941176470588237,"28":0.13529411764705881,"16":0.1411764705882353,"5":0.14705882352941177,"43":0.15294117647058825,"10":0.1588235294117647,"21":0.16470588235294117,"29":0.17058823529411765,"48":0.17647058823529413,"24":0.18235294117647058,"50":0.18823529411764706,"56":0.19411764705882353,"45":0.2,"26":0.20588235294117646,"46":0.21176470588235294,"33":0.21764705882352942,"55":0.2235294117647059,"7":0.22941176470588234,"8":0.23529411764705882,"31":0.2411764705882353,"47":0.24705882352941178,"15":0.2529411764705882,"9":0.25882352941176473,"42":0.2647058823529412,"18":0.27058823529411763,"23":0.27647058823529413,"20":0.2823529411764706,"1":0.28823529411764703,"39":0.29411764705882354,"17":0.3,"6":0.3058823529411765,"32":0.31176470588235294,"12":0.3176470588235294,"3":0.3235294117647059,"22":0.32941176470588235,"111":0.3352941176470588,"57":0.3411764705882353,"103":0.34705882352941175,"113":0.35294117647058826,"73":0.3588235294117647,"85":0.36470588235294116,"81":0.37058823529411766,"58":0.3764705882352941,"89":0.38235294117647056,"102":0.38823529411764707,"79":0.3941176470588235,"61":0.4,"86":0.40588235294117647,"84":0.4117647058823529,"99":0.4176470588235294,"59":0.4235294117647059,"63":0.4294117647058823,"82":0.43529411764705883,"107":0.4411764705882353,"60":0.4470588235294118,"67":0.45294117647058824,"65":0.4588235294117647,"76":0.4647058823529412,"91":0.47058823529411764,"80":0.4764705882352941,"106":0.4823529411764706,"78":0.48823529411764705,"101":0.49411764705882355,"71":0.5,"64":0.5058823529411764,"105":0.5117647058823529,"68":0.5176470588235295,"62":0.5235294117647059,"69":0.5294117647058824,"97":0.5352941176470588,"70":0.5411764705882353,"83":0.5470588235294118,"100":0.5529411764705883,"108":0.5588235294117647,"77":0.5647058823529412,"75":0.5705882352941176,"104":0.5764705882352941,"90":0.5823529411764706,"112":0.5882352941176471,"96":0.5941176470588235,"94":0.6,"93":0.6058823529411764,"87":0.611764705882353,"72":0.6176470588235294,"110":0.6235294117647059,"74":0.6294117647058823,"88":0.6352941176470588,"98":0.6411764705882353,"109":0.6470588235294118,"92":0.6529411764705882,"145":0.6588235294117647,"95":0.6647058823529411,"66":0.6705882352941176,"115":0.6764705882352942,"136":0.6823529411764706,"131":0.6882352941176471,"150":0.6941176470588235,"138":0.7,"165":0.7058823529411765,"142":0.711764705882353,"151":0.7176470588235294,"121":0.7235294117647059,"120":0.7294117647058823,"148":0.7352941176470589,"122":0.7411764705882353,"119":0.7470588235294118,"129":0.7529411764705882,"132":0.7588235294117647,"118":0.7647058823529411,"161":0.7705882352941177,"116":0.7764705882352941,"140":0.7823529411764706,"160":0.788235294117647,"133":0.7941176470588235,"168":0.8,"152":0.8058823529411765,"170":0.8117647058823529,"126":0.8176470588235294,"156":0.8235294117647058,"166":0.8294117647058824,"167":0.8352941176470589,"163":0.8411764705882353,"149":0.8470588235294118,"125":0.8529411764705882,"137":0.8588235294117647,"124":0.8647058823529412,"144":0.8705882352941177,"159":0.8764705882352941,"127":0.8823529411764706,"114":0.888235294117647,"169":0.8941176470588236,"143":0.9,