{"name":"agd","num_of_nodes":198,"num_of_edges":615,"weight":"value","process_time":0.08071565628051758,"data":{"0":0.8859773371104814,"1":0.28611898016997156,"2":0.43413597733711035,"3":0.32152974504249293,"4":0.8866855524079319,"5":0.8866855524079319,"6":0.09206798866855517,"7":0.413597733711048,"8":0.37889518413597734,"9":0.6133144475920678,"10":0.3909348441926346,"11":0.7443342776203965,"12":0.16643059490084977,"13":0.508498583569405,"14":0.10835694050991497,"15":0.5283286118980169,"16":0.3208215297450425,"17":0.6409348441926346,"18":0.39660056657223786,"19":0.49929178470254953,"20":0.5417847025495751,"21":0.6026912181303115,"22":0.10835694050991497,"23":0.6161473087818696,"24":0.6260623229461756,"25":0.5339943342776202,"26":0.4185552407932011,"27":0.6536827195467421,"28":0.016288951841359804,"29":0.2393767705382436,"30":0.8640226628895182,"31":0.5169971671388102,"32":0.09065155807365441,"33":0.21600566572237964,"34":0.6062322946175637,"35":0.4532577903682718,"36":0.121813031161473,"37":0.6033994334277619,"38":0.42280453257790374,"39":0.7549575070821528,"40":0.7528328611898015,"41":0.16643059490084977,"42":0.4220963172804533,"43":0.4157223796033993,"44":0.7691218130311614,"45":0.5361189801699716,"46":0.5106232294617564,"47":0.39022662889518417,"48":0.6147308781869687,"49":0.7294617563739376,"50":0.43484419263456076,"51":0.7379603399433428,"52":0.21529745042492918,"53":0.41784702549575065,"54":0.6069405099150141,"55":0.3208215297450425,"56":0.3179886685552407,"57":0.5106232294617564,"58":0.3604815864022663,"59":0.31090651558073656,"60":0.4950424929178469,"61":0.3590651558073654,"62":0.4957507082152973,"63":0.09206798866855517,"64":0.8866855524079319,"65":0.5127478753541075,"66":0.09631728045325783,"67":0.6437677053824361,"68":0.268413597733711,"69":0.6444759206798866,"70":0.4865439093484418,"71":0.6990084985835694,"72":0.16926345609065155,"73":0.49362606232294604,"74":0.45113314447592073,"75":0.7818696883852689,"76":0.13101983002832865,"77":0.8682719546742209,"78":0.2584985835694051,"79":0.645184135977337,"80":0.21529745042492918,"81":0.7549575070821528,"82":1.0,"83":0.28753541076487243,"84":0.13101983002832865,"85":0.8902266288951841,"86":0.305240793201133,"87":0.688385269121813,"88":0.20963172804532576,"89":0.43413597733711035,"90":0.7379603399433428,"91":0.6770538243626062,"92":0.7372521246458923,"93":0.4093484419263456,"94":0.28895184135977336,"95":0.3087818696883852,"96":0.35835694050991496,"97":0.26133144475920683,"98":0.7726628895184134,"99":0.5531161473087817,"100":0.39589235127478745,"101":0.7698300283286119,"102":0.5524079320113315,"103":0.28753541076487243,"104":0.011331444759206832,"105":0.21458923512747874,"106":0.6359773371104814,"107":0.4079320113314447,"108":0.8866855524079319,"109":0.26487252124645877,"110":0.7811614730878187,"111":0.8661473087818696,"112":0.8696883852691218,"113":0.29957507082152973,"114":0.5665722379603398,"115":0.45113314447592073,"116":0.17351274787535406,"117":0.20042492917847027,"118":0.5849858356940508,"119":0.28753541076487243,"120":0.6381019830028328,"121":0.6529745042492916,"122":0.8873937677053824,"123":0.31232294617563744,"124":0.5297450424929179,"125":0.7287535410764873,"126":0.05453257790368271,"127":0.6990084985835694,"128":0.395184135977337,"129":0.05453257790368271,"130":0.40084985835694054,"131":0.8505665722379604,"132":0.16997167138810199,"133":0.7245042492917846,"134":0.13881019830028327,"135":0.33286118980169976,"136":0.5807365439093485,"137":0.7124645892351273,"138":0.25,"139":0.1671388101983002,"140":0.7245042492917846,"141":0.1975920679886685,"142":0.3250708215297449,"143":0.296742209631728,"144":0.2620396600566573,"145":0.43909348441926344,"146":0.2209631728045326,"147":0.2627478753541077,"148":0.2762039660056656,"149":0.2698300283286119,"150":0.21671388101982994,"151":0.12747875354107643,"152":0.0,"153":0.2712464589235128,"154":0.4603399433427762,"155":0.29532577903682705,"156":0.2230878186968838,"157":0.2974504249291784,"158":0.21671388101982994,"159":0.3087818696883852,"160":0.456798866855524,"161":0.11189801699716706,"162":0.7096317280453258,"163":0.3342776203966004,"164":0.28611898016997156,"165":0.18342776203966002,"166":0.30736543909348435,"167":0.46317280453257775,"168":0.08498583569405099,"169":0.2209631728045326,"170":0.45963172804532576,"171":0.2592067988668555,"172":0.09135977337110485,"173":0.3590651558073654,"174":0.7245042492917846,"175":0.33215297450424935,"176":0.23583569405099153,"177":0.0,"178":0.03328611898016993,"179":0.030453257790368282,"180":0.09631728045325783,"181":0.3406515580736544,"182":0.2620396600566573,"183":0.34135977337110485,"184":0.22167138810198292,"185":0.12677053824362597,"186":0.588526912181303,"187":0.45113314447592073,"188":0.32436260623229446,"189":0.15864022662889515,"190":0.05665722379603404,"191":0.36685552407932004,"192":0.20042492917847027,"193":0.5771954674220963,"194":0.15722379603399428,"195":0.5623229461756375,"196":0.34135977337110485,"197":0.16572237960339944},"ranked":{"152":0.0,"177":0.005076142131979695,"104":0.01015228426395939,"28":0.015228426395939087,"179":0.02030456852791878,"178":0.025380710659898477,"126":0.030456852791878174,"129":0.03553299492385787,"190":0.04060913705583756,"168":0.04568527918781726,"32":0.050761421319796954,"172":0.05583756345177665,"6":0.06091370558375635,"63":0.06598984771573604,"66":0.07106598984771574,"180":0.07614213197969544,"14":0.08121827411167512,"22":0.08629441624365482,"161":0.09137055837563451,"36":0.09644670050761421,"185":0.10152284263959391,"151":0.1065989847715736,"76":0.1116751269035533,"84":0.116751269035533,"134":0.1218274111675127,"194":0.12690355329949238,"189":0.1319796954314721,"197":0.13705583756345177,"12":0.14213197969543148,"41":0.14720812182741116,"139":0.15228426395939088,"72":0.15736040609137056,"132":0.16243654822335024,"116":0.16751269035532995,"165":0.17258883248730963,"141":0.17766497461928935,"117":0.18274111675126903,"192":0.18781725888324874,"88":0.19289340101522842,"105":0.19796954314720813,"52":0.20304568527918782,"80":0.20812182741116753,"33":0.2131979695431472,"150":0.2182741116751269,"158":0.2233502538071066,"146":0.22842639593908629,"169":0.233502538071066,"184":0.23857868020304568,"156":0.2436548223350254,"176":0.24873096446700507,"29":0.25380710659898476,"138":0.25888324873096447,"78":0.2639593908629442,"171":0.26903553299492383,"97":0.27411167512690354,"144":0.27918781725888325,"182":0.28426395939086296,"147":0.2893401015228426,"109":0.29441624365482233,"68":0.29949238578680204,"149":0.30456852791878175,"153":0.3096446700507614,"148":0.3147208121827411,"1":0.3197969543147208,"164":0.3248730964467005,"83":0.3299492385786802,"103":0.3350253807106599,"119":0.3401015228426396,"94":0.34517766497461927,"155":0.350253807106599,"143":0.3553299492385787,"157":0.3604060913705584,"113":0.36548223350253806,"86":0.37055837563451777,"166":0.3756345177664975,"95":0.38071065989847713,"159":0.38578680203045684,"59":0.39086294416243655,"123":0.39593908629441626,"56":0.4010152284263959,"16":0.40609137055837563,"55":0.41116751269035534,"3":0.41624365482233505,"188":0.4213197969543147,"142":0.4263959390862944,"175":0.43147208121827413,"135":0.4365482233502538,"163":0.4416243654822335,"181":0.4467005076142132,"183":0.4517766497461929,"196":0.45685279187817257,"96":0.4619289340101523,"61":0.467005076142132,"173":0.4720812182741117,"58":0.47715736040609136,"191":0.48223350253807107,"8":0.4873096446700508,"47":0.49238578680203043,"10":0.49746192893401014,"128":0.5025380710659898,"100":0.5076142131979695,"18":0.5126903553299492,"130":0.5177664974619289,"107":0.5228426395939086,"93":0.5279187817258884,"7":0.5329949238578681,"43":0.5380710659898477,"53":0.5431472081218274,"26":0.5482233502538071,"42":0.5532994923857868,"38":0.5583756345177665,"2":0.5634517766497462,"89":0.5685279187817259,"50":0.5736040609137056,"145":0.5786802030456852,"74":0.583756345177665,"115":0.5888324873096447,"187":0.5939086294416244,"35":0.5989847715736041,"160":0.6040609137055838,"170":0.6091370558375635,