{"name":"pagerank","alpha":0.85,"weight":"value","num_of_nodes":108,"num_of_edges":342,"process_time":0.03984689712524414,"data":{"0":0.09030232077614923,"1":0.3953735772208974,"2":0.07230164203017338,"3":0.6292081313300901,"4":0.40587222464484596,"5":0.5802265590818895,"6":0.43178200402591393,"7":0.38665829252435985,"8":0.27115735522643236,"9":0.045499275646745156,"10":0.09327485971184964,"11":0.27115735522643236,"12":0.26672809035505635,"13":0.9902842151279243,"14":0.2514005156143159,"15":1.0,"16":0.4471960409885107,"17":0.40587222464484596,"18":0.054990634024750774,"19":0.060820530634251004,"20":0.09030232077614923,"21":0.5956645030418151,"22":0.09483912547727921,"23":0.2522897122134581,"24":0.0906343372410429,"25":0.07510671743260083,"26":0.08304817006667076,"27":0.060820530634251004,"28":0.08304817006667076,"29":0.27115735522643236,"30":0.6005154202354172,"31":0.07230164203017338,"32":0.4466485249341441,"33":0.43178200402591393,"34":0.27115735522643236,"35":0.27261454046415223,"36":0.2335994489369959,"37":0.23219286210387155,"38":0.5280839391118295,"39":0.04136736041902954,"40":0.09759331174263289,"41":0.23893973763349782,"42":0.10234823605698992,"43":0.41000393443927996,"44":0.40749797843947894,"45":0.09997731446388512,"46":0.26356854849853906,"47":0.10234823605698992,"48":0.2440707529683851,"49":0.41367107870756636,"50":0.21167030437388581,"51":0.4066991714522081,"52":0.2645481018368346,"53":0.05645598915318524,"54":0.5326323285003987,"55":0.2266593360422369,"56":0.8785616635764109,"57":0.2280200776184253,"58":0.026209483828511685,"59":0.5320969106105984,"60":0.4628626241427344,"61":0.08910373652739881,"62":0.27113252304136476,"63":0.2501634303125199,"64":0.594977699080017,"65":0.2063957752730181,"66":0.07392094996148325,"67":0.2602902634104081,"68":0.1780151861840894,"69":0.4628626241427344,"70":0.361493605714778,"71":0.09030232077614923,"72":0.0068752287388835565,"73":0.48627155158574237,"74":0.24415362602638577,"75":0.18546352371069122,"76":0.03589212488771691,"77":0.6418636844930697,"78":0.10222241044296321,"79":0.09928700475132193,"80":0.48552584312126257,"81":0.09994783646892975,"82":0.38773296635615495,"83":0.1648739750706866,"84":0.07009782655260687,"85":0.6295512948738781,"86":0.26833621267213215,"87":0.24952632559105886,"88":0.4808258808788568,"89":0.2543916279465341,"90":0.3796178888268635,"91":0.49106424882646327,"92":0.3821698848919631,"93":0.06972796837815227,"94":0.7231236822446526,"95":0.023443869385132005,"96":0.0,"97":0.770185482954649,"98":0.17124775774074447,"99":0.21329016508483684,"100":0.2065047095330948,"101":0.27427298650922405,"102":0.249700828423199,"103":0.6331760238790756,"104":0.3061215957949894,"105":0.1656685355198261,"106":0.3251665466653045,"107":0.006875228738883435},"ranked":{"96":0.0,"107":0.009345794392523364,"72":0.018691588785046728,"95":0.028037383177570093,"58":0.037383177570093455,"76":0.04672897196261682,"39":0.056074766355140186,"9":0.06542056074766354,"18":0.07476635514018691,"53":0.08411214953271028,"19":0.09345794392523364,"27":0.102803738317757,"93":0.11214953271028037,"84":0.12149532710280374,"2":0.1308411214953271,"31":0.14018691588785046,"66":0.14953271028037382,"25":0.1588785046728972,"26":0.16822429906542055,"28":0.17757009345794392,"61":0.18691588785046728,"0":0.19626168224299065,"20":0.205607476635514,"71":0.21495327102803738,"24":0.22429906542056074,"10":0.2336448598130841,"22":0.24299065420560748,"40":0.2523364485981308,"79":0.2616822429906542,"81":0.27102803738317754,"45":0.2803738317757009,"78":0.2897196261682243,"42":0.29906542056074764,"47":0.308411214953271,"83":0.3177570093457944,"105":0.32710280373831774,"98":0.3364485981308411,"68":0.34579439252336447,"75":0.35514018691588783,"65":0.3644859813084112,"100":0.37383177570093457,"50":0.38317757009345793,"99":0.3925233644859813,"55":0.40186915887850466,"57":0.411214953271028,"37":0.4205607476635514,"36":0.42990654205607476,"41":0.4392523364485981,"48":0.4485981308411215,"74":0.45794392523364486,"87":0.4672897196261682,"102":0.4766355140186916,"63":0.48598130841121495,"14":0.4953271028037383,"23":0.5046728971962616,"89":0.514018691588785,"67":0.5233644859813084,"46":0.5327102803738317,"52":0.5420560747663551,"12":0.5514018691588785,"86":0.5607476635514018,"62":0.5700934579439252,"8":0.5794392523364486,"11":0.5887850467289719,"29":0.5981308411214953,"34":0.6074766355140186,"35":0.616822429906542,"101":0.6261682242990654,"104":0.6355140186915887,"106":0.6448598130841121,"70":0.6542056074766355,"90":0.6635514018691588,"92":0.6728971962616822,"7":0.6822429906542056,"82":0.6915887850467289,"1":0.7009345794392523,"4":0.7102803738317757,"17":0.719626168224299,"51":0.7289719626168224,"44":0.7383177570093458,"43":0.7476635514018691,"49":0.7570093457943925,"6":0.7663551401869159,"33":0.7757009345794392,"32":0.7850467289719626,"16":0.794392523364486,"60":0.8037383177570093,"69":0.8130841121495327,"88":0.822429906542056,"80":0.8317757009345794,"73":0.8411214953271028,"91":0.8504672897196262,"38":0.8598130841121495,"59":0.8691588785046729,"54":0.8785046728971962,"5":0.8878504672897196,"64":0.897196261682243,"21":0.9065420560747663,"30":0.9158878504672897,"3":0.9252336448598131,"85":0.9345794392523364,"103":0.9439252336448598,"77":0.9532710280373832,"94":0.9626168224299065,"97":0.9719626168224299,"56":0.9813084112149533,"13":0.9906542056074766,"15":1.0}}