{"name":"agd","num_of_nodes":138,"num_of_edges":426,"weight":"value","process_time":0.05042719841003418,"data":{"0":0.69901547116737,"1":0.2180028129395217,"2":0.22644163150492258,"3":0.49507735583684936,"4":0.11111111111111108,"5":0.4219409282700421,"6":0.4219409282700421,"7":0.28410689170182835,"8":0.2981715893108297,"9":0.18002812939521795,"10":0.1448663853727144,"11":0.3656821378340365,"12":0.28551336146272854,"13":0.291139240506329,"14":0.6441631504922644,"15":0.3741209563994374,"16":0.8227848101265823,"17":0.8762306610407876,"18":0.12095639943741197,"19":1.0,"20":0.3839662447257383,"21":0.41912798874824186,"22":0.18424753867791838,"23":0.8143459915611814,"24":0.5696202531645569,"25":0.34739803094233473,"26":0.47819971870604777,"27":0.8748241912798874,"28":0.19127988748241906,"29":0.12095639943741197,"30":0.371308016877637,"31":0.3727144866385372,"32":0.41912798874824186,"33":0.49507735583684936,"34":0.39381153305203936,"35":0.8227848101265823,"36":0.6483825597749648,"37":0.5738396624472574,"38":0.4219409282700421,"39":0.371308016877637,"40":0.19690576652601968,"41":0.49085794655414894,"42":0.18424753867791838,"43":0.10829817158931083,"44":0.1758087201125175,"45":0.7004219409282701,"46":0.10970464135021087,"47":0.11954992967651194,"48":0.1350210970464135,"49":0.3234880450070323,"50":0.41350210970464135,"51":0.3572433192686356,"52":0.21518987341772147,"53":0.18002812939521795,"54":0.16877637130801681,"55":0.5794655414908578,"56":0.28832630098452877,"57":0.5780590717299577,"58":0.35161744022503516,"59":0.03797468354430377,"60":0.7426160337552742,"61":0.250351617440225,"62":0.26582278481012656,"63":0.06188466947960619,"64":0.561181434599156,"65":0.559774964838256,"66":0.042194092827004204,"67":0.11954992967651194,"68":0.18002812939521795,"69":0.3530239099859352,"70":0.09704641350210973,"71":0.44866385372714473,"72":0.3530239099859352,"73":0.39099859353023897,"74":0.6638537271448663,"75":0.6652601969057664,"76":0.42053445850914206,"77":0.20956399437412082,"78":0.0,"79":0.23909985935302389,"80":0.5443037974683544,"81":0.06891701828410686,"82":0.5485232067510547,"83":0.7398030942334738,"84":0.4331926863572432,"85":0.1462728551336146,"86":0.21237693389592124,"87":0.1870604781997186,"88":0.6652601969057664,"89":0.7398030942334738,"90":0.2194092827004219,"91":0.40646976090014053,"92":0.21378340365682127,"93":0.24472573839662437,"94":0.310829817158931,"95":0.3530239099859352,"96":0.28551336146272854,"97":0.4866385372714487,"98":0.3206751054852321,"99":0.4374120956399436,"100":0.5175808720112518,"101":0.31645569620253167,"102":0.042194092827004204,"103":0.27566807313642744,"104":0.07032348804500707,"105":0.3248945147679325,"106":0.3530239099859352,"107":0.009845288326300907,"108":0.4388185654008438,"109":0.3347398030942334,"110":0.5021097046413502,"111":0.3248945147679325,"112":0.30239099859353014,"113":0.3741209563994374,"114":0.3614627285513361,"115":0.06329113924050622,"116":0.18143459915611815,"117":0.4374120956399436,"118":0.12939521800281287,"119":0.21518987341772147,"120":0.4092827004219409,"121":0.2784810126582279,"122":0.4866385372714487,"123":0.28270042194092815,"124":0.30239099859353014,"125":0.3333333333333332,"126":0.4444444444444443,"127":0.30801687763713076,"128":0.3839662447257383,"129":0.20956399437412082,"130":0.2784810126582279,"131":0.22081575246132212,"132":0.2672292545710266,"133":0.44022503516174405,"134":0.3825597749648383,"135":0.28832630098452877,"136":0.17299578059071727,"137":0.2081575246132208},"ranked":{"78":0.0,"107":0.0072992700729927005,"59":0.014598540145985401,"66":0.021897810218978103,"102":0.029197080291970802,"63":0.0364963503649635,"115":0.043795620437956206,"81":0.051094890510948905,"104":0.058394160583941604,"70":0.06569343065693431,"43":0.072992700729927,"46":0.08029197080291971,"4":0.08759124087591241,"47":0.0948905109489051,"67":0.10218978102189781,"18":0.10948905109489052,"29":0.11678832116788321,"118":0.12408759124087591,"48":0.13138686131386862,"10":0.1386861313868613,"85":0.145985401459854,"54":0.15328467153284672,"136":0.16058394160583941,"44":0.1678832116788321,"9":0.17518248175182483,"53":0.18248175182481752,"68":0.1897810218978102,"116":0.19708029197080293,"22":0.20437956204379562,"42":0.2116788321167883,"87":0.21897810218978103,"28":0.22627737226277372,"40":0.23357664233576642,"137":0.24087591240875914,"77":0.24817518248175183,"129":0.25547445255474455,"86":0.26277372262773724,"92":0.27007299270072993,"52":0.2773722627737226,"119":0.2846715328467153,"1":0.291970802919708,"90":0.29927007299270075,"131":0.30656934306569344,"2":0.31386861313868614,"79":0.32116788321167883,"93":0.3284671532846715,"61":0.3357664233576642,"62":0.34306569343065696,"132":0.35036496350364965,"103":0.35766423357664234,"121":0.36496350364963503,"130":0.3722627737226277,"123":0.3795620437956204,"7":0.38686131386861317,"12":0.39416058394160586,"96":0.40145985401459855,"56":0.40875912408759124,"135":0.41605839416058393,"13":0.4233576642335766,"8":0.4306569343065693,"112":0.43795620437956206,"124":0.44525547445255476,"127":0.45255474452554745,"94":0.45985401459854014,"101":0.46715328467153283,"98":0.4744525547445255,"49":0.48175182481751827,"105":0.48905109489051096,"111":0.49635036496350365,"125":0.5036496350364964,"109":0.5109489051094891,"25":0.5182481751824818,"58":0.5255474452554745,"69":0.5328467153284672,"72":0.5401459854014599,"95":0.5474452554744526,"106":0.5547445255474452,"51":0.5620437956204379,"114":0.5693430656934306,"11":0.5766423357664233,"30":0.583941605839416,"39":0.5912408759124088,"31":0.5985401459854015,"15":0.6058394160583942,"113":0.6131386861313869,"134":0.6204379562043796,"20":0.6277372262773723,"128":0.635036496350365,"73":0.6423357664233577,"34":0.6496350364963503,"91":0.656934306569343,"120":0.6642335766423357,"50":0.6715328467153284,"21":0.6788321167883211,"32":0.6861313868613139,"76":0.6934306569343066,"5":0.7007299270072993,"6":0.708029197080292,"38":0.7153284671532847,"84":0.7226277372262774,"99":0.7299270072992701,"117":0.7372262773722628,"108":0.7445255474452555,"133":0.7518248175182481,"126":0.7591240875912408,"71":0.7664233576642335,"26":0.7737226277372263,"97":0.781021897810219,"122":0.7883211678832117,"41":0.7956204379562044,"3":0.8029197080291971,"33":0.8102189781021898,"110":0.8175182481751825,"100":0.8248175182481752,"80":0.8321167883211679,"82":0.8394160583941606,"65":0.8467153284671532,"64":0.8540145985401459,"24":0.8613138686131386,"37":0.8686131386861314,"57":0.8759124087591241,"55":0.8832116788321168,"14":0.8905109489051095,"36":0.8978102189781022,"74":0.9051094890510949,"75":0.9124087591240876,"88":0.9197080291970803,"0":0.927007299270073,"45":0.9343065693430657,"83":0.9416058394160584,"89":0.948905109489051,"60":0.9562043795620438,"23":0.9635036496350365,"16":0.9708029197080292,"35":0.9781021897810219,"27":0.9854014598540146,"17":0.9927007299270073,"19":1.0}}