{"name":"eccentricity","num_of_nodes":165,"num_of_edges":512,"process_time":0.029794931411743164,"data":{"0":0.6363636363636364,"1":0.2727272727272727,"2":0.45454545454545453,"3":0.6363636363636364,"4":0.09090909090909091,"5":0.45454545454545453,"6":0.5454545454545454,"7":0.5454545454545454,"8":0.45454545454545453,"9":0.09090909090909091,"10":0.45454545454545453,"11":0.18181818181818182,"12":0.45454545454545453,"13":0.36363636363636365,"14":0.18181818181818182,"15":0.36363636363636365,"16":0.36363636363636365,"17":0.36363636363636365,"18":0.2727272727272727,"19":0.09090909090909091,"20":0.18181818181818182,"21":0.09090909090909091,"22":0.45454545454545453,"23":0.09090909090909091,"24":0.36363636363636365,"25":0.45454545454545453,"26":0.36363636363636365,"27":0.5454545454545454,"28":0.45454545454545453,"29":0.36363636363636365,"30":0.18181818181818182,"31":0.18181818181818182,"32":0.2727272727272727,"33":0.2727272727272727,"34":0.18181818181818182,"35":0.18181818181818182,"36":0.45454545454545453,"37":0.18181818181818182,"38":0.18181818181818182,"39":0.5454545454545454,"40":0.2727272727272727,"41":0.36363636363636365,"42":0.18181818181818182,"43":0.36363636363636365,"44":0.0,"45":0.5454545454545454,"46":0.2727272727272727,"47":0.45454545454545453,"48":0.09090909090909091,"49":0.45454545454545453,"50":0.36363636363636365,"51":0.18181818181818182,"52":0.36363636363636365,"53":0.18181818181818182,"54":0.45454545454545453,"55":0.45454545454545453,"56":0.45454545454545453,"57":0.7272727272727273,"58":0.6363636363636364,"59":0.7272727272727273,"60":1.0,"61":0.45454545454545453,"62":0.6363636363636364,"63":0.9090909090909091,"64":0.5454545454545454,"65":0.6363636363636364,"66":0.45454545454545453,"67":0.18181818181818182,"68":0.18181818181818182,"69":0.5454545454545454,"70":0.7272727272727273,"71":0.45454545454545453,"72":0.8181818181818182,"73":0.7272727272727273,"74":0.8181818181818182,"75":0.36363636363636365,"76":0.8181818181818182,"77":0.7272727272727273,"78":0.09090909090909091,"79":0.45454545454545453,"80":0.8181818181818182,"81":0.45454545454545453,"82":0.6363636363636364,"83":0.18181818181818182,"84":0.45454545454545453,"85":0.45454545454545453,"86":0.36363636363636365,"87":0.8181818181818182,"88":0.6363636363636364,"89":1.0,"90":0.5454545454545454,"91":0.5454545454545454,"92":0.7272727272727273,"93":0.09090909090909091,"94":0.6363636363636364,"95":0.6363636363636364,"96":0.5454545454545454,"97":0.6363636363636364,"98":0.2727272727272727,"99":0.5454545454545454,"100":0.36363636363636365,"101":1.0,"102":0.36363636363636365,"103":0.2727272727272727,"104":0.9090909090909091,"105":0.9090909090909091,"106":0.2727272727272727,"107":0.9090909090909091,"108":0.2727272727272727,"109":0.45454545454545453,"110":0.6363636363636364,"111":0.9090909090909091,"112":0.5454545454545454,"113":0.9090909090909091,"114":0.8181818181818182,"115":0.7272727272727273,"116":0.45454545454545453,"117":0.5454545454545454,"118":0.9090909090909091,"119":0.36363636363636365,"120":0.8181818181818182,"121":0.2727272727272727,"122":0.2727272727272727,"123":0.5454545454545454,"124":0.2727272727272727,"125":0.7272727272727273,"126":0.8181818181818182,"127":0.8181818181818182,"128":0.9090909090909091,"129":1.0,"130":0.36363636363636365,"131":0.6363636363636364,"132":0.5454545454545454,"133":0.7272727272727273,"134":0.9090909090909091,"135":0.45454545454545453,"136":0.6363636363636364,"137":0.6363636363636364,"138":0.7272727272727273,"139":1.0,"140":0.45454545454545453,"141":0.6363636363636364,"142":0.45454545454545453,"143":1.0,"144":1.0,"145":0.36363636363636365,"146":0.45454545454545453,"147":0.9090909090909091,"148":0.8181818181818182,"149":0.36363636363636365,"150":0.7272727272727273,"151":0.7272727272727273,"152":0.6363636363636364,"153":0.6363636363636364,"154":0.9090909090909091,"155":0.9090909090909091,"156":0.2727272727272727,"157":0.9090909090909091,"158":0.6363636363636364,"159":0.6363636363636364,"160":0.45454545454545453,"161":0.6363636363636364,"162":0.36363636363636365,"163":0.36363636363636365,"164":0.36363636363636365},"ranked":{"44":0.0,"4":0.006097560975609756,"9":0.012195121951219513,"19":0.018292682926829267,"21":0.024390243902439025,"23":0.03048780487804878,"48":0.036585365853658534,"78":0.042682926829268296,"93":0.04878048780487805,"11":0.054878048780487805,"14":0.06097560975609756,"20":0.06707317073170732,"30":0.07317073170731707,"31":0.07926829268292683,"34":0.08536585365853659,"35":0.09146341463414634,"37":0.0975609756097561,"38":0.10365853658536585,"42":0.10975609756097561,"51":0.11585365853658537,"53":0.12195121951219512,"67":0.12804878048780488,"68":0.13414634146341464,"83":0.1402439024390244,"1":0.14634146341463414,"18":0.1524390243902439,"32":0.15853658536585366,"33":0.16463414634146342,"40":0.17073170731707318,"46":0.17682926829268292,"98":0.18292682926829268,"103":0.18902439024390244,"106":0.1951219512195122,"108":0.20121951219512196,"121":0.2073170731707317,"122":0.21341463414634146,"124":0.21951219512195122,"156":0.22560975609756098,"13":0.23170731707317074,"15":0.23780487804878048,"16":0.24390243902439024,"17":0.25,"24":0.25609756097560976,"26":0.2621951219512195,"29":0.2682926829268293,"41":0.27439024390243905,"43":0.2804878048780488,"50":0.2865853658536585,"52":0.2926829268292683,"75":0.29878048780487804,"86":0.3048780487804878,"100":0.31097560975609756,"102":0.3170731707317073,"119":0.3231707317073171,"130":0.32926829268292684,"145":0.3353658536585366,"149":0.34146341463414637,"162":0.3475609756097561,"163":0.35365853658536583,"164":0.3597560975609756,"2":0.36585365853658536,"5":0.3719512195121951,"8":0.3780487804878049,"10":0.38414634146341464,"12":0.3902439024390244,"22":0.39634146341463417,"25":0.4024390243902439,"28":0.40853658536585363,"36":0.4146341463414634,"47":0.42073170731707316,"49":0.4268292682926829,"54":0.4329268292682927,"55":0.43902439024390244,"56":0.4451219512195122,"61":0.45121951219512196,"66":0.4573170731707317,"71":0.4634146341463415,"79":0.4695121951219512,"81":0.47560975609756095,"84":0.4817073170731707,"85":0.4878048780487805,"109":0.49390243902439024,"116":0.5,"135":0.5060975609756098,"140":0.5121951219512195,"142":0.5182926829268293,"146":0.524390243902439,"160":0.5304878048780488,"6":0.5365853658536586,"7":0.5426829268292683,"27":0.5487804878048781,"39":0.5548780487804879,"45":0.5609756097560976,"64":0.5670731707317073,"69":0.573170731707317,"90":0.5792682926829268,"91":0.5853658536585366,"96":0.5914634146341463,"99":0.5975609756097561,"112":0.6036585365853658,"117":0.6097560975609756,"123":0.6158536585365854,"132":0.6219512195121951,"0":0.6280487804878049,"3":0.6341463414634146,"58":0.6402439024390244,"62":0.6463414634146342,"65":0.6524390243902439,"82":0.6585365853658537,"88":0.6646341463414634,"94":0.6707317073170732,"95":0.676829268292683,"97":0.6829268292682927,"110":0.6890243902439024,"131":0.6951219512195121,"136":0.7012195121951219,"137":0.7073170731707317,"141":0.7134146341463414,"152":0.7195121951219512,"153":0.725609756097561,"158":0.7317073170731707,"159":0.7378048780487805,"161":0.7439024390243902,"57":0.75,"59":0.7560975609756098,"70":0.7621951219512195,"73":0.7682926829268293,"77":0.774390243902439,"92":0.7804878048780488,"115":0.7865853658536586,"125":0.7926829268292683,"133":0.7987804878048781,"138":0.8048780487804879,"150":0.8109756097560976,"151":0.8170731707317073,"72":0.823170731707317,"74":0.8292682926829268,"76":0.8353658536585366,"80":0.8414634146341463,"87":0.8475609756097561,"114":0.8536585365853658,"120":0.8597560975609756,"126":0.8658536585365854,"127":0.8719512195121951,"148":0.8780487804878049,"63":0.8841463414634146,"104":0.8902439024390244,"105":0.8963414634146342,"107":0.9024390243902439,"111":0.9085365853658537,"113":0.9146341463414634,"118":0.9207317073170732,"128":0.926829268292683,"134":0.9329268292682927,"147":0.9390243902439024,"154":0.9451219512195121,"155":0.9512195121951219,"157":0.9573170731707317,"60":0.9634146341463414,"89":0.9695121951219512,"101":0.975609756097561,