{"name":"fiedler","normalized":true,"weight":"value","num_of_nodes":165,"num_of_edges":512,"process_time":0.046421051025390625,"data":{"0":0.3347314192519263,"1":0.3242237218020526,"2":0.34252990080327417,"3":0.3348332071805995,"4":0.33953897292033697,"5":0.31040321666967785,"6":0.3277282709623772,"7":0.3275290481336018,"8":0.3326166679315318,"9":0.29971502110953696,"10":0.3120576950176608,"11":0.3190079573372137,"12":0.3319719853757248,"13":0.333821213496706,"14":0.3442442138956604,"15":0.3230770745198501,"16":0.36068656098575225,"17":0.3313826353275653,"18":0.31375751603525526,"19":0.34977095006256503,"20":0.2929760686493898,"21":0.3607320978854602,"22":0.3234850036641583,"23":0.34237568958369485,"24":0.3085473443319593,"25":0.3272575818915711,"26":0.30879075288273294,"27":0.32819652483392314,"28":0.31562530787857856,"29":0.36068656098539836,"30":0.35213609834538523,"31":0.25659357211404626,"32":0.375982661749588,"33":0.33134297923985984,"34":0.291343564437817,"35":0.3475146343248969,"36":0.32481716233940466,"37":0.29752883039397593,"38":0.3093638721050409,"39":0.3214498901331845,"40":0.3410969517667336,"41":0.32994883678977877,"42":0.3430748428686679,"43":0.34248264178457294,"44":0.3532774874673142,"45":0.3209282656524858,"46":0.3442649813893465,"47":0.3519142424140505,"48":0.3131503688806233,"49":0.3270326072482739,"50":0.3434225710018626,"51":0.3391975688443977,"52":0.30854734433211506,"53":0.3599718926900655,"54":0.31636813940788905,"55":0.8027831267263312,"56":0.7330088193768591,"57":1.0,"58":0.7719742916824733,"59":0.9074822172220358,"60":0.8478043116805015,"61":0.6844125805478948,"62":0.8141158755691463,"63":0.8894406100451826,"64":0.7002393802713254,"65":0.7608807865220278,"66":0.7194156190454158,"67":0.40489809788686365,"68":0.4316421581856955,"69":0.7753508104421708,"70":0.8980326437454008,"71":0.7095823928438454,"72":0.8822052626007584,"73":0.9357051302849111,"74":0.9447658468223902,"75":0.7234313222876583,"76":0.8720823363220238,"77":0.8717082926564579,"78":0.4210544333027313,"79":0.7175816289916007,"80":0.8299177608103553,"81":0.7380814824432397,"82":0.7398373972061165,"83":0.5353466920884351,"84":0.7229277406990327,"85":0.6827792351293203,"86":0.7252752481220645,"87":0.8767307244244706,"88":0.7719742916824567,"89":0.8896606561595398,"90":0.7855225277364213,"91":0.7661813515747586,"92":0.9357051302849189,"93":0.4293547126719082,"94":0.8120546201248613,"95":0.8529384104700595,"96":0.7145026938241846,"97":0.7608807865221878,"98":0.35004336659089763,"99":0.739912277658369,"100":0.788150715509675,"101":0.8486377186152895,"102":0.6439579824151126,"103":0.6183773445157935,"104":0.8475229770822249,"105":0.9614610017319047,"106":0.6478187775300673,"107":0.842534059476738,"108":0.6183773445156248,"109":0.7716602426778288,"110":0.07060785199126422,"111":0.0543208536964134,"112":0.12245582220827293,"113":0.09952182526264652,"114":0.04284203617089149,"115":0.14327808327656694,"116":0.24160192393166,"117":0.20519235566064745,"118":0.0,"119":0.25207165617638067,"120":0.018365438697427287,"121":0.25817624732063194,"122":0.2743969417548137,"123":0.17133834730460062,"124":0.23676935227726054,"125":0.1428350101398661,"126":0.07685214643934554,"127":0.04424241480465273,"128":0.06831916253949101,"129":0.10636327510005747,"130":0.23928627925912874,"131":0.16279635647291207,"132":0.07958828193879561,"133":0.09745430772684914,"134":0.04074480859193696,"135":0.19979948624591504,"136":0.12763899425578554,"137":0.11901550424616547,"138":0.18803754685158583,"139":0.07689939880719039,"140":0.23815246080255575,"141":0.1255020247880157,"142":0.24160192393189672,"143":0.07689939880708276,"144":0.10554248578174777,"145":0.25726174199098956,"146":0.27143910655150594,"147":0.029030877889055784,"148":0.11196789324096072,"149":0.24343923624104175,"150":0.11230384994875814,"151":0.14283501014020947,"152":0.18299497054071648,"153":0.17117732419775625,"154":0.0677052346252059,"155":0.09742117083198407,"156":0.2676917524129517,"157":0.09782089181757445,"158":0.11391578699614315,"159":0.17218125253438665,"160":0.3002673386015606,"161":0.15054587684007725,"162":0.2437747258919448,"163":0.24343923624088692,"164":0.2520252159921483},"ranked":{"118":0.0,"120":0.006097560975609756,"147":0.012195121951219513,"134":0.018292682926829267,"114":0.024390243902439025,"127":0.03048780487804878,"111":0.036585365853658534,"154":0.042682926829268296,"128":0.04878048780487805,"110":0.054878048780487805,"126":0.06097560975609756,"143":0.06707317073170732,"139":0.07317073170731707,"132":0.07926829268292683,"155":0.08536585365853659,"133":0.09146341463414634,"157":0.0975609756097561,"113":0.10365853658536585,"144":0.10975609756097561,"129":0.11585365853658537,"148":0.12195121951219512,"150":0.12804878048780488,"158":0.13414634146341464,"137":0.1402439024390244,"112":0.14634146341463414,"141":0.1524390243902439,"136":0.15853658536585366,"125":0.16463414634146342,"151":0.17073170731707318,"115":0.17682926829268292,"161":0.18292682926829268,"131":0.18902439024390244,"153":0.1951219512195122,"123":0.20121951219512196,"159":0.2073170731707317,"152":0.21341463414634146,"138":0.21951219512195122,"135":0.22560975609756098,"117":0.23170731707317074,"124":0.23780487804878048,"140":0.24390243902439024,"130":0.25,"116":0.25609756097560976,"142":0.2621951219512195,"163":0.2682926829268293,"149":0.27439024390243905,"162":0.2804878048780488,"164":0.2865853658536585,"119":0.2926829268292683,"31":0.29878048780487804,"145":0.3048780487804878,"121":0.31097560975609756,"156":0.3170731707317073,"146":0.3231707317073171,"122":0.32926829268292684,"34":0.3353658536585366,"20":0.34146341463414637,"37":0.3475609756097561,"9":0.35365853658536583,"160":0.3597560975609756,"24":0.36585365853658536,"52":0.3719512195121951,"26":0.3780487804878049,"38":0.38414634146341464,"5":0.3902439024390244,"10":0.39634146341463417,"48":0.4024390243902439,"18":0.40853658536585363,"28":0.4146341463414634,"54":0.42073170731707316,"11":0.4268292682926829,"45":0.4329268292682927,"39":0.43902439024390244,"15":0.4451219512195122,"22":0.45121951219512196,"1":0.4573170731707317,"36":0.4634146341463415,"49":0.4695121951219512,"25":0.47560975609756095,"7":0.4817073170731707,"6":0.4878048780487805,"27":0.49390243902439024,"41":0.5,"33":0.5060975609756098,"17":0.5121951219512195,"12":0.5182926829268293,"8":0.524390243902439,"13":0.5304878048780488,"0":0.5365853658536586,"3":0.5426829268292683,"51":0.5487804878048781,"4":0.5548780487804879,"40":0.5609756097560976,"23":0.5670731707317073,"43":0.573170731707317,"2":0.5792682926829268,"42":0.5853658536585366,"50":0.5914634146341463,"14":0.5975609756097561,"46":0.6036585365853658,"35":0.6097560975609756,"19":0.6158536585365854,"98":0.6219512195121951,"47":0.6280487804878049,"30":0.6341463414634146,"44":0.6402439024390244,"53":0.6463414634146342,"29":0.6524390243902439,"16":0.6585365853658537,"21":0.6646341463414634,"32":0.6707317073170732,"67":0.676829268292683,"78":0.6829268292682927,"93":0.6890243902439024,"68":0.6951219512195121,"83":0.7012195121951219,"108":0.7073170731707317,"103":0.7134146341463414,"102":0.7195121951219512,"106":0.725609756097561,"85":0.7317073170731707,"61":0.7378048780487805,"64":0.7439024390243902,"71":0.75,"96":0.7560975609756098,"79":0.7621951219512195,"66":0.7682926829268293,"84":0.774390243902439,"75":0.7804878048780488,"86":0.7865853658536586,"56":0.7926829268292683,"81":0.7987804878048781,"82":0.8048780487804879,"99":0.8109756097560976,"65":0.8170731707317073,"97":0.823170731707317,"91":0.8292682926829268,"109":0.8353658536585366,"88":0.8414634146341463,"58":0.8475609756097561,"69":0.8536585365853658,"90":0.8597560975609756,"100":0.8658536585365854,"55":0.8719512195121951,"94":0.8780487804878049,"62":0.8841463414634146,"80":0.8902439024390244,"107":0.8963414634146342,"104":0.9024390243902439,"60":0.9085365853658537,"101":0.9146341463414634,"95":0.9207317073170732,"77":0.926829268292683,"76":0.9329268292682927,"87":0.9390243902439024,"72":0.9451219512195121,