{"name":"pagerank","alpha":0.85,"weight":"value","num_of_nodes":171,"num_of_edges":338,"process_time":0.027112960815429688,"data":{"0":0.11698633321516752,"1":0.09612769141335882,"2":0.07187670141549869,"3":0.4112765726022516,"4":0.31811522721116225,"5":0.715298778209342,"6":0.5071452431197689,"7":0.1796801086836394,"8":0.2842121533490231,"9":0.2154196380475157,"10":0.12854436330899616,"11":0.09612769141335882,"12":0.29989530782437324,"13":0.39325001736982657,"14":0.36218091434440275,"15":0.07180151303532258,"16":0.3737736510514924,"17":0.07228181630036032,"18":0.010054103301986462,"19":0.21953131301156958,"20":0.5657575069507943,"21":0.3328827401682146,"22":0.07180839846834179,"23":0.09883538532125195,"24":0.6906339494246568,"25":0.09083583698199126,"26":0.12854436330899616,"27":0.2569244634226491,"28":0.055961323110620395,"29":0.1433028781030184,"30":0.13690489742607082,"31":0.0730353777397854,"32":0.4600167598628601,"33":0.3817557424440664,"34":0.15231040373017385,"35":0.12553889374260482,"36":0.2154196380475157,"37":0.6881696850528556,"38":0.132737350415389,"39":0.13514110519811023,"40":0.12553889374260482,"41":0.3746140969978376,"42":0.29357051409767043,"43":0.4115683680128403,"44":0.5149053821900331,"45":0.010714670905777617,"46":0.3492646707784655,"47":0.15054743115061636,"48":0.09096767926910367,"49":0.34505551639507775,"50":0.2904707546487943,"51":0.4694273377740022,"52":0.08210754766907774,"53":0.5960515357689422,"54":0.137015933728668,"55":0.09933814194528325,"56":0.09104902780094502,"57":0.10210259716162448,"58":0.7429610144716369,"59":0.07239158048612633,"60":0.24465319287206735,"61":0.47638480042655207,"62":0.1688696696809754,"63":0.07239158048612633,"64":0.3746927458250508,"65":0.10210259716162448,"66":0.5376459028919225,"67":0.24465319287206735,"68":0.0938840963522704,"69":0.0,"70":0.5026284172672993,"71":0.2721470031304813,"72":0.9346255192075789,"73":0.03868033275746896,"74":0.33108553807012153,"75":0.7177760603453309,"76":0.06974078897123753,"77":0.07239158048612633,"78":0.2026811954572316,"79":0.05452765605281919,"80":0.08191593056897464,"81":0.23271513913067365,"82":0.01332100040178617,"83":0.18885953600420266,"84":0.059969035989484214,"85":0.09712362435332926,"86":0.09080296205737395,"87":0.259823925940212,"88":0.26204453420671325,"89":0.41392381731961136,"90":0.19975373709996588,"91":0.23383241328049242,"92":0.15878029578453431,"93":0.31740700617277273,"94":0.11771933682014547,"95":0.5304313334659965,"96":0.5697433970578635,"97":0.20639081760503028,"98":0.06629542894450755,"99":0.4680898370902374,"100":0.3347295979519988,"101":0.050961956335770275,"102":0.3131738628357063,"103":0.19437330972572836,"104":0.3240955554988116,"105":0.10210259716162448,"106":0.07239158048612633,"107":0.24922703383909625,"108":0.24465319287206735,"109":0.17783177713490633,"110":0.05704062869541827,"111":0.5152997015989673,"112":0.008964074902831286,"113":0.11195618679020522,"114":0.46122359026144594,"115":0.056151912045006275,"116":0.23345793438407667,"117":0.6223714064419021,"118":0.25092435247117606,"119":0.49891871647333175,"120":0.46122359026144594,"121":0.4353450621156022,"122":0.3864206752246794,"123":0.20917217052747336,"124":0.03467827055406726,"125":0.023940405884130853,"126":0.23937291652752837,"127":0.23214278637254998,"128":0.03478488624028848,"129":0.4129704288918665,"130":0.09138362760952604,"131":0.30782385904730386,"132":0.4198746662100257,"133":0.23393516971553308,"134":0.24066850172196522,"135":0.2368415395018235,"136":0.6137445409586949,"137":0.18296310728486895,"138":0.556433050629754,"139":0.2338611624482821,"140":0.23377061906625457,"141":0.09605868899847202,"142":0.22688848871193096,"143":0.05900324705670604,"144":0.02480553287913374,"145":0.05355329727322818,"146":0.0437824706626536,"147":0.40519889443993895,"148":0.0526490528561685,"149":0.395438701325922,"150":0.46966399478829046,"151":0.2247380194503726,"152":0.04608370291161968,"153":1.0,"154":0.05900324705670604,"155":0.027572068025388773,"156":0.03874595948183405,"157":0.21302207954989677,"158":0.20917217052747336,"159":0.029799872434578267,"160":0.03874595948183405,"161":0.2187200902224992,"162":0.22169675849616788,"163":0.4261123530359511,"164":0.034526615102832614,"165":0.41269663898448344,"166":0.23362498611741586,"167":0.019552516407509206,"168":0.22524304642748078,"169":0.06829007625458842,"170":0.39360048656941554},"ranked":{"69":0.0,"112":0.0058823529411764705,"18":0.011764705882352941,"45":0.01764705882352941,"82":0.023529411764705882,"167":0.029411764705882353,"125":0.03529411764705882,"144":0.041176470588235294,"155":0.047058823529411764,"159":0.052941176470588235,"164":0.058823529411764705,"124":0.06470588235294118,"128":0.07058823529411765,"73":0.07647058823529412,"156":0.08235294117647059,"160":0.08823529411764706,"146":0.09411764705882353,"152":0.1,"101":0.10588235294117647,"148":0.11176470588235295,"145":0.11764705882352941,"79":0.12352941176470589,"28":0.12941176470588237,"115":0.13529411764705881,"110":0.1411764705882353,"143":0.14705882352941177,"154":0.15294117647058825,"84":0.1588235294117647,"98":0.16470588235294117,"169":0.17058823529411765,"76":0.17647058823529413,"15":0.18235294117647058,"22":0.18823529411764706,"2":0.19411764705882353,"17":0.2,"59":0.20588235294117646,"63":0.21176470588235294,"77":0.21764705882352942,"106":0.2235294117647059,"31":0.22941176470588234,"80":0.23529411764705882,"52":0.2411764705882353,"86":0.24705882352941178,"25":0.2529411764705882,"48":0.25882352941176473,"56":0.2647058823529412,"130":0.27058823529411763,"68":0.27647058823529413,"141":0.2823529411764706,"1":0.28823529411764703,"11":0.29411764705882354,"85":0.3,"23":0.3058823529411765,"55":0.31176470588235294,"57":0.3176470588235294,"65":0.3235294117647059,"105":0.32941176470588235,"113":0.3352941176470588,"0":0.3411764705882353,"94":0.34705882352941175,"35":0.35294117647058826,"40":0.3588235294117647,"10":0.36470588235294116,"26":0.37058823529411766,"38":0.3764705882352941,"39":0.38235294117647056,"30":0.38823529411764707,"54":0.3941176470588235,"29":0.4,"47":0.40588235294117647,"34":0.4117647058823529,"92":0.4176470588235294,"62":0.4235294117647059,"109":0.4294117647058823,"7":0.43529411764705883,"137":0.4411764705882353,"83":0.4470588235294118,"103":0.45294117647058824,"90":0.4588235294117647,"78":0.4647058823529412,"97":0.47058823529411764,"123":0.4764705882352941,"158":0.4823529411764706,"157":0.48823529411764705,"9":0.49411764705882355,"36":0.5,"161":0.5058823529411764,"19":0.5117647058823529,"162":0.5176470588235295,"151":0.5235294117647059,"168":0.5294117647058824,"142":0.5352941176470588,"127":0.5411764705882353,"81":0.5470588235294118,"116":0.5529411764705883,"166":0.5588235294117647,"140":0.5647058823529412,"91":0.5705882352941176,"139":0.5764705882352941,"133":0.5823529411764706,"135":0.5882352941176471,"126":0.5941176470588235,"134":0.6,"60":0.6058823529411764,"67":0.611764705882353,"108":0.6176470588235294,"107":0.6235294117647059,"118":0.6294117647058823,"27":0.6352941176470588,"87":0.6411764705882353,"88":0.6470588235294118,"71":0.6529411764705882,"8":0.6588235294117647,"50":0.6647058823529411,"42":0.6705882352941176,"12":0.6764705882352942,"131":0.6823529411764706,"102":0.6882352941176471,"93":0.6941176470588235,"4":0.7,"104":0.7058823529411765,"74":0.711764705882353,"21":0.7176470588235294,"100":0.7235294117647059,"49":0.7294117647058823,"46":0.7352941176470589,"14":0.7411764705882353,"16":0.7470588235294118,"41":0.7529411764705882,"64":0.7588235294117647,"33":0.7647058823529411,"122":0.7705882352941177,"13":0.7764705882352941,"170":0.7823529411764706,"149":0.788235294117647,"147":0.7941176470588235,"3":0.8,"43":0.8058823529411765,"165":0.8117647058823529,"129":0.8176470588235294,"89":0.8235294117647058,"132":0.8294117647058824,"163":0.8352941176470589,"121":0.8411764705882353,"32":0.8470588235294118,"114":0.8529411764705882,"120":0.8588235294117647,"99":0.8647058823529412,"51":0.8705882352941177,"150":0.8764705882352941,"61":0.8823529411764706,