{"name":"eccentricity","num_of_nodes":189,"num_of_edges":592,"process_time":0.034111976623535156,"data":{"0":0.9090909090909091,"1":0.8181818181818182,"2":0.45454545454545453,"3":0.36363636363636365,"4":0.36363636363636365,"5":0.8181818181818182,"6":0.9090909090909091,"7":0.8181818181818182,"8":0.6363636363636364,"9":0.9090909090909091,"10":0.45454545454545453,"11":0.5454545454545454,"12":0.45454545454545453,"13":0.8181818181818182,"14":0.6363636363636364,"15":0.8181818181818182,"16":0.9090909090909091,"17":0.6363636363636364,"18":0.9090909090909091,"19":0.5454545454545454,"20":0.2727272727272727,"21":0.36363636363636365,"22":0.5454545454545454,"23":0.7272727272727273,"24":0.5454545454545454,"25":0.5454545454545454,"26":0.9090909090909091,"27":0.36363636363636365,"28":0.7272727272727273,"29":0.8181818181818182,"30":0.9090909090909091,"31":0.6363636363636364,"32":0.5454545454545454,"33":0.6363636363636364,"34":0.8181818181818182,"35":0.5454545454545454,"36":0.2727272727272727,"37":0.7272727272727273,"38":0.6363636363636364,"39":0.7272727272727273,"40":0.6363636363636364,"41":0.8181818181818182,"42":0.2727272727272727,"43":0.7272727272727273,"44":0.9090909090909091,"45":0.9090909090909091,"46":0.36363636363636365,"47":0.45454545454545453,"48":0.6363636363636364,"49":0.7272727272727273,"50":0.6363636363636364,"51":0.2727272727272727,"52":0.9090909090909091,"53":0.9090909090909091,"54":0.6363636363636364,"55":0.7272727272727273,"56":0.8181818181818182,"57":0.5454545454545454,"58":0.6363636363636364,"59":0.6363636363636364,"60":0.36363636363636365,"61":0.9090909090909091,"62":0.7272727272727273,"63":0.7272727272727273,"64":1.0,"65":0.36363636363636365,"66":0.18181818181818182,"67":0.7272727272727273,"68":0.7272727272727273,"69":1.0,"70":0.2727272727272727,"71":0.45454545454545453,"72":0.9090909090909091,"73":0.6363636363636364,"74":0.9090909090909091,"75":0.9090909090909091,"76":0.36363636363636365,"77":0.5454545454545454,"78":0.18181818181818182,"79":0.6363636363636364,"80":0.9090909090909091,"81":0.7272727272727273,"82":0.6363636363636364,"83":0.9090909090909091,"84":0.8181818181818182,"85":1.0,"86":0.9090909090909091,"87":0.9090909090909091,"88":0.8181818181818182,"89":0.8181818181818182,"90":0.5454545454545454,"91":0.9090909090909091,"92":0.45454545454545453,"93":0.9090909090909091,"94":0.2727272727272727,"95":0.36363636363636365,"96":0.7272727272727273,"97":0.9090909090909091,"98":0.7272727272727273,"99":0.45454545454545453,"100":0.5454545454545454,"101":0.8181818181818182,"102":0.9090909090909091,"103":0.9090909090909091,"104":0.9090909090909091,"105":0.36363636363636365,"106":0.9090909090909091,"107":0.8181818181818182,"108":0.6363636363636364,"109":0.36363636363636365,"110":0.36363636363636365,"111":0.8181818181818182,"112":0.7272727272727273,"113":0.8181818181818182,"114":0.8181818181818182,"115":0.6363636363636364,"116":0.6363636363636364,"117":0.8181818181818182,"118":0.8181818181818182,"119":0.45454545454545453,"120":0.45454545454545453,"121":0.8181818181818182,"122":0.7272727272727273,"123":0.9090909090909091,"124":0.5454545454545454,"125":0.7272727272727273,"126":0.45454545454545453,"127":0.45454545454545453,"128":0.6363636363636364,"129":0.45454545454545453,"130":0.45454545454545453,"131":0.36363636363636365,"132":0.36363636363636365,"133":0.2727272727272727,"134":0.09090909090909091,"135":0.7272727272727273,"136":0.7272727272727273,"137":0.2727272727272727,"138":0.0,"139":0.0,"140":0.0,"141":0.36363636363636365,"142":0.0,"143":0.09090909090909091,"144":0.0,"145":0.36363636363636365,"146":0.5454545454545454,"147":0.36363636363636365,"148":0.18181818181818182,"149":0.7272727272727273,"150":0.18181818181818182,"151":0.09090909090909091,"152":0.09090909090909091,"153":0.09090909090909091,"154":0.5454545454545454,"155":0.45454545454545453,"156":0.6363636363636364,"157":0.36363636363636365,"158":0.5454545454545454,"159":0.45454545454545453,"160":0.09090909090909091,"161":0.18181818181818182,"162":0.36363636363636365,"163":0.2727272727272727,"164":0.0,"165":0.2727272727272727,"166":0.45454545454545453,"167":0.0,"168":0.36363636363636365,"169":0.0,"170":0.6363636363636364,"171":0.2727272727272727,"172":0.18181818181818182,"173":0.09090909090909091,"174":0.09090909090909091,"175":0.18181818181818182,"176":0.5454545454545454,"177":0.2727272727272727,"178":0.5454545454545454,"179":0.36363636363636365,"180":0.36363636363636365,"181":0.7272727272727273,"182":0.09090909090909091,"183":0.18181818181818182,"184":0.18181818181818182,"185":0.36363636363636365,"186":0.0,"187":0.0,"188":0.09090909090909091},"ranked":{"138":0.0,"139":0.005319148936170213,"140":0.010638297872340425,"142":0.015957446808510637,"144":0.02127659574468085,"164":0.026595744680851064,"167":0.031914893617021274,"169":0.03723404255319149,"186":0.0425531914893617,"187":0.047872340425531915,"134":0.05319148936170213,"143":0.05851063829787234,"151":0.06382978723404255,"152":0.06914893617021277,"153":0.07446808510638298,"160":0.0797872340425532,"173":0.0851063829787234,"174":0.09042553191489362,"182":0.09574468085106383,"188":0.10106382978723404,"66":0.10638297872340426,"78":0.11170212765957446,"148":0.11702127659574468,"150":0.12234042553191489,"161":0.1276595744680851,"172":0.13297872340425532,"175":0.13829787234042554,"183":0.14361702127659576,"184":0.14893617021276595,"20":0.15425531914893617,"36":0.1595744680851064,"42":0.16489361702127658,"51":0.1702127659574468,"70":0.17553191489361702,"94":0.18085106382978725,"133":0.18617021276595744,"137":0.19148936170212766,"163":0.19680851063829788,"165":0.20212765957446807,"171":0.2074468085106383,"177":0.2127659574468085,"3":0.21808510638297873,"4":0.22340425531914893,"21":0.22872340425531915,"27":0.23404255319148937,"46":0.2393617021276596,"60":0.24468085106382978,"65":0.25,"76":0.2553191489361702,"95":0.26063829787234044,"105":0.26595744680851063,"109":0.2712765957446808,"110":0.2765957446808511,"131":0.28191489361702127,"132":0.2872340425531915,"141":0.2925531914893617,"145":0.2978723404255319,"147":0.30319148936170215,"157":0.30851063829787234,"162":0.31382978723404253,"168":0.3191489361702128,"179":0.324468085106383,"180":0.32978723404255317,"185":0.3351063829787234,"2":0.3404255319148936,"10":0.34574468085106386,"12":0.35106382978723405,"47":0.35638297872340424,"71":0.3617021276595745,"92":0.3670212765957447,"99":0.3723404255319149,"119":0.3776595744680851,"120":0.3829787234042553,"126":0.3882978723404255,"127":0.39361702127659576,"129":0.39893617021276595,"130":0.40425531914893614,"155":0.4095744680851064,"159":0.4148936170212766,"166":0.42021276595744683,"11":0.425531914893617,"19":0.4308510638297872,"22":0.43617021276595747,"24":0.44148936170212766,"25":0.44680851063829785,"32":0.4521276595744681,"35":0.4574468085106383,"57":0.4627659574468085,"77":0.46808510638297873,"90":0.4734042553191489,"100":0.4787234042553192,"124":0.48404255319148937,"146":0.48936170212765956,"154":0.4946808510638298,"158":0.5,"176":0.5053191489361702,"178":0.5106382978723404,"8":0.5159574468085106,"14":0.5212765957446809,"17":0.526595744680851,"31":0.5319148936170213,"33":0.5372340425531915,"38":0.5425531914893617,"40":0.5478723404255319,"48":0.5531914893617021,"50":0.5585106382978723,"54":0.5638297872340425,"58":0.5691489361702128,"59":0.574468085106383,"73":0.5797872340425532,"79":0.5851063829787234,"82":0.5904255319148937,"108":0.5957446808510638,"115":0.601063829787234,"116":0.6063829787234043,"128":0.6117021276595744,"156":0.6170212765957447,"170":0.6223404255319149,"23":0.6276595744680851,"28":0.6329787234042553,"37":0.6382978723404256,"39":0.6436170212765957,"43":0.648936170212766,"49":0.6542553191489362,"55":0.6595744680851063,"62":0.6648936170212766,"63":0.6702127659574468,"67":0.675531914893617,"68":0.6808510638297872,"81":0.6861702127659575,"96":0.6914893617021277,"98":0.6968085106382979,"112":0.7021276595744681,"122":0.7074468085106383,"125":0.7127659574468085,"135":0.7180851063829787,"136":0.723404255319149,"149":0.7287234042553191,