{"name":"pagerank","alpha":0.85,"weight":"value","num_of_nodes":108,"num_of_edges":347,"process_time":0.03308701515197754,"data":{"0":0.41331112782535834,"1":0.07746513845402021,"2":0.120406716189875,"3":0.22278705207751381,"4":0.38405537861356925,"5":0.5320264403146848,"6":0.09593147474684845,"7":0.12038547669344495,"8":0.15551934013778265,"9":0.11539682198284476,"10":0.3651969570004464,"11":0.24345377791014103,"12":0.0869208146524847,"13":0.10365550762658049,"14":0.27758672459762723,"15":0.3029551363544743,"16":0.4476476725759656,"17":0.4333070295956815,"18":0.5260963791493993,"19":0.3122603757317416,"20":0.15447873119420338,"21":0.4350732338324806,"22":0.3651498127713256,"23":0.42673974260709896,"24":0.08106810367778781,"25":0.12170673427766585,"26":0.486851199819425,"27":0.4295872834698412,"28":0.6040354675831452,"29":1.0,"30":0.6050672142553553,"31":0.2746205255878383,"32":0.2730236606695527,"33":0.2746205255878383,"34":0.1536597009035549,"35":0.2635309629759181,"36":0.14609532701213365,"37":0.7024863996131532,"38":0.24435261018781593,"39":0.5651642985232362,"40":0.24820775156784108,"41":0.1762491154536489,"42":0.23055203512890576,"43":0.7024863996131532,"44":0.47708744765539834,"45":0.2938818608131596,"46":0.37398111776122706,"47":0.12482836860684476,"48":0.08307331934107921,"49":0.20618128585664436,"50":0.14929792520944363,"51":0.3144954246534447,"52":0.12457688273674142,"53":0.09746796378285977,"54":0.5603296404319059,"55":0.0,"56":0.05260275751930462,"57":0.19391713993716794,"58":0.11186223834435445,"59":0.5787312535577849,"60":0.4106388478945168,"61":0.30966795418422033,"62":0.2803689267900799,"63":0.4214987153444275,"64":0.3037934651689407,"65":0.683673210301341,"66":0.11538447954992608,"67":0.4226251659614249,"68":0.253508447774891,"69":0.049076707883873,"70":0.4315068825019886,"71":0.339698094888486,"72":0.08174444015576952,"73":0.08113742968292331,"74":0.11369265855151453,"75":0.4885461987551431,"76":0.07059889267425253,"77":0.39401925763151724,"78":0.23542373974271819,"79":0.24470201134829542,"80":0.6051772678959957,"81":0.040292842957601674,"82":0.08069946324448109,"83":0.42204824414220315,"84":0.040292842957601674,"85":0.12170673427766585,"86":0.5151895643256269,"87":0.6455676404953481,"88":0.22406925185702214,"89":0.27147980448321657,"90":0.21840420659617474,"91":0.22270528701174777,"92":0.5481334634049928,"93":0.4885461987551431,"94":0.09092250617028777,"95":0.22824522692264787,"96":0.09092250617028777,"97":0.5574201945889433,"98":0.6356499616367168,"99":0.04305710945184344,"100":0.39834861723077186,"101":0.3277642422707089,"102":0.08053156658777501,"103":0.23799478357607648,"104":0.5039287073955283,"105":0.12222264560916504,"106":0.39367504812555637,"107":0.27447672778251786},"ranked":{"55":0.0,"81":0.009345794392523364,"84":0.018691588785046728,"99":0.028037383177570093,"69":0.037383177570093455,"56":0.04672897196261682,"76":0.056074766355140186,"1":0.06542056074766354,"102":0.07476635514018691,"82":0.08411214953271028,"24":0.09345794392523364,"73":0.102803738317757,"72":0.11214953271028037,"48":0.12149532710280374,"12":0.1308411214953271,"94":0.14018691588785046,"96":0.14953271028037382,"6":0.1588785046728972,"53":0.16822429906542055,"13":0.17757009345794392,"58":0.18691588785046728,"74":0.19626168224299065,"66":0.205607476635514,"9":0.21495327102803738,"7":0.22429906542056074,"2":0.2336448598130841,"25":0.24299065420560748,"85":0.2523364485981308,"105":0.2616822429906542,"52":0.27102803738317754,"47":0.2803738317757009,"36":0.2897196261682243,"50":0.29906542056074764,"34":0.308411214953271,"20":0.3177570093457944,"8":0.32710280373831774,"41":0.3364485981308411,"57":0.34579439252336447,"49":0.35514018691588783,"90":0.3644859813084112,"91":0.37383177570093457,"3":0.38317757009345793,"88":0.3925233644859813,"95":0.40186915887850466,"42":0.411214953271028,"78":0.4205607476635514,"103":0.42990654205607476,"11":0.4392523364485981,"38":0.4485981308411215,"79":0.45794392523364486,"40":0.4672897196261682,"68":0.4766355140186916,"35":0.48598130841121495,"89":0.4953271028037383,"32":0.5046728971962616,"107":0.514018691588785,"31":0.5233644859813084,"33":0.5327102803738317,"14":0.5420560747663551,"62":0.5514018691588785,"45":0.5607476635514018,"15":0.5700934579439252,"64":0.5794392523364486,"61":0.5887850467289719,"19":0.5981308411214953,"51":0.6074766355140186,"101":0.616822429906542,"71":0.6261682242990654,"22":0.6355140186915887,"10":0.6448598130841121,"46":0.6542056074766355,"4":0.6635514018691588,"106":0.6728971962616822,"77":0.6822429906542056,"100":0.6915887850467289,"60":0.7009345794392523,"0":0.7102803738317757,"63":0.719626168224299,"83":0.7289719626168224,"67":0.7383177570093458,"23":0.7476635514018691,"27":0.7570093457943925,"70":0.7663551401869159,"17":0.7757009345794392,"21":0.7850467289719626,"16":0.794392523364486,"44":0.8037383177570093,"26":0.8130841121495327,"75":0.822429906542056,"93":0.8317757009345794,"104":0.8411214953271028,"86":0.8504672897196262,"18":0.8598130841121495,"5":0.8691588785046729,"92":0.8785046728971962,"97":0.8878504672897196,"54":0.897196261682243,"39":0.9065420560747663,"59":0.9158878504672897,"28":0.9252336448598131,"30":0.9345794392523364,"80":0.9439252336448598,"98":0.9532710280373832,"87":0.9626168224299065,"65":0.9719626168224299,"37":0.9813084112149533,"43":0.9906542056074766,"29":1.0}}