{"name":"agd","num_of_nodes":159,"num_of_edges":312,"weight":"value","process_time":0.021870136260986328,"data":{"0":0.076923076923077,"1":0.3846153846153847,"2":0.05769230769230778,"3":0.5096153846153847,"4":0.47435897435897445,"5":0.342948717948718,"6":0.41025641025641024,"7":0.6987179487179489,"8":0.25,"9":0.17628205128205132,"10":0.3878205128205129,"11":0.1410256410256411,"12":1.0,"13":0.28525641025641024,"14":0.7147435897435898,"15":0.41025641025641024,"16":0.2724358974358976,"17":0.19230769230769235,"18":0.39102564102564114,"19":0.5576923076923078,"20":0.842948717948718,"21":0.23076923076923078,"22":0.5673076923076924,"23":0.1570512820512821,"24":0.08333333333333333,"25":0.06730769230769233,"26":0.08974358974358977,"27":0.38141025641025644,"28":0.7147435897435898,"29":0.06730769230769233,"30":0.07371794871794878,"31":0.16666666666666666,"32":0.4487179487179489,"33":0.09615384615384623,"34":0.8461538461538463,"35":0.16666666666666666,"36":0.3878205128205129,"37":1.0,"38":0.5352564102564102,"39":0.7019230769230771,"40":0.07051282051282055,"41":0.2724358974358976,"42":0.5576923076923078,"43":0.5256410256410258,"44":0.03525641025641033,"45":0.47435897435897445,"46":0.3878205128205129,"47":0.5224358974358976,"48":0.5352564102564102,"49":0.7115384615384616,"50":0.1570512820512821,"51":0.3846153846153847,"52":0.2596153846153847,"53":0.3012820512820513,"54":0.06730769230769233,"55":0.5416666666666666,"56":0.13782051282051289,"57":0.6762820512820513,"58":0.01602564102564111,"59":0.108974358974359,"60":0.8205128205128207,"61":0.6698717948717949,"62":0.5416666666666666,"63":0.24358974358974367,"64":0.01923076923076922,"65":0.5160256410256411,"66":0.4198717948717949,"67":0.5320512820512823,"68":0.0,"69":0.38141025641025644,"70":0.125,"71":0.03846153846153844,"72":0.3974358974358976,"73":0.5256410256410258,"74":0.2467948717948719,"75":0.5544871794871795,"76":0.08974358974358977,"77":0.26923076923076933,"78":0.07371794871794878,"79":0.6634615384615384,"80":0.07051282051282055,"81":0.6730769230769231,"82":0.5160256410256411,"83":0.39102564102564114,"84":0.3878205128205129,"85":0.125,"86":0.21474358974358979,"87":0.27564102564102577,"88":0.41025641025641024,"89":0.25641025641025644,"90":0.6730769230769231,"91":0.8205128205128207,"92":0.24038461538461545,"93":0.05448717948717956,"94":0.13782051282051289,"95":0.3878205128205129,"96":0.41025641025641024,"97":0.14423076923076922,"98":0.01602564102564111,"99":0.14423076923076922,"100":0.36858974358974356,"101":0.43269230769230776,"102":0.3846153846153847,"103":0.4070512820512822,"104":0.03205128205128211,"105":0.03205128205128211,"106":0.342948717948718,"107":0.32692307692307687,"108":0.5673076923076924,"109":0.7115384615384616,"110":0.6346153846153847,"111":0.6506410256410258,"112":0.18589743589743588,"113":0.22435897435897445,"114":0.49679487179487175,"115":0.7115384615384616,"116":0.4903846153846156,"117":0.3557692307692309,"118":0.09294871794871801,"119":0.5576923076923078,"120":0.6282051282051282,"121":0.048076923076923114,"122":0.22115384615384623,"123":0.125,"124":0.12179487179487189,"125":0.125,"126":0.06410256410256411,"127":0.23076923076923078,"128":0.5673076923076924,"129":0.4391025641025642,"130":0.47756410256410264,"131":0.43269230769230776,"132":0.37820512820512825,"133":0.6474358974358976,"134":0.4839743589743591,"135":0.32692307692307687,"136":0.3557692307692309,"137":0.3237179487179487,"138":0.05769230769230778,"139":0.7115384615384616,"140":0.1570512820512821,"141":0.3461538461538462,"142":0.06410256410256411,"143":0.10576923076923078,"144":0.1570512820512821,"145":0.11858974358974367,"146":0.7147435897435898,"147":0.16666666666666666,"148":0.5032051282051282,"149":0.23717948717948723,"150":0.044871794871794886,"151":0.17948717948717954,"152":0.6282051282051282,"153":0.23076923076923078,"154":0.25,"155":0.7115384615384616,"156":0.49358974358974356,"157":0.47756410256410264,"158":0.6474358974358976},"ranked":{"68":0.0,"58":0.006329113924050633,"98":0.012658227848101266,"64":0.0189873417721519,"104":0.02531645569620253,"105":0.03164556962025317,"44":0.0379746835443038,"71":0.04430379746835443,"150":0.05063291139240506,"121":0.056962025316455694,"93":0.06329113924050633,"2":0.06962025316455696,"138":0.0759493670886076,"126":0.08227848101265822,"142":0.08860759493670886,"25":0.0949367088607595,"29":0.10126582278481013,"54":0.10759493670886076,"40":0.11392405063291139,"80":0.12025316455696203,"30":0.12658227848101267,"78":0.13291139240506328,"0":0.13924050632911392,"24":0.14556962025316456,"26":0.1518987341772152,"76":0.15822784810126583,"118":0.16455696202531644,"33":0.17088607594936708,"143":0.17721518987341772,"59":0.18354430379746836,"145":0.189873417721519,"124":0.1962025316455696,"70":0.20253164556962025,"85":0.2088607594936709,"123":0.21518987341772153,"125":0.22151898734177214,"56":0.22784810126582278,"94":0.23417721518987342,"11":0.24050632911392406,"97":0.2468354430379747,"99":0.25316455696202533,"23":0.25949367088607594,"50":0.26582278481012656,"140":0.2721518987341772,"144":0.27848101265822783,"31":0.2848101265822785,"35":0.2911392405063291,"147":0.2974683544303797,"9":0.3037974683544304,"151":0.310126582278481,"112":0.31645569620253167,"17":0.3227848101265823,"86":0.3291139240506329,"122":0.33544303797468356,"113":0.34177215189873417,"21":0.34810126582278483,"127":0.35443037974683544,"153":0.36075949367088606,"149":0.3670886075949367,"92":0.37341772151898733,"63":0.379746835443038,"74":0.3860759493670886,"8":0.3924050632911392,"154":0.3987341772151899,"89":0.4050632911392405,"52":0.41139240506329117,"77":0.4177215189873418,"16":0.4240506329113924,"41":0.43037974683544306,"87":0.43670886075949367,"13":0.4430379746835443,"53":0.44936708860759494,"137":0.45569620253164556,"107":0.4620253164556962,"135":0.46835443037974683,"5":0.47468354430379744,"106":0.4810126582278481,"141":0.4873417721518987,"117":0.4936708860759494,"136":0.5,"100":0.5063291139240507,"132":0.5126582278481012,"27":0.5189873417721519,"69":0.5253164556962026,"1":0.5316455696202531,"51":0.5379746835443038,"102":0.5443037974683544,"10":0.5506329113924051,"36":0.5569620253164557,"46":0.5632911392405063,"84":0.569620253164557,"95":0.5759493670886076,"18":0.5822784810126582,"83":0.5886075949367089,"72":0.5949367088607594,"103":0.6012658227848101,"6":0.6075949367088608,"15":0.6139240506329114,"88":0.620253164556962,"96":0.6265822784810127,"66":0.6329113924050633,"101":0.6392405063291139,"131":0.6455696202531646,"129":0.6518987341772152,"32":0.6582278481012658,"4":0.6645569620253164,"45":0.6708860759493671,"130":0.6772151898734177,"157":0.6835443037974683,"134":0.689873417721519,"116":0.6962025316455697,"156":0.7025316455696202,"114":0.7088607594936709,"148":0.7151898734177216,"3":0.7215189873417721,"65":0.7278481012658228,"82":0.7341772151898734,"47":0.740506329113924,"43":0.7468354430379747,"73":0.7531645569620253,"67":0.759493670886076,"38":0.7658227848101266,"48":0.7721518987341772,"55":0.7784810126582279,"62":0.7848101265822784,"75":0.7911392405063291,"19":0.7974683544303798,"42":0.8037974683544303,"119":0.810126582278481,"22":0.8164556962025317,"108":0.8227848101265823,"128":0.8291139240506329,"120":0.8354430379746836,"152":0.8417721518987342,"110":0.8481012658227848,"133":0.8544303797468354,"158":0.8607594936708861,"111":0.8670886075949367,"79":0.8734177215189873,"61":0.879746835443038,"81":0.8860759493670886,"90":0.8924050632911392,"57":0.8987341772151899,"7":0.9050632911392406,"39":0.9113924050632911,"49":0.9177215189873418,"109":0.9240506329113924,"115":0.930379746835443,"139":0.9367088607594937,"155":0.9430379746835443,"14":0.9493670886075949,"28":0.9556962025316456,"146":0.9620253164556962,"60":0.9683544303797469,"91":0.9746835443037974,"20":0.9810126582278481,"34":0.9873417721518988,"12":0.9936708860759493,"37":1.0}}