{"name":"pagerank","alpha":0.85,"weight":"value","num_of_nodes":180,"num_of_edges":543,"process_time":0.034387826919555664,"data":{"0":0.5340244897921596,"1":0.7649241719316175,"2":0.31638750167264745,"3":0.0609248953536547,"4":0.3106275303375692,"5":0.6169466498537142,"6":0.36260711124338235,"7":0.07721157575052359,"8":0.5340244897921596,"9":0.30390785691762495,"10":0.0885721680811891,"11":0.3736509168224246,"12":0.34352189023650004,"13":0.3224872656771811,"14":0.49149643182782077,"15":0.12363998588550734,"16":0.052924048078292395,"17":0.36959647856729877,"18":0.7055590206891067,"19":0.5600803887285412,"20":0.2980022012313748,"21":0.138741319715136,"22":0.9141131862181815,"23":0.08394280839569722,"24":0.13095136550099185,"25":0.24477555017481686,"26":0.0798424631899646,"27":0.30623186034722,"28":0.035855566074460395,"29":0.3119703894093668,"30":0.08756064604650785,"31":0.10736435521237307,"32":0.11994726467978023,"33":0.07346103021396891,"34":0.014258659294924782,"35":0.13679906293943853,"36":0.29761303340534245,"37":0.12835307500927004,"38":0.32705934954751004,"39":0.33402369466630927,"40":0.1260217467582233,"41":0.6963175271428955,"42":0.10500347306068138,"43":0.09336262498180357,"44":0.10413164375218656,"45":0.0358555660744599,"46":0.7967440147594853,"47":0.0609248953536547,"48":0.11045639965526903,"49":0.09694110555939213,"50":0.0358555660744599,"51":0.8024514178392783,"52":0.133707632589862,"53":0.11994726467978048,"54":0.3709028061253012,"55":0.09554122362338097,"56":1.0,"57":0.7551232728250717,"58":0.08387451440155186,"59":0.13069103512678523,"60":0.3356583072148821,"61":0.11161030577423212,"62":0.0669644070551907,"63":0.27810080610231397,"64":0.25755638262183994,"65":0.2812987178881033,"66":0.4718659181893326,"67":0.05703311023191789,"68":0.7104188813433545,"69":0.0031488771509197663,"70":0.2782995400615842,"71":0.6793283618479494,"72":0.7007253270992359,"73":0.0,"74":0.30874369038442623,"75":0.8803328882299202,"76":0.4949372378358717,"77":0.2625128502302614,"78":0.013487052902778735,"79":0.3111732922986477,"80":0.5015574930832601,"81":0.26297238114002797,"82":0.2475218103825507,"83":0.27171912854441416,"84":0.2676664821527179,"85":0.3020888880469182,"86":0.5400656964379923,"87":0.2663325275167597,"88":0.2582793435284542,"89":0.040098303290544854,"90":0.4850100002809933,"91":0.74433467864831,"92":0.04558756025053532,"93":0.009074913951354657,"94":0.04601334730319858,"95":0.05759148321622918,"96":0.6827531681467613,"97":0.2350824207589814,"98":0.012159465502852924,"99":0.2233270335862493,"100":0.2395438332982658,"101":0.042654069933982464,"102":0.8903391803489394,"103":0.287322542476083,"104":0.11161030577423212,"105":0.7173160453926425,"106":0.29740507651492215,"107":0.11161030577423212,"108":0.3164887868779301,"109":0.30448402931626606,"110":0.7671634931503027,"111":0.05357230970913506,"112":0.08650132491919177,"113":0.024328690370177288,"114":0.06216848828784764,"115":0.4589590110488209,"116":0.26698600156720487,"117":0.11161030577423237,"118":0.6565293188591801,"119":0.25720238190472866,"120":0.020070437892851095,"121":0.23009335417849827,"122":0.6085650877920578,"123":0.3355870081798179,"124":0.31648878687793036,"125":0.5454309714889806,"126":0.20764748498965058,"127":0.09240210681932472,"128":0.24461413710445784,"129":0.9258736810232897,"130":0.2739804530362691,"131":0.050777758365407474,"132":0.06607625243506796,"133":0.7043390604206597,"134":0.029671638029706637,"135":0.28145592724806595,"136":0.05100324949565431,"137":0.27272885140032443,"138":0.12742361365319274,"139":0.04339471108953796,"140":0.32450621428021137,"141":0.04437614068273393,"142":0.30942885890791116,"143":0.7428229601471401,"144":0.5866743683875444,"145":0.13739590627816492,"146":0.12985392054989736,"147":0.3150498266575077,"148":0.010906155312149876,"149":0.39179454807928366,"150":0.06378468765927216,"151":0.07698221758826325,"152":0.08710787700954063,"153":0.5512672116207374,"154":0.23993722449841204,"155":0.28145592724806595,"156":0.05003094949624526,"157":0.24159462943943247,"158":0.07448674171236144,"159":0.32944304460023355,"160":0.4363085196411843,"161":0.3903616412839055,"162":0.020070437892851095,"163":0.9589710014933497,"164":0.045587560250535814,"165":0.12674894790736355,"166":0.4998989508591306,"167":0.3147128399480081,"168":0.3041425096940504,"169":0.5127626594748865,"170":0.12985392054989736,"171":0.430218221746778,"172":0.06115844122106297,"173":0.23009335417849852,"174":0.4970957495521996,"175":0.45626794066044196,"176":0.05079509936194107,"177":0.2536944047515194,"178":0.2096706259658696,"179":0.06450656815062521},"ranked":{"73":0.0,"69":0.00558659217877095,"93":0.0111731843575419,"148":0.01675977653631285,"98":0.0223463687150838,"78":0.027932960893854747,"34":0.0335195530726257,"120":0.03910614525139665,"162":0.0446927374301676,"113":0.05027932960893855,"134":0.055865921787709494,"45":0.061452513966480445,"50":0.0670391061452514,"28":0.07262569832402235,"89":0.0782122905027933,"101":0.08379888268156424,"139":0.0893854748603352,"141":0.09497206703910614,"92":0.1005586592178771,"164":0.10614525139664804,"94":0.11173184357541899,"156":0.11731843575418995,"131":0.12290502793296089,"176":0.12849162011173185,"136":0.1340782122905028,"16":0.13966480446927373,"111":0.1452513966480447,"67":0.15083798882681565,"95":0.1564245810055866,"3":0.16201117318435754,"47":0.16759776536312848,"172":0.17318435754189945,"114":0.1787709497206704,"150":0.18435754189944134,"179":0.18994413407821228,"132":0.19553072625698323,"62":0.2011173184357542,"33":0.20670391061452514,"158":0.2122905027932961,"151":0.21787709497206703,"7":0.22346368715083798,"26":0.22905027932960895,"58":0.2346368715083799,"23":0.24022346368715083,"112":0.24581005586592178,"152":0.25139664804469275,"30":0.2569832402234637,"10":0.26256983240223464,"127":0.2681564245810056,"43":0.2737430167597765,"55":0.27932960893854747,"49":0.2849162011173184,"44":0.2905027932960894,"42":0.29608938547486036,"31":0.3016759776536313,"48":0.30726256983240224,"61":0.3128491620111732,"104":0.31843575418994413,"107":0.3240223463687151,"117":0.329608938547486,"32":0.33519553072625696,"53":0.3407821229050279,"15":0.3463687150837989,"40":0.35195530726256985,"165":0.3575418994413408,"138":0.36312849162011174,"37":0.3687150837988827,"146":0.3743016759776536,"170":0.37988826815642457,"59":0.3854748603351955,"24":0.39106145251396646,"52":0.39664804469273746,"35":0.4022346368715084,"145":0.40782122905027934,"21":0.4134078212290503,"126":0.41899441340782123,"178":0.4245810055865922,"99":0.4301675977653631,"121":0.43575418994413406,"173":0.441340782122905,"97":0.44692737430167595,"100":0.45251396648044695,"154":0.4581005586592179,"157":0.46368715083798884,"128":0.4692737430167598,"25":0.4748603351955307,"82":0.48044692737430167,"177":0.4860335195530726,"119":0.49162011173184356,"64":0.4972067039106145,"88":0.5027932960893855,"77":0.5083798882681564,"81":0.5139664804469274,"87":0.5195530726256983,"116":0.5251396648044693,"84":0.5307262569832403,"83":0.5363128491620112,"137":0.5418994413407822,"130":0.547486033519553,"63":0.553072625698324,"70":0.5586592178770949,"65":0.5642458100558659,"135":0.5698324022346368,"155":0.5754189944134078,"103":0.5810055865921788,"106":0.5865921787709497,"36":0.5921787709497207,"20":0.5977653631284916,"85":0.6033519553072626,"9":0.6089385474860335,"168":0.6145251396648045,"109":0.6201117318435754,"27":0.6256983240223464,"74":0.6312849162011173,"142":0.6368715083798883,"4":0.6424581005586593,"79":0.6480446927374302,"29":0.6536312849162011,"167":0.659217877094972,"147":0.664804469273743,"2":0.6703910614525139,"108":0.6759776536312849,"124":0.6815642458100558,"13":0.6871508379888268,"140":0.6927374301675978,"38":0.6983240223463687,"159":0.7039106145251397,"39":0.7094972067039106,"123":0.7150837988826816,"60":0.7206703910614525,"12":0.7262569832402235,"6":0.7318435754189944,"17":0.7374301675977654,"54":0.7430167597765364,"11":0.7486033519553073,"161":0.7541899441340782,"149":0.7597765363128491,