{"name":"fiedler","normalized":true,"weight":"value","num_of_nodes":147,"num_of_edges":468,"process_time":0.032190799713134766,"data":{"0":0.1164773710076512,"1":0.15896716248587098,"2":0.1598263288910295,"3":0.09365520592658505,"4":0.1121885201717707,"5":0.14970322621109047,"6":0.16655807679123813,"7":0.1548931065453333,"8":0.14065061251277777,"9":0.14928493159482972,"10":0.1340388603487052,"11":0.10308548134748612,"12":0.11567961816588888,"13":0.06090636934113254,"14":0.10409107013534964,"15":0.148658195121466,"16":0.09848688625128205,"17":0.10110980295576887,"18":0.11960226729888164,"19":0.09010292796111213,"20":0.24255885069933128,"21":0.13833065762604277,"22":0.11839015817933343,"23":0.17373039856483172,"24":0.1598582468858338,"25":0.0019504370809819256,"26":0.14970322621020704,"27":0.12437167550331513,"28":0.13981187764606762,"29":0.139077232838687,"30":0.15985824688610653,"31":0.11105240110966577,"32":0.11647737100459521,"33":0.15025528004670705,"34":0.09526356457663665,"35":0.14962996836335105,"36":0.0,"37":0.11960226730033362,"38":0.12437167550314436,"39":0.11108341379104555,"40":0.2425588506995382,"41":0.15347635761091602,"42":0.13905762495394505,"43":0.12583724204582197,"44":0.14700638357787235,"45":0.09122136949756508,"46":0.12491358122614277,"47":0.06419608418572627,"48":0.1341353922828739,"49":0.583922338904927,"50":0.4829773443755799,"51":0.46136518892798684,"52":0.5904281305906266,"53":0.4884859389154354,"54":0.5966249051120279,"55":0.46060112284564786,"56":0.546769407029918,"57":0.577320310654297,"58":0.552026747249164,"59":0.4613651889343183,"60":0.4749486429654731,"61":0.6198730201661119,"62":0.5855486589941344,"63":0.5212678740718324,"64":0.4639503359154201,"65":0.45892146879715373,"66":0.47291678556599465,"67":0.46492764296348166,"68":0.4775197295389515,"69":0.6070441944133151,"70":0.5650509678975917,"71":0.6057863000314658,"72":0.45426953921883995,"73":0.46583822015467446,"74":0.47302972322008946,"75":0.4613651889316718,"76":0.5262902316902215,"77":0.5588714384601552,"78":0.5854352991860918,"79":0.5903475791224475,"80":0.46415064393999395,"81":0.5362954625410629,"82":0.5675203356540562,"83":0.45940946361521534,"84":0.5966249051093984,"85":0.4586147776517112,"86":0.5668626892121325,"87":0.5685784072299399,"88":0.46561590760871174,"89":0.45823732304671005,"90":0.4599218492023085,"91":0.45612074490430354,"92":0.46269419344813995,"93":0.6094308322346352,"94":0.46415064394017175,"95":0.46415443367434067,"96":0.46858511069197417,"97":0.45844059216633165,"98":0.898535714947621,"99":0.7612933429771808,"100":0.7580334498349344,"101":0.6606223668490229,"102":0.9390784560986609,"103":0.8729595182800505,"104":0.7739102072796215,"105":0.6411787327848453,"106":0.8772194646949378,"107":0.9326643164520905,"108":0.8162861404682967,"109":0.7493176827732975,"110":0.8504169320395671,"111":0.9132689758979197,"112":0.7714730918692517,"113":0.8182151362900727,"114":0.9730692296922261,"115":0.8771911588571268,"116":0.7798379263086835,"117":0.8606902150261799,"118":0.803491154766648,"119":0.765672103697458,"120":0.8137036928368753,"121":0.7991930880566489,"122":0.9122968164629927,"123":0.8805710547691661,"124":0.8652091632606564,"125":0.617301931491808,"126":0.8991799639440556,"127":0.9023188896392075,"128":0.8385022947669823,"129":0.8284154320805482,"130":0.8137036928370078,"131":0.8346297275009341,"132":0.9195419441107414,"133":0.7811281643919471,"134":0.8622247690361713,"135":0.8928724810467485,"136":0.6392770758794433,"137":0.7959253788599456,"138":0.78470837533174,"139":0.5959132503511898,"140":0.9275896593433376,"141":1.0,"142":0.3985775040419523,"143":0.8771911588572183,"144":0.9215836797900944,"145":0.7548944432269175,"146":0.9540170351497997},"ranked":{"36":0.0,"25":0.00684931506849315,"13":0.0136986301369863,"47":0.02054794520547945,"19":0.0273972602739726,"45":0.03424657534246575,"3":0.0410958904109589,"34":0.04794520547945205,"16":0.0547945205479452,"17":0.06164383561643835,"11":0.0684931506849315,"14":0.07534246575342465,"31":0.0821917808219178,"39":0.08904109589041095,"4":0.0958904109589041,"12":0.10273972602739725,"32":0.1095890410958904,"0":0.11643835616438356,"22":0.1232876712328767,"18":0.13013698630136986,"37":0.136986301369863,"38":0.14383561643835616,"27":0.1506849315068493,"46":0.15753424657534246,"43":0.1643835616438356,"10":0.17123287671232876,"48":0.1780821917808219,"21":0.18493150684931506,"42":0.1917808219178082,"29":0.19863013698630136,"28":0.2054794520547945,"8":0.21232876712328766,"44":0.2191780821917808,"15":0.22602739726027396,"9":0.2328767123287671,"35":0.23972602739726026,"26":0.2465753424657534,"5":0.2534246575342466,"33":0.2602739726027397,"41":0.2671232876712329,"7":0.273972602739726,"1":0.2808219178082192,"2":0.2876712328767123,"24":0.2945205479452055,"30":0.3013698630136986,"6":0.3082191780821918,"23":0.3150684931506849,"20":0.3219178082191781,"40":0.3287671232876712,"142":0.3356164383561644,"72":0.3424657534246575,"91":0.3493150684931507,"89":0.3561643835616438,"97":0.363013698630137,"85":0.3698630136986301,"65":0.3767123287671233,"83":0.3835616438356164,"90":0.3904109589041096,"55":0.3972602739726027,"51":0.4041095890410959,"75":0.410958904109589,"59":0.4178082191780822,"92":0.4246575342465753,"64":0.4315068493150685,"80":0.4383561643835616,"94":0.4452054794520548,"95":0.4520547945205479,"67":0.4589041095890411,"88":0.4657534246575342,"73":0.4726027397260274,"96":0.4794520547945205,"66":0.4863013698630137,"74":0.4931506849315068,"60":0.5,"68":0.5068493150684932,"50":0.5136986301369864,"53":0.5205479452054794,"63":0.5273972602739726,"76":0.5342465753424658,"81":0.541095890410959,"56":0.547945205479452,"58":0.5547945205479452,"77":0.5616438356164384,"70":0.5684931506849316,"86":0.5753424657534246,"82":0.5821917808219178,"87":0.589041095890411,"57":0.5958904109589042,"49":0.6027397260273972,"78":0.6095890410958904,"62":0.6164383561643836,"79":0.6232876712328768,"52":0.6301369863013698,"139":0.636986301369863,"84":0.6438356164383562,"54":0.6506849315068494,"71":0.6575342465753424,"69":0.6643835616438356,"93":0.6712328767123288,"125":0.678082191780822,"61":0.684931506849315,"136":0.6917808219178082,"105":0.6986301369863014,"101":0.7054794520547946,"109":0.7123287671232876,"145":0.7191780821917808,"100":0.726027397260274,"99":0.7328767123287672,"119":0.7397260273972602,"112":0.7465753424657534,"104":0.7534246575342466,"116":0.7602739726027398,"133":0.7671232876712328,"138":0.773972602739726,"137":0.7808219178082192,"121":0.7876712328767124,"118":0.7945205479452054,"120":0.8013698630136986,"130":0.8082191780821918,"108":0.815068493150685,"113":0.821917808219178,"129":0.8287671232876712,"131":0.8356164383561644,"128":0.8424657534246576,"110":0.8493150684931506,"117":0.8561643835616438,"134":0.863013698630137,"124":0.8698630136986302,"103":0.8767123287671232,"115":0.8835616438356164,"143":0.8904109589041096,"106":0.8972602739726028,"123":0.9041095890410958,"135":0.910958904109589,"98":0.9178082191780822,"126":0.9246575342465754,"127":0.9315068493150684,"122":0.9383561643835616,"111":0.9452054794520548,"132":0.952054794520548,"144":0.958904109589041,"140":0.9657534246575342,"107":0.9726027397260274,"102":0.9794520547945206,"146":0.9863013698630136,"114":0.9931506849315068,"141":1.0}}