{"name":"pagerank","alpha":0.85,"weight":"value","num_of_nodes":75,"num_of_edges":225,"process_time":0.030242204666137695,"data":{"0":0.23581075125442905,"1":0.16064413273148506,"2":0.1589234027003822,"3":0.4815726171570334,"4":0.10879173811004991,"5":0.23518744518707188,"6":0.3596565463837547,"7":0.4929543023642641,"8":0.10879173811004991,"9":0.15281852685329606,"10":0.8279564719059793,"11":0.15631106848488102,"12":0.666872070537058,"13":0.15281852685329606,"14":0.23581075125442905,"15":0.23581075125442905,"16":0.5986113674159065,"17":0.18165227447958832,"18":0.1788988254211017,"19":0.5904716746479675,"20":0.15377878194437627,"21":0.666872070537058,"22":0.8614644138763866,"23":0.6443613072165615,"24":0.16064413273148506,"25":0.4290835941854801,"26":0.10817743896809957,"27":0.28830834186354737,"28":0.004977637139139632,"29":0.08265600097796137,"30":0.9217800527506688,"31":0.4459248430565076,"32":0.052303342063618086,"33":0.048871331595953506,"34":0.23340818700806212,"35":0.02437661019287716,"36":0.9404217143531168,"37":0.06520296793266363,"38":0.06520296793266363,"39":0.648788545893369,"40":0.0,"41":0.4933697120564602,"42":0.06520296793266363,"43":0.32596968636088886,"44":0.23189915742553371,"45":0.6577049138146094,"46":1.0,"47":0.09128700396061865,"48":0.6637618347052398,"49":0.5327001544759914,"50":0.3562675681346479,"51":0.07217081975520283,"52":0.32782080821276516,"53":0.5467811374427896,"54":0.3447216521461302,"55":0.10541254353604866,"56":0.1138674292918544,"57":0.3562675681346479,"58":0.33211628028247525,"59":0.13312326547763598,"60":0.5915117047680128,"61":0.1274271736012685,"62":0.7781834010702186,"63":0.5461761857436714,"64":0.07813476488363615,"65":0.5915117047680128,"66":0.30865957123561605,"67":0.1461118214727014,"68":0.8365308265175053,"69":0.13840229810208832,"70":0.5762717287260056,"71":0.1138674292918544,"72":0.10495203663919714,"73":0.3398655580328697,"74":0.1138674292918544},"ranked":{"40":0.0,"28":0.013513513513513514,"35":0.02702702702702703,"33":0.04054054054054054,"32":0.05405405405405406,"37":0.06756756756756757,"38":0.08108108108108109,"42":0.0945945945945946,"51":0.10810810810810811,"64":0.12162162162162163,"29":0.13513513513513514,"47":0.14864864864864866,"72":0.16216216216216217,"55":0.17567567567567569,"26":0.1891891891891892,"4":0.20270270270270271,"8":0.21621621621621623,"56":0.22972972972972974,"71":0.24324324324324326,"74":0.25675675675675674,"61":0.2702702702702703,"59":0.28378378378378377,"69":0.2972972972972973,"67":0.3108108108108108,"9":0.32432432432432434,"13":0.33783783783783783,"20":0.35135135135135137,"11":0.36486486486486486,"2":0.3783783783783784,"1":0.3918918918918919,"24":0.40540540540540543,"18":0.4189189189189189,"17":0.43243243243243246,"44":0.44594594594594594,"34":0.4594594594594595,"5":0.47297297297297297,"0":0.4864864864864865,"14":0.5,"15":0.5135135135135135,"27":0.527027027027027,"66":0.5405405405405406,"43":0.5540540540540541,"52":0.5675675675675675,"58":0.581081081081081,"73":0.5945945945945946,"54":0.6081081081081081,"50":0.6216216216216216,"57":0.6351351351351351,"6":0.6486486486486487,"25":0.6621621621621622,"31":0.6756756756756757,"3":0.6891891891891891,"7":0.7027027027027027,"41":0.7162162162162162,"49":0.7297297297297297,"63":0.7432432432432432,"53":0.7567567567567568,"70":0.7702702702702703,"19":0.7837837837837838,"60":0.7972972972972973,"65":0.8108108108108109,"16":0.8243243243243243,"23":0.8378378378378378,"39":0.8513513513513513,"45":0.8648648648648649,"48":0.8783783783783784,"12":0.8918918918918919,"21":0.9054054054054054,"62":0.918918918918919,"10":0.9324324324324325,"68":0.9459459459459459,"22":0.9594594594594594,"30":0.972972972972973,"36":0.9864864864864865,"46":1.0}}