{"name":"fiedler","normalized":false,"weight":"value","num_of_nodes":174,"num_of_edges":553,"process_time":0.04132580757141113,"data":{"0":0.4330293664213313,"1":0.41477363460477384,"2":0.42213211521596317,"3":0.40356269988804006,"4":0.4194489014541178,"5":0.4177136699709075,"6":0.3969775529141014,"7":0.40109611668656625,"8":0.4275780789684142,"9":0.3955314134268769,"10":0.4634487049366714,"11":0.4235521404053271,"12":0.45179820097556334,"13":0.3944012188594399,"14":0.44098393221013354,"15":0.47668700930893965,"16":0.39203890735518343,"17":0.40151479631732995,"18":0.41477363460477384,"19":0.4827212515098459,"20":0.4196972590778811,"21":0.42877296931604414,"22":0.48022695270915505,"23":0.4349713290592877,"24":0.4189198406918623,"25":0.43415693714275483,"26":0.39463517608695053,"27":0.41342517834255155,"28":0.46491750581609687,"29":0.38591647025624315,"30":0.3887978466241747,"31":0.3887978466241747,"32":0.41629676491335516,"33":0.4264232271277804,"34":0.4287990862159121,"35":0.40964069694065697,"36":0.41929055674255067,"37":0.41909815064031086,"38":0.39678922182759246,"39":0.41993308240184274,"40":0.4896753237658502,"41":0.49600462212670754,"42":0.4123628818713291,"43":0.4728781915202514,"44":0.43154893460685356,"45":0.3916475042397787,"46":0.40178405447359566,"47":0.46542298965624873,"48":0.40600309764574793,"49":0.41017858516308675,"50":0.42039468269229796,"51":0.3983164092219918,"52":0.40178405447359566,"53":0.4108201249012459,"54":0.44098393221013354,"55":0.489810452909966,"56":0.3788581283690446,"57":0.40467037565684666,"58":0.0263721780108055,"59":0.22295148379520766,"60":0.0092854108522021,"61":0.07660033543436262,"62":0.0,"63":0.03838295083346051,"64":0.2342846970190048,"65":0.008185116539130094,"66":0.008185116539130214,"67":0.3736692548225903,"68":0.19776947395774466,"69":0.0030840957816284397,"70":0.30412103731993706,"71":0.2544223093968508,"72":0.09586009124994996,"73":0.10917225724501549,"74":0.11527490115581875,"75":0.07959682038004358,"76":0.08479760229103432,"77":0.02417973889562497,"78":0.005144684005185328,"79":0.0,"80":0.37307016417830485,"81":0.3364811022555317,"82":0.1618926693795344,"83":0.15255302403101306,"84":0.08326332486722307,"85":0.09893879201529644,"86":0.10134081122540485,"87":0.17731859988707266,"88":0.07898439161832291,"89":0.08375116641827969,"90":0.189397878210014,"91":0.0249368740014212,"92":0.3943371010635805,"93":0.18741151319444682,"94":0.0869032014916272,"95":0.03319363570517644,"96":0.10917225724501549,"97":0.08455832099298095,"98":0.0,"99":0.07040477274136175,"100":0.2421140850711281,"101":0.0806920917971828,"102":0.0883445625839008,"103":0.018889767572466264,"104":0.1755428980911592,"105":0.024470865216516445,"106":0.07660033543436268,"107":0.15181036829140265,"108":0.0030840957830095806,"109":0.0263721780108055,"110":0.1091722572450156,"111":0.17563588319345746,"112":0.0,"113":0.17883100022566265,"114":0.015683006004040236,"115":0.12111173400478822,"116":0.9280420014051203,"117":1.0,"118":0.9324690768493434,"119":0.9870934359468121,"120":0.9331389007397782,"121":0.880800265480973,"122":0.8644204452637863,"123":0.9970977944746443,"124":0.5143416136706682,"125":0.9065439990956754,"126":0.97806961076091,"127":0.9827687663421297,"128":0.8490346345137313,"129":0.454744881578267,"130":0.897674748704402,"131":0.8546128263190665,"132":0.5689993425809874,"133":0.985214910541242,"134":0.8724218833312909,"135":0.8790967195454632,"136":0.8969378514660893,"137":0.8844885989972068,"138":0.5789215432869275,"139":1.0,"140":0.9715447427628396,"141":0.5696784434453848,"142":0.9375075859496969,"143":0.9279462721253416,"144":0.5526209068079209,"145":0.9162849972657597,"146":1.0,"147":0.9970977944746442,"148":0.998798550167489,"149":0.9916056791418308,"150":0.902034235390545,"151":0.9078546272575861,"152":0.916465703049954,"153":0.8595103844777942,"154":0.9029138101572032,"155":0.915701129958092,"156":0.9397017931246909,"157":0.8118085483740324,"158":0.9852899100484631,"159":0.9199712059659149,"160":0.5300515362987035,"161":0.9149194567274347,"162":0.8688034828234519,"163":0.981637814181389,"164":0.8811396886032583,"165":0.9277891339122297,"166":0.8521649860110622,"167":0.826904736952323,"168":0.9837520849106884,"169":0.6717989459522372,"170":0.887381557676543,"171":0.5095968541549152,"172":0.9567073981613564,"173":0.9502777376051682},"ranked":{"62":0.0,"79":0.005780346820809248,"98":0.011560693641618497,"112":0.017341040462427744,"69":0.023121387283236993,"108":0.028901734104046242,"78":0.03468208092485549,"65":0.04046242774566474,"66":0.046242774566473986,"60":0.05202312138728324,"114":0.057803468208092484,"103":0.06358381502890173,"77":0.06936416184971098,"105":0.07514450867052024,"91":0.08092485549132948,"58":0.08670520231213873,"109":0.09248554913294797,"95":0.09826589595375723,"63":0.10404624277456648,"99":0.10982658959537572,"61":0.11560693641618497,"106":0.12138728323699421,"88":0.12716763005780346,"75":0.1329479768786127,"101":0.13872832369942195,"84":0.14450867052023122,"89":0.15028901734104047,"97":0.15606936416184972,"76":0.16184971098265896,"94":0.1676300578034682,"102":0.17341040462427745,"72":0.1791907514450867,"85":0.18497109826589594,"86":0.1907514450867052,"73":0.19653179190751446,"96":0.2023121387283237,"110":0.20809248554913296,"74":0.2138728323699422,"115":0.21965317919075145,"107":0.2254335260115607,"83":0.23121387283236994,"82":0.23699421965317918,"104":0.24277456647398843,"111":0.24855491329479767,"87":0.2543352601156069,"113":0.26011560693641617,"93":0.2658959537572254,"90":0.27167630057803466,"68":0.2774566473988439,"59":0.2832369942196532,"64":0.28901734104046245,"100":0.2947976878612717,"71":0.30057803468208094,"70":0.3063583815028902,"81":0.31213872832369943,"80":0.3179190751445087,"67":0.3236994219653179,"56":0.32947976878612717,"29":0.3352601156069364,"30":0.34104046242774566,"31":0.3468208092485549,"45":0.35260115606936415,"16":0.3583815028901734,"92":0.36416184971098264,"13":0.3699421965317919,"26":0.37572254335260113,"9":0.3815028901734104,"38":0.3872832369942196,"6":0.3930635838150289,"51":0.3988439306358382,"7":0.4046242774566474,"17":0.41040462427745666,"46":0.4161849710982659,"52":0.42196531791907516,"3":0.4277456647398844,"57":0.43352601156069365,"48":0.4393063583815029,"35":0.44508670520231214,"49":0.4508670520231214,"53":0.45664739884393063,"42":0.4624277456647399,"27":0.4682080924855491,"1":0.47398843930635837,"18":0.4797687861271676,"32":0.48554913294797686,"5":0.4913294797687861,"24":0.49710982658959535,"37":0.5028901734104047,"36":0.5086705202312138,"4":0.5144508670520231,"20":0.5202312138728323,"39":0.5260115606936416,"50":0.5317919075144508,"2":0.5375722543352601,"11":0.5433526011560693,"33":0.5491329479768786,"8":0.5549132947976878,"21":0.5606936416184971,"34":0.5664739884393064,"44":0.5722543352601156,"0":0.5780346820809249,"25":0.5838150289017341,"23":0.5895953757225434,"14":0.5953757225433526,"54":0.6011560693641619,"12":0.6069364161849711,"129":0.6127167630057804,"10":0.6184971098265896,"28":0.6242774566473989,"47":0.630057803468208,"43":0.6358381502890174,"15":0.6416184971098265,"22":0.6473988439306358,"19":0.653179190751445,"40":0.6589595375722543,"55":0.6647398843930635,"41":0.6705202312138728,"171":0.6763005780346821,"124":0.6820809248554913,"160":0.6878612716763006,"144":0.6936416184971098,"132":0.6994219653179191,"141":0.7052023121387283,"138":0.7109826589595376,"169":0.7167630057803468,"157":0.7225433526011561,"167":0.7283236994219653,"128":0.7341040462427746,"166":0.7398843930635838,"131":0.7456647398843931,"153":0.7514450867052023,"122":0.7572254335260116,"162":0.7630057803468208,"134":0.7687861271676301,"135":0.7745664739884393,"121":0.7803468208092486,"164":0.7861271676300579,"137":0.791907514450867,"170":0.7976878612716763,"136":0.8034682080924855,"130":0.8092485549132948,"150":0.815028901734104,"154":0.8208092485549133,"125":0.8265895953757225,"151":0.8323699421965318,"161":0.838150289017341,"155":0.8439306358381503,"145":0.8497109826589595,