{"name":"density","eps":0.5,"weight":"value","num_of_nodes":171,"num_of_edges":323,"process_time":0.020607948303222656,"data":{"0":0.2512394886236242,"1":0.0043379569782965935,"2":0.5012393760883328,"3":0.002478752176665569,"4":0.25433804137972427,"5":0.5055773893343336,"6":0.004337985112183751,"7":0.002478752176665569,"8":0.003098580889846909,"9":0.5012393760883328,"10":0.2524789209796378,"11":0.5024788928457273,"12":0.253718297067994,"13":0.25495770129005024,"14":0.003098693425114979,"15":0.004957588754828951,"16":0.004957701290120401,"17":0.0012394323560603394,"18":0.0006197443118471873,"19":0.0006197443118471873,"20":0.2518591766676971,"21":0.0006197443118471873,"22":0.25247894911329116,"23":0.5006198287132048,"24":0.0018592048015375043,"25":0.5012394886235307,"26":0.0018592048016544043,"27":0.0018591485339502294,"28":0.5030986371575744,"29":0.003098580889917049,"30":0.25309855275605325,"31":0.002478752176665569,"32":0.25309874969274904,"33":0.002478752176665569,"34":0.5030987215589087,"35":0.003098637157621224,"36":0.251239488623671,"37":0.003718353335511114,"38":0.0030985527560298915,"39":0.0018592048016544043,"40":0.004338041379654126,"41":0.0024788647121206787,"42":0.251239488623671,"43":0.0018592048016544043,"44":0.001239404222243322,"45":0.5012395448912582,"46":0.5024789209796379,"47":0.0037182970680641183,"48":0.2524789209796378,"49":0.002478752176665569,"50":0.2524788365780932,"51":1.0,"52":0.2524788647118635,"53":0.25247894911329116,"54":0.25061971617807693,"55":0.001239404222243322,"56":0.753098665291298,"57":0.25123954489121153,"58":0.002478864711933639,"59":0.5006198005793877,"60":0.5024789491132912,"61":0.2530985527561234,"62":0.503098468354649,"63":0.5012394604897371,"64":0.0030986090236873065,"65":0.5037182689340133,"66":0.5024788365781634,"67":0.002478920979544294,"68":0.0012394886235307147,"69":0.25185917666776725,"70":0.7518591485339269,"71":0.0030986090236873065,"72":0.0012394323559901995,"73":0.0024788928457506565,"74":0.003098580889893669,"75":0.0012395448911881296,"76":0.0012395448911881296,"77":0.5030984683547192,"78":0.0024788928457272767,"79":0.25061971617805356,"80":0.25123954489121153,"81":0.25371824080033656,"82":0.0012394886235307147,"83":0.001239516757417872,"84":0.50247883657814,"85":0.5024789209794741,"86":0.001239404222219942,"87":0.751239573024935,"88":0.0012394886236476144,"89":0.252478864711957,"90":0.003098637157434184,"91":0.5024788365781634,"92":0.25371824080026645,"93":0.25247892097949753,"94":0.0012394323559901995,"95":0.0012394886236476144,"96":0.5037182408002431,"97":0.25247883657806985,"98":0.0012394886236709944,"99":0.001239404222219942,"100":0.0024788365781400015,"101":0.0012394886235307147,"102":0.25185920480158425,"103":0.0024788365782101415,"104":0.5012394604897371,"105":0.0012394886236709944,"106":0.5006198005793877,"107":0.2518592048016076,"108":0.004337872576822161,"109":0.5024787803104825,"110":0.004957588754852331,"111":0.5030984683547192,"112":0.503098468354649,"113":0.0030985527561234114,"114":0.25185912040018,"115":0.0006197443118705672,"116":0.2512395167573945,"117":0.0037182126664961662,"118":0.5018591766678374,"119":0.7518591766677907,"120":0.5018591766677438,"121":0.0,"122":0.003718353335511114,"123":0.501239460489854,"124":0.2524789209795443,"125":0.0037183252016707163,"126":0.001239516757371112,"127":0.25309855275619353,"128":0.0018591485339736094,"129":0.253098524622283,"130":0.2543379569781797,"131":0.004337900710662559,"132":0.0049575887547821905,"133":0.25247880844439313,"134":0.5030984964885128,"135":0.002478808444369744,"136":0.2530985527561468,"137":0.2506197443118238,"138":0.50247883657814,"139":0.2537182126665663,"140":0.253098524622283,"141":0.25371818453265577,"142":0.0012394323559901995,"143":0.0018591766678373867,"144":0.0030985808899871886,"145":0.0030985527560766515,"146":0.7524788647120272,"147":0.0012394323559901995,"148":0.0006197443118705672,"149":0.2530985527561234,"150":0.004957616888529069,"151":0.0,"152":0.25371835333544096,"153":0.5030985808899638,"154":0.25247894911329116,"155":0.003098524622306394,"156":0.501859176667814,"157":0.0018591766678373867,"158":0.002478892845680517,"159":0.0037182970678770787,"160":0.0037182126664961662,"161":0.2530985246223298,"162":0.0018592048015141243,"163":0.0006197443118705672,"164":0.0,"165":0.2506197443118238,"166":0.004337985112043471,"167":0.0,"168":0.254338069513401,"169":0.2524788365781634,"170":0.2530985808898235},"ranked":{"121":0.0,"151":0.0058823529411764705,"164":0.011764705882352941,"167":0.01764705882352941,"18":0.023529411764705882,"19":0.029411764705882353,"21":0.03529411764705882,"115":0.041176470588235294,"148":0.047058823529411764,"163":0.052941176470588235,"86":0.058823529411764705,"99":0.06470588235294118,"44":0.07058823529411765,"55":0.07647058823529412,"72":0.08235294117647059,"94":0.08823529411764706,"142":0.09411764705882353,"147":0.1,"17":0.10588235294117647,"68":0.11176470588235295,"82":0.11764705882352941,"101":0.12352941176470589,"88":0.12941176470588237,"95":0.13529411764705881,"98":0.1411764705882353,"105":0.14705882352941177,"126":0.15294117647058825,"83":0.1588235294117647,"75":0.16470588235294117,"76":0.17058823529411765,"27":0.17647058823529413,"128":0.18235294117647058,"143":0.18823529411764706,"157":0.19411764705882353,"162":0.2,"24":0.20588235294117646,"26":0.21176470588235294,"39":0.21764705882352942,"43":0.2235294117647059,"3":0.22941176470588234,"7":0.23529411764705882,"31":0.2411764705882353,"33":0.24705882352941178,"49":0.2529411764705882,"135":0.25882352941176473,"100":0.2647058823529412,"103":0.27058823529411763,"58":0.27647058823529413,"41":0.2823529411764706,"158":0.28823529411764703,"78":0.29411764705882354,"73":0.3,"67":0.3058823529411765,"155":0.31176470588235294,"38":0.3176470588235294,"145":0.3235294117647059,"113":0.32941176470588235,"8":0.3352941176470588,"74":0.3411764705882353,"29":0.34705882352941175,"144":0.35294117647058826,"64":0.3588235294117647,"71":0.36470588235294116,"90":0.37058823529411766,"35":0.3764705882352941,"14":0.38235294117647056,"117":0.38823529411764707,"160":0.3941176470588235,"159":0.4,"47":0.40588235294117647,"125":0.4117647058823529,"37":0.4176470588235294,"122":0.4235294117647059,"108":0.4294117647058823,"131":0.43529411764705883,"1":0.4411764705882353,"166":0.4470588235294118,"6":0.45294117647058824,"40":0.4588235294117647,"132":0.4647058823529412,"15":0.47058823529411764,"110":0.4764705882352941,"150":0.4823529411764706,"16":0.48823529411764705,"79":0.49411764705882355,"54":0.5,"137":0.5058823529411764,"165":0.5117647058823529,"0":0.5176470588235295,"36":0.5235294117647059,"42":0.5294117647058824,"116":0.5352941176470588,"57":0.5411764705882353,"80":0.5470588235294118,"114":0.5529411764705883,"20":0.5588235294117647,"69":0.5647058823529412,"102":0.5705882352941176,"107":0.5764705882352941,"133":0.5823529411764706,"97":0.5882352941176471,"50":0.5941176470588235,"169":0.6,"52":0.6058823529411764,"89":0.611764705882353,"93":0.6176470588235294,"124":0.6235294117647059,"10":0.6294117647058823,"48":0.6352941176470588,"22":0.6411764705882353,"53":0.6470588235294118,"154":0.6529411764705882,"129":0.6588235294117647,"140":0.6647058823529411,"161":0.6705882352941176,"30":0.6764705882352942,"61":0.6823529411764706,"149":0.6882352941176471,"136":0.6941176470588235,"127":0.7,"170":0.7058823529411765,"32":0.711764705882353,"141":0.7176470588235294,"139":0.7235294117647059,"92":0.7294117647058823,"81":0.7352941176470589,"12":0.7411764705882353,"152":0.7470588235294118,"130":0.7529411764705882,"4":0.7588235294117647,"168":0.7647058823529411,"13":0.7705882352941177,"59":0.7764705882352941,"106":0.7823529411764706,"23":0.788235294117647,"2":0.7941176470588235,"9":0.8,"63":0.8058823529411765,"104":0.8117647058823529,"123":0.8176470588235294,"25":0.8235294117647058,"45":0.8294117647058824,"120":0.8352941176470589,"156":0.8411764705882353,"118":0.8470588235294118,"109":0.8529411764705882,"84":0.8588235294117647,"138":0.8647058823529412,"66":0.8705882352941177,