{"name":"density","eps":0.5,"weight":"value","num_of_nodes":60,"num_of_edges":191,"process_time":0.012840747833251953,"data":{"0":0.0024751161267507573,"1":0.0,"2":0.0034650996513388385,"3":0.002475093653083221,"4":0.40089110203494144,"5":0.20118812855538581,"6":0.6010890223294573,"7":0.000495104130407608,"8":0.2016831427913287,"9":0.2001980326626655,"10":0.2026730813686004,"11":0.0,"12":0.4003961102726474,"13":0.20267305889493287,"14":0.003465077177671302,"15":0.0,"16":0.2001981225572049,"17":0.2016830978440123,"18":0.7988119838126331,"19":0.20069304689855236,"20":0.4028710690840802,"21":0.20217815702717823,"22":0.003465077177708654,"23":0.8002970040467569,"24":0.20168318773851437,"25":0.003465077177708654,"26":0.20168318773851437,"27":0.002475206021252817,"28":0.0024750711795837703,"29":0.4008911469821458,"30":0.8002970489940185,"31":0.001980214259033481,"32":0.20217815702717823,"33":1.0,"34":0.20118819597629503,"35":0.4008911469821458,"36":1.0,"37":0.20168318773851437,"38":0.6000990163313721,"39":0.20366308736681868,"40":0.8012870999394035,"41":0.40089116945570125,"42":0.20415807912907535,"43":0.400891057087625,"44":0.6015840590390127,"45":0.20118812855531112,"46":0.4018811529803827,"47":0.20118812855536714,"48":0.0009900284718110967,"49":0.40237607732174885,"50":0.0019800569436221934,"51":0.0014851326023120857,"52":0.0004951041304449604,"53":0.2006930019513667,"54":0.0009900284718110967,"55":0.20366308736678132,"56":0.9985149797658192,"57":0.0024751386003435886,"58":0.4003960203781453,"59":0.4003960203781453},"ranked":{"1":0.0,"11":0.01694915254237288,"15":0.03389830508474576,"7":0.05084745762711865,"52":0.06779661016949153,"48":0.0847457627118644,"54":0.1016949152542373,"51":0.11864406779661017,"50":0.13559322033898305,"31":0.15254237288135594,"28":0.1694915254237288,"3":0.1864406779661017,"0":0.2033898305084746,"57":0.22033898305084745,"27":0.23728813559322035,"14":0.2542372881355932,"22":0.2711864406779661,"25":0.288135593220339,"2":0.3050847457627119,"9":0.3220338983050847,"16":0.3389830508474576,"53":0.3559322033898305,"19":0.3728813559322034,"45":0.3898305084745763,"47":0.4067796610169492,"5":0.423728813559322,"34":0.4406779661016949,"17":0.4576271186440678,"8":0.4745762711864407,"24":0.4915254237288136,"26":0.5084745762711864,"37":0.5254237288135594,"21":0.5423728813559322,"32":0.559322033898305,"13":0.576271186440678,"10":0.5932203389830508,"55":0.6101694915254238,"39":0.6271186440677966,"42":0.6440677966101694,"58":0.6610169491525424,"59":0.6779661016949152,"12":0.6949152542372882,"43":0.711864406779661,"4":0.7288135593220338,"29":0.7457627118644068,"35":0.7627118644067796,"41":0.7796610169491526,"46":0.7966101694915254,"49":0.8135593220338984,"20":0.8305084745762712,"38":0.847457627118644,"6":0.864406779661017,"44":0.8813559322033898,"18":0.8983050847457628,"23":0.9152542372881356,"30":0.9322033898305084,"40":0.9491525423728814,"56":0.9661016949152542,"33":0.9830508474576272,"36":1.0}}