{"name":"eccentricity","num_of_nodes":54,"num_of_edges":166,"process_time":0.0017747879028320312,"data":{"0":0.8333333333333334,"1":0.5,"2":0.8333333333333334,"3":0.6666666666666666,"4":0.8333333333333334,"5":0.6666666666666666,"6":1.0,"7":1.0,"8":1.0,"9":0.8333333333333334,"10":0.6666666666666666,"11":0.8333333333333334,"12":0.6666666666666666,"13":1.0,"14":0.8333333333333334,"15":0.8333333333333334,"16":1.0,"17":0.8333333333333334,"18":0.3333333333333333,"19":0.3333333333333333,"20":0.5,"21":0.3333333333333333,"22":0.3333333333333333,"23":0.16666666666666666,"24":0.16666666666666666,"25":0.3333333333333333,"26":0.6666666666666666,"27":0.0,"28":0.16666666666666666,"29":0.5,"30":0.16666666666666666,"31":0.8333333333333334,"32":0.5,"33":0.5,"34":0.6666666666666666,"35":0.16666666666666666,"36":1.0,"37":1.0,"38":0.8333333333333334,"39":0.6666666666666666,"40":0.5,"41":1.0,"42":1.0,"43":0.16666666666666666,"44":0.8333333333333334,"45":0.8333333333333334,"46":0.5,"47":0.8333333333333334,"48":0.6666666666666666,"49":0.6666666666666666,"50":0.8333333333333334,"51":0.16666666666666666,"52":0.6666666666666666,"53":0.8333333333333334},"ranked":{"27":0.0,"23":0.018867924528301886,"24":0.03773584905660377,"28":0.05660377358490566,"30":0.07547169811320754,"35":0.09433962264150944,"43":0.11320754716981132,"51":0.1320754716981132,"18":0.1509433962264151,"19":0.16981132075471697,"21":0.18867924528301888,"22":0.20754716981132076,"25":0.22641509433962265,"1":0.24528301886792453,"20":0.2641509433962264,"29":0.2830188679245283,"32":0.3018867924528302,"33":0.32075471698113206,"40":0.33962264150943394,"46":0.3584905660377358,"3":0.37735849056603776,"5":0.39622641509433965,"10":0.41509433962264153,"12":0.4339622641509434,"26":0.4528301886792453,"34":0.4716981132075472,"39":0.49056603773584906,"48":0.5094339622641509,"49":0.5283018867924528,"52":0.5471698113207547,"0":0.5660377358490566,"2":0.5849056603773585,"4":0.6037735849056604,"9":0.6226415094339622,"11":0.6415094339622641,"14":0.660377358490566,"15":0.6792452830188679,"17":0.6981132075471698,"31":0.7169811320754716,"38":0.7358490566037735,"44":0.7547169811320755,"45":0.7735849056603774,"47":0.7924528301886793,"50":0.8113207547169812,"53":0.8301886792452831,"6":0.8490566037735849,"7":0.8679245283018868,"8":0.8867924528301887,"13":0.9056603773584906,"16":0.9245283018867925,"36":0.9433962264150944,"37":0.9622641509433962,"41":0.9811320754716981,"42":1.0}}