{"name":"fiedler","normalized":true,"weight":"value","num_of_nodes":123,"num_of_edges":382,"process_time":0.04700589179992676,"data":{"0":0.08253265636140968,"1":0.061409954693712764,"2":0.06472125307383023,"3":0.048629607998035444,"4":0.09558194966818408,"5":0.0811570705082493,"6":0.06156851030907481,"7":0.0232175204051867,"8":0.03919230158889864,"9":0.06586398334893004,"10":0.05480749252783176,"11":0.05914775827250688,"12":0.018032878277628547,"13":0.06195529693561654,"14":0.0,"15":0.05445198195645644,"16":5.044499798084445e-06,"17":0.06825221780594175,"18":0.06156851030894034,"19":5.04449985165149e-06,"20":0.06586398334889748,"21":0.08208539855236055,"22":0.0603684797129763,"23":0.009108493179731851,"24":0.09628746507541969,"25":0.08759547815200791,"26":0.08124165237076743,"27":0.09558194965566241,"28":0.046340711936945854,"29":0.041238686520202246,"30":0.06477544454813454,"31":0.06266938611751768,"32":0.02321752040511097,"33":0.020850903647460336,"34":0.09942320103973662,"35":0.055932344691894106,"36":0.08802029198709091,"37":0.08987105558440027,"38":0.09942320103820447,"39":0.06825221780596473,"40":0.08759547814455422,"41":0.15610591078503136,"42":0.08546556117322408,"43":0.14478790674529982,"44":0.12862372445176629,"45":0.08873085669019351,"46":0.08873085669009023,"47":0.4145466626245133,"48":0.11758173840041743,"49":0.22175759336319215,"50":0.12862372445179046,"51":0.07054213421330935,"52":0.13773412611200675,"53":0.20422291771476636,"54":0.16159077719857226,"55":0.21982946744231066,"56":0.12110587675242487,"57":0.1296573231372118,"58":0.16563045011417177,"59":0.13414594343721709,"60":0.24221367960697407,"61":0.08546556117194785,"62":0.16856586049264635,"63":0.22175759336322393,"64":0.14487303854152422,"65":0.19227991552043106,"66":0.11758173840289801,"67":0.2869130813895027,"68":0.22680069305808453,"69":0.12114064016075296,"70":0.2956458136249627,"71":0.2668003845093493,"72":0.12588249874058283,"73":0.1981387420408716,"74":0.16159077719863485,"75":0.14955242477861683,"76":0.48825895425236027,"77":0.14451169114386272,"78":0.10035551524265053,"79":0.10127723310972442,"80":0.07054213421332418,"81":0.24331908541445735,"82":0.8441613837552836,"83":0.6324418558398851,"84":1.0,"85":0.17840085162815175,"86":0.791388376333761,"87":0.7278863901271454,"88":0.5328232309507931,"89":0.14169162638056226,"90":0.7913883763336861,"91":0.727886390128238,"92":0.6082393500321548,"93":0.8441613837574256,"94":0.7278863901254364,"95":0.9570284916215923,"96":0.7151486095915248,"97":0.7881763333839807,"98":0.5163681518755354,"99":0.707052708965033,"100":0.141691626380783,"101":0.9545926316543207,"102":0.7976218316572193,"103":0.7976218316572525,"104":0.619220443534841,"105":0.862705820811395,"106":0.7074695809107372,"107":0.6760045659530928,"108":0.5450895888764843,"109":0.5108374913338122,"110":0.14169162638069702,"111":0.6112337798791482,"112":0.5547086203020161,"113":0.6267219936055367,"114":0.778241267812377,"115":0.8185942521355805,"116":0.6447471796397728,"117":0.9912980112464089,"118":0.784150192230242,"119":0.5328232309474455,"120":0.8868500855397422,"121":0.1312733649678882,"122":0.7556467981180108},"ranked":{"14":0.0,"16":0.00819672131147541,"19":0.01639344262295082,"23":0.02459016393442623,"12":0.03278688524590164,"33":0.040983606557377046,"32":0.04918032786885246,"7":0.05737704918032787,"8":0.06557377049180328,"29":0.07377049180327869,"28":0.08196721311475409,"3":0.09016393442622951,"15":0.09836065573770492,"10":0.10655737704918032,"35":0.11475409836065574,"11":0.12295081967213115,"22":0.13114754098360656,"1":0.13934426229508196,"18":0.14754098360655737,"6":0.1557377049180328,"13":0.16393442622950818,"31":0.1721311475409836,"2":0.18032786885245902,"30":0.1885245901639344,"20":0.19672131147540983,"9":0.20491803278688525,"17":0.21311475409836064,"39":0.22131147540983606,"51":0.22950819672131148,"80":0.23770491803278687,"5":0.2459016393442623,"26":0.2540983606557377,"21":0.26229508196721313,"0":0.27049180327868855,"61":0.2786885245901639,"42":0.28688524590163933,"40":0.29508196721311475,"25":0.30327868852459017,"36":0.3114754098360656,"46":0.319672131147541,"45":0.32786885245901637,"37":0.3360655737704918,"27":0.3442622950819672,"4":0.3524590163934426,"24":0.36065573770491804,"38":0.36885245901639346,"34":0.3770491803278688,"78":0.38524590163934425,"79":0.39344262295081966,"48":0.4016393442622951,"66":0.4098360655737705,"56":0.4180327868852459,"69":0.4262295081967213,"72":0.4344262295081967,"44":0.4426229508196721,"50":0.45081967213114754,"57":0.45901639344262296,"121":0.4672131147540984,"59":0.47540983606557374,"52":0.48360655737704916,"89":0.4918032786885246,"110":0.5,"100":0.5081967213114754,"77":0.5163934426229508,"43":0.5245901639344263,"64":0.5327868852459017,"75":0.5409836065573771,"41":0.5491803278688525,"54":0.5573770491803278,"74":0.5655737704918032,"58":0.5737704918032787,"62":0.5819672131147541,"85":0.5901639344262295,"65":0.5983606557377049,"73":0.6065573770491803,"53":0.6147540983606558,"55":0.6229508196721312,"49":0.6311475409836066,"63":0.639344262295082,"68":0.6475409836065574,"60":0.6557377049180327,"81":0.6639344262295082,"71":0.6721311475409836,"67":0.680327868852459,"70":0.6885245901639344,"47":0.6967213114754098,"76":0.7049180327868853,"109":0.7131147540983607,"98":0.7213114754098361,"119":0.7295081967213115,"88":0.7377049180327869,"108":0.7459016393442623,"112":0.7540983606557377,"92":0.7622950819672131,"111":0.7704918032786885,"104":0.7786885245901639,"113":0.7868852459016393,"83":0.7950819672131147,"116":0.8032786885245902,"107":0.8114754098360656,"99":0.819672131147541,"106":0.8278688524590164,"96":0.8360655737704918,"94":0.8442622950819673,"87":0.8524590163934426,"91":0.860655737704918,"122":0.8688524590163934,"114":0.8770491803278688,"118":0.8852459016393442,"97":0.8934426229508197,"90":0.9016393442622951,"86":0.9098360655737705,"102":0.9180327868852459,"103":0.9262295081967213,"115":0.9344262295081968,"82":0.9426229508196722,"93":0.9508196721311475,"105":0.9590163934426229,"120":0.9672131147540983,"101":0.9754098360655737,"95":0.9836065573770492,"117":0.9918032786885246,"84":1.0}}