{"name":"density","eps":0.5,"weight":"value","num_of_nodes":189,"num_of_edges":370,"process_time":0.015499114990234375,"data":{"0":0.003288997284347099,"1":0.6642002297591882,"2":0.3357998822208281,"3":0.00164442398882933,"4":0.001644498642204569,"5":0.004111097298574827,"6":0.002466561329853246,"7":0.004110985318651557,"8":0.33662213154193044,"9":0.33744441818979787,"10":0.6674889284299723,"11":0.3357999568743585,"12":0.6674890404101127,"13":0.6666667537624934,"14":0.005755409307418848,"15":0.004111097298698905,"16":0.0,"17":0.0016443493353920518,"18":0.6650224044270083,"19":0.3358001061810469,"20":0.338266630184135,"21":0.6642000804523757,"22":0.665022329773571,"23":0.0024667479632448147,"24":0.3366222435220398,"25":0.6666667164356352,"26":0.0008223613011496333,"27":0.3316889715556759,"28":0.6674889657565823,"29":0.005755483960825106,"30":0.0008223613011496333,"31":0.6699555270864046,"32":0.0032888479775656015,"33":0.0032889226310028794,"34":0.006577658628366035,"35":0.6683111777508884,"36":0.006577695955131203,"37":0.0049333839464112605,"38":0.9991779373125375,"39":0.33333332089106793,"40":0.33333332089106793,"41":0.33415564486570054,"42":0.33415564486554544,"43":0.3366221688687576,"44":0.003288885304237711,"45":0.00164442398882933,"46":0.004111134625339996,"47":0.0,"48":0.33333347019788045,"49":0.004933309293005002,"50":0.33662235550211816,"51":0.6674889657567374,"52":0.6658444297877677,"53":0.6674889657569236,"54":0.0016444986422355886,"55":0.0032889599577680478,"56":0.33333332089106793,"57":0.3316889715556759,"58":0.665022329773509,"59":0.3374446048229723,"60":0.0041109106651522394,"61":0.6674890404100506,"62":0.6658445417679392,"63":0.004110985318651557,"64":0.6674887791231597,"65":0.3316889715556759,"66":0.33251114622330985,"67":0.0016443866620021227,"68":0.6650221804666655,"69":0.3341554209053577,"70":0.3316889715557069,"71":0.6650222924467748,"72":0.004933122659520375,"73":0.0024665613297912073,"74":0.3316889715556759,"75":0.6658445790944252,"76":0.3341555702121082,"77":0.00164449864214253,"78":0.3341556075387803,"79":0.0008222119943991552,"80":0.002466859943292163,"81":0.3341555702121082,"82":0.3316889715557069,"83":0.004110947991948427,"84":0.33497763289975685,"85":0.33333335821770904,"86":0.3349778195331484,"87":0.004933048006207175,"88":0.33415549555885704,"89":0.0016445359687836203,"90":0.6650221804666655,"91":0.3341554209053577,"92":0.33251122087687124,"93":0.004933122659613434,"94":0.003288773324128323,"95":0.33333335821770904,"96":0.3316889715556759,"97":0.6642002670857673,"98":0.3325112955301224,"99":0.0016444613153773617,"100":0.0008222119943991552,"101":0.33415553288546707,"102":0.003288810650800433,"103":0.3333334701978494,"104":0.33333335821789517,"105":0.6650223671001811,"106":0.9958890146814725,"107":0.0016443866620021227,"108":0.0008222119945232333,"109":0.0008222493211643236,"110":0.0,"111":0.3325112955301224,"112":0.004111171951950067,"113":0.0016445359687836203,"114":0.3357998822208902,"115":0.33251125820341926,"116":0.3341556075388423,"117":0.6642001177790168,"118":0.3341556075387803,"119":0.33251114622330985,"120":0.3341554209053577,"121":0.9975333266900994,"122":0.00328892263097186,"123":0.667488816449956,"124":0.0032888106509865503,"125":0.333333320891192,"126":0.3357999195475623,"127":0.6707776271007564,"128":0.665022292446868,"129":0.004111134625371015,"130":0.33251114622346495,"131":0.6642001924326092,"132":0.9991779373123203,"133":0.0024665613298222267,"134":0.33580006885434377,"135":0.3357999942009065,"136":0.3325112955303085,"137":1.0,"138":7.46533442195448e-08,"139":0.6633779057847727,"140":0.001644535969000757,"141":0.9991780119657886,"142":0.3374443435364226,"143":0.004111209278653195,"144":0.0016444613154394008,"145":0.004111209278653195,"146":0.6658446537481106,"147":0.004111059972026795,"148":0.0065777706085064416,"149":0.0016444613155944983,"150":0.6674888911033623,"151":0.33580006885434377,"152":0.004111134625339996,"153":0.001644535969000757,"154":0.003288997284471177,"155":0.3358001061809849,"156":1.0,"157":0.6691332404386923,"158":0.3349776328998189,"159":0.9967112640025128,"160":0.9991778999856482,"161":0.004111209278715235,"162":0.6666668284158377,"163":7.46533442195448e-08,"164":0.3382664808774155,"165":0.33497781953339656,"166":0.0032889226310028794,"167":0.6642002297592813,"168":0.0041111719519190465,"169":0.003288773324190362,"170":0.0008221746676960259,"171":0.004933271966425951,"172":0.6658446164212833,"173":0.6650223671003362,"174":0.3333333208910369,"175":0.6658446537481106,"176":0.9958890520081136,"177":0.0016444613155944983,"178":0.33580003152764065,"179":0.0016443866621572202,"180":0.3358001435078431,"181":0.665022292446868,"182":7.46533442195448e-08,"183":0.005755521287311099,"184":0.6633779057847727,"185":0.006577770608537461,"186":0.3358000688545299,"187":0.33826670483754123,"188":0.0016444613154394008},"ranked":{"16":0.0,"47":0.005319148936170213,"110":0.010638297872340425,"138":0.015957446808510637,"163":0.02127659574468085,"182":0.026595744680851064,"170":0.031914893617021274,"79":0.03723404255319149,"100":0.0425531914893617,"108":0.047872340425531915,"109":0.05319148936170213,"26":0.05851063829787234,"30":0.06382978723404255,"17":0.06914893617021277,"67":0.07446808510638298,"107":0.0797872340425532,"179":0.0851063829787234,"3":0.09042553191489362,"45":0.09574468085106383,"99":0.10106382978723404,"144":0.10638297872340426,"188":0.11170212765957446,"149":0.11702127659574468,"177":0.12234042553191489,"77":0.1276595744680851,"4":0.13297872340425532,"54":0.13829787234042554,"89":0.14361702127659576,"113":0.14893617021276595,"140":0.15425531914893617,"153":0.1595744680851064,"73":0.16489361702127658,"133":0.1702127659574468,"6":0.17553191489361702,"23":0.18085106382978725,"80":0.18617021276595744,"94":0.19148936170212766,"169":0.19680851063829788,"102":0.20212765957446807,"124":0.2074468085106383,"32":0.2127659574468085,"44":0.21808510638297873,"122":0.22340425531914893,"33":0.22872340425531915,"166":0.23404255319148937,"55":0.2393617021276596,"0":0.24468085106382978,"154":0.25,"60":0.2553191489361702,"83":0.26063829787234044,"7":0.26595744680851063,"63":0.2712765957446808,"147":0.2765957446808511,"5":0.28191489361702127,"15":0.2872340425531915,"46":0.2925531914893617,"152":0.2978723404255319,"129":0.30319148936170215,"168":0.30851063829787234,"112":0.31382978723404253,"143":0.3191489361702128,"145":0.324468085106383,"161":0.32978723404255317,"87":0.3351063829787234,"72":0.3404255319148936,"93":0.34574468085106386,"171":0.35106382978723405,"49":0.35638297872340424,"37":0.3617021276595745,"14":0.3670212765957447,"29":0.3723404255319149,"183":0.3776595744680851,"34":0.3829787234042553,"36":0.3882978723404255,"148":0.39361702127659576,"185":0.39893617021276595,"27":0.40425531914893614,"57":0.4095744680851064,"65":0.4148936170212766,"74":0.42021276595744683,"96":0.425531914893617,"70":0.4308510638297872,"82":0.43617021276595747,"66":0.44148936170212766,"119":0.44680851063829785,"130":0.4521276595744681,"92":0.4574468085106383,"115":0.4627659574468085,"98":0.46808510638297873,"111":0.4734042553191489,"136":0.4787234042553192,"174":0.48404255319148937,"39":0.48936170212765956,"40":0.4946808510638298,"56":0.5,"125":0.5053191489361702,"85":0.5106382978723404,"95":0.5159574468085106,"104":0.5212765957446809,"103":0.526595744680851,"48":0.5319148936170213,"69":0.5372340425531915,"91":0.5425531914893617,"120":0.5478723404255319,"88":0.5531914893617021,"101":0.5585106382978723,"76":0.5638297872340425,"81":0.5691489361702128,"78":0.574468085106383,"118":0.5797872340425532,"116":0.5851063829787234,"42":0.5904255319148937,"41":0.5957446808510638,"84":0.601063829787234,"158":0.6063829787234043,"86":0.6117021276595744,"165":0.6170212765957447,"2":0.6223404255319149,"114":0.6276595744680851,"126":0.6329787234042553,"11":0.6382978723404256,"135":0.6436170212765957,"178":0.648936170212766,"134":0.6542553191489362,"151":0.6595744680851063,"186":0.6648936170212766,"155":0.6702127659574468,