{"name":"density","eps":0.5,"weight":"value","num_of_nodes":111,"num_of_edges":341,"process_time":0.037705183029174805,"data":{"0":0.33663433233608897,"1":0.17058663654503586,"2":0.6695551016752799,"3":0.005364149917369616,"4":0.1685235668054174,"5":0.0016504745244884514,"6":0.0033011176428372267,"7":0.33539665908592603,"8":0.4997936742933766,"9":0.16769820778078331,"10":0.17264957515634713,"11":0.5035074433493729,"12":0.003301155108110116,"13":0.0016504745244884514,"14":0.1693488883645451,"15":0.502682196720838,"16":0.33374607216569674,"17":0.0012379542398575085,"18":0.3391099972913045,"19":0.0012379542398575085,"20":0.1693488321665657,"21":0.5022694891097337,"22":0.16852358553809277,"23":1.0,"24":0.0033011176428372267,"25":0.3378721554472812,"26":0.1726496688196928,"27":0.16934890709708034,"28":0.0016504745244884514,"29":0.17182451585422306,"30":0.3370470212146114,"31":0.0012379542398575085,"32":0.16769820778078331,"33":0.4997936742933766,"34":0.0016504745244884514,"35":0.1701740600623944,"36":0.5002064943005063,"37":0.33622164345744204,"38":0.0016505681877718623,"39":0.0028883538336133734,"40":0.3370468526207666,"41":0.003713675392741059,"42":0.0020632008685016853,"43":0.16852358553809277,"44":0.16976131498583036,"45":0.00165051198982361,"46":0.501031534869936,"47":0.33498382034623425,"48":0.16852354807260195,"49":0.33539643429421084,"50":0.0012378605765273956,"51":0.33374597850241333,"52":0.5018568002311471,"53":0.0004127076111821972,"54":0.1697613711837786,"55":0.0041262331428317,"56":0.33498382034623425,"57":0.17017396639912657,"58":0.002475758618343248,"59":0.16976133371852128,"60":0.6683171099700348,"61":0.335396490492128,"62":0.0028883538336133734,"63":0.1685234731419316,"64":0.5022693954464794,"65":0.002475702420379428,"66":0.33498380161359004,"67":0.5022693392484667,"68":0.3353963968289069,"69":0.5022693954464637,"70":0.0033010052469095875,"71":0.5014441488178336,"72":0.0016505681877718623,"73":0.16811080299608458,"74":0.33374599723507314,"75":0.5043325213842024,"76":0.0,"77":0.0020631634029797184,"78":0.1689360683574197,"79":0.167698263978716,"80":0.1693486823052095,"81":0.0028885036948606037,"82":0.16893623695112434,"83":0.167698263978716,"84":0.33374599723507314,"85":0.3353963780962782,"86":0.003301155108110116,"87":0.16811085919403285,"88":0.0033010801775954723,"89":0.002063125937831368,"90":0.002063163403010853,"91":0.0028883538336445078,"92":0.003300967781636698,"93":0.003301061444826705,"94":0.0020632570662942637,"95":0.16852345440934965,"96":0.0020631634029797184,"97":0.1709992317603527,"98":0.16687299861750543,"99":0.1693487197706225,"100":0.16893623695112434,"101":0.004538865823608224,"102":0.0020631072050937356,"103":0.1689361620206564,"104":0.0,"105":0.0016506618510241384,"106":0.5010314974046153,"107":0.16893612455522783,"108":0.1693486823052095,"109":0.0,"110":0.1697615023123816},"ranked":{"76":0.0,"104":0.00909090909090909,"109":0.01818181818181818,"53":0.02727272727272727,"50":0.03636363636363636,"17":0.045454545454545456,"19":0.05454545454545454,"31":0.06363636363636363,"5":0.07272727272727272,"13":0.08181818181818182,"28":0.09090909090909091,"34":0.1,"45":0.10909090909090909,"38":0.11818181818181818,"72":0.12727272727272726,"105":0.13636363636363635,"102":0.14545454545454545,"89":0.15454545454545454,"77":0.16363636363636364,"96":0.17272727272727273,"90":0.18181818181818182,"42":0.19090909090909092,"94":0.2,"65":0.20909090909090908,"58":0.21818181818181817,"39":0.22727272727272727,"62":0.23636363636363636,"91":0.24545454545454545,"81":0.2545454545454545,"92":0.2636363636363636,"70":0.2727272727272727,"93":0.2818181818181818,"88":0.2909090909090909,"6":0.3,"24":0.3090909090909091,"12":0.3181818181818182,"86":0.32727272727272727,"41":0.33636363636363636,"55":0.34545454545454546,"101":0.35454545454545455,"3":0.36363636363636365,"98":0.37272727272727274,"9":0.38181818181818183,"32":0.39090909090909093,"79":0.4,"83":0.4090909090909091,"73":0.41818181818181815,"87":0.42727272727272725,"95":0.43636363636363634,"63":0.44545454545454544,"48":0.45454545454545453,"4":0.4636363636363636,"22":0.4727272727272727,"43":0.4818181818181818,"78":0.4909090909090909,"107":0.5,"103":0.509090909090909,"82":0.5181818181818182,"100":0.5272727272727272,"80":0.5363636363636364,"108":0.5454545454545454,"99":0.5545454545454546,"20":0.5636363636363636,"14":0.5727272727272728,"27":0.5818181818181818,"44":0.5909090909090909,"59":0.6,"54":0.6090909090909091,"110":0.6181818181818182,"57":0.6272727272727273,"35":0.6363636363636364,"1":0.6454545454545455,"97":0.6545454545454545,"29":0.6636363636363637,"10":0.6727272727272727,"26":0.6818181818181818,"51":0.6909090909090909,"74":0.7,"84":0.7090909090909091,"16":0.7181818181818181,"66":0.7272727272727273,"47":0.7363636363636363,"56":0.7454545454545455,"85":0.7545454545454545,"68":0.7636363636363637,"49":0.7727272727272727,"61":0.7818181818181819,"7":0.7909090909090909,"37":0.8,"0":0.8090909090909091,"40":0.8181818181818182,"30":0.8272727272727273,"25":0.8363636363636363,"18":0.8454545454545455,"8":0.8545454545454545,"33":0.8636363636363636,"36":0.8727272727272727,"106":0.8818181818181818,"46":0.8909090909090909,"71":0.9,"52":0.9090909090909091,"67":0.9181818181818182,"69":0.9272727272727272,"64":0.9363636363636364,"21":0.9454545454545454,"15":0.9545454545454546,"11":0.9636363636363636,"75":0.9727272727272728,"60":0.9818181818181818,"2":0.990909090909091,"23":1.0}}