{"name":"fiedler","normalized":false,"weight":"value","num_of_nodes":114,"num_of_edges":361,"process_time":0.03255605697631836,"data":{"0":0.007338788904526557,"1":0.007620987910085281,"2":0.006199237758029596,"3":0.06329776852747343,"4":0.04952133044842273,"5":0.06363948013816594,"6":0.04527464388739198,"7":0.10168952052838688,"8":0.04840783230565658,"9":0.0006186022117562426,"10":0.0021887755312980824,"11":0.0632148510866883,"12":0.06156192305857196,"13":0.0043181835200991545,"14":0.0010581480473099217,"15":0.07609469008273285,"16":0.05949895332257407,"17":0.00269130510167999,"18":0.011380556920078276,"19":0.04685539331003433,"20":0.037565930748275446,"21":0.0,"22":0.04169060655101807,"23":0.05770342397492495,"24":0.04281239839989531,"25":0.012898101729104584,"26":0.06156192305857196,"27":0.006890204157626721,"28":0.049275068979611245,"29":0.010730443339690929,"30":0.034321611299241335,"31":0.06322315897687551,"32":0.06127201004346519,"33":0.06389711082899424,"34":0.05979580147265176,"35":0.04169060655101807,"36":0.0,"37":0.05846204622868732,"38":0.5609685435969691,"39":0.5926411211259222,"40":0.04025658377110026,"41":0.23529434110570596,"42":0.10005621432917292,"43":0.2924659923627603,"44":0.027964146830897672,"45":0.027101948427013665,"46":0.4278531121236189,"47":0.26098597392496725,"48":0.10553919971777653,"49":0.03444767068013869,"50":0.030656804064565838,"51":0.2774357948866394,"52":0.235294341105706,"53":0.3125280511760308,"54":0.2801362710641811,"55":0.2641431607382852,"56":0.08591289988657108,"57":0.2820401189075437,"58":0.07499707812830385,"59":0.019070598489135886,"60":0.052145689351330377,"61":0.10171212986444025,"62":0.3189340052365867,"63":0.023526792810098666,"64":0.022245359975518148,"65":0.012018821330318709,"66":0.5402285552337842,"67":0.020221131045945057,"68":0.22334776185180627,"69":0.023526792810098666,"70":0.2788212473831735,"71":0.8012858008269028,"72":0.11327133081465954,"73":0.2619683333871595,"74":0.11137819680688328,"75":0.12540850384871707,"76":0.9977450540392113,"77":0.1443725456296296,"78":0.7509994864304147,"79":0.5402285552337841,"80":0.9999999999999998,"81":0.779443009599114,"82":0.9803519799157634,"83":0.9977450540392115,"84":0.6442467510211712,"85":0.9306329791297582,"86":1.0,"87":0.8225653712130991,"88":0.7608279320764814,"89":0.25314817268050577,"90":0.9359084769986897,"91":0.7203534629726948,"92":0.9027703032898189,"93":0.779443009599114,"94":0.9585637167723337,"95":0.97518311586795,"96":0.5755007589009851,"97":0.16800679706464788,"98":0.6093595135247302,"99":0.1266723099882124,"100":0.9958083047027251,"101":0.9958083047027251,"102":0.5987913261707791,"103":0.672563085394451,"104":0.9255104103737231,"105":0.9727343532833821,"106":0.8882321216785466,"107":0.7747758180033194,"108":0.5987913261707791,"109":0.974832317907113,"110":0.9935160759468601,"111":0.7112535715036666,"112":0.9884882153052441,"113":0.9612687572220061},"ranked":{"21":0.0,"36":0.008849557522123894,"9":0.017699115044247787,"14":0.02654867256637168,"10":0.035398230088495575,"17":0.04424778761061947,"13":0.05309734513274336,"2":0.061946902654867256,"27":0.07079646017699115,"0":0.07964601769911504,"1":0.08849557522123894,"29":0.09734513274336283,"18":0.10619469026548672,"65":0.11504424778761062,"25":0.12389380530973451,"59":0.13274336283185842,"67":0.1415929203539823,"64":0.1504424778761062,"63":0.1592920353982301,"69":0.168141592920354,"45":0.17699115044247787,"44":0.18584070796460178,"50":0.19469026548672566,"30":0.20353982300884957,"49":0.21238938053097345,"20":0.22123893805309736,"40":0.23008849557522124,"22":0.23893805309734514,"35":0.24778761061946902,"24":0.25663716814159293,"6":0.26548672566371684,"19":0.2743362831858407,"8":0.2831858407079646,"28":0.2920353982300885,"4":0.3008849557522124,"60":0.30973451327433627,"23":0.3185840707964602,"37":0.3274336283185841,"16":0.336283185840708,"34":0.34513274336283184,"32":0.35398230088495575,"12":0.36283185840707965,"26":0.37168141592920356,"11":0.3805309734513274,"31":0.3893805309734513,"3":0.39823008849557523,"5":0.40707964601769914,"33":0.415929203539823,"58":0.4247787610619469,"15":0.4336283185840708,"56":0.4424778761061947,"42":0.45132743362831856,"7":0.46017699115044247,"61":0.4690265486725664,"48":0.4778761061946903,"74":0.48672566371681414,"72":0.49557522123893805,"75":0.504424778761062,"99":0.5132743362831859,"77":0.5221238938053098,"97":0.5309734513274337,"68":0.5398230088495575,"41":0.5486725663716814,"52":0.5575221238938053,"89":0.5663716814159292,"47":0.5752212389380531,"73":0.584070796460177,"55":0.5929203539823009,"51":0.6017699115044248,"70":0.6106194690265486,"54":0.6194690265486725,"57":0.6283185840707964,"43":0.6371681415929203,"53":0.6460176991150443,"62":0.6548672566371682,"46":0.6637168141592921,"79":0.672566371681416,"66":0.6814159292035398,"38":0.6902654867256637,"96":0.6991150442477876,"39":0.7079646017699115,"102":0.7168141592920354,"108":0.7256637168141593,"98":0.7345132743362832,"84":0.7433628318584071,"103":0.7522123893805309,"111":0.7610619469026548,"91":0.7699115044247787,"78":0.7787610619469026,"88":0.7876106194690266,"107":0.7964601769911505,"93":0.8053097345132744,"81":0.8141592920353983,"71":0.8230088495575221,"87":0.831858407079646,"106":0.8407079646017699,"92":0.8495575221238938,"104":0.8584070796460177,"85":0.8672566371681416,"90":0.8761061946902655,"94":0.8849557522123894,"113":0.8938053097345132,"105":0.9026548672566371,"109":0.911504424778761,"95":0.9203539823008849,"82":0.9292035398230089,"112":0.9380530973451328,"110":0.9469026548672567,"100":0.9557522123893806,"101":0.9646017699115044,"76":0.9734513274336283,"83":0.9823008849557522,"80":0.9911504424778761,"86":1.0}}