{"name":"agd","num_of_nodes":195,"num_of_edges":375,"weight":"value","process_time":0.012953996658325195,"data":{"0":0.577027027027027,"1":0.46081081081081077,"2":0.4824324324324324,"3":0.7472972972972973,"4":0.5878378378378378,"5":0.48108108108108105,"6":0.7378378378378379,"7":0.827027027027027,"8":0.43648648648648647,"9":0.5378378378378379,"10":0.5594594594594595,"11":0.6513513513513514,"12":0.6472972972972972,"13":0.7243243243243244,"14":0.5716216216216217,"15":0.4837837837837837,"16":0.581081081081081,"17":0.75,"18":0.5486486486486486,"19":0.6378378378378379,"20":0.5027027027027027,"21":0.5527027027027027,"22":0.5108108108108108,"23":0.5351351351351352,"24":0.5243243243243242,"25":0.5472972972972973,"26":0.5256756756756756,"27":0.7527027027027027,"28":0.8054054054054054,"29":0.7472972972972973,"30":0.5175675675675675,"31":0.8297297297297298,"32":0.8310810810810811,"33":0.5851351351351352,"34":0.5162162162162162,"35":0.6108108108108108,"36":0.754054054054054,"37":0.4851351351351351,"38":0.4378378378378378,"39":0.6918918918918919,"40":0.581081081081081,"41":0.48648648648648646,"42":0.6716216216216216,"43":0.5391891891891892,"44":0.6378378378378379,"45":0.9824324324324324,"46":0.6324324324324325,"47":0.45675675675675675,"48":0.49729729729729727,"49":0.5067567567567567,"50":0.9824324324324324,"51":0.9054054054054054,"52":0.45945945945945943,"53":0.5540540540540541,"54":0.5351351351351352,"55":0.5837837837837838,"56":0.9027027027027027,"57":0.6918918918918919,"58":0.6202702702702703,"59":0.5513513513513514,"60":0.8256756756756757,"61":0.6905405405405406,"62":0.6000000000000001,"63":0.6891891891891891,"64":0.5391891891891892,"65":0.9148648648648648,"66":0.20945945945945943,"67":0.9202702702702703,"68":0.3554054054054054,"69":0.2216216216216216,"70":0.304054054054054,"71":0.27297297297297296,"72":0.25135135135135134,"73":1.0,"74":0.7094594594594594,"75":0.19459459459459458,"76":0.20675675675675673,"77":0.27027027027027023,"78":0.006756756756756756,"79":0.23918918918918916,"80":0.006756756756756756,"81":0.9202702702702703,"82":0.20135135135135132,"83":0.25540540540540535,"84":0.6418918918918919,"85":0.23108108108108105,"86":0.7837837837837838,"87":0.35405405405405405,"88":0.768918918918919,"89":0.7635135135135136,"90":0.17972972972972973,"91":0.6972972972972974,"92":0.23243243243243242,"93":0.35405405405405405,"94":0.0,"95":0.26621621621621616,"96":0.19999999999999998,"97":0.9135135135135135,"98":0.0,"99":0.27027027027027023,"100":0.6567567567567567,"101":0.006756756756756756,"102":0.8337837837837838,"103":0.591891891891892,"104":0.3,"105":0.3013513513513513,"106":1.0,"107":0.23513513513513512,"108":0.002702702702702702,"109":0.27027027027027023,"110":0.1851351351351351,"111":0.227027027027027,"112":0.2648648648648648,"113":0.7810810810810811,"114":0.2689189189189189,"115":0.3081081081081081,"116":0.18783783783783783,"117":0.006756756756756756,"118":0.24189189189189186,"119":0.006756756756756756,"120":0.2743243243243243,"121":0.005405405405405406,"122":0.18783783783783783,"123":0.2648648648648648,"124":1.0,"125":0.3554054054054054,"126":0.23513513513513512,"127":0.30945945945945946,"128":0.19729729729729728,"129":0.24054054054054053,"130":0.018918918918918916,"131":0.7743243243243243,"132":0.47567567567567565,"133":0.027027027027027025,"134":0.4837837837837837,"135":0.5891891891891892,"136":0.6662162162162163,"137":0.7135135135135136,"138":0.5337837837837839,"139":0.8554054054054054,"140":0.5648648648648649,"141":0.8635135135135136,"142":0.5121621621621621,"143":0.5675675675675677,"144":0.7108108108108108,"145":0.7135135135135136,"146":0.8621621621621622,"147":0.6662162162162163,"148":0.7135135135135136,"149":0.8648648648648649,"150":0.5432432432432432,"151":0.02297297297297297,"152":0.02027027027027027,"153":0.01216216216216216,"154":0.6000000000000001,"155":0.025675675675675677,"156":0.5891891891891892,"157":0.8621621621621622,"158":0.595945945945946,"159":0.016216216216216214,"160":0.6270270270270271,"161":0.9405405405405405,"162":0.5459459459459459,"163":0.5459459459459459,"164":0.5337837837837839,"165":0.6486486486486487,"166":0.5986486486486488,"167":0.5445945945945946,"168":0.02972972972972973,"169":0.02027027027027027,"170":0.48108108108108105,"171":0.02972972972972973,"172":0.7756756756756756,"173":0.5256756756756756,"174":0.7797297297297298,"175":0.7135135135135136,"176":0.65,"177":0.5540540540540541,"178":0.014864864864864864,"179":0.025675675675675677,"180":0.027027027027027025,"181":0.508108108108108,"182":0.504054054054054,"183":0.02027027027027027,"184":0.6243243243243244,"185":0.7878378378378378,"186":0.7851351351351351,"187":0.6027027027027028,"188":0.6175675675675676,"189":0.49189189189189186,"190":0.5148648648648648,"191":0.5162162162162162,"192":0.6324324324324325,"193":0.6108108108108108,"194":0.5905405405405405},"ranked":{"94":0.0,"98":0.005154639175257732,"108":0.010309278350515464,"121":0.015463917525773196,"78":0.020618556701030927,"80":0.02577319587628866,"101":0.030927835051546393,"117":0.03608247422680412,"119":0.041237113402061855,"153":0.04639175257731959,"178":0.05154639175257732,"159":0.05670103092783505,"130":0.061855670103092786,"152":0.06701030927835051,"169":0.07216494845360824,"183":0.07731958762886598,"151":0.08247422680412371,"155":0.08762886597938144,"179":0.09278350515463918,"133":0.0979381443298969,"180":0.10309278350515463,"168":0.10824742268041238,"171":0.1134020618556701,"90":0.11855670103092783,"110":0.12371134020618557,"116":0.12886597938144329,"122":0.13402061855670103,"75":0.13917525773195877,"128":0.14432989690721648,"96":0.14948453608247422,"82":0.15463917525773196,"76":0.15979381443298968,"66":0.16494845360824742,"69":0.17010309278350516,"111":0.17525773195876287,"85":0.18041237113402062,"92":0.18556701030927836,"107":0.19072164948453607,"126":0.1958762886597938,"79":0.20103092783505155,"129":0.20618556701030927,"118":0.211340206185567,"72":0.21649484536082475,"83":0.22164948453608246,"112":0.2268041237113402,"123":0.23195876288659795,"95":0.23711340206185566,"114":0.2422680412371134,"77":0.24742268041237114,"99":0.25257731958762886,"109":0.25773195876288657,"71":0.26288659793814434,"120":0.26804123711340205,"104":0.27319587628865977,"105":0.27835051546391754,"70":0.28350515463917525,"115":0.28865979381443296,"127":0.29381443298969073,"87":0.29896907216494845,"93":0.30412371134020616,"68":0.30927835051546393,"125":0.31443298969072164,"8":0.31958762886597936,"38":0.3247422680412371,"47":0.32989690721649484,"52":0.33505154639175255,"1":0.3402061855670103,"132":0.34536082474226804,"5":0.35051546391752575,"170":0.3556701030927835,"2":0.36082474226804123,"15":0.36597938144329895,"134":0.3711340206185567,"37":0.37628865979381443,"41":0.38144329896907214,"189":0.3865979381443299,"48":0.3917525773195876,"20":0.39690721649484534,"182":0.4020618556701031,"49":0.4072164948453608,"181":0.41237113402061853,"22":0.4175257731958763,"142":0.422680412371134,"190":0.42783505154639173,"34":0.4329896907216495,"191":0.4381443298969072,"30":0.44329896907216493,"24":0.4484536082474227,"26":0.4536082474226804,"173":0.4587628865979381,"138":0.4639175257731959,"164":0.4690721649484536,"23":0.4742268041237113,"54":0.4793814432989691,"9":0.4845360824742268,"43":0.4896907216494845,"64":0.4948453608247423,"150":0.5,"167":0.5051546391752577,"162":0.5103092783505154,"163":0.5154639175257731,"25":0.520618556701031,"18":0.5257731958762887,"59":0.5309278350515464,"21":0.5360824742268041,"53":0.5412371134020618,"177":0.5463917525773195,"10":0.5515463917525774,"140":0.5567010309278351,"143":0.5618556701030928,"14":0.5670103092783505,"0":0.5721649484536082,"16":0.5773195876288659,"40":0.5824742268041238,"55":0.5876288659793815,"33":0.5927835051546392,"4":0.5979381443298969,"135":0.6030927835051546,"156":0.6082474226804123,"194":0.6134020618556701,"103":0.6185567010309279,"158":0.6237113402061856,"166":0.6288659793814433,"62":0.634020618556701,"154":0.6391752577319587,"187":0.6443298969072165,"35":0.6494845360824743,