{"name":"density","eps":0.5,"weight":"value","num_of_nodes":150,"num_of_edges":287,"process_time":0.015231847763061523,"data":{"0":0.24984595821445293,"1":5.595553430024893e-08,"2":0.0012325581075366965,"3":0.0030812274023085916,"4":0.2516947394201539,"5":0.001848837161467797,"6":0.0012325301297579213,"7":0.7470727584278669,"8":0.25169479537566497,"9":5.595553430024893e-08,"10":0.0012325581075366965,"11":0.0018488371613515455,"12":0.00246520014847947,"13":0.25107865621081377,"14":0.25046218131257075,"15":0.25354357658162174,"16":0.2516948233535135,"17":0.5003081395269772,"18":0.2516946834646429,"19":0.0024651162151198935,"20":0.25231096251841123,"21":0.25107848834411783,"22":0.0006163350093956497,"23":0.00184886513908382,"24":0.25046220929046575,"25":0.001848837161398046,"26":0.0024649763262957684,"27":0.0012325581075366965,"28":0.24984598619220846,"29":0.7476890374816818,"30":0.24922967916052183,"31":0.24984601416998725,"32":0.2498460141699175,"33":0.0012325860853387221,"34":0.0018488931168393452,"35":0.0012325301297579213,"36":0.0,"37":5.595553430024893e-08,"38":0.2504623491792201,"39":0.001848781205793995,"40":0.24984598619220846,"41":0.7476890374816818,"42":0.00246520014847947,"43":0.0,"44":0.2504622092903495,"45":0.25046229322363933,"46":0.0018488931168393452,"47":0.0,"48":0.24922976309385816,"49":0.25046232120134837,"50":0.003081311335598417,"51":0.0030813393134004425,"52":0.7483053445132056,"53":0.49845941427671747,"54":0.001848837161398046,"55":0.5009244465585011,"56":0.2504623491791504,"57":0.5021569487104104,"58":0.003697674322703091,"59":0.2510784044108513,"60":0.7495379305985443,"61":0.25231107442943335,"62":0.9950699354364096,"63":0.7495379026206725,"64":0.25107846036636233,"65":0.25046226524595355,"66":0.49845944225438,"67":0.002464976326272518,"68":0.25046218131266373,"69":0.0030814232466205168,"70":0.001232586085408473,"71":0.5003081954824184,"72":0.49907558141937075,"73":0.2535435486036337,"74":0.25046234917924337,"75":0.25107854429972193,"76":0.003081283357842892,"77":0.002465060259608844,"78":0.2504623491791504,"79":0.003081451224329541,"80":0.0012325581076761984,"81":0.0030813393134004425,"82":0.4990757492860201,"83":0.0018487532280152196,"84":0.00184897705010592,"85":1.0,"86":0.001848837161305045,"87":0.25046234917924337,"88":0.0036977023003423645,"89":0.2529272695499816,"90":0.49907558141937075,"91":0.003697618367192041,"92":0.002465060259608844,"93":0.0030814232466205168,"94":0.49969188845089463,"95":0.4990757492860201,"96":0.2510784883441876,"97":0.25107865621076725,"98":0.002465144192898669,"99":0.002464976326272518,"100":0.25169482335353677,"101":0.0012325860853387221,"102":0.003697702300412115,"103":0.002465200148339968,"104":0.003081535157735618,"105":0.0024652001485259705,"106":0.5015406696566886,"107":0.5003081675048024,"108":0.0024650602596553444,"109":0.25046226524588383,"110":0.0012325860853154718,"111":0.25231107442950307,"112":0.0012325860853619724,"113":0.003081451224469043,"114":0.0018488371614445466,"115":0.25046226524595355,"116":0.5015406976344906,"117":0.002465116215212895,"118":0.7495378466652546,"119":0.25169479537568823,"120":0.00246520014850272,"121":0.0030814792022710686,"122":0.50030822346036,"123":0.00184886513908382,"124":0.2504622652459303,"125":0.25046229322377883,"126":0.7483053445132521,"127":0.2523109625184345,"128":0.25046229322363933,"129":0.4996919164287431,"130":0.24922973511617239,"131":0.0036976183671455403,"132":0.2510786002551167,"133":0.5015406696566886,"134":0.49845944225447303,"135":0.0012325860853154718,"136":0.25169485133122255,"137":0.5003081954825347,"138":0.4996919723842309,"139":0.25107854429972193,"140":0.2523110744294798,"141":0.003081311335621667,"142":0.0018489210947576222,"143":0.0024651162151896446,"144":0.0030813952689347428,"145":0.249846042147673,"146":0.25107860025513995,"147":0.0024652281263047456,"148":0.0018488091836192707,"149":0.2504623212014181},"ranked":{"36":0.0,"43":0.006711409395973154,"47":0.013422818791946308,"1":0.020134228187919462,"9":0.026845637583892617,"37":0.03355704697986577,"22":0.040268456375838924,"6":0.04697986577181208,"35":0.053691275167785234,"2":0.06040268456375839,"10":0.06711409395973154,"27":0.0738255033557047,"80":0.08053691275167785,"110":0.087248322147651,"135":0.09395973154362416,"33":0.10067114093959731,"101":0.10738255033557047,"112":0.11409395973154363,"70":0.12080536912751678,"83":0.12751677852348994,"39":0.1342281879194631,"148":0.14093959731543623,"86":0.1476510067114094,"11":0.15436241610738255,"25":0.1610738255033557,"54":0.16778523489932887,"114":0.174496644295302,"5":0.18120805369127516,"23":0.18791946308724833,"123":0.19463087248322147,"34":0.20134228187919462,"46":0.2080536912751678,"142":0.21476510067114093,"84":0.2214765100671141,"67":0.22818791946308725,"99":0.2348993288590604,"26":0.24161073825503357,"77":0.2483221476510067,"92":0.2550335570469799,"108":0.26174496644295303,"19":0.2684563758389262,"143":0.2751677852348993,"117":0.28187919463087246,"98":0.28859060402684567,"103":0.2953020134228188,"12":0.30201342281879195,"42":0.3087248322147651,"120":0.31543624161073824,"105":0.3221476510067114,"147":0.3288590604026846,"3":0.33557046979865773,"76":0.3422818791946309,"50":0.348993288590604,"141":0.35570469798657717,"51":0.3624161073825503,"81":0.3691275167785235,"144":0.37583892617449666,"69":0.3825503355704698,"93":0.38926174496644295,"79":0.3959731543624161,"113":0.40268456375838924,"121":0.40939597315436244,"104":0.4161073825503356,"131":0.4228187919463087,"91":0.42953020134228187,"58":0.436241610738255,"88":0.4429530201342282,"102":0.44966442953020136,"30":0.4563758389261745,"130":0.46308724832214765,"48":0.4697986577181208,"0":0.47651006711409394,"28":0.48322147651006714,"40":0.4899328859060403,"32":0.4966442953020134,"31":0.5033557046979866,"145":0.5100671140939598,"14":0.5167785234899329,"68":0.5234899328859061,"44":0.5302013422818792,"24":0.5369127516778524,"109":0.5436241610738255,"124":0.5503355704697986,"65":0.5570469798657718,"115":0.5637583892617449,"45":0.5704697986577181,"128":0.5771812080536913,"125":0.5838926174496645,"49":0.5906040268456376,"149":0.5973154362416108,"56":0.6040268456375839,"78":0.610738255033557,"38":0.6174496644295302,"74":0.6241610738255033,"87":0.6308724832214765,"59":0.6375838926174496,"64":0.6442953020134228,"21":0.6510067114093959,"96":0.6577181208053692,"75":0.6644295302013423,"139":0.6711409395973155,"132":0.6778523489932886,"146":0.6845637583892618,"97":0.6912751677852349,"13":0.697986577181208,"18":0.7046979865771812,"4":0.7114093959731543,"8":0.7181208053691275,"119":0.7248322147651006,"16":0.7315436241610739,"100":0.738255033557047,"136":0.7449664429530202,"20":0.7516778523489933,"127":0.7583892617449665,"61":0.7651006711409396,"140":0.7718120805369127,"111":0.7785234899328859,"89":0.785234899328859,"73":0.7919463087248322,"15":0.7986577181208053,"53":0.8053691275167785,"66":0.8120805369127517,"134":0.8187919463087249,"72":0.825503355704698,"90":0.8322147651006712,"82":0.8389261744966443,"95":0.8456375838926175,"94":0.8523489932885906,"129":0.8590604026845637,"138":0.8657718120805369,"17":0.87248322147651,"107":0.8791946308724832,"71":0.8859060402684564,"137":0.8926174496644296,"122":0.8993288590604027,"55":0.9060402684563759,"106":0.912751677852349,"133":0.9194630872483222,"116":0.9261744966442953,"57":0.9328859060402684,"7":0.9395973154362416,"29":0.9463087248322147,"41":0.9530201342281879,"52":0.959731543624161,"126":0.9664429530201343,"118":0.9731543624161074,"63":0.9798657718120806,"60":0.9865771812080537,"62":0.9932885906040269,"85":1.0}}