{"name":"density","eps":0.5,"weight":"value","num_of_nodes":195,"num_of_edges":605,"process_time":0.09201622009277344,"data":{"0":0.001484509916672266,"1":0.004453080499970922,"2":0.2020782554807894,"3":0.603265701683904,"4":0.003463586922028559,"5":0.20405735494869093,"6":0.004453192812249054,"7":0.2030676142834044,"8":0.001979121930390748,"9":0.2020781880931164,"10":0.40217702963094976,"11":0.203562698009826,"12":0.20306781644591945,"13":0.0034636093846111206,"14":0.0019791219304467486,"15":0.40316659059615445,"16":0.002968907520618393,"17":0.005937298403891232,"18":0.005442731314964535,"19":0.002968840133300048,"20":0.004453102962254813,"21":0.0024741158068554273,"22":0.0044531029623294804,"23":0.6022759834811775,"24":0.0004948815637945414,"25":0.0004948815637945414,"26":0.4031667702961243,"27":0.4021770071684232,"28":0.003463541997106106,"29":0.20207821055579228,"30":0.4026719561199468,"31":0.004947872213565885,"32":0.4016824625420977,"33":0.2015835985417378,"34":0.4021769622434634,"35":0.007421785858036937,"36":0.002474025956693183,"37":0.0019792567055314458,"38":0.20356240599729802,"39":0.2015835985417378,"40":0.20455207927502356,"41":0.0024740259568611857,"42":0.4006926769518514,"43":0.2020781880931164,"44":0.20504689345140642,"45":0.4026719561199468,"46":0.20158328406683262,"47":0.003958378635978194,"48":0.20455212420015134,"49":0.20306790629617502,"50":0.20207814316819395,"51":0.0004948815637945414,"52":0.001979121930390748,"53":0.6027708201202602,"54":0.0019792567055501127,"55":0.40514577991425554,"56":0.4021770970183241,"57":0.0004948815637945414,"58":0.002968974908366078,"59":0.20158330652930317,"60":0.4041563087988771,"61":0.403661472160229,"62":0.003958243860912164,"63":0.20257297980704736,"64":0.2040573774111055,"65":0.0019792117804409903,"66":0.0,"67":0.0019793240929244587,"68":0.40465092081287557,"69":0.6017813490047857,"70":0.0,"71":0.2055416177777577,"72":0.0029688176706428185,"73":0.0029688176706428185,"74":0.005442663927552854,"75":0.005937365791358912,"76":0.40118744620319985,"77":0.4001979975504786,"78":0.8028697515079751,"79":0.004453058037276358,"80":0.40069274433950575,"81":0.40217716440597845,"82":0.6037603136979013,"83":0.8023750047190217,"84":0.2055415953152498,"85":0.20009902123761653,"86":0.20702579075692354,"87":0.4031666355212076,"88":0.40069274433950575,"89":0.003958243860930831,"90":0.4036615395475847,"91":0.003958356173451634,"92":0.002968660433162229,"93":0.20405722017369957,"94":0.40267191119487494,"95":0.004947804826172872,"96":0.8008906520399033,"97":0.0029687727457203654,"98":0.20207827794320396,"99":0.8023750496440767,"100":0.3997031384491546,"101":0.003958356173451634,"102":0.6012864899034605,"103":0.20158335145448697,"104":0.40366151708500214,"105":0.20356247338474706,"106":0.0019792117804409903,"107":0.003958333710962407,"108":0.2020782105556616,"109":0.20455216912509244,"110":0.003958311248398512,"111":0.20009902123761653,"112":0.20455221405001492,"113":0.20356245092240716,"114":0.4051458697642498,"115":0.603760381085294,"116":0.0019792117804409903,"117":0.2025728899572398,"118":0.4041561740239044,"119":0.20009902123761653,"120":0.4031666130587744,"121":0.8023750047190217,"122":0.20554159531526847,"123":0.0034636767720041335,"124":0.603265656759058,"125":0.0,"126":0.6017813490047857,"127":0.003958131548354027,"128":0.0014843526791170087,"129":0.20356249584734828,"130":0.4046510106627578,"131":0.0019791443929173085,"132":0.40267202350724646,"133":0.007916420334393982,"134":0.20405744479857316,"135":0.002473936106866944,"136":0.20405733248616437,"137":0.6017813040799016,"138":0.4031667029086006,"139":0.8008906071149812,"140":0.4016823277670877,"141":0.40366151708500214,"142":0.20257295734455813,"143":0.2045521466624539,"144":0.20504687098886118,"145":0.20504687098893584,"146":0.8038593124730089,"147":0.20356254077230806,"148":0.6017812816173741,"149":0.20405728756116726,"150":0.00445332758746442,"151":0.0034637441594531472,"152":0.8008905621898121,"153":0.004453125424762706,"154":0.4031665681338146,"155":0.004947872213677887,"156":0.6017814163922734,"157":0.20504689345133173,"158":0.4011874237407106,"159":0.4041562414114281,"160":0.7994062095107508,"161":0.0019791443929173085,"162":0.004453125424762706,"163":0.6007916757271713,"164":0.0024740484193317455,"165":0.003958333710869072,"166":0.004947917138675008,"167":0.6027707976575617,"168":0.4041561740239604,"169":0.0024740484193317455,"170":0.20257284503203732,"171":0.40168223791705615,"172":0.20356256323474128,"173":0.2035624509222205,"174":0.00544257407757728,"175":0.6027707751951291,"176":0.4036614946225129,"177":0.6017812816173931,"178":0.20158332899188575,"179":0.600296816625732,"180":0.005442866090067899,"181":0.20554146054023978,"182":0.004453058037201691,"183":0.002968929983126287,"184":0.6037603361603339,"185":0.6012864899034984,"186":0.4026717764197716,"187":0.40316674783363504,"188":0.20554159531523114,"189":0.40217718686843035,"190":0.4041562414114841,"191":0.2035625183097815,"192":1.0,"193":0.0014843302165344471,"194":0.005442641465026293},"ranked":{"66":0.0,"70":0.005154639175257732,"125":0.010309278350515464,"24":0.015463917525773196,"25":0.020618556701030927,"51":0.02577319587628866,"57":0.030927835051546393,"193":0.03608247422680412,"128":0.041237113402061855,"0":0.04639175257731959,"8":0.05154639175257732,"52":0.05670103092783505,"14":0.061855670103092786,"131":0.06701030927835051,"161":0.07216494845360824,"65":0.07731958762886598,"106":0.08247422680412371,"116":0.08762886597938144,"37":0.09278350515463918,"54":0.0979381443298969,"67":0.10309278350515463,"135":0.10824742268041238,"36":0.1134020618556701,"41":0.11855670103092783,"164":0.12371134020618557,"169":0.12886597938144329,"21":0.13402061855670103,"92":0.13917525773195877,"97":0.14432989690721648,"72":0.14948453608247422,"73":0.15463917525773196,"19":0.15979381443298968,"16":0.16494845360824742,"183":0.17010309278350516,"58":0.17525773195876287,"28":0.18041237113402062,"4":0.18556701030927836,"13":0.19072164948453607,"123":0.1958762886597938,"151":0.20103092783505155,"127":0.20618556701030927,"62":0.211340206185567,"89":0.21649484536082475,"110":0.22164948453608246,"165":0.2268041237113402,"107":0.23195876288659795,"91":0.23711340206185566,"101":0.2422680412371134,"47":0.24742268041237114,"182":0.25257731958762886,"79":0.25773195876288657,"1":0.26288659793814434,"20":0.26804123711340205,"22":0.27319587628865977,"153":0.27835051546391754,"162":0.28350515463917525,"6":0.28865979381443296,"150":0.29381443298969073,"95":0.29896907216494845,"31":0.30412371134020616,"155":0.30927835051546393,"166":0.31443298969072164,"174":0.31958762886597936,"194":0.3247422680412371,"74":0.32989690721649484,"18":0.33505154639175255,"180":0.3402061855670103,"17":0.34536082474226804,"75":0.35051546391752575,"35":0.3556701030927835,"133":0.36082474226804123,"85":0.36597938144329895,"111":0.3711340206185567,"119":0.37628865979381443,"46":0.38144329896907214,"59":0.3865979381443299,"178":0.3917525773195876,"103":0.39690721649484534,"33":0.4020618556701031,"39":0.4072164948453608,"50":0.41237113402061853,"9":0.4175257731958763,"43":0.422680412371134,"108":0.42783505154639173,"29":0.4329896907216495,"2":0.4381443298969072,"98":0.44329896907216493,"170":0.4484536082474227,"117":0.4536082474226804,"142":0.4587628865979381,"63":0.4639175257731959,"7":0.4690721649484536,"12":0.4742268041237113,"49":0.4793814432989691,"38":0.4845360824742268,"173":0.4896907216494845,"113":0.4948453608247423,"105":0.5,"129":0.5051546391752577,"191":0.5103092783505154,"147":0.5154639175257731,"172":0.520618556701031,"11":0.5257731958762887,"93":0.5309278350515464,"149":0.5360824742268041,"136":0.5412371134020618,"5":0.5463917525773195,"64":0.5515463917525774,"134":0.5567010309278351,"40":0.5618556701030928,"48":0.5670103092783505,"143":0.5721649484536082,"109":0.5773195876288659,"112":0.5824742268041238,"144":0.5876288659793815,"145":0.5927835051546392,"157":0.5979381443298969,"44":0.6030927835051546,"181":0.6082474226804123,