{"name":"fiedler","normalized":true,"weight":"value","num_of_nodes":189,"num_of_edges":593,"process_time":0.04979586601257324,"data":{"0":0.47807073363610797,"1":0.47807073363588665,"2":0.54265744173546,"3":0.42259963635597936,"4":0.423461956019664,"5":0.4852538249989866,"6":0.5202080688899394,"7":0.425928106045274,"8":0.43668127468539614,"9":0.4146273194101941,"10":0.37573786149681465,"11":0.42806828668042657,"12":0.42886959449449313,"13":0.43197350322086925,"14":0.5141893242863823,"15":0.4187850992617112,"16":0.4602173474455546,"17":0.5406810297993021,"18":0.45376239151369796,"19":0.42354626104083887,"20":0.48246948967781994,"21":0.4272844049150259,"22":0.3757378614968804,"23":0.43433843023238894,"24":0.42363828261212166,"25":0.5151553537189855,"26":0.5141367807856915,"27":0.5617418384483203,"28":0.4799665953004512,"29":0.5141893242864727,"30":0.43588758884831486,"31":0.4279552037557519,"32":0.4052399526290083,"33":0.5358128222494971,"34":0.4695477100223014,"35":0.5316847364189465,"36":0.5499634968136141,"37":0.5430120531411722,"38":0.4280682866929806,"39":0.5210865219686024,"40":0.5227383889126829,"41":0.4503559366518548,"42":0.5305190032641758,"43":0.4817623827127289,"44":0.49317834766393387,"45":0.4354734640735418,"46":0.4419957441967836,"47":0.4466004077414246,"48":0.4194034268069846,"49":0.5316429884460431,"50":0.5360755308253748,"51":0.426937936954931,"52":0.4322425502778374,"53":0.5305190032638891,"54":0.44356553354876543,"55":0.43950473426154046,"56":0.4348652225658699,"57":0.4402281944845678,"58":0.5210865219761435,"59":0.5283317422770968,"60":0.4358875888482296,"61":0.4799665952952068,"62":0.443318729247394,"63":0.1485232270910221,"64":0.1992691023326636,"65":0.12144971280019747,"66":0.1379663959496671,"67":0.3158339455146887,"68":0.21406199411088264,"69":0.23631947045164367,"70":0.13655872459851903,"71":0.12082532806981551,"72":0.15363764644121036,"73":0.10281484851122458,"74":0.238104950084077,"75":0.1263276871755112,"76":0.20175550024245972,"77":0.11007507944091649,"78":0.23422588258842733,"79":0.481580528292199,"80":0.24284905504852206,"81":0.0037434632458026216,"82":0.172283663009471,"83":0.2888975201473045,"84":0.30075129458065586,"85":0.11513363901439509,"86":0.06622864529838018,"87":0.13655872459856605,"88":0.10764840911595824,"89":0.3055858184074566,"90":0.15012393699889442,"91":0.2219858052376075,"92":0.24207838780232868,"93":0.250501445451552,"94":0.26001794885049195,"95":0.24449880804087204,"96":0.2044742393765973,"97":0.07347770031584185,"98":0.11007507943781662,"99":0.1152266752145709,"100":0.07833775204874671,"101":0.0865343532884996,"102":0.3055858184115469,"103":0.10601242326555171,"104":0.10255189563980292,"105":0.0,"106":0.4029772380405639,"107":0.3300362636620624,"108":0.12461428246433616,"109":0.055045068081812434,"110":0.17242179891608322,"111":0.12029612670883329,"112":0.23947328132663429,"113":0.2027818434517691,"114":0.16860956243442743,"115":0.1804304803772632,"116":0.08758742846670999,"117":0.09578367688524807,"118":0.061905444245473895,"119":0.1930316578070785,"120":0.07090131562561662,"121":0.19926910233254044,"122":0.2140619941071074,"123":0.1140750860616436,"124":0.31178792699470353,"125":0.27501975818773167,"126":0.5336422378776002,"127":0.882976091001094,"128":0.8407332102431205,"129":0.9457709501852976,"130":0.788724156011911,"131":0.8697920835267055,"132":0.8873340419481791,"133":0.6017997249616033,"134":0.9716244009065841,"135":0.6231736269961373,"136":0.5759465171731741,"137":0.5583131731853325,"138":0.9925270442526126,"139":0.8035531001036557,"140":0.8539601460745591,"141":0.8831362841754773,"142":0.909370479927442,"143":0.8825393922971299,"144":0.8066591189739586,"145":0.9072714095617722,"146":0.9973633161564928,"147":0.8126585936159554,"148":0.8670480666781099,"149":0.7988322933501965,"150":0.6997135647537888,"151":0.6375525571160968,"152":0.8903772958148982,"153":0.8148232607355032,"154":0.5872628672755658,"155":0.7811195864410941,"156":0.7500975194108415,"157":0.8736717757163163,"158":0.869384609094294,"159":0.8987064611702221,"160":0.9612942471512512,"161":0.5892171924008298,"162":0.7847763943983893,"163":0.9191920081191455,"164":0.867048066677889,"165":0.5586260234098501,"166":0.9436408448521486,"167":0.6353368610182687,"168":0.8140961550199174,"169":0.9132466882800606,"170":0.7180622953499065,"171":0.8330075963647953,"172":0.8873340419479709,"173":0.9132466882800755,"174":0.5873178940267755,"175":0.6333869201275483,"176":0.6098347538985631,"177":0.7559263452617561,"178":0.9203608130760326,"179":0.8148232607368746,"180":0.7490861088580127,"181":1.0,"182":0.8873340419480219,"183":0.6021179951707746,"184":0.5497493666960268,"185":0.7942102109133703,"186":0.960944809523341,"187":0.6273315418724615,"188":0.9925270442525382},"ranked":{"105":0.0,"81":0.005319148936170213,"109":0.010638297872340425,"118":0.015957446808510637,"86":0.02127659574468085,"120":0.026595744680851064,"97":0.031914893617021274,"100":0.03723404255319149,"101":0.0425531914893617,"116":0.047872340425531915,"117":0.05319148936170213,"104":0.05851063829787234,"73":0.06382978723404255,"103":0.06914893617021277,"88":0.07446808510638298,"98":0.0797872340425532,"77":0.0851063829787234,"123":0.09042553191489362,"85":0.09574468085106383,"99":0.10106382978723404,"111":0.10638297872340426,"71":0.11170212765957446,"65":0.11702127659574468,"108":0.12234042553191489,"75":0.1276595744680851,"70":0.13297872340425532,"87":0.13829787234042554,"66":0.14361702127659576,"63":0.14893617021276595,"90":0.15425531914893617,"72":0.1595744680851064,"114":0.16489361702127658,"82":0.1702127659574468,"110":0.17553191489361702,"115":0.18085106382978725,"119":0.18617021276595744,"121":0.19148936170212766,"64":0.19680851063829788,"76":0.20212765957446807,"113":0.2074468085106383,"96":0.2127659574468085,"122":0.21808510638297873,"68":0.22340425531914893,"91":0.22872340425531915,"78":0.23404255319148937,"69":0.2393617021276596,"74":0.24468085106382978,"112":0.25,"92":0.2553191489361702,"80":0.26063829787234044,"95":0.26595744680851063,"93":0.2712765957446808,"94":0.2765957446808511,"125":0.28191489361702127,"83":0.2872340425531915,"84":0.2925531914893617,"89":0.2978723404255319,"102":0.30319148936170215,"124":0.30851063829787234,"67":0.31382978723404253,"107":0.3191489361702128,"10":0.324468085106383,"22":0.32978723404255317,"106":0.3351063829787234,"32":0.3404255319148936,"9":0.34574468085106386,"15":0.35106382978723405,"48":0.35638297872340424,"3":0.3617021276595745,"4":0.3670212765957447,"19":0.3723404255319149,"24":0.3776595744680851,"7":0.3829787234042553,"51":0.3882978723404255,"21":0.39361702127659576,"31":0.39893617021276595,"11":0.40425531914893614,"38":0.4095744680851064,"12":0.4148936170212766,"13":0.42021276595744683,"52":0.425531914893617,"23":0.4308510638297872,"56":0.43617021276595747,"45":0.44148936170212766,"60":0.44680851063829785,"30":0.4521276595744681,"8":0.4574468085106383,"55":0.4627659574468085,"57":0.46808510638297873,"46":0.4734042553191489,"62":0.4787234042553192,"54":0.48404255319148937,"47":0.48936170212765956,"41":0.4946808510638298,"18":0.5,"16":0.5053191489361702,"34":0.5106382978723404,"1":0.5159574468085106,"0":0.5212765957446809,"61":0.526595744680851,"28":0.5319148936170213,"79":0.5372340425531915,"43":0.5425531914893617,"20":0.5478723404255319,"5":0.5531914893617021,"44":0.5585106382978723,"26":0.5638297872340425,"14":0.5691489361702128,"29":0.574468085106383,"25":0.5797872340425532,"6":0.5851063829787234,"39":0.5904255319148937,"58":0.5957446808510638,"40":0.601063829787234,"59":0.6063829787234043,"53":0.6117021276595744,"42":0.6170212765957447,"49":0.6223404255319149,"35":0.6276595744680851,"126":0.6329787234042553,"33":0.6382978723404256,"50":0.6436170212765957,"17":0.648936170212766,"2":0.6542553191489362,"37":0.6595744680851063,"184":0.6648936170212766,"36":0.6702127659574468,"137":0.675531914893617,"165":0.6808510638297872,"27":0.6861702127659575,"136":0.6914893617021277,"154":0.6968085106382979,