{"name":"pagerank","alpha":0.85,"weight":"value","num_of_nodes":147,"num_of_edges":286,"process_time":0.03644108772277832,"data":{"0":0.191409878975581,"1":0.579357422510505,"2":0.20822428773725526,"3":0.3190696097983677,"4":0.461944299826507,"5":0.23325616128133944,"6":0.1840208526063574,"7":0.35803004397959814,"8":0.1361242497493922,"9":0.3190696097983677,"10":0.20822428773725526,"11":0.6158993076953566,"12":0.4356433666220074,"13":0.5621770784344235,"14":0.17545547805219072,"15":0.18914748961370123,"16":0.04977766206870933,"17":0.18940969047851955,"18":0.1690696782189053,"19":0.5633585621566479,"20":0.3488566213620805,"21":0.349704082665015,"22":0.4821814884155182,"23":0.49393782696185273,"24":0.4235847126438934,"25":0.42507730181836495,"26":0.26017844282933017,"27":0.09919555868971631,"28":0.0,"29":0.6750709155814499,"30":0.129119602434812,"31":0.12170592142149152,"32":0.17545547805219072,"33":0.16846503277770583,"34":0.3046316707210225,"35":0.14202479985979868,"36":0.04977766206870933,"37":0.09034960109911784,"38":0.3677965271257963,"39":0.2363407805008538,"40":0.18914748961370123,"41":0.349704082665015,"42":0.020896613901083685,"43":0.4201643912400597,"44":0.17545547805219072,"45":0.3836255862858718,"46":0.13696092867571924,"47":0.5751998382522217,"48":0.5965136552776167,"49":0.06938697651706946,"50":0.28304662194018915,"51":0.39081438634126947,"52":0.4932136906882625,"53":0.2680274299908359,"54":0.5447316542971801,"55":0.10937470097085182,"56":0.11097509186450931,"57":0.06095514185371586,"58":0.23740948570788553,"59":0.5229522712593421,"60":0.4897679922199577,"61":0.3146758067991927,"62":0.4145358912243789,"63":0.4655294252724587,"64":0.4145358912243789,"65":0.3889206102591524,"66":0.10261579839412027,"67":0.5359691151430466,"68":0.4768978502826264,"69":0.2906141272681244,"70":0.07549955281491424,"71":0.15075941033185572,"72":0.12928146389925846,"73":0.3125485021192678,"74":0.15146238292208875,"75":0.6680482700175676,"76":0.09410364077255429,"77":0.42955184962457577,"78":0.247077649280345,"79":0.26908854331738025,"80":0.5532233448913236,"81":0.08651106145420932,"82":0.06097509933480645,"83":0.05974922109230139,"84":0.7203158623792746,"85":0.06886012434776587,"86":0.09339738474524428,"87":0.03794308356812739,"88":0.09311833895569922,"89":0.38415060666405526,"90":0.055118177217513324,"91":0.16068617532759025,"92":0.47516493763167644,"93":0.5359691151430466,"94":0.08651106145420932,"95":0.43096801411369634,"96":0.05974922109230139,"97":0.3529833739532747,"98":0.2595143377545107,"99":0.6297571686839338,"100":0.22439238179817791,"101":0.31945433353752445,"102":0.5007981353557253,"103":0.44619277766906307,"104":0.33057487038259026,"105":0.12047765406513739,"106":0.11496984988993512,"107":0.22226764444928632,"108":0.17029104969157505,"109":0.07871655337510125,"110":0.11131320608751552,"111":0.5374868831859881,"112":1.0,"113":0.10408182709265744,"114":0.4773689936760213,"115":0.10055369577600426,"116":0.1457851510349906,"117":0.37226934843038795,"118":0.02771277709332272,"119":0.27819631325011235,"120":0.4440008466304299,"121":0.029551246290318,"122":0.11841847473611032,"123":0.6405757581477985,"124":0.48630788212112036,"125":0.5309794967446119,"126":0.1535289846959582,"127":0.17029104969157505,"128":0.32028847390291854,"129":0.6622719146566132,"130":0.004860216706923568,"131":0.1535289846959582,"132":0.17029104969157505,"133":0.37159173943295454,"134":0.3981779482070421,"135":0.09833419919808187,"136":0.2595143377545107,"137":0.02023393034109821,"138":0.31676530960494664,"139":0.12089385963713882,"140":0.3981779482070421,"141":0.2817021005197981,"142":0.5470251731251469,"143":0.07068474286524157,"144":0.14365850148102288,"145":0.10408182709265744,"146":0.07630284547281023},"ranked":{"28":0.0,"130":0.00684931506849315,"137":0.0136986301369863,"42":0.02054794520547945,"118":0.0273972602739726,"121":0.03424657534246575,"87":0.0410958904109589,"16":0.04794520547945205,"36":0.0547945205479452,"90":0.06164383561643835,"83":0.0684931506849315,"96":0.07534246575342465,"57":0.0821917808219178,"82":0.08904109589041095,"85":0.0958904109589041,"49":0.10273972602739725,"143":0.1095890410958904,"70":0.11643835616438356,"146":0.1232876712328767,"109":0.13013698630136986,"81":0.136986301369863,"94":0.14383561643835616,"37":0.1506849315068493,"88":0.15753424657534246,"86":0.1643835616438356,"76":0.17123287671232876,"135":0.1780821917808219,"27":0.18493150684931506,"115":0.1917808219178082,"66":0.19863013698630136,"113":0.2054794520547945,"145":0.21232876712328766,"55":0.2191780821917808,"56":0.22602739726027396,"110":0.2328767123287671,"106":0.23972602739726026,"122":0.2465753424657534,"105":0.2534246575342466,"139":0.2602739726027397,"31":0.2671232876712329,"30":0.273972602739726,"72":0.2808219178082192,"8":0.2876712328767123,"46":0.2945205479452055,"35":0.3013698630136986,"144":0.3082191780821918,"116":0.3150684931506849,"71":0.3219178082191781,"74":0.3287671232876712,"126":0.3356164383561644,"131":0.3424657534246575,"91":0.3493150684931507,"33":0.3561643835616438,"18":0.363013698630137,"108":0.3698630136986301,"127":0.3767123287671233,"132":0.3835616438356164,"14":0.3904109589041096,"32":0.3972602739726027,"44":0.4041095890410959,"6":0.410958904109589,"15":0.4178082191780822,"40":0.4246575342465753,"17":0.4315068493150685,"0":0.4383561643835616,"2":0.4452054794520548,"10":0.4520547945205479,"107":0.4589041095890411,"100":0.4657534246575342,"5":0.4726027397260274,"39":0.4794520547945205,"58":0.4863013698630137,"78":0.4931506849315068,"98":0.5,"136":0.5068493150684932,"26":0.5136986301369864,"53":0.5205479452054794,"79":0.5273972602739726,"119":0.5342465753424658,"141":0.541095890410959,"50":0.547945205479452,"69":0.5547945205479452,"34":0.5616438356164384,"73":0.5684931506849316,"61":0.5753424657534246,"138":0.5821917808219178,"3":0.589041095890411,"9":0.5958904109589042,"101":0.6027397260273972,"128":0.6095890410958904,"104":0.6164383561643836,"20":0.6232876712328768,"21":0.6301369863013698,"41":0.636986301369863,"97":0.6438356164383562,"7":0.6506849315068494,"38":0.6575342465753424,"133":0.6643835616438356,"117":0.6712328767123288,"45":0.678082191780822,"89":0.684931506849315,"65":0.6917808219178082,"51":0.6986301369863014,"134":0.7054794520547946,"140":0.7123287671232876,"62":0.7191780821917808,"64":0.726027397260274,"43":0.7328767123287672,"24":0.7397260273972602,"25":0.7465753424657534,"77":0.7534246575342466,"95":0.7602739726027398,"12":0.7671232876712328,"120":0.773972602739726,"103":0.7808219178082192,"4":0.7876712328767124,"63":0.7945205479452054,"92":0.8013698630136986,"68":0.8082191780821918,"114":0.815068493150685,"22":0.821917808219178,"124":0.8287671232876712,"60":0.8356164383561644,"52":0.8424657534246576,"23":0.8493150684931506,"102":0.8561643835616438,"59":0.863013698630137,"125":0.8698630136986302,"67":0.8767123287671232,"93":0.8835616438356164,"111":0.8904109589041096,"54":0.8972602739726028,"142":0.9041095890410958,"80":0.910958904109589,"13":0.9178082191780822,"19":0.9246575342465754,"47":0.9315068493150684,"1":0.9383561643835616,"48":0.9452054794520548,"11":0.952054794520548,"99":0.958904109589041,"123":0.9657534246575342,"129":0.9726027397260274,"75":0.9794520547945206,"29":0.9863013698630136,"84":0.9931506849315068,"112":1.0}}