{"name":"agd","num_of_nodes":48,"num_of_edges":90,"weight":"value","process_time":0.0026056766510009766,"data":{"0":0.6845637583892618,"1":1.0,"2":0.6845637583892618,"3":1.0,"4":0.993288590604027,"5":0.5503355704697988,"6":0.6375838926174496,"7":0.5973154362416107,"8":0.8053691275167785,"9":0.5302013422818792,"10":0.5906040268456376,"11":0.5369127516778524,"12":0.5704697986577182,"13":0.6442953020134228,"14":0.8187919463087249,"15":0.5771812080536912,"16":0.08724832214765103,"17":0.08724832214765103,"18":0.006711409395973165,"19":0.02013422818791946,"20":0.08053691275167787,"21":0.08053691275167787,"22":0.033557046979865786,"23":0.08724832214765103,"24":0.7516778523489933,"25":0.0738255033557047,"26":0.14765100671140943,"27":0.14765100671140943,"28":0.01342281879194633,"29":0.14765100671140943,"30":0.0,"31":0.033557046979865786,"32":0.5436241610738255,"33":0.778523489932886,"34":0.6577181208053692,"35":0.5973154362416107,"36":0.7449664429530201,"37":0.5973154362416107,"38":0.778523489932886,"39":0.6644295302013423,"40":0.8523489932885906,"41":0.6845637583892618,"42":0.7046979865771812,"43":0.8590604026845637,"44":0.5704697986577182,"45":0.651006711409396,"46":0.5503355704697988,"47":0.7583892617449665},"ranked":{"30":0.0,"18":0.02127659574468085,"28":0.0425531914893617,"19":0.06382978723404255,"22":0.0851063829787234,"31":0.10638297872340426,"25":0.1276595744680851,"20":0.14893617021276595,"21":0.1702127659574468,"16":0.19148936170212766,"17":0.2127659574468085,"23":0.23404255319148937,"26":0.2553191489361702,"27":0.2765957446808511,"29":0.2978723404255319,"9":0.3191489361702128,"11":0.3404255319148936,"32":0.3617021276595745,"5":0.3829787234042553,"46":0.40425531914893614,"12":0.425531914893617,"44":0.44680851063829785,"15":0.46808510638297873,"10":0.48936170212765956,"7":0.5106382978723404,"35":0.5319148936170213,"37":0.5531914893617021,"6":0.574468085106383,"13":0.5957446808510638,"45":0.6170212765957447,"34":0.6382978723404256,"39":0.6595744680851063,"0":0.6808510638297872,"2":0.7021276595744681,"41":0.723404255319149,"42":0.7446808510638298,"36":0.7659574468085106,"24":0.7872340425531915,"47":0.8085106382978723,"33":0.8297872340425532,"38":0.851063829787234,"8":0.8723404255319149,"14":0.8936170212765957,"40":0.9148936170212766,"43":0.9361702127659575,"4":0.9574468085106383,"1":0.9787234042553191,"3":1.0}}