{"name":"density","eps":0.5,"weight":"value","num_of_nodes":114,"num_of_edges":219,"process_time":0.009620904922485352,"data":{"0":0.004945666999418557,"1":0.2530909611898622,"2":0.5024726791463981,"3":0.25370917307285,"4":0.003709159040689489,"5":0.0018545795203680666,"6":0.0018546637131447333,"7":0.5012365079586124,"8":0.0012364237658591124,"9":0.004327230602491743,"10":0.0024727352748536986,"11":0.002472931724541536,"12":0.004327174473966191,"13":0.0018545795203680666,"14":0.0018546637131447333,"15":0.0037090187195738477,"16":0.0018546075847824365,"17":0.501236311508948,"18":0.0024727352748536986,"19":0.006181641737399765,"20":0.751854705809603,"21":0.5037091029123738,"22":0.2518547058094398,"23":0.2537090608160088,"24":0.2518546777452586,"25":0.0030910874791437786,"26":0.2518546777452586,"27":0.0012364237658591124,"28":0.0018545795203680666,"29":0.7512363816694941,"30":0.0012364237658591124,"31":0.252472693178512,"32":0.7506181978507807,"33":0.2537091169444411,"34":0.001854551456140274,"35":0.004327258666812824,"36":0.502472735274947,"37":0.003709271297693948,"38":0.0043272586666962135,"39":0.25123638166951745,"40":0.0018545233919591256,"41":0.0,"42":0.0024727352748070545,"43":0.5012363957016547,"44":0.7493819424705216,"45":0.003090947157794916,"46":0.0006182118829645395,"47":0.0,"48":1.0,"49":0.2530907928044488,"50":0.0024727352748070545,"51":0.25061819785085065,"52":0.0024727352748070545,"53":0.004327118345510606,"54":0.5006182680115834,"55":0.25247272124271647,"56":0.0012363676374501716,"57":0.0018545233919591256,"58":0.5018546075846192,"59":0.25247274930699093,"60":0.003090947157794916,"61":0.0006182118829645395,"62":0.2530908208687232,"63":0.0030908629650648937,"64":0.0006182118829645395,"65":0.004327314795105154,"66":0.251236381669634,"67":0.5000000561284556,"68":0.5018544953276614,"69":0.5018546075846192,"70":0.0,"71":0.25494534426049575,"72":0.7506181417223251,"73":0.0024727352748070545,"74":0.0012363676374501716,"75":0.0,"76":0.001854747905781467,"77":0.003091031350618227,"78":0.2543274130200657,"79":0.25370906081593886,"80":0.0037090467838249625,"81":0.2530908208686999,"82":0.2512364939265452,"83":0.5061818381870643,"84":0.5043273428593796,"85":0.5030909471578648,"86":0.753090933125681,"87":0.001854747905781467,"88":0.2518545935525286,"89":0.750618253979283,"90":0.5037091590407594,"91":0.0018546637131447333,"92":0.5006182960757879,"93":0.004327398987998432,"94":0.5030909752220227,"95":0.2506182539792829,"96":0.25432738495572127,"97":0.0006182118830111838,"98":0.5049454705496141,"99":0.002472791403402573,"100":0.2518546216168497,"101":0.2537090608159855,"102":0.25370920113703116,"103":0.0037091590408760665,"104":0.2512364939265452,"105":0.5018545795204846,"106":0.2506182539792829,"107":0.002472791403402573,"108":0.002472819467607043,"109":0.003709187104940604,"110":0.7537092011371245,"111":0.0006182118830111838,"112":0.5037091029122572,"113":0.0037090467838016405},"ranked":{"41":0.0,"47":0.008849557522123894,"70":0.017699115044247787,"75":0.02654867256637168,"46":0.035398230088495575,"61":0.04424778761061947,"64":0.05309734513274336,"97":0.061946902654867256,"111":0.07079646017699115,"56":0.07964601769911504,"74":0.08849557522123894,"8":0.09734513274336283,"27":0.10619469026548672,"30":0.11504424778761062,"40":0.12389380530973451,"57":0.13274336283185842,"34":0.1415929203539823,"5":0.1504424778761062,"13":0.1592920353982301,"28":0.168141592920354,"16":0.17699115044247787,"6":0.18584070796460178,"14":0.19469026548672566,"91":0.20353982300884957,"76":0.21238938053097345,"87":0.22123893805309736,"42":0.23008849557522124,"50":0.23893805309734514,"52":0.24778761061946902,"73":0.25663716814159293,"10":0.26548672566371684,"18":0.2743362831858407,"99":0.2831858407079646,"107":0.2920353982300885,"108":0.3008849557522124,"11":0.30973451327433627,"63":0.3185840707964602,"45":0.3274336283185841,"60":0.336283185840708,"77":0.34513274336283184,"25":0.35398230088495575,"15":0.36283185840707965,"113":0.37168141592920356,"80":0.3805309734513274,"4":0.3893805309734513,"103":0.39823008849557523,"109":0.40707964601769914,"37":0.415929203539823,"53":0.4247787610619469,"12":0.4336283185840708,"9":0.4424778761061947,"38":0.45132743362831856,"35":0.46017699115044247,"65":0.4690265486725664,"93":0.4778761061946903,"0":0.48672566371681414,"19":0.49557522123893805,"51":0.504424778761062,"95":0.5132743362831859,"106":0.5221238938053098,"39":0.5309734513274337,"66":0.5398230088495575,"82":0.5486725663716814,"104":0.5575221238938053,"88":0.5663716814159292,"100":0.5752212389380531,"24":0.584070796460177,"26":0.5929203539823009,"22":0.6017699115044248,"31":0.6106194690265486,"55":0.6194690265486725,"59":0.6283185840707964,"49":0.6371681415929203,"81":0.6460176991150443,"62":0.6548672566371682,"1":0.6637168141592921,"79":0.672566371681416,"101":0.6814159292035398,"23":0.6902654867256637,"33":0.6991150442477876,"3":0.7079646017699115,"102":0.7168141592920354,"96":0.7256637168141593,"78":0.7345132743362832,"71":0.7433628318584071,"67":0.7522123893805309,"54":0.7610619469026548,"92":0.7699115044247787,"17":0.7787610619469026,"43":0.7876106194690266,"7":0.7964601769911505,"68":0.8053097345132744,"105":0.8141592920353983,"58":0.8230088495575221,"69":0.831858407079646,"2":0.8407079646017699,"36":0.8495575221238938,"85":0.8584070796460177,"94":0.8672566371681416,"112":0.8761061946902655,"21":0.8849557522123894,"90":0.8938053097345132,"84":0.9026548672566371,"98":0.911504424778761,"83":0.9203539823008849,"44":0.9292035398230089,"72":0.9380530973451328,"32":0.9469026548672567,"89":0.9557522123893806,"29":0.9646017699115044,"20":0.9734513274336283,"86":0.9823008849557522,"110":0.9911504424778761,"48":1.0}}