{"name":"density","eps":0.5,"weight":"value","num_of_nodes":141,"num_of_edges":447,"process_time":0.0412900447845459,"data":{"0":0.40188121136944877,"1":0.20267323412924518,"2":0.20267316670831878,"3":0.0004950366982984476,"4":0.20118796671854988,"5":0.0029703325584993666,"6":0.0024751160711634877,"7":0.6020791945858379,"8":0.4003961462214953,"9":0.6010891211890346,"10":0.0009901408176166654,"11":0.20019807311059823,"12":0.20019805063702456,"13":0.0009901183439683103,"14":0.0014851550425655773,"15":0.20267327907628044,"16":0.007425325739711375,"17":0.2011880566130686,"18":0.0009901183439683103,"19":0.20564331947766867,"20":0.0009900059759506493,"21":0.40089102560447937,"22":0.6005940395434578,"23":0.0014851999896568493,"24":0.4003961012742172,"25":0.0009901183439683103,"26":0.202178242378038,"27":0.4023761356998229,"28":0.20019805063702456,"29":0.20019807311059823,"30":0.0004949692774654396,"31":0.003960181219191674,"32":0.001980349056066339,"33":0.40188112147493005,"34":0.20069317722997246,"35":0.0044553527591374605,"36":0.4023762255945097,"37":0.6025742537576894,"38":0.0024751610184228457,"39":0.2031683607219503,"40":0.40188136868481916,"41":0.20019802816343224,"42":0.0014850426742117446,"43":0.6030691780881579,"44":0.20267303186657806,"45":0.6030692455091629,"46":0.20267323412898372,"47":0.4048511394028193,"48":0.7988119209133011,"49":0.4048511618763556,"50":0.20118805661304992,"51":0.002475116071014078,"52":0.004455128022934053,"53":0.003465301836244949,"54":0.20316818093295022,"55":0.002970220190332296,"56":0.002475116071107459,"57":0.0019800119518826225,"58":0.001980169267140965,"59":0.40287117239810266,"60":0.8032671388306408,"61":0.40336616414923515,"62":0.40287108250367737,"63":0.2026731217609287,"64":0.001980169267140965,"65":0.2036633299993597,"66":0.20118810156036532,"67":0.40039596643258857,"68":0.6005941069642158,"69":0.0,"70":0.20118810156036532,"71":0.004455330285694544,"72":0.40287108250360265,"73":0.6035641248919906,"74":0.20465322360733004,"75":0.6025741863367984,"76":0.5996040110938201,"77":0.402871149924473,"78":0.20118805661310596,"79":0.20019798321628496,"80":0.0009900958703573076,"81":1.0,"82":0.20465326855460808,"83":0.6010890762416978,"84":0.4013861521974086,"85":0.0029702201902949434,"86":0.20118805661304992,"87":0.6030691556143565,"88":0.004950209668547887,"89":0.8027721695531397,"90":0.0024752284391624728,"91":0.20267312176091,"92":0.002970220190332296,"93":0.4003960338534589,"94":0.60108900882094,"95":0.7988119209132061,"96":0.2011878992976982,"97":0.800792022759723,"98":0.801782073682877,"99":0.0034653467831121066,"100":0.0019800119517892414,"101":0.001484997727157825,"102":0.4033661641492725,"103":0.8012870145108926,"104":0.601584180360867,"105":0.0019800119517892414,"106":0.2021781974307413,"107":0.0014849977270831201,"108":0.20168313825877582,"109":0.4013860398294283,"110":0.20316822588030295,"111":0.4013859499348722,"112":0.0024752059654767652,"113":0.20069317722997246,"114":0.20267316670815072,"115":0.9990099940241067,"116":0.8002969860611978,"117":0.6020791721121125,"118":0.20366312773689801,"119":0.6015840455193321,"120":0.6015841354136443,"121":0.003960316060745632,"122":0.004455128022859348,"123":0.000989938555005584,"124":0.2031680910385062,"125":0.5996039436728531,"126":0.0014851325686370792,"127":0.0019800344254375965,"128":0.8012870594580962,"129":0.40188118889574437,"130":0.004950164721269853,"131":0.0044553977063221135,"132":0.0014849977270831201,"133":0.000989938555005584,"134":0.2021779726945192,"135":0.20564320710972572,"136":0.20316804609126551,"137":0.203663150210453,"138":0.4003959889062369,"139":0.20267314423450236,"140":0.40336605178119883},"ranked":{"69":0.0,"30":0.007142857142857143,"3":0.014285714285714285,"123":0.02142857142857143,"133":0.02857142857142857,"20":0.03571428571428571,"80":0.04285714285714286,"13":0.05,"18":0.05714285714285714,"25":0.06428571428571428,"10":0.07142857142857142,"107":0.07857142857142857,"132":0.08571428571428572,"101":0.09285714285714286,"42":0.1,"126":0.10714285714285714,"14":0.11428571428571428,"23":0.12142857142857143,"100":0.12857142857142856,"105":0.1357142857142857,"57":0.14285714285714285,"127":0.15,"58":0.15714285714285714,"64":0.16428571428571428,"32":0.17142857142857143,"51":0.17857142857142858,"56":0.18571428571428572,"6":0.19285714285714287,"38":0.2,"112":0.20714285714285716,"90":0.21428571428571427,"85":0.22142857142857142,"55":0.22857142857142856,"92":0.2357142857142857,"5":0.24285714285714285,"53":0.25,"99":0.2571428571428571,"31":0.2642857142857143,"121":0.2714285714285714,"122":0.2785714285714286,"52":0.2857142857142857,"71":0.29285714285714287,"35":0.3,"131":0.30714285714285716,"130":0.3142857142857143,"88":0.32142857142857145,"16":0.32857142857142857,"79":0.3357142857142857,"41":0.34285714285714286,"12":0.35,"28":0.35714285714285715,"11":0.36428571428571427,"29":0.37142857142857144,"34":0.37857142857142856,"113":0.38571428571428573,"96":0.39285714285714285,"4":0.4,"50":0.40714285714285714,"86":0.4142857142857143,"17":0.42142857142857143,"78":0.42857142857142855,"66":0.4357142857142857,"70":0.44285714285714284,"108":0.45,"134":0.45714285714285713,"106":0.4642857142857143,"26":0.4714285714285714,"44":0.4785714285714286,"91":0.4857142857142857,"63":0.4928571428571429,"139":0.5,"114":0.5071428571428571,"2":0.5142857142857142,"46":0.5214285714285715,"1":0.5285714285714286,"15":0.5357142857142857,"136":0.5428571428571428,"124":0.55,"54":0.5571428571428572,"110":0.5642857142857143,"39":0.5714285714285714,"118":0.5785714285714286,"137":0.5857142857142857,"65":0.5928571428571429,"74":0.6,"82":0.6071428571428571,"135":0.6142857142857143,"19":0.6214285714285714,"67":0.6285714285714286,"138":0.6357142857142857,"93":0.6428571428571429,"24":0.65,"8":0.6571428571428571,"21":0.6642857142857143,"111":0.6714285714285714,"109":0.6785714285714286,"84":0.6857142857142857,"33":0.6928571428571428,"129":0.7,"0":0.7071428571428572,"40":0.7142857142857143,"27":0.7214285714285714,"36":0.7285714285714285,"72":0.7357142857142858,"62":0.7428571428571429,"77":0.75,"59":0.7571428571428571,"140":0.7642857142857142,"61":0.7714285714285715,"102":0.7785714285714286,"47":0.7857142857142857,"49":0.7928571428571428,"125":0.8,"76":0.8071428571428572,"22":0.8142857142857143,"68":0.8214285714285714,"94":0.8285714285714286,"83":0.8357142857142857,"9":0.8428571428571429,"119":0.85,"120":0.8571428571428571,"104":0.8642857142857143,"117":0.8714285714285714,"7":0.8785714285714286,"75":0.8857142857142857,"37":0.8928571428571429,"87":0.9,"43":0.9071428571428571,"45":0.9142857142857143,"73":0.9214285714285714,"95":0.9285714285714286,"48":0.9357142857142857,"116":0.9428571428571428,"97":0.95,"103":0.9571428571428572,"128":0.9642857142857143,"98":0.9714285714285714,"89":0.9785714285714285,"60":0.9857142857142858,"115":0.9928571428571429,"81":1.0}}