{"name":"pagerank","alpha":0.85,"weight":"value","num_of_nodes":189,"num_of_edges":359,"process_time":0.03225588798522949,"data":{"0":0.5212838670444627,"1":0.14460709300926036,"2":0.18165746358104623,"3":0.1354069335257861,"4":0.5039460451683174,"5":0.44234461272175873,"6":0.6154764395974391,"7":0.4054247051783487,"8":0.11852679373655058,"9":0.14155227789489383,"10":0.1164028313157664,"11":0.6835430941505228,"12":0.3400843623081531,"13":0.17152064359647687,"14":0.13238502562863688,"15":0.05038175821426281,"16":0.1354069335257861,"17":0.10963890468724503,"18":0.13238266572088092,"19":0.7649108422917422,"20":0.1164028313157664,"21":0.19099573852598567,"22":0.3791068966289299,"23":0.14155227789489383,"24":0.10954773298523143,"25":1.0,"26":0.33450067977039727,"27":0.1354069335257861,"28":0.21130834520844963,"29":0.6819273080244105,"30":0.09345165995075608,"31":0.4336093913101773,"32":0.4336093913101773,"33":0.09981308746757014,"34":0.6841631416262784,"35":0.21130834520844963,"36":0.11826961294389499,"37":0.15650826471073648,"38":0.19099573852598567,"39":0.09981308746757014,"40":0.19719560177631473,"41":0.6912320950628256,"42":0.12731410562132076,"43":0.12919664645613638,"44":0.19719560177631473,"45":0.7325786842822152,"46":0.11303455120532462,"47":0.43695301170330514,"48":0.06714804831908301,"49":0.4750573969645922,"50":0.19719560177631473,"51":0.45199477405374644,"52":0.6098174289916626,"53":0.21130834520844963,"54":0.3808897780411864,"55":0.17152064359647687,"56":0.8484444439389894,"57":0.37543659289198633,"58":0.37543659289198633,"59":0.38116479048960233,"60":0.1561524736024639,"61":0.4368210505807611,"62":0.12919664645613657,"63":0.27762942954633923,"64":0.3376457864602331,"65":0.33832587360466376,"66":0.7848287747689178,"67":0.503556619618104,"68":0.3218829810882734,"69":0.06747908655004078,"70":0.6350806853623521,"71":0.7913310834111729,"72":0.6073361332132632,"73":0.27650121353885454,"74":0.2685681325028314,"75":0.20297352262298968,"76":0.4114780965844199,"77":0.10856687396336473,"78":0.35610696440942047,"79":0.09259440553617261,"80":0.5655316730982144,"81":0.06989913996358295,"82":0.11658404866706994,"83":0.5182847637451755,"84":0.20297352262298968,"85":0.06637227617861523,"86":0.0,"87":0.0003702901000834847,"88":0.26751040077695265,"89":0.08126028317337741,"90":0.20297352262298968,"91":0.35610696440942047,"92":0.33534058755259477,"93":0.5846457941376993,"94":0.4136338455082457,"95":0.597749061632854,"96":0.021549144983002304,"97":0.35610696440942047,"98":0.594531877762626,"99":0.3218829810882734,"100":0.27542224815396843,"101":0.3051696341102599,"102":0.06989913996358295,"103":0.04575759822084221,"104":0.11145487437791844,"105":0.7913310834111729,"106":0.3035993749499241,"107":0.2646856712142838,"108":0.11145487437791844,"109":0.27259213636854085,"110":0.07488861889042066,"111":0.2851503593934228,"112":0.08339728510780024,"113":0.26751040077695265,"114":0.0013831515084077263,"115":0.07596146586270665,"116":0.5181550176383742,"117":0.8646234099341665,"118":0.5988388393329674,"119":0.03222135454666736,"120":0.007239683823425323,"121":0.06747908655004058,"122":0.7940249437635869,"123":0.5659879237755523,"124":0.27259213636854085,"125":0.30885442026261617,"126":0.09145150786734042,"127":0.5901107822013637,"128":0.4996097890107677,"129":0.252974672955831,"130":0.26152482877907557,"131":0.1550136877661884,"132":0.2729410893797101,"133":0.42118099785499874,"134":0.09142793820275849,"135":0.32451138113484385,"136":0.550725545516532,"137":0.3830450124180255,"138":0.05523916349675215,"139":0.5007175206509756,"140":0.03963602537039955,"141":0.294188733290704,"142":0.11899120054196649,"143":0.550725545516532,"144":0.13003494160481052,"145":0.1550136877661884,"146":0.6845083407249813,"147":0.5901107822013637,"148":0.12790043702930465,"149":0.4566481277509151,"150":0.39538493497666755,"151":0.23105095028630795,"152":0.7031690836101274,"153":0.2962649008690922,"154":0.1300154344182609,"155":0.04340621832896385,"156":0.016020734243334025,"157":0.03314993998907235,"158":0.10781980969305317,"159":0.028562632437912745,"160":0.020195862581867292,"161":0.272375875805084,"162":0.5432396483077971,"163":0.21878857406481547,"164":0.32850167221071175,"165":0.15286646455879066,"166":0.3021642277167017,"167":0.37456472467622076,"168":0.2401911713506277,"169":0.6077119135929576,"170":0.09726158962113284,"171":0.8221979245347464,"172":0.39592431725029537,"173":0.2612168266611298,"174":0.31067490922985064,"175":0.5432396483077971,"176":0.5463766292447042,"177":0.028562632437912745,"178":0.5770241671550795,"179":0.23105095028630795,"180":0.5113582845135776,"181":0.6844595672858592,"182":0.03485923291508018,"183":0.007966620086123125,"184":0.20111151341208192,"185":0.1255838982078712,"186":0.38587642985145715,"187":0.4656672188343917,"188":0.4141875402252538},"ranked":{"86":0.0,"87":0.005319148936170213,"114":0.010638297872340425,"120":0.015957446808510637,"183":0.02127659574468085,"156":0.026595744680851064,"160":0.031914893617021274,"96":0.03723404255319149,"159":0.0425531914893617,"177":0.047872340425531915,"119":0.05319148936170213,"157":0.05851063829787234,"182":0.06382978723404255,"140":0.06914893617021277,"155":0.07446808510638298,"103":0.0797872340425532,"15":0.0851063829787234,"138":0.09042553191489362,"85":0.09574468085106383,"48":0.10106382978723404,"121":0.10638297872340426,"69":0.11170212765957446,"81":0.11702127659574468,"102":0.12234042553191489,"110":0.1276595744680851,"115":0.13297872340425532,"89":0.13829787234042554,"112":0.14361702127659576,"134":0.14893617021276595,"126":0.15425531914893617,"79":0.1595744680851064,"30":0.16489361702127658,"170":0.1702127659574468,"33":0.17553191489361702,"39":0.18085106382978725,"158":0.18617021276595744,"77":0.19148936170212766,"24":0.19680851063829788,"17":0.20212765957446807,"104":0.2074468085106383,"108":0.2127659574468085,"46":0.21808510638297873,"10":0.22340425531914893,"20":0.22872340425531915,"82":0.23404255319148937,"36":0.2393617021276596,"8":0.24468085106382978,"142":0.25,"185":0.2553191489361702,"42":0.26063829787234044,"148":0.26595744680851063,"43":0.2712765957446808,"62":0.2765957446808511,"154":0.28191489361702127,"144":0.2872340425531915,"18":0.2925531914893617,"14":0.2978723404255319,"3":0.30319148936170215,"16":0.30851063829787234,"27":0.31382978723404253,"9":0.3191489361702128,"23":0.324468085106383,"1":0.32978723404255317,"165":0.3351063829787234,"131":0.3404255319148936,"145":0.34574468085106386,"60":0.35106382978723405,"37":0.35638297872340424,"13":0.3617021276595745,"55":0.3670212765957447,"2":0.3723404255319149,"21":0.3776595744680851,"38":0.3829787234042553,"40":0.3882978723404255,"44":0.39361702127659576,"50":0.39893617021276595,"184":0.40425531914893614,"75":0.4095744680851064,"84":0.4148936170212766,"90":0.42021276595744683,"28":0.425531914893617,"35":0.4308510638297872,"53":0.43617021276595747,"163":0.44148936170212766,"151":0.44680851063829785,"179":0.4521276595744681,"168":0.4574468085106383,"129":0.4627659574468085,"173":0.46808510638297873,"130":0.4734042553191489,"107":0.4787234042553192,"88":0.48404255319148937,"113":0.48936170212765956,"74":0.4946808510638298,"161":0.5,"109":0.5053191489361702,"124":0.5106382978723404,"132":0.5159574468085106,"100":0.5212765957446809,"73":0.526595744680851,"63":0.5319148936170213,"111":0.5372340425531915,"141":0.5425531914893617,"153":0.5478723404255319,"166":0.5531914893617021,"106":0.5585106382978723,"101":0.5638297872340425,"125":0.5691489361702128,"174":0.574468085106383,"68":0.5797872340425532,"99":0.5851063829787234,"135":0.5904255319148937,"164":0.5957446808510638,"26":0.601063829787234,"92":0.6063829787234043,"64":0.6117021276595744,"65":0.6170212765957447,"12":0.6223404255319149,"78":0.6276595744680851,"91":0.6329787234042553,"97":0.6382978723404256,"167":0.6436170212765957,"57":0.648936170212766,"58":0.6542553191489362,"22":0.6595744680851063,"54":0.6648936170212766,"59":0.6702127659574468,"137":0.675531914893617,"186":0.6808510638297872,