{"name":"density","eps":0.5,"weight":"value","num_of_nodes":111,"num_of_edges":215,"process_time":0.004534006118774414,"data":{"0":0.0018535178982792056,"1":0.0030888973302157455,"2":0.001235631854036705,"3":0.003088925377105405,"4":0.25169894121135905,"5":0.2492277896909142,"6":0.001235631854036705,"7":0.0012356599010195952,"8":0.251698885117603,"9":0.0006178860443357318,"10":0.25046336545107833,"11":0.25108122344850115,"12":0.2510811673547218,"13":0.5009267869960525,"14":0.0,"15":0.2510811954016814,"16":0.0006178860443357318,"17":0.24984570378209298,"18":0.25169894121135905,"19":0.2523167431149559,"20":0.5009266467615809,"21":0.2510811673547218,"22":0.0024713198018527283,"23":0.2510812234485477,"24":0.2492277896909142,"25":0.4990734373791113,"26":0.251699053398941,"27":0.0030890095178443063,"28":0.251699109492697,"29":0.0024711515204215414,"30":0.49969115514201584,"31":0.2492277896909142,"32":0.251698885117603,"33":0.2498456196413774,"34":0.5009266748084706,"35":0.2510811673547218,"36":0.5027800524723015,"37":0.25355229082820707,"38":0.0030890095177976908,"39":0.5009267028552904,"40":0.002471207614247476,"41":0.003089009517774383,"42":0.7507721822621728,"43":0.002471179567334509,"44":0.0006178299504864898,"45":2.804688965931948e-08,"46":0.0012357440415953422,"47":0.252316799208642,"48":0.5027800244253187,"49":0.25108122344847783,"50":0.9993821980964265,"51":0.2529345450184828,"52":2.804688965931948e-08,"53":0.25108116735465186,"54":0.0030889814708381083,"55":0.25108130758924,"56":0.0037068394681909495,"57":0.0024712917550096846,"58":0.2529344608777206,"59":0.00308903756468735,"60":0.5015444767120442,"61":0.0006178299504864898,"62":0.0030890095177976908,"63":0.5021622786155477,"64":0.0037066992337892683,"65":0.7513899841658163,"66":0.24984556354762139,"67":1.0,"68":0.002471207614247476,"69":0.2523167431149559,"70":2.804688965931948e-08,"71":0.4996911551419926,"72":0.003088981470954647,"73":0.0024712917550096846,"74":0.25108111126082594,"75":0.003088869283256163,"76":0.252316630927304,"77":0.7483010587886643,"78":0.49907335323839574,"79":0.0024711234734852666,"80":0.4996910710013236,"81":0.2498455915944178,"82":0.49783772138440563,"83":0.002471095426642223,"84":0.0006178019035735228,"85":0.0024711234735085743,"86":0.001853573991988601,"87":0.0024711234735085743,"88":0.0006177458097242808,"89":0.003706699233812576,"90":0.5003088448579608,"91":0.0012357159947289907,"92":0.24922773359706496,"93":0.25169888511753313,"94":0.7483010868355306,"95":0.002471095426642223,"96":0.24922773359706496,"97":0.0006178299504398743,"98":0.0018533496168480186,"99":0.2498455915944178,"100":0.2498455915944178,"101":0.0006177458097242808,"102":0.002471095426642223,"103":0.9981465942893261,"104":0.25231668702115323,"105":0.2504633654510551,"106":0.49907335323839574,"107":0.5003088729048738,"108":0.0006177458097242808,"109":0.0018533215699583594,"110":0.25108111126084925},"ranked":{"14":0.0,"45":0.00909090909090909,"52":0.01818181818181818,"70":0.02727272727272727,"88":0.03636363636363636,"101":0.045454545454545456,"108":0.05454545454545454,"84":0.06363636363636363,"97":0.07272727272727272,"44":0.08181818181818182,"61":0.09090909090909091,"9":0.1,"16":0.10909090909090909,"2":0.11818181818181818,"6":0.12727272727272726,"7":0.13636363636363635,"91":0.14545454545454545,"46":0.15454545454545454,"109":0.16363636363636364,"98":0.17272727272727273,"0":0.18181818181818182,"86":0.19090909090909092,"83":0.2,"95":0.20909090909090908,"102":0.21818181818181817,"79":0.22727272727272727,"85":0.23636363636363636,"87":0.24545454545454545,"29":0.2545454545454545,"43":0.2636363636363636,"40":0.2727272727272727,"68":0.2818181818181818,"57":0.2909090909090909,"73":0.3,"22":0.3090909090909091,"75":0.3181818181818182,"1":0.32727272727272727,"3":0.33636363636363636,"54":0.34545454545454546,"72":0.35454545454545455,"41":0.36363636363636365,"38":0.37272727272727274,"62":0.38181818181818183,"27":0.39090909090909093,"59":0.4,"64":0.4090909090909091,"89":0.41818181818181815,"56":0.42727272727272725,"92":0.43636363636363634,"96":0.44545454545454544,"5":0.45454545454545453,"24":0.4636363636363636,"31":0.4727272727272727,"66":0.4818181818181818,"81":0.4909090909090909,"99":0.5,"100":0.509090909090909,"33":0.5181818181818182,"17":0.5272727272727272,"105":0.5363636363636364,"10":0.5454545454545454,"74":0.5545454545454546,"110":0.5636363636363636,"53":0.5727272727272728,"12":0.5818181818181818,"21":0.5909090909090909,"35":0.6,"15":0.6090909090909091,"49":0.6181818181818182,"11":0.6272727272727273,"23":0.6363636363636364,"55":0.6454545454545455,"93":0.6545454545454545,"8":0.6636363636363637,"32":0.6727272727272727,"4":0.6818181818181818,"18":0.6909090909090909,"26":0.7,"28":0.7090909090909091,"76":0.7181818181818181,"104":0.7272727272727273,"19":0.7363636363636363,"69":0.7454545454545455,"47":0.7545454545454545,"58":0.7636363636363637,"51":0.7727272727272727,"37":0.7818181818181819,"82":0.7909090909090909,"78":0.8,"106":0.8090909090909091,"25":0.8181818181818182,"80":0.8272727272727273,"71":0.8363636363636363,"30":0.8454545454545455,"90":0.8545454545454545,"107":0.8636363636363636,"20":0.8727272727272727,"34":0.8818181818181818,"39":0.8909090909090909,"13":0.9,"60":0.9090909090909091,"63":0.9181818181818182,"48":0.9272727272727272,"36":0.9363636363636364,"77":0.9454545454545454,"94":0.9545454545454546,"42":0.9636363636363636,"65":0.9727272727272728,"103":0.9818181818181818,"50":0.990909090909091,"67":1.0}}