{"name":"fiedler","normalized":true,"weight":"value","num_of_nodes":165,"num_of_edges":509,"process_time":0.04553794860839844,"data":{"0":0.13212102160120856,"1":0.10183231567257855,"2":0.09894257443327073,"3":0.10937620593273224,"4":0.08118009968611001,"5":0.09923339519802851,"6":0.16003871591660532,"7":0.1466578598420012,"8":0.2259376705663607,"9":0.15444068071093975,"10":0.09673000025708983,"11":0.1514174312789355,"12":0.11135683633534506,"13":0.10155787736563412,"14":0.1157240729453442,"15":0.19920333615981944,"16":0.19433680695806915,"17":0.09922214434920575,"18":0.09466643486144902,"19":0.0754465781570555,"20":0.18852863869796538,"21":0.08641269624676134,"22":0.11198587504221948,"23":0.04531949390358473,"24":0.20383664225974227,"25":0.09081964571915134,"26":0.0782712270789851,"27":0.09322499939317186,"28":0.197817264702793,"29":0.2756659385902214,"30":0.2287847802245152,"31":0.05901444088454094,"32":0.18861668357218767,"33":0.09053613168745421,"34":0.09651690833271803,"35":0.1369482704491705,"36":0.053519814217428706,"37":0.1954185180177852,"38":0.18861668357218556,"39":0.19879195906476246,"40":0.17045268473088043,"41":0.18211914723309713,"42":0.1539174593345662,"43":0.13095249568257794,"44":0.039967087217969065,"45":0.17730172259500226,"46":0.08596968635239675,"47":0.1292971735712718,"48":0.09894257443327079,"49":0.020043267154537366,"50":0.18238397929227573,"51":0.08715374458544049,"52":0.10183231567257921,"53":0.211375435764192,"54":0.09962697171222093,"55":0.9459120791986524,"56":0.6675407393176139,"57":0.8704047291132291,"58":0.2231048427990618,"59":0.7758032698382923,"60":0.809262455142822,"61":0.9766277355169699,"62":0.7758032698382938,"63":0.8908934586822599,"64":0.8500387526265087,"65":0.8462367369870076,"66":0.8527260769035697,"67":0.9090345117852482,"68":0.7918698255764626,"69":0.9090345117852465,"70":0.7926822402552811,"71":0.7742108185992662,"72":0.8289895081922618,"73":0.8929242170463926,"74":0.9780288333885633,"75":0.8232576587192848,"76":0.8319158345904623,"77":0.6970853108498438,"78":0.8479927226994012,"79":0.7281369313010186,"80":0.873346661219723,"81":0.9358459989936511,"82":0.7713843896346454,"83":0.820643322142254,"84":0.6373975402016159,"85":0.7514090747820819,"86":0.4064758870168942,"87":0.8483597647820206,"88":0.8522957990597424,"89":0.7300853994406163,"90":0.8332672459476221,"91":0.623393991988825,"92":0.8985160143756006,"93":0.7660595707791916,"94":0.9041732236697636,"95":0.7774582592740089,"96":0.7994580995143741,"97":0.6485018750291557,"98":0.8567817690865017,"99":0.2791872156426036,"100":0.6485018750291546,"101":1.0,"102":0.0629406724181114,"103":0.8525992657092202,"104":0.763971456075221,"105":0.8479927226994015,"106":0.8737762245422879,"107":0.8273233698737845,"108":0.8232224683006861,"109":0.8310406230102617,"110":0.034759310446546114,"111":0.20191273341614854,"112":0.23172670960659666,"113":0.07897132817628924,"114":0.4809430165186379,"115":0.2052839569805828,"116":0.01592908895438104,"117":0.1988780869884897,"118":0.2107951349581807,"119":0.24905614591655972,"120":0.23172670960659666,"121":0.23628343828113896,"122":0.28833478376790733,"123":0.20528395698058072,"124":0.20959702687361764,"125":0.27573051079309807,"126":0.22533506047040855,"127":0.16766457334984866,"128":0.2710504926973215,"129":0.23464877289564404,"130":0.30380153055924347,"131":0.27973909151271914,"132":0.29640283983711285,"133":0.2187427912892818,"134":0.18460637561518276,"135":0.4242336438929891,"136":0.1988780869884884,"137":0.5253822569875494,"138":0.23959873418196678,"139":0.17583728627023298,"140":0.2134961238658888,"141":0.23952777553090437,"142":0.16512254613313054,"143":0.11955024925640526,"144":0.2718354115974573,"145":0.0,"146":0.21748163511251198,"147":0.351132958653201,"148":0.13788573062512655,"149":0.18715675620683397,"150":0.47748091349557537,"151":0.4645666978798297,"152":0.43298284016064253,"153":0.20551830892571657,"154":0.12465234476655138,"155":0.05958719285012168,"156":0.3912766377085902,"157":0.33987479904016027,"158":0.4356057329467549,"159":0.47835123860545636,"160":0.41478502306911674,"161":0.1312276940174615,"162":0.2680332674789602,"163":0.21426313187526355,"164":0.47835123860545303},"ranked":{"145":0.0,"116":0.006097560975609756,"49":0.012195121951219513,"110":0.018292682926829267,"44":0.024390243902439025,"23":0.03048780487804878,"36":0.036585365853658534,"31":0.042682926829268296,"155":0.04878048780487805,"102":0.054878048780487805,"19":0.06097560975609756,"26":0.06707317073170732,"113":0.07317073170731707,"4":0.07926829268292683,"46":0.08536585365853659,"21":0.09146341463414634,"51":0.0975609756097561,"33":0.10365853658536585,"25":0.10975609756097561,"27":0.11585365853658537,"18":0.12195121951219512,"34":0.12804878048780488,"10":0.13414634146341464,"2":0.1402439024390244,"48":0.14634146341463414,"17":0.1524390243902439,"5":0.15853658536585366,"54":0.16463414634146342,"13":0.17073170731707318,"1":0.17682926829268292,"52":0.18292682926829268,"3":0.18902439024390244,"12":0.1951219512195122,"22":0.20121951219512196,"14":0.2073170731707317,"143":0.21341463414634146,"154":0.21951219512195122,"47":0.22560975609756098,"43":0.23170731707317074,"161":0.23780487804878048,"0":0.24390243902439024,"35":0.25,"148":0.25609756097560976,"7":0.2621951219512195,"11":0.2682926829268293,"42":0.27439024390243905,"9":0.2804878048780488,"6":0.2865853658536585,"142":0.2926829268292683,"127":0.29878048780487804,"40":0.3048780487804878,"139":0.31097560975609756,"45":0.3170731707317073,"41":0.3231707317073171,"50":0.32926829268292684,"134":0.3353658536585366,"149":0.34146341463414637,"20":0.3475609756097561,"38":0.35365853658536583,"32":0.3597560975609756,"16":0.36585365853658536,"37":0.3719512195121951,"28":0.3780487804878049,"39":0.38414634146341464,"136":0.3902439024390244,"117":0.39634146341463417,"15":0.4024390243902439,"111":0.40853658536585363,"24":0.4146341463414634,"123":0.42073170731707316,"115":0.4268292682926829,"153":0.4329268292682927,"124":0.43902439024390244,"118":0.4451219512195122,"53":0.45121951219512196,"140":0.4573170731707317,"163":0.4634146341463415,"146":0.4695121951219512,"133":0.47560975609756095,"58":0.4817073170731707,"126":0.4878048780487805,"8":0.49390243902439024,"30":0.5,"112":0.5060975609756098,"120":0.5121951219512195,"129":0.5182926829268293,"121":0.524390243902439,"141":0.5304878048780488,"138":0.5365853658536586,"119":0.5426829268292683,"162":0.5487804878048781,"128":0.5548780487804879,"144":0.5609756097560976,"29":0.5670731707317073,"125":0.573170731707317,"99":0.5792682926829268,"131":0.5853658536585366,"122":0.5914634146341463,"132":0.5975609756097561,"130":0.6036585365853658,"157":0.6097560975609756,"147":0.6158536585365854,"156":0.6219512195121951,"86":0.6280487804878049,"160":0.6341463414634146,"135":0.6402439024390244,"152":0.6463414634146342,"158":0.6524390243902439,"151":0.6585365853658537,"150":0.6646341463414634,"164":0.6707317073170732,"159":0.676829268292683,"114":0.6829268292682927,"137":0.6890243902439024,"91":0.6951219512195121,"84":0.7012195121951219,"100":0.7073170731707317,"97":0.7134146341463414,"56":0.7195121951219512,"77":0.725609756097561,"79":0.7317073170731707,"89":0.7378048780487805,"85":0.7439024390243902,"104":0.75,"93":0.7560975609756098,"82":0.7621951219512195,"71":0.7682926829268293,"59":0.774390243902439,"62":0.7804878048780488,"95":0.7865853658536586,"68":0.7926829268292683,"70":0.7987804878048781,"96":0.8048780487804879,"60":0.8109756097560976,"83":0.8170731707317073,"108":0.823170731707317,"75":0.8292682926829268,"107":0.8353658536585366,"72":0.8414634146341463,"109":0.8475609756097561,"76":0.8536585365853658,"90":0.8597560975609756,"65":0.8658536585365854,"78":0.8719512195121951,"105":0.8780487804878049,"87":0.8841463414634146,"64":0.8902439024390244,"88":0.8963414634146342,"103":0.9024390243902439,"66":0.9085365853658537,"98":0.9146341463414634,"57":0.9207317073170732,"80":0.926829268292683,"106":0.9329268292682927,"63":0.9390243902439024,"73":0.9451219512195121,