{"name":"agd","num_of_nodes":162,"num_of_edges":500,"weight":"value","process_time":0.060003042221069336,"data":{"0":0.12567463377023907,"1":0.4441017733230531,"2":0.11025443330763299,"3":0.10562837316885126,"4":0.4518118735543562,"5":0.30146491904394757,"6":0.22205088666152656,"7":0.07555898226676946,"8":0.5620663068619892,"9":0.19198149575944487,"10":0.28141865844255987,"11":0.07864302235929073,"12":0.11488049344641482,"13":0.20046260601387828,"14":0.15882806476484193,"15":0.7162683114880493,"16":0.3554356206630686,"17":0.2189668465690054,"18":0.14186584425597537,"19":0.048573631457208936,"20":0.09406322282189672,"21":0.566692367000771,"22":0.1457208943716269,"23":0.566692367000771,"24":0.3939861218195837,"25":0.2737085582112567,"26":0.10639938319198154,"27":0.06630686198920589,"28":0.6561295296838859,"29":0.02313030069390909,"30":0.5520431765612952,"31":0.661526599845798,"32":0.6592135697764071,"33":0.043947571318427206,"34":0.12567463377023907,"35":0.19275250578257516,"36":0.06476484194294532,"37":0.1472629144178875,"38":0.0015420200462606868,"39":0.4441017733230531,"40":0.7162683114880493,"41":0.661526599845798,"42":0.30223592906707786,"43":0.3939861218195837,"44":0.1387818041634542,"45":0.11796453353893598,"46":0.4541249036237471,"47":0.3477255204317655,"48":0.1387818041634542,"49":0.4911333847340016,"50":0.2351580570547417,"51":0.5975327679259831,"52":0.2729375481881265,"53":0.558982266769468,"54":0.7694680030840401,"55":0.2282189668465691,"56":0.18427139552814187,"57":0.3130300693909021,"58":0.15497301464919047,"59":0.764070932922128,"60":0.2929838087895142,"61":0.2559753276792599,"62":0.11102544333076328,"63":0.5620663068619892,"64":0.5620663068619892,"65":0.3145720894371627,"66":0.32613723978411724,"67":0.3523515805705475,"68":1.0,"69":0.11102544333076328,"70":0.2181958365458751,"71":0.3068619892058596,"72":0.16345412490362377,"73":0.6561295296838859,"74":0.669236700077101,"75":0.5620663068619892,"76":0.879722436391673,"77":0.6584425597532768,"78":0.8758673862760216,"79":1.0,"80":0.5535851966075558,"81":0.3862760215882806,"82":0.18350038550501158,"83":0.8758673862760216,"84":0.7725520431765612,"85":1.0,"86":0.15574402467232076,"87":0.24595219737856594,"88":0.1372397841171935,"89":0.3855050115651503,"90":1.0,"91":1.0,"92":0.15651503469545106,"93":0.2567463377023902,"94":0.7656129529683886,"95":0.764070932922128,"96":0.45875096376252883,"97":0.24595219737856594,"98":0.15651503469545106,"99":0.12259059367771782,"100":0.4294525828835774,"101":0.36777178103315344,"102":0.3068619892058596,"103":0.669236700077101,"104":0.3315343099460292,"105":0.07941403238242102,"106":0.15574402467232076,"107":0.3785659213569777,"108":0.3962991518889746,"109":0.49344641480339246,"110":0.00925212027756368,"111":0.7193523515805704,"112":0.6021588280647648,"113":0.07247494217424831,"114":0.039321511179645365,"115":0.09714726291441787,"116":0.0,"117":0.7116422513492675,"118":0.7124132613723978,"119":0.03084040092521208,"120":0.720894371626831,"121":0.2937548188126445,"122":0.2960678488820356,"123":0.1464919043947572,"124":0.5983037779491134,"125":0.3878180416345412,"126":0.11179645335389368,"127":0.12490362374710869,"128":0.06861989205859675,"129":0.10871241326137242,"130":0.09791827293754826,"131":0.2983808789514264,"132":0.20277563608326912,"133":0.49344641480339246,"134":0.5983037779491134,"135":0.08558211256746344,"136":0.28758673862760215,"137":0.09020817270624516,"138":0.3893600616808018,"139":0.09946029298380885,"140":0.08635312259059372,"141":0.7232074016962221,"142":0.05782575173477261,"143":0.11410948342328454,"144":0.1094834232845027,"145":0.13030069390902083,"146":0.3855050115651503,"147":0.06939090208172705,"148":0.10871241326137242,"149":0.4903623747108713,"150":0.1966075558982266,"151":0.039321511179645365,"152":0.11796453353893598,"153":0.7232074016962221,"154":0.494988434849653,"155":0.14263685427910563,"156":0.03623747108712421,"157":0.2914417887432536,"158":0.1888974556669237,"159":0.6067848882035466,"160":0.390131071703932,"161":0.1464919043947572},"ranked":{"116":0.0,"38":0.006211180124223602,"110":0.012422360248447204,"29":0.018633540372670808,"119":0.024844720496894408,"156":0.031055900621118012,"114":0.037267080745341616,"151":0.043478260869565216,"33":0.049689440993788817,"19":0.055900621118012424,"142":0.062111801242236024,"36":0.06832298136645963,"27":0.07453416149068323,"128":0.08074534161490683,"147":0.08695652173913043,"113":0.09316770186335403,"7":0.09937888198757763,"11":0.10559006211180125,"105":0.11180124223602485,"135":0.11801242236024845,"140":0.12422360248447205,"137":0.13043478260869565,"20":0.13664596273291926,"115":0.14285714285714285,"130":0.14906832298136646,"139":0.15527950310559005,"3":0.16149068322981366,"26":0.16770186335403728,"129":0.17391304347826086,"148":0.18012422360248448,"144":0.18633540372670807,"2":0.19254658385093168,"62":0.19875776397515527,"69":0.20496894409937888,"126":0.2111801242236025,"143":0.21739130434782608,"12":0.2236024844720497,"45":0.22981366459627328,"152":0.2360248447204969,"99":0.2422360248447205,"127":0.2484472049689441,"0":0.2546583850931677,"34":0.2608695652173913,"145":0.2670807453416149,"88":0.2732919254658385,"44":0.2795031055900621,"48":0.2857142857142857,"18":0.2919254658385093,"155":0.2981366459627329,"22":0.30434782608695654,"123":0.3105590062111801,"161":0.3167701863354037,"37":0.32298136645962733,"58":0.32919254658385094,"86":0.33540372670807456,"106":0.3416149068322981,"92":0.34782608695652173,"98":0.35403726708074534,"14":0.36024844720496896,"72":0.36645962732919257,"82":0.37267080745341613,"56":0.37888198757763975,"158":0.38509316770186336,"9":0.391304347826087,"35":0.39751552795031053,"150":0.40372670807453415,"13":0.40993788819875776,"132":0.4161490683229814,"70":0.422360248447205,"17":0.42857142857142855,"6":0.43478260869565216,"55":0.4409937888198758,"50":0.4472049689440994,"87":0.453416149068323,"97":0.45962732919254656,"61":0.4658385093167702,"93":0.4720496894409938,"52":0.4782608695652174,"25":0.484472049689441,"10":0.4906832298136646,"136":0.4968944099378882,"157":0.5031055900621118,"60":0.5093167701863354,"121":0.515527950310559,"122":0.5217391304347826,"131":0.5279503105590062,"5":0.5341614906832298,"42":0.5403726708074534,"71":0.546583850931677,"102":0.5527950310559007,"57":0.5590062111801242,"65":0.5652173913043478,"66":0.5714285714285714,"104":0.577639751552795,"47":0.5838509316770186,"67":0.5900621118012422,"16":0.5962732919254659,"101":0.6024844720496895,"107":0.6086956521739131,"89":0.6149068322981367,"146":0.6211180124223602,"81":0.6273291925465838,"125":0.6335403726708074,"138":0.639751552795031,"160":0.6459627329192547,"24":0.6521739130434783,"43":0.6583850931677019,"108":0.6645962732919255,"100":0.6708074534161491,"1":0.6770186335403726,"39":0.6832298136645962,"4":0.6894409937888198,"46":0.6956521739130435,"96":0.7018633540372671,"149":0.7080745341614907,"49":0.7142857142857143,"109":0.7204968944099379,"133":0.7267080745341615,"154":0.7329192546583851,"30":0.7391304347826086,"80":0.7453416149068323,"53":0.7515527950310559,"8":0.7577639751552795,"63":0.7639751552795031,"64":0.7701863354037267,"75":0.7763975155279503,"21":0.782608695652174,"23":0.7888198757763976,"51":0.7950310559006211,"124":0.8012422360248447,"134":0.8074534161490683,"112":0.8136645962732919,"159":0.8198757763975155,"28":0.8260869565217391,"73":0.8322981366459627,"77":0.8385093167701864,"32":0.84472049689441,"31":0.8509316770186336,"41":0.8571428571428571,"74":0.8633540372670807,"103":0.8695652173913043,"117":0.8757763975155279,"118":0.8819875776397516,"15":0.8881987577639752,"40":0.8944099378881988,"111":0.9006211180124224,"120":0.906832298136646,"141":0.9130434782608695,"153":0.9192546583850931,"59":0.9254658385093167,"95":0.9316770186335404,"94":0.937888198757764,"54":0.9440993788819876,"84":0.9503105590062112,"78":0.9565217391304348,"83":0.9627329192546584,"76":0.968944099378882,"68":0.9751552795031055,"79":0.9813664596273292,"85":0.9875776397515528,"90":0.9937888198757764,"91":1.0}}