{"name":"agd","num_of_nodes":108,"num_of_edges":206,"weight":"value","process_time":0.007380962371826172,"data":{"0":0.7434782608695653,"1":0.8608695652173914,"2":0.5391304347826088,"3":0.7565217391304349,"4":0.7478260869565219,"5":1.0,"6":0.5391304347826088,"7":0.8739130434782609,"8":0.6478260869565218,"9":0.5521739130434783,"10":0.5,"11":0.8956521739130435,"12":0.5347826086956522,"13":0.7217391304347827,"14":0.682608695652174,"15":0.591304347826087,"16":0.6434782608695653,"17":0.6956521739130436,"18":0.6043478260869566,"19":0.7608695652173914,"20":0.7130434782608697,"21":0.8826086956521739,"22":0.7521739130434782,"23":0.7434782608695653,"24":0.8826086956521739,"25":0.5869565217391305,"26":0.8956521739130435,"27":0.791304347826087,"28":0.6304347826086957,"29":0.7478260869565219,"30":0.7869565217391304,"31":0.7217391304347827,"32":0.7782608695652175,"33":0.6521739130434784,"34":0.8173913043478261,"35":0.5869565217391305,"36":0.27391304347826084,"37":0.23913043478260868,"38":0.22173913043478258,"39":0.15217391304347824,"40":0.2869565217391304,"41":0.22173913043478258,"42":0.2652173913043478,"43":0.2043478260869565,"44":0.2782608695652174,"45":0.1782608695652174,"46":0.23913043478260868,"47":0.23043478260869563,"48":0.3434782608695652,"49":0.3347826086956522,"50":0.18695652173913044,"51":0.2652173913043478,"52":0.1434782608695652,"53":0.24782608695652172,"54":0.19565217391304346,"55":0.20869565217391303,"56":0.19130434782608696,"57":0.32608695652173914,"58":0.21304347826086956,"59":0.19999999999999998,"60":0.1608695652173913,"61":0.3217391304347826,"62":0.21304347826086956,"63":0.1782608695652174,"64":0.3434782608695652,"65":0.15217391304347824,"66":0.23913043478260868,"67":0.2782608695652174,"68":0.2782608695652174,"69":0.33043478260869563,"70":0.2260869565217391,"71":0.1608695652173913,"72":0.06521739130434782,"73":0.06956521739130435,"74":0.39565217391304347,"75":0.2434782608695652,"76":0.2782608695652174,"77":0.34782608695652173,"78":0.056521739130434775,"79":0.3869565217391304,"80":0.29130434782608694,"81":0.22173913043478258,"82":0.0,"83":0.0,"84":0.05217391304347825,"85":0.047826086956521734,"86":0.0,"87":0.3173913043478261,"88":0.3869565217391304,"89":0.06956521739130435,"90":0.2652173913043478,"91":0.26956521739130435,"92":0.27391304347826084,"93":0.23043478260869563,"94":0.3869565217391304,"95":0.39565217391304347,"96":0.46521739130434775,"97":0.0,"98":0.05217391304347825,"99":0.23913043478260868,"100":0.26956521739130435,"101":0.06521739130434782,"102":0.03913043478260869,"103":0.3173913043478261,"104":0.3173913043478261,"105":0.2608695652173913,"106":0.047826086956521734,"107":0.24782608695652172},"ranked":{"82":0.0,"83":0.009345794392523364,"86":0.018691588785046728,"97":0.028037383177570093,"102":0.037383177570093455,"85":0.04672897196261682,"106":0.056074766355140186,"84":0.06542056074766354,"98":0.07476635514018691,"78":0.08411214953271028,"72":0.09345794392523364,"101":0.102803738317757,"73":0.11214953271028037,"89":0.12149532710280374,"52":0.1308411214953271,"39":0.14018691588785046,"65":0.14953271028037382,"60":0.1588785046728972,"71":0.16822429906542055,"45":0.17757009345794392,"63":0.18691588785046728,"50":0.19626168224299065,"56":0.205607476635514,"54":0.21495327102803738,"59":0.22429906542056074,"43":0.2336448598130841,"55":0.24299065420560748,"58":0.2523364485981308,"62":0.2616822429906542,"38":0.27102803738317754,"41":0.2803738317757009,"81":0.2897196261682243,"70":0.29906542056074764,"47":0.308411214953271,"93":0.3177570093457944,"37":0.32710280373831774,"46":0.3364485981308411,"66":0.34579439252336447,"99":0.35514018691588783,"75":0.3644859813084112,"53":0.37383177570093457,"107":0.38317757009345793,"105":0.3925233644859813,"42":0.40186915887850466,"51":0.411214953271028,"90":0.4205607476635514,"91":0.42990654205607476,"100":0.4392523364485981,"36":0.4485981308411215,"92":0.45794392523364486,"44":0.4672897196261682,"67":0.4766355140186916,"68":0.48598130841121495,"76":0.4953271028037383,"40":0.5046728971962616,"80":0.514018691588785,"87":0.5233644859813084,"103":0.5327102803738317,"104":0.5420560747663551,"61":0.5514018691588785,"57":0.5607476635514018,"69":0.5700934579439252,"49":0.5794392523364486,"48":0.5887850467289719,"64":0.5981308411214953,"77":0.6074766355140186,"79":0.616822429906542,"88":0.6261682242990654,"94":0.6355140186915887,"74":0.6448598130841121,"95":0.6542056074766355,"96":0.6635514018691588,"10":0.6728971962616822,"12":0.6822429906542056,"2":0.6915887850467289,"6":0.7009345794392523,"9":0.7102803738317757,"25":0.719626168224299,"35":0.7289719626168224,"15":0.7383177570093458,"18":0.7476635514018691,"28":0.7570093457943925,"16":0.7663551401869159,"8":0.7757009345794392,"33":0.7850467289719626,"14":0.794392523364486,"17":0.8037383177570093,"20":0.8130841121495327,"13":0.822429906542056,"31":0.8317757009345794,"0":0.8411214953271028,"23":0.8504672897196262,"4":0.8598130841121495,"29":0.8691588785046729,"22":0.8785046728971962,"3":0.8878504672897196,"19":0.897196261682243,"32":0.9065420560747663,"30":0.9158878504672897,"27":0.9252336448598131,"34":0.9345794392523364,"1":0.9439252336448598,"7":0.9532710280373832,"21":0.9626168224299065,"24":0.9719626168224299,"11":0.9813084112149533,"26":0.9906542056074766,"5":1.0}}