{"name":"pagerank","alpha":0.85,"weight":"value","num_of_nodes":162,"num_of_edges":499,"process_time":0.03531599044799805,"data":{"0":0.06695688961787448,"1":0.20483775251295572,"2":0.3748381125937951,"3":0.3752600351174931,"4":0.44723894919924795,"5":0.3758667290571435,"6":0.37683481206453984,"7":0.5508336039037371,"8":0.4397817633077939,"9":0.3894421552075525,"10":0.2711407415534802,"11":0.05822150876567163,"12":0.40321919787543353,"13":0.08042072113219198,"14":0.18755144791111392,"15":0.012413158119888346,"16":0.06021709499385328,"17":0.055546816436469346,"18":0.1225228997186336,"19":0.014765736423011938,"20":0.5694308989288062,"21":0.4075587662887411,"22":0.2620269301246873,"23":0.25847976555364854,"24":0.013346623384664897,"25":0.19612529363947662,"26":0.5817261014221664,"27":0.3065562619830356,"28":0.3927256481982148,"29":0.08666035027775953,"30":0.0710332809859524,"31":0.567402069646386,"32":0.24565337783015798,"33":0.47028018252168785,"34":0.20925928953829362,"35":0.24540516497315168,"36":0.3730033929449422,"37":0.19430911533113449,"38":0.723260478018091,"39":0.5383587885700856,"40":0.1865949715562718,"41":0.38270616150147935,"42":0.6796826809832691,"43":0.074811929294708,"44":0.24361159604739735,"45":0.4260252678510197,"46":0.21840514510379,"47":0.4808151681133928,"48":0.07903390216302877,"49":0.2090871913079139,"50":0.20127012955529366,"51":0.01576641075764118,"52":0.27568671904563913,"53":0.1096472140412803,"54":0.32162044859654065,"55":0.09052033539044256,"56":0.028753124344674582,"57":0.06259209937032181,"58":0.27555413064694617,"59":0.108852255070857,"60":0.13183880215968793,"61":0.2729252943541133,"62":0.09052033539044256,"63":0.27467283092620937,"64":0.4612697709323609,"65":0.6530954783364636,"66":0.2653242319641694,"67":0.0,"68":0.2827040416314913,"69":0.1315479305438829,"70":0.35191511151019855,"71":0.21161398937577422,"72":0.46533907251800927,"73":0.27293371921756565,"74":0.04931678221968913,"75":0.5619729532292711,"76":0.04028283519683727,"77":0.351531774253433,"78":0.2741043741731003,"79":0.0713649251236059,"80":0.2707274296693009,"81":0.18913852506261253,"82":0.07580102262905325,"83":0.3100177875685541,"84":0.70540503844601,"85":0.538268206455232,"86":0.23580750980326706,"87":0.08022537059064155,"88":0.10526827064431651,"89":0.27166469634371165,"90":0.25151632571340393,"91":0.6179006781350957,"92":0.38504392621814004,"93":0.06259209937032181,"94":0.05629010956707557,"95":0.4354775223799188,"96":0.249414420989225,"97":0.46432690837021906,"98":0.60708244343142,"99":0.48212099340439457,"100":0.23275255198109693,"101":0.23781595931064836,"102":0.024655593406875547,"103":0.28585673677367324,"104":0.04117177421129537,"105":0.06303214090923612,"106":0.5215222833009855,"107":0.07724390865991833,"108":0.043205408970639424,"109":0.05625878550366356,"110":0.5356825760842091,"111":0.06972733940080929,"112":0.3823822190388835,"113":0.26229129152844843,"114":0.056242868619166456,"115":0.04658158575755271,"116":0.06366421555455734,"117":0.6226862942222311,"118":0.08106410585381656,"119":0.06201068165587757,"120":1.0,"121":0.003971025088859216,"122":0.5363788622452242,"123":0.08849523837265802,"124":0.40198354986859963,"125":0.2866754968214584,"126":0.42312848443307616,"127":0.038901219421905525,"128":0.060823700099895066,"129":0.09674143672723504,"130":0.0573380143342012,"131":0.2700171940333037,"132":0.08964505316488686,"133":0.20240023141640104,"134":0.44091488747391516,"135":0.8406842638547278,"136":0.09148027711039308,"137":0.24519237281808862,"138":0.232482826847118,"139":0.25691374306532494,"140":0.5793743166101597,"141":0.043205408970639424,"142":0.7690695764891708,"143":0.4036850100385698,"144":0.24696375713039803,"145":0.014534165345325596,"146":0.04063896893961113,"147":0.0037074364712667827,"148":0.17758758997013088,"149":0.016669165346641354,"150":0.24534198554150072,"151":0.054461398329088334,"152":0.18310954772601076,"153":0.22605864478055662,"154":0.41759077449991333,"155":0.7674330126857658,"156":0.7043820293120915,"157":0.046304197768043016,"158":0.06263931291580707,"159":0.18608048909100766,"160":0.7076621198625953,"161":0.07239317559879423},"ranked":{"67":0.0,"147":0.006211180124223602,"121":0.012422360248447204,"15":0.018633540372670808,"24":0.024844720496894408,"145":0.031055900621118012,"19":0.037267080745341616,"51":0.043478260869565216,"149":0.049689440993788817,"102":0.055900621118012424,"56":0.062111801242236024,"127":0.06832298136645963,"76":0.07453416149068323,"146":0.08074534161490683,"104":0.08695652173913043,"108":0.09316770186335403,"141":0.09937888198757763,"157":0.10559006211180125,"115":0.11180124223602485,"74":0.11801242236024845,"151":0.12422360248447205,"17":0.13043478260869565,"114":0.13664596273291926,"109":0.14285714285714285,"94":0.14906832298136646,"130":0.15527950310559005,"11":0.16149068322981366,"16":0.16770186335403728,"128":0.17391304347826086,"119":0.18012422360248448,"57":0.18633540372670807,"93":0.19254658385093168,"158":0.19875776397515527,"105":0.20496894409937888,"116":0.2111801242236025,"0":0.21739130434782608,"111":0.2236024844720497,"30":0.22981366459627328,"79":0.2360248447204969,"161":0.2422360248447205,"43":0.2484472049689441,"82":0.2546583850931677,"107":0.2608695652173913,"48":0.2670807453416149,"87":0.2732919254658385,"13":0.2795031055900621,"118":0.2857142857142857,"29":0.2919254658385093,"123":0.2981366459627329,"132":0.30434782608695654,"55":0.3105590062111801,"62":0.3167701863354037,"136":0.32298136645962733,"129":0.32919254658385094,"88":0.33540372670807456,"59":0.3416149068322981,"53":0.34782608695652173,"18":0.35403726708074534,"69":0.36024844720496896,"60":0.36645962732919257,"148":0.37267080745341613,"152":0.37888198757763975,"159":0.38509316770186336,"40":0.391304347826087,"14":0.39751552795031053,"81":0.40372670807453415,"37":0.40993788819875776,"25":0.4161490683229814,"50":0.422360248447205,"133":0.42857142857142855,"1":0.43478260869565216,"49":0.4409937888198758,"34":0.4472049689440994,"71":0.453416149068323,"46":0.45962732919254656,"153":0.4658385093167702,"138":0.4720496894409938,"100":0.4782608695652174,"86":0.484472049689441,"101":0.4906832298136646,"44":0.4968944099378882,"137":0.5031055900621118,"150":0.5093167701863354,"35":0.515527950310559,"32":0.5217391304347826,"144":0.5279503105590062,"96":0.5341614906832298,"90":0.5403726708074534,"139":0.546583850931677,"23":0.5527950310559007,"22":0.5590062111801242,"113":0.5652173913043478,"66":0.5714285714285714,"131":0.577639751552795,"80":0.5838509316770186,"10":0.5900621118012422,"89":0.5962732919254659,"61":0.6024844720496895,"73":0.6086956521739131,"78":0.6149068322981367,"63":0.6211180124223602,"58":0.6273291925465838,"52":0.6335403726708074,"68":0.639751552795031,"103":0.6459627329192547,"125":0.6521739130434783,"27":0.6583850931677019,"83":0.6645962732919255,"54":0.6708074534161491,"77":0.6770186335403726,"70":0.6832298136645962,"36":0.6894409937888198,"2":0.6956521739130435,"3":0.7018633540372671,"5":0.7080745341614907,"6":0.7142857142857143,"112":0.7204968944099379,"41":0.7267080745341615,"92":0.7329192546583851,"9":0.7391304347826086,"28":0.7453416149068323,"124":0.7515527950310559,"12":0.7577639751552795,"143":0.7639751552795031,"21":0.7701863354037267,"154":0.7763975155279503,"126":0.782608695652174,"45":0.7888198757763976,"95":0.7950310559006211,"8":0.8012422360248447,"134":0.8074534161490683,"4":0.8136645962732919,"64":0.8198757763975155,"97":0.8260869565217391,"72":0.8322981366459627,"33":0.8385093167701864,"47":0.84472049689441,"99":0.8509316770186336,"106":0.8571428571428571,"110":0.8633540372670807,"122":0.8695652173913043,"85":0.8757763975155279,"39":0.8819875776397516,"7":0.8881987577639752,"75":0.8944099378881988,"31":0.9006211180124224,"20":0.906832298136646,"140":0.9130434782608695,"26":0.9192546583850931,"98":0.9254658385093167,"91":0.9316770186335404,"117":0.937888198757764,"65":0.9440993788819876,"42":0.9503105590062112,"156":0.9565217391304348,"84":0.9627329192546584,