{"name":"agd","num_of_nodes":99,"num_of_edges":307,"weight":"value","process_time":0.03402996063232422,"data":{"0":0.2081218274111675,"1":0.29949238578680204,"2":0.1658206429780034,"3":0.27411167512690354,"4":0.29780033840947556,"5":0.4213197969543147,"6":0.23857868020304568,"7":0.2639593908629443,"8":0.17089678510998313,"9":0.30626057529610834,"10":0.3705583756345178,"11":0.28934010152284273,"12":0.2538071065989848,"13":0.37563451776649753,"14":0.3130287648054145,"15":0.3282571912013537,"16":0.17089678510998313,"17":0.42301184433164135,"18":0.3790186125211506,"19":0.3722504230118444,"20":0.2081218274111675,"21":0.27918781725888325,"22":0.23519458544839256,"23":0.48392554991539766,"24":0.4213197969543147,"25":0.30964467005076146,"26":0.23857868020304568,"27":0.48392554991539766,"28":0.28934010152284273,"29":0.4805414551607446,"30":0.15736040609137059,"31":0.37563451776649753,"32":0.2047377326565144,"33":0.541455160744501,"34":0.05583756345177663,"35":0.5397631133671743,"36":0.0,"37":0.37563451776649753,"38":0.20304568527918776,"39":0.5262267343485618,"40":0.027072758037225076,"41":0.27411167512690354,"42":0.08121827411167508,"43":0.09475465313028762,"44":0.1302876480541455,"45":0.025380710659898453,"46":0.10321489001692044,"47":0.03553299492385789,"48":0.2419627749576989,"49":0.08121827411167508,"50":0.09137055837563451,"51":0.02030456852791873,"52":0.1302876480541455,"53":0.5279187817258884,"54":0.02876480541455155,"55":0.10829103214890015,"56":0.06429780033840944,"57":0.1692047377326565,"58":0.529610829103215,"59":0.2013536379018613,"60":0.15566835871404397,"61":0.2419627749576989,"62":0.08121827411167508,"63":0.1725888324873096,"64":0.5262267343485618,"65":0.19966159052453467,"66":0.10829103214890015,"67":0.3451776649746193,"68":0.16074450084602368,"69":0.15736040609137059,"70":0.2335025380710661,"71":0.35194585448392557,"72":0.5752961082910324,"73":0.27918781725888325,"74":0.4568527918781726,"75":0.2436548223350254,"76":0.4534686971235195,"77":0.5702199661590526,"78":0.9915397631133673,"79":0.27411167512690354,"80":1.0,"81":0.8426395939086295,"82":0.7106598984771574,"83":0.8443316412859561,"84":0.2436548223350254,"85":0.3451776649746193,"86":0.38747884940778343,"87":0.1692047377326565,"88":0.7106598984771574,"89":0.5736040609137055,"90":0.08121827411167508,"91":0.4568527918781726,"92":0.7072758037225042,"93":0.9915397631133673,"94":0.8443316412859561,"95":1.0,"96":0.2436548223350254,"97":1.0,"98":0.6988155668358715},"ranked":{"36":0.0,"51":0.01020408163265306,"45":0.02040816326530612,"40":0.030612244897959183,"54":0.04081632653061224,"47":0.05102040816326531,"34":0.061224489795918366,"56":0.07142857142857142,"42":0.08163265306122448,"49":0.09183673469387756,"62":0.10204081632653061,"90":0.11224489795918367,"50":0.12244897959183673,"43":0.1326530612244898,"46":0.14285714285714285,"55":0.15306122448979592,"66":0.16326530612244897,"44":0.17346938775510204,"52":0.1836734693877551,"60":0.19387755102040816,"30":0.20408163265306123,"69":0.21428571428571427,"68":0.22448979591836735,"2":0.23469387755102042,"57":0.24489795918367346,"87":0.25510204081632654,"8":0.2653061224489796,"16":0.2755102040816326,"63":0.2857142857142857,"65":0.29591836734693877,"59":0.30612244897959184,"38":0.3163265306122449,"32":0.32653061224489793,"0":0.336734693877551,"20":0.3469387755102041,"70":0.35714285714285715,"22":0.3673469387755102,"6":0.37755102040816324,"26":0.3877551020408163,"48":0.3979591836734694,"61":0.40816326530612246,"75":0.41836734693877553,"84":0.42857142857142855,"96":0.4387755102040816,"12":0.4489795918367347,"7":0.45918367346938777,"3":0.46938775510204084,"41":0.47959183673469385,"79":0.4897959183673469,"21":0.5,"73":0.5102040816326531,"11":0.5204081632653061,"28":0.5306122448979592,"4":0.5408163265306123,"1":0.5510204081632653,"9":0.5612244897959183,"25":0.5714285714285714,"14":0.5816326530612245,"15":0.5918367346938775,"67":0.6020408163265306,"85":0.6122448979591837,"71":0.6224489795918368,"10":0.6326530612244898,"19":0.6428571428571429,"13":0.6530612244897959,"31":0.6632653061224489,"37":0.673469387755102,"18":0.6836734693877551,"86":0.6938775510204082,"5":0.7040816326530612,"24":0.7142857142857143,"17":0.7244897959183674,"76":0.7346938775510204,"74":0.7448979591836735,"91":0.7551020408163265,"29":0.7653061224489796,"23":0.7755102040816326,"27":0.7857142857142857,"39":0.7959183673469388,"64":0.8061224489795918,"53":0.8163265306122449,"58":0.826530612244898,"35":0.8367346938775511,"33":0.8469387755102041,"77":0.8571428571428571,"89":0.8673469387755102,"72":0.8775510204081632,"98":0.8877551020408163,"92":0.8979591836734694,"82":0.9081632653061225,"88":0.9183673469387755,"81":0.9285714285714286,"83":0.9387755102040817,"94":0.9489795918367347,"78":0.9591836734693877,"93":0.9693877551020408,"80":0.9795918367346939,"95":0.9897959183673469,"97":1.0}}