{"name":"density","eps":0.5,"weight":"value","num_of_nodes":177,"num_of_edges":549,"process_time":0.06588101387023926,"data":{"0":0.0016525765054154192,"1":0.002891896349530226,"2":0.3349858223114761,"3":0.3333335083881084,"4":0.1666667823277704,"5":0.0016525765056336324,"6":0.33539909772899795,"7":0.3349858785790644,"8":0.002478714711306641,"9":0.16749292053361486,"10":0.5000000093778789,"11":0.3333335083881084,"12":0.0012394511349672044,"13":0.16914544077153548,"14":0.0004132191498088586,"15":0.0016526140173280127,"16":0.1707980360332345,"17":0.0033050404759814972,"18":0.0004132191498088586,"19":0.002065870678846838,"20":0.3341597591291451,"21":0.33539904146139404,"22":0.0016526140173280127,"23":0.16790604590426572,"24":0.5004133035512836,"25":0.6687325123378021,"26":0.33581226061132763,"27":0.0,"28":0.0024787897348512683,"29":0.1687322591334366,"30":0.33539904146139404,"31":0.1703849106626928,"32":0.0016525765056336324,"33":0.16749292053361486,"34":0.16955873494502924,"35":0.33415966534967534,"36":0.00041314412638892477,"37":0.16914557206274639,"38":0.3341597591291451,"39":0.004957673249125527,"40":0.16666672606035354,"41":0.0012394136233039976,"42":0.5016526984186139,"43":0.3345728094763604,"44":0.16707987018666454,"45":0.0033052280345936785,"46":0.0033052280345936785,"47":0.002065701876081847,"48":0.3333334146087945,"49":0.16997189782717184,"50":0.1674930330688227,"51":0.0024788084907608047,"52":0.001239413623194891,"53":0.0012394886468330378,"54":0.16831922754244255,"55":0.1683192838099997,"56":0.004131309972912157,"57":0.5016526233952252,"58":0.16914551579515805,"59":0.0033051342551706883,"60":0.3366385301081959,"61":0.33498602862610694,"62":0.0024788835142742585,"63":0.5037182502477766,"64":0.33746474333732,"65":0.16955864116554392,"66":0.0024789210258283592,"67":0.1691455908186559,"68":0.3362254422493486,"69":0.3358122793670657,"70":0.3341595903262398,"71":0.0008262694968994861,"72":0.0037182408698028862,"73":0.5008263538983575,"74":0.16707979516318225,"75":0.3370515616992055,"76":0.501652679662862,"77":0.16831928380990618,"78":0.002892008884815993,"79":0.5024787803568671,"80":0.5028919057273933,"81":0.5008263538983575,"82":0.17121125518288752,"83":0.33498602862610694,"84":0.16997191658309696,"85":0.3362254234933611,"86":0.002478902270105862,"87":0.16997182280384543,"88":0.0020658144111494014,"89":0.16831928380990618,"90":0.33705152418749557,"91":0.5024789866715351,"92":0.16955865992162492,"93":0.17038500444194432,"94":0.17245053751515207,"95":0.0020658144113208546,"96":0.17079812981239254,"97":0.17079803603307867,"98":0.002065814411211748,"99":0.0020657581437169372,"100":0.33539909772898235,"101":0.0016525202378894356,"102":0.3341595903262398,"103":0.6683192181643339,"104":0.16831920878636156,"105":0.002065795655395731,"106":0.3345727532084915,"107":0.0028921026639895974,"108":0.17038492941833736,"109":0.0008262694968994861,"110":0.1707980735448198,"111":0.0020657581437013507,"112":0.3353991915083274,"113":0.00413136624057842,"114":0.670384845016933,"115":0.1691456658419044,"116":0.3370515429433584,"117":0.1691455533068836,"118":0.16873244669207996,"119":0.3362253109582,"120":0.3362252359347645,"121":0.0020657206318822775,"122":0.33457284698797685,"123":0.3349858223114761,"124":0.004544491610870768,"125":0.1695585848980647,"126":0.0028920839081891673,"127":0.002891896349514639,"128":0.002891915105377416,"129":0.3358123543904856,"130":0.33581218558773623,"131":0.5016526984186457,"132":0.002891915105377416,"133":0.33581212932019466,"134":0.0020657581436701773,"135":0.33622534846991,"136":0.3345727719644478,"137":0.001239319843834247,"138":0.16914572210972653,"139":0.6679061678175297,"140":0.0004132754174283623,"141":0.3353991539965084,"142":0.33415955281452986,"143":0.16790600839239989,"144":0.0020658894348187214,"145":0.002478883514165152,"146":0.33705156169934586,"147":0.33415975912905155,"148":0.0012395449143746083,"149":0.6683192744320182,"150":0.6687323247790288,"151":0.17079794225379594,"152":0.3370516367228281,"153":0.1699718040478268,"154":0.0033051530112360914,"155":0.5004133035511883,"156":0.6683192181644608,"157":0.16914562833038146,"158":0.17079797976545916,"159":0.5020658988126241,"160":0.0008263257645034031,"161":0.16997176653607007,"162":1.0,"163":0.16997172902434451,"164":0.003718278381590786,"165":0.33705161796705885,"166":0.0016524639702699317,"167":0.00371835340529128,"168":0.0012395449143746083,"169":0.5020657675215827,"170":0.33705154294346745,"171":0.0045444916109798755,"172":0.0024790148053760426,"173":0.002891896349405533,"174":0.003718184602214556,"175":0.1683193025658469,"176":0.0028920651523419772},"ranked":{"27":0.0,"36":0.005681818181818182,"14":0.011363636363636364,"18":0.017045454545454544,"140":0.022727272727272728,"71":0.028409090909090908,"109":0.03409090909090909,"160":0.03977272727272727,"137":0.045454545454545456,"52":0.05113636363636364,"41":0.056818181818181816,"12":0.0625,"53":0.06818181818181818,"148":0.07386363636363637,"168":0.07954545454545454,"166":0.08522727272727272,"101":0.09090909090909091,"0":0.09659090909090909,"5":0.10227272727272728,"32":0.10795454545454546,"15":0.11363636363636363,"22":0.11931818181818182,"47":0.125,"121":0.13068181818181818,"134":0.13636363636363635,"111":0.14204545454545456,"99":0.14772727272727273,"105":0.1534090909090909,"88":0.1590909090909091,"98":0.16477272727272727,"95":0.17045454545454544,"19":0.17613636363636365,"144":0.18181818181818182,"8":0.1875,"28":0.19318181818181818,"51":0.19886363636363635,"145":0.20454545454545456,"62":0.21022727272727273,"86":0.2159090909090909,"66":0.2215909090909091,"172":0.22727272727272727,"173":0.23295454545454544,"127":0.23863636363636365,"1":0.24431818181818182,"128":0.25,"132":0.2556818181818182,"78":0.26136363636363635,"176":0.26704545454545453,"126":0.2727272727272727,"107":0.2784090909090909,"17":0.2840909090909091,"59":0.2897727272727273,"154":0.29545454545454547,"45":0.30113636363636365,"46":0.3068181818181818,"174":0.3125,"72":0.3181818181818182,"164":0.32386363636363635,"167":0.32954545454545453,"56":0.3352272727272727,"113":0.3409090909090909,"124":0.3465909090909091,"171":0.3522727272727273,"39":0.35795454545454547,"40":0.36363636363636365,"4":0.3693181818181818,"74":0.375,"44":0.3806818181818182,"9":0.38636363636363635,"33":0.39204545454545453,"50":0.3977272727272727,"143":0.4034090909090909,"23":0.4090909090909091,"104":0.4147727272727273,"54":0.42045454545454547,"77":0.42613636363636365,"89":0.4318181818181818,"55":0.4375,"175":0.4431818181818182,"29":0.44886363636363635,"118":0.45454545454545453,"13":0.4602272727272727,"58":0.4659090909090909,"117":0.4715909090909091,"37":0.4772727272727273,"67":0.48295454545454547,"157":0.48863636363636365,"115":0.4943181818181818,"138":0.5,"125":0.5056818181818182,"65":0.5113636363636364,"92":0.5170454545454546,"34":0.5227272727272727,"163":0.5284090909090909,"161":0.5340909090909091,"153":0.5397727272727273,"87":0.5454545454545454,"49":0.5511363636363636,"84":0.5568181818181818,"31":0.5625,"108":0.5681818181818182,"93":0.5738636363636364,"151":0.5795454545454546,"158":0.5852272727272727,"97":0.5909090909090909,"16":0.5965909090909091,"110":0.6022727272727273,"96":0.6079545454545454,"82":0.6136363636363636,"94":0.6193181818181818,"48":0.625,"3":0.6306818181818182,"11":0.6363636363636364,"142":0.6420454545454546,"70":0.6477272727272727,"102":0.6534090909090909,"35":0.6590909090909091,"147":0.6647727272727273,"20":0.6704545454545454,"38":0.6761363636363636,"106":0.6818181818181818,"136":0.6875,"43":0.6931818181818182,"122":0.6988636363636364,"2":0.7045454545454546,"123":0.7102272727272727,"7":0.7159090909090909,"61":0.7215909090909091,"83":0.7272727272727273,"21":0.7329545454545454,"30":0.7386363636363636,"100":0.7443181818181818,"6":0.75,"141":0.7556818181818182,"112":0.7613636363636364,"133":0.7670454545454546,"130":0.7727272727272727,"26":0.7784090909090909,"69":0.7840909090909091,"129":0.7897727272727273,"120":0.7954545454545454,"119":0.8011363636363636,