{"name":"fiedler","normalized":true,"weight":"value","num_of_nodes":132,"num_of_edges":413,"process_time":0.03664374351501465,"data":{"0":0.029803161891157483,"1":0.1586013794468681,"2":0.1050469350538534,"3":0.12643080083626707,"4":0.09088308039090941,"5":0.12611542004039736,"6":0.02752053832014828,"7":0.11835890337558438,"8":0.11532831012747287,"9":0.04583528435932251,"10":0.15178344661801538,"11":0.09924627036817574,"12":0.03331166610691771,"13":0.12011626109088244,"14":0.19889508312748957,"15":0.16972007070880785,"16":0.0961179146813711,"17":0.0,"18":0.09137910052447881,"19":0.09183362442539571,"20":0.1517707849685475,"21":0.031003173016884565,"22":0.11159095382090577,"23":0.1726298766356564,"24":0.18421565811619747,"25":0.09924627036829645,"26":0.1665496100207364,"27":0.166022354650606,"28":0.09924627036826389,"29":0.00510306057077066,"30":0.15178344661804724,"31":0.1784909164788707,"32":0.20510419033315525,"33":0.10774130912813956,"34":0.13773752254725696,"35":0.09430295564836008,"36":0.16602235463248816,"37":0.14659925291469056,"38":0.05313100306246521,"39":0.10427611430089391,"40":0.20510419033247912,"41":0.13539379357782225,"42":0.06687149971750211,"43":0.08301029025214315,"44":0.693057490661442,"45":0.8600439365970115,"46":0.905056102214518,"47":0.7918736106495964,"48":0.8388894449718132,"49":0.791873610650202,"50":0.7446271847726198,"51":0.6452558947902209,"52":0.7626843104816597,"53":0.6526950401474778,"54":0.9986463008444988,"55":0.8696012906430866,"56":0.8358240871721168,"57":0.7544054681958249,"58":0.5612205526987509,"59":0.6822258641203822,"60":0.740504276943687,"61":0.7648288514307178,"62":0.9117407136126029,"63":0.7570049816402148,"64":0.9728005936193506,"65":0.8348383407175993,"66":0.6930574906861143,"67":0.7192399032222759,"68":0.6420572100985062,"69":0.8881146020339932,"70":0.8983401391776008,"71":0.8027671749178408,"72":0.8438026833728455,"73":1.0,"74":0.5781233397993628,"75":0.7074203894064652,"76":0.6452558947902641,"77":0.9117407135812314,"78":0.6184376267165012,"79":0.5833664939084869,"80":0.6658849106749571,"81":0.5987415648907478,"82":0.7876633894487886,"83":0.8039341107381058,"84":0.9050561022101546,"85":0.5897609644555142,"86":0.7918736106487104,"87":0.8369750252666956,"88":0.34399376509798724,"89":0.5927976825861241,"90":0.3444520347633008,"91":0.4075032813616629,"92":0.43239605792700253,"93":0.488715457680182,"94":0.3410625464416942,"95":0.26580221692103806,"96":0.3316376610870559,"97":0.5340800212824571,"98":0.34220592237443404,"99":0.5482751810083781,"100":0.44868100173207,"101":0.5842569451182464,"102":0.5580754830008055,"103":0.32406759328308576,"104":0.3259292787659355,"105":0.34445203476334196,"106":0.5337737262885032,"107":0.43773888145329193,"108":0.23431554268400231,"109":0.4374140113848205,"110":0.44421749597564525,"111":0.5702569817224397,"112":0.5791889847977225,"113":0.3398707408380384,"114":0.3280033004187066,"115":0.6051450354179406,"116":0.6326415770661731,"117":0.1687097496497523,"118":0.4198403367162079,"119":0.53893470819616,"120":0.3207300305029997,"121":0.33319137069610416,"122":0.36283664951638894,"123":0.35206736391005006,"124":0.27599493352175575,"125":0.33563072530751903,"126":0.3444520347633195,"127":0.4490663222787621,"128":0.4408515780256062,"129":0.4181747980648418,"130":0.4924702017788985,"131":0.34630862693953623},"ranked":{"17":0.0,"29":0.007633587786259542,"6":0.015267175572519083,"0":0.022900763358778626,"21":0.030534351145038167,"12":0.03816793893129771,"9":0.04580152671755725,"38":0.05343511450381679,"42":0.061068702290076333,"43":0.06870229007633588,"4":0.07633587786259542,"18":0.08396946564885496,"19":0.0916030534351145,"35":0.09923664122137404,"16":0.10687022900763359,"11":0.11450381679389313,"28":0.12213740458015267,"25":0.1297709923664122,"39":0.13740458015267176,"2":0.1450381679389313,"33":0.15267175572519084,"22":0.16030534351145037,"8":0.16793893129770993,"7":0.17557251908396945,"13":0.183206106870229,"5":0.19083969465648856,"3":0.1984732824427481,"41":0.20610687022900764,"34":0.21374045801526717,"37":0.22137404580152673,"20":0.22900763358778625,"10":0.2366412213740458,"30":0.24427480916030533,"1":0.25190839694656486,"36":0.2595419847328244,"27":0.26717557251908397,"26":0.2748091603053435,"117":0.2824427480916031,"15":0.2900763358778626,"23":0.29770992366412213,"31":0.3053435114503817,"24":0.31297709923664124,"14":0.32061068702290074,"40":0.3282442748091603,"32":0.33587786259541985,"108":0.3435114503816794,"95":0.3511450381679389,"124":0.35877862595419846,"120":0.366412213740458,"103":0.37404580152671757,"104":0.3816793893129771,"114":0.3893129770992366,"96":0.3969465648854962,"121":0.40458015267175573,"125":0.4122137404580153,"113":0.4198473282442748,"94":0.42748091603053434,"98":0.4351145038167939,"88":0.44274809160305345,"90":0.45038167938931295,"126":0.4580152671755725,"105":0.46564885496183206,"131":0.4732824427480916,"123":0.48091603053435117,"122":0.48854961832061067,"91":0.4961832061068702,"129":0.5038167938931297,"118":0.5114503816793893,"92":0.5190839694656488,"109":0.5267175572519084,"107":0.5343511450381679,"128":0.5419847328244275,"110":0.549618320610687,"100":0.5572519083969466,"127":0.5648854961832062,"93":0.5725190839694656,"130":0.5801526717557252,"106":0.5877862595419847,"97":0.5954198473282443,"119":0.6030534351145038,"99":0.6106870229007634,"102":0.6183206106870229,"58":0.6259541984732825,"111":0.6335877862595419,"74":0.6412213740458015,"112":0.648854961832061,"79":0.6564885496183206,"101":0.6641221374045801,"85":0.6717557251908397,"89":0.6793893129770993,"81":0.6870229007633588,"115":0.6946564885496184,"78":0.7022900763358778,"116":0.7099236641221374,"68":0.7175572519083969,"51":0.7251908396946565,"76":0.732824427480916,"53":0.7404580152671756,"80":0.7480916030534351,"59":0.7557251908396947,"44":0.7633587786259542,"66":0.7709923664122137,"75":0.7786259541984732,"67":0.7862595419847328,"60":0.7938931297709924,"50":0.8015267175572519,"57":0.8091603053435115,"63":0.816793893129771,"52":0.8244274809160306,"61":0.8320610687022901,"82":0.8396946564885496,"86":0.8473282442748091,"47":0.8549618320610687,"49":0.8625954198473282,"71":0.8702290076335878,"83":0.8778625954198473,"65":0.8854961832061069,"56":0.8931297709923665,"87":0.9007633587786259,"48":0.9083969465648855,"72":0.916030534351145,"45":0.9236641221374046,"55":0.9312977099236641,"69":0.9389312977099237,"70":0.9465648854961832,"84":0.9541984732824428,"46":0.9618320610687023,"77":0.9694656488549618,"62":0.9770992366412213,"64":0.9847328244274809,"54":0.9923664122137404,"73":1.0}}