{"name":"pagerank","alpha":0.85,"weight":"value","num_of_nodes":132,"num_of_edges":413,"process_time":0.0329279899597168,"data":{"0":0.5817011694595562,"1":0.35679003058376246,"2":0.43971169720864545,"3":0.2001441822538201,"4":0.1453958969734259,"5":0.19679307608514912,"6":0.5892403698232694,"7":0.4465860988226996,"8":0.6197313273481314,"9":0.6159357565907787,"10":0.18275530829165634,"11":0.22692867147830348,"12":0.6870140945793434,"13":0.41930334128378566,"14":0.17693490414839014,"15":0.5412958035912826,"16":0.22118977341453294,"17":0.8082647799485454,"18":0.1563641454313782,"19":0.13349072102779927,"20":0.1886769696585424,"21":0.6343325312240378,"22":0.170775691972926,"23":0.33082735591516726,"24":0.5409682664469161,"25":0.22692867147830348,"26":0.5549827466747147,"27":0.5217111850228967,"28":0.22692867147830348,"29":0.8074941633096068,"30":0.18275530829165615,"31":0.14265392842072117,"32":0.3686464478997746,"33":0.43413367435247324,"34":0.21229326870479143,"35":0.13915958313270815,"36":0.5217111850228967,"37":0.5512854564198137,"38":0.6893687708932325,"39":0.186484071644487,"40":0.3686464478997746,"41":0.40535451968844305,"42":0.3786363768198923,"43":0.6653483694498955,"44":0.5744132899869882,"45":0.8650155995615588,"46":0.36844874619592866,"47":0.2498189667785638,"48":0.013422850178640389,"49":0.2498189667785638,"50":0.5242075874368295,"51":0.14397121544914426,"52":0.27294170185996663,"53":0.12635727920451734,"54":0.9538572231140947,"55":0.18103358875800749,"56":0.02011981852257255,"57":0.0565724667238671,"58":0.1790424800922176,"59":0.5864817851308031,"60":0.3209302653156605,"61":0.5188772454555703,"62":0.4020797763098431,"63":0.2884954908321015,"64":0.7701379665953173,"65":0.6573671753932312,"66":0.5744132899869882,"67":0.5735909096142396,"68":0.37806503448582907,"69":0.40423205199273216,"70":0.3936983888755705,"71":0.46318594813488007,"72":0.6620191477883264,"73":0.9672800732927354,"74":0.1806357345261289,"75":0.10472539795836835,"76":0.14397121544914426,"77":0.4020797763098429,"78":0.6238712342949735,"79":0.6311841801229031,"80":0.5851744402804916,"81":0.40577966777999286,"82":0.4701306665577276,"83":0.26009617423951875,"84":0.36844874619592866,"85":0.1669163599440214,"86":0.2498189667785638,"87":0.0,"88":0.8585101254755477,"89":0.38011194699998496,"90":0.16913532067208856,"91":0.5098351672951102,"92":1.0,"93":0.15602621342997477,"94":0.31103678201137663,"95":0.12825408509600555,"96":0.25131306642804463,"97":0.11225814674436818,"98":0.6438221506787423,"99":0.5548642609044964,"100":0.35162617317165984,"101":0.1651556419441207,"102":0.13641680336583958,"103":0.4607383247745434,"104":0.8570005332669298,"105":0.16913532067208856,"106":0.7765919065486322,"107":0.3559492940292147,"108":0.13551606517607534,"109":0.1411642370096379,"110":0.10291555007791349,"111":0.786980004794238,"112":0.7876838790497137,"113":0.2887571126469914,"114":0.6103029902988194,"115":0.156489796091524,"116":0.15912038756000776,"117":0.770132164051116,"118":0.08987077560165879,"119":0.35038014201073714,"120":0.8210516780833796,"121":0.6461810625377467,"122":0.25102216278628386,"123":0.24376771188085417,"124":0.13318848792365104,"125":0.39543995071416393,"126":0.16913532067208856,"127":0.13694517648041007,"128":0.5475820299872797,"129":0.1135017694634308,"130":0.3345252694941201,"131":0.13036606334503997},"ranked":{"87":0.0,"48":0.007633587786259542,"56":0.015267175572519083,"57":0.022900763358778626,"118":0.030534351145038167,"110":0.03816793893129771,"75":0.04580152671755725,"97":0.05343511450381679,"129":0.061068702290076333,"53":0.06870229007633588,"95":0.07633587786259542,"131":0.08396946564885496,"124":0.0916030534351145,"19":0.09923664122137404,"108":0.10687022900763359,"102":0.11450381679389313,"127":0.12213740458015267,"35":0.1297709923664122,"109":0.13740458015267176,"31":0.1450381679389313,"51":0.15267175572519084,"76":0.16030534351145037,"4":0.16793893129770993,"93":0.17557251908396945,"18":0.183206106870229,"115":0.19083969465648856,"116":0.1984732824427481,"101":0.20610687022900764,"85":0.21374045801526717,"90":0.22137404580152673,"105":0.22900763358778625,"126":0.2366412213740458,"22":0.24427480916030533,"14":0.25190839694656486,"58":0.2595419847328244,"74":0.26717557251908397,"55":0.2748091603053435,"30":0.2824427480916031,"10":0.2900763358778626,"39":0.29770992366412213,"20":0.3053435114503817,"5":0.31297709923664124,"3":0.32061068702290074,"34":0.3282442748091603,"16":0.33587786259541985,"11":0.3435114503816794,"25":0.3511450381679389,"28":0.35877862595419846,"123":0.366412213740458,"47":0.37404580152671757,"49":0.3816793893129771,"86":0.3893129770992366,"122":0.3969465648854962,"96":0.40458015267175573,"83":0.4122137404580153,"52":0.4198473282442748,"63":0.42748091603053434,"113":0.4351145038167939,"94":0.44274809160305345,"60":0.45038167938931295,"23":0.4580152671755725,"130":0.46564885496183206,"119":0.4732824427480916,"100":0.48091603053435117,"107":0.48854961832061067,"1":0.4961832061068702,"46":0.5038167938931297,"84":0.5114503816793893,"32":0.5190839694656488,"40":0.5267175572519084,"68":0.5343511450381679,"42":0.5419847328244275,"89":0.549618320610687,"70":0.5572519083969466,"125":0.5648854961832062,"77":0.5725190839694656,"62":0.5801526717557252,"69":0.5877862595419847,"41":0.5954198473282443,"81":0.6030534351145038,"13":0.6106870229007634,"33":0.6183206106870229,"2":0.6259541984732825,"7":0.6335877862595419,"103":0.6412213740458015,"71":0.648854961832061,"82":0.6564885496183206,"91":0.6641221374045801,"61":0.6717557251908397,"27":0.6793893129770993,"36":0.6870229007633588,"50":0.6946564885496184,"24":0.7022900763358778,"15":0.7099236641221374,"128":0.7175572519083969,"37":0.7251908396946565,"99":0.732824427480916,"26":0.7404580152671756,"67":0.7480916030534351,"44":0.7557251908396947,"66":0.7633587786259542,"0":0.7709923664122137,"80":0.7786259541984732,"59":0.7862595419847328,"6":0.7938931297709924,"114":0.8015267175572519,"9":0.8091603053435115,"8":0.816793893129771,"78":0.8244274809160306,"79":0.8320610687022901,"21":0.8396946564885496,"98":0.8473282442748091,"121":0.8549618320610687,"65":0.8625954198473282,"72":0.8702290076335878,"43":0.8778625954198473,"12":0.8854961832061069,"38":0.8931297709923665,"117":0.9007633587786259,"64":0.9083969465648855,"106":0.916030534351145,"111":0.9236641221374046,"112":0.9312977099236641,"29":0.9389312977099237,"17":0.9465648854961832,"120":0.9541984732824428,"104":0.9618320610687023,"88":0.9694656488549618,"45":0.9770992366412213,"54":0.9847328244274809,"73":0.9923664122137404,"92":1.0}}