{"name":"pagerank","alpha":0.85,"weight":"value","num_of_nodes":171,"num_of_edges":539,"process_time":0.037154197692871094,"data":{"0":0.124080515493978,"1":0.27045565856110776,"2":0.10894793241124046,"3":0.15542833276206203,"4":0.10894793241124046,"5":0.5795303952357339,"6":0.4414746708089412,"7":0.28882042082895765,"8":0.11576441845095589,"9":0.43446048716238983,"10":0.1324701334185224,"11":0.47341612288113555,"12":0.9005861012868678,"13":0.26897451889351104,"14":0.1316603160918857,"15":0.29025190888676494,"16":0.430245288992982,"17":0.10786381151462755,"18":0.124080515493978,"19":0.7404502507608337,"20":0.29025190888676494,"21":0.13235175830039367,"22":0.11958339542515913,"23":0.590883340591517,"24":0.5671863775700821,"25":0.2750888450234464,"26":0.7502729773473003,"27":0.124080515493978,"28":0.42080575761891814,"29":0.15872567348675404,"30":0.10375734992479071,"31":0.4237213580271553,"32":0.11214274729662596,"33":0.283210202460989,"34":0.2579400500687746,"35":0.13980459294424105,"36":0.430245288992982,"37":0.1326853382585671,"38":0.16245901701138096,"39":0.124080515493978,"40":0.2843692196613394,"41":0.5908833405915167,"42":0.10566026305991824,"43":0.29196207352429765,"44":0.29196207352429765,"45":0.2684206423203168,"46":0.16649094684031193,"47":0.2693460390407385,"48":0.44468523798212894,"49":0.10375734992479071,"50":0.267997293846242,"51":0.45203821467151795,"52":0.1360635059111985,"53":0.27045565856110776,"54":0.10375734992479071,"55":0.29287879139477824,"56":0.5795303952357337,"57":0.2897100642620926,"58":0.3945399472421059,"59":0.09364214651656781,"60":0.3557944499807021,"61":0.3982342565113725,"62":0.2897100642620926,"63":0.24214251690866118,"64":0.3557944499807021,"65":0.5838480869150505,"66":0.40573060783231996,"67":0.06950112940462805,"68":0.1893581429324533,"69":0.39845354506149844,"70":0.24992035223362,"71":0.6667397709316347,"72":0.24366979246929393,"73":0.3912548250199016,"74":0.25194076972572715,"75":0.048660504749832606,"76":0.10129775725875317,"77":0.08411885067397404,"78":0.6282393593036372,"79":0.2897100642620926,"80":0.09664709292797402,"81":0.1311599668919405,"82":0.0004771326150475051,"83":0.2134327510937981,"84":0.2414418572891556,"85":0.33889412248097284,"86":0.21301965556392402,"87":0.6617521524270907,"88":0.35579444998070225,"89":0.08711963599227233,"90":0.25275405560743575,"91":0.23165590870912103,"92":0.6939536295720863,"93":0.10047745170402807,"94":0.4024253938118078,"95":0.10635962029115152,"96":1.0,"97":0.33889412248097284,"98":0.6342614844662293,"99":0.48328052246075576,"100":0.09857281182029942,"101":0.20330548392719003,"102":0.3715848611978817,"103":0.25308657257823247,"104":0.08729151192572976,"105":0.08999329654480284,"106":0.3934480665349779,"107":0.12639543018495905,"108":0.3933063270297676,"109":0.24029700017960604,"110":0.2897100642620926,"111":0.05153972716369196,"112":0.38581938102553803,"113":0.23863795084901748,"114":0.1466710285225146,"115":0.13119388209238644,"116":0.42060047177479104,"117":0.13009393281331008,"118":0.15233371503464327,"119":0.09991403572106874,"120":0.28633545521665443,"121":0.0939342220871225,"122":0.25349791945977695,"123":0.6513131666183112,"124":0.13118556677762122,"125":0.2091659081199145,"126":0.00930052163259696,"127":0.21181351516172497,"128":0.646649369573067,"129":0.5288265408492888,"130":0.35477405585768396,"131":0.21061536941720593,"132":0.40206751348861935,"133":0.3204461343740129,"134":0.0640325521612823,"135":0.060817054905424675,"136":0.5659590800421529,"137":0.3817184720030229,"138":0.46841696139663264,"139":0.29281085228564974,"140":0.2500215713716075,"141":0.29281085228564974,"142":0.5348129364528353,"143":0.11214274729662596,"144":0.18769488554175012,"145":0.40190398119330956,"146":0.0939342220871225,"147":0.20043826787809374,"148":0.10394980784700149,"149":0.0,"150":0.5043186271304707,"151":0.15233371503464344,"152":0.034922572515187725,"153":0.06812352314773566,"154":0.0650464975574401,"155":0.36751799435864696,"156":0.0939342220871225,"157":0.31886908339410197,"158":0.5559122711924012,"159":0.667313529759378,"160":0.5396919068931083,"161":0.13118556677762122,"162":0.11770122703499593,"163":0.41526781552162406,"164":0.2427471489090555,"165":0.13485601961870425,"166":0.7971813717806159,"167":0.6796224756807998,"168":0.10754953721132884,"169":0.0924359033780919,"170":0.3817184720030229},"ranked":{"149":0.0,"82":0.0058823529411764705,"126":0.011764705882352941,"152":0.01764705882352941,"75":0.023529411764705882,"111":0.029411764705882353,"135":0.03529411764705882,"134":0.041176470588235294,"154":0.047058823529411764,"153":0.052941176470588235,"67":0.058823529411764705,"77":0.06470588235294118,"89":0.07058823529411765,"104":0.07647058823529412,"105":0.08235294117647059,"169":0.08823529411764706,"59":0.09411764705882353,"121":0.1,"146":0.10588235294117647,"156":0.11176470588235295,"80":0.11764705882352941,"100":0.12352941176470589,"119":0.12941176470588237,"93":0.13529411764705881,"76":0.1411764705882353,"30":0.14705882352941177,"49":0.15294117647058825,"54":0.1588235294117647,"148":0.16470588235294117,"42":0.17058823529411765,"95":0.17647058823529413,"168":0.18235294117647058,"17":0.18823529411764706,"2":0.19411764705882353,"4":0.2,"32":0.20588235294117646,"143":0.21176470588235294,"8":0.21764705882352942,"162":0.2235294117647059,"22":0.22941176470588234,"0":0.23529411764705882,"18":0.2411764705882353,"27":0.24705882352941178,"39":0.2529411764705882,"107":0.25882352941176473,"117":0.2647058823529412,"81":0.27058823529411763,"124":0.27647058823529413,"161":0.2823529411764706,"115":0.28823529411764703,"14":0.29411764705882354,"21":0.3,"10":0.3058823529411765,"37":0.31176470588235294,"165":0.3176470588235294,"52":0.3235294117647059,"35":0.32941176470588235,"114":0.3352941176470588,"118":0.3411764705882353,"151":0.34705882352941175,"3":0.35294117647058826,"29":0.3588235294117647,"38":0.36470588235294116,"46":0.37058823529411766,"144":0.3764705882352941,"68":0.38235294117647056,"147":0.38823529411764707,"101":0.3941176470588235,"125":0.4,"131":0.40588235294117647,"127":0.4117647058823529,"86":0.4176470588235294,"83":0.4235294117647059,"91":0.4294117647058823,"113":0.43529411764705883,"109":0.4411764705882353,"84":0.4470588235294118,"63":0.45294117647058824,"164":0.4588235294117647,"72":0.4647058823529412,"70":0.47058823529411764,"140":0.4764705882352941,"74":0.4823529411764706,"90":0.48823529411764705,"103":0.49411764705882355,"122":0.5,"34":0.5058823529411764,"50":0.5117647058823529,"45":0.5176470588235295,"13":0.5235294117647059,"47":0.5294117647058824,"1":0.5352941176470588,"53":0.5411764705882353,"25":0.5470588235294118,"33":0.5529411764705883,"40":0.5588235294117647,"120":0.5647058823529412,"7":0.5705882352941176,"57":0.5764705882352941,"62":0.5823529411764706,"79":0.5882352941176471,"110":0.5941176470588235,"15":0.6,"20":0.6058823529411764,"43":0.611764705882353,"44":0.6176470588235294,"139":0.6235294117647059,"141":0.6294117647058823,"55":0.6352941176470588,"157":0.6411764705882353,"133":0.6470588235294118,"85":0.6529411764705882,"97":0.6588235294117647,"130":0.6647058823529411,"60":0.6705882352941176,"64":0.6764705882352942,"88":0.6823529411764706,"155":0.6882352941176471,"102":0.6941176470588235,"137":0.7,"170":0.7058823529411765,"112":0.711764705882353,"73":0.7176470588235294,"108":0.7235294117647059,"106":0.7294117647058823,"58":0.7352941176470589,"61":0.7411764705882353,"69":0.7470588235294118,"145":0.7529411764705882,"132":0.7588235294117647,"94":0.7647058823529411,"66":0.7705882352941177,"163":0.7764705882352941,"116":0.7823529411764706,"28":0.788235294117647,"31":0.7941176470588235,"16":0.8,"36":0.8058823529411765,"9":0.8117647058823529,"6":0.8176470588235294,"48":0.8235294117647058,"51":0.8294117647058824,"138":0.8352941176470589,"11":0.8411764705882353,"99":0.8470588235294118,"150":0.8529411764705882,"129":0.8588235294117647,"142":0.8647058823529412,"160":0.8705882352941177,"158":0.8764705882352941,"136":0.8823529411764706,"24":0.888235294117647,