{"name":"density","eps":0.5,"weight":"value","num_of_nodes":135,"num_of_edges":420,"process_time":0.04246187210083008,"data":{"0":0.20237857135118323,"1":1.0,"2":0.2013875393226522,"3":0.003468848306839244,"4":0.6041623480173087,"5":0.0019821990324448494,"6":0.40277503365365347,"7":0.20436063540822658,"8":0.2013875618186646,"9":0.0004956172457698963,"10":0.2013875393226522,"11":0.003964195601750068,"12":0.005450732396643218,"13":0.4042615029606963,"14":0.40079285711703405,"15":0.0024779962454915165,"16":0.40128833938755204,"17":0.40277494367003375,"18":0.0004956172457698963,"19":0.0034688033148704937,"20":0.0019822215282703196,"21":0.0019821990324448494,"22":0.4007928346211338,"23":0.8015856692423297,"24":0.4017839791291474,"25":0.20584717220310103,"26":0.003964308081288703,"27":0.6046580102549969,"28":0.20237845887181283,"29":0.000991054524431274,"30":0.603171405972419,"31":0.0024777037988443634,"32":0.0019821990323700706,"33":0.4022793939118711,"34":0.0019821990324448494,"35":0.8005946147178974,"36":0.20237850386353856,"37":0.20237850386353856,"38":0.8030722960207893,"39":0.0019822440241705685,"40":0.8025768137503274,"41":0.20188311157667768,"42":0.001982176536638074,"43":0.2043608603673973,"44":0.6036670007223474,"45":0.6001981524154806,"46":6.748762596817743e-08,"47":0.0004955722541189559,"48":0.002477658807025171,"49":0.20336964837155214,"50":0.0019821990323700706,"51":0.0009911220121694103,"52":0.20386528811333446,"53":0.40079276713345174,"54":0.8015857592259523,"55":0.0009911220121694103,"56":0.004459857839600883,"57":0.40475712020663446,"58":0.40327058341174127,"59":0.20386515313789555,"60":0.0019822215282890143,"61":0.40376602069025314,"62":0.40277501115760367,"63":0.6006938371490316,"64":0.0054506199171980565,"65":0.6041624155050305,"66":0.003468713331493834,"67":0.004459655376311695,"68":0.20039641731053887,"69":0.4012884518669972,"70":0.0019821990323700706,"71":0.20039641731053887,"72":0.20188311157665897,"73":0.40079287961287824,"74":0.6011892294357948,"75":0.8005946147178212,"76":0.204360657904239,"77":0.20485616267054504,"78":0.0014865592907560093,"79":0.0009911670038951297,"80":0.403766020690384,"81":0.4047569627352953,"82":0.0014865592907560093,"83":0.4027749436699777,"84":0.20485611767883802,"85":0.0009911670039138244,"86":0.4037661106738915,"87":0.0009911220121694103,"88":0.20336958088390747,"89":0.6021803514479868,"90":0.6016848466815479,"91":0.000495549758087844,"92":0.19940538528202653,"93":0.20089196706862672,"94":0.20138758431449008,"95":0.2028740086299194,"96":0.5987117056041711,"97":0.004459610384529892,"98":0.003468690835406638,"99":0.20188308908077743,"100":0.20089203455640223,"101":0.0014866942660079457,"102":0.20138749433094516,"103":0.40178395663322847,"104":0.6001983548785698,"105":0.0014867167619829736,"106":0.20188320156039083,"107":0.6011892519316385,"108":0.6011894768907998,"109":0.19990093504011439,"110":0.0024776813028132513,"111":0.0,"112":0.4002973523506532,"113":0.20188320156039083,"114":0.2013876967941222,"115":0.4027751236372358,"116":0.002973276052851151,"117":0.20089196706877627,"118":0.0019822440242266526,"119":0.8015857367299182,"120":0.4017838891456212,"121":0.601684846681586,"122":0.003468690835556196,"123":0.20138762930640275,"124":0.40128842937104087,"125":0.000495549758087844,"126":0.20089207954818405,"127":0.0019821315448001866,"128":0.002973231060938485,"129":0.20138753932276438,"130":0.20287414360511521,"131":0.40327056091582236,"132":0.004459722864162,"133":0.004459587888685727,"134":0.00396455553630361},"ranked":{"111":0.0,"46":0.007462686567164179,"91":0.014925373134328358,"125":0.022388059701492536,"47":0.029850746268656716,"9":0.03731343283582089,"18":0.04477611940298507,"29":0.05223880597014925,"51":0.05970149253731343,"55":0.06716417910447761,"87":0.07462686567164178,"79":0.08208955223880597,"85":0.08955223880597014,"78":0.09701492537313433,"82":0.1044776119402985,"101":0.11194029850746269,"105":0.11940298507462686,"127":0.12686567164179105,"42":0.13432835820895522,"32":0.1417910447761194,"50":0.14925373134328357,"70":0.15671641791044777,"5":0.16417910447761194,"21":0.17164179104477612,"34":0.1791044776119403,"20":0.1865671641791045,"60":0.19402985074626866,"39":0.20149253731343283,"118":0.208955223880597,"48":0.21641791044776118,"110":0.22388059701492538,"31":0.23134328358208955,"15":0.23880597014925373,"128":0.2462686567164179,"116":0.2537313432835821,"98":0.26119402985074625,"122":0.26865671641791045,"66":0.27611940298507465,"19":0.2835820895522388,"3":0.291044776119403,"11":0.29850746268656714,"26":0.30597014925373134,"134":0.31343283582089554,"133":0.3208955223880597,"97":0.3283582089552239,"67":0.3358208955223881,"132":0.34328358208955223,"56":0.35074626865671643,"64":0.3582089552238806,"12":0.3656716417910448,"92":0.373134328358209,"109":0.3805970149253731,"68":0.3880597014925373,"71":0.39552238805970147,"93":0.40298507462686567,"117":0.41044776119402987,"100":0.417910447761194,"126":0.4253731343283582,"102":0.43283582089552236,"2":0.44029850746268656,"10":0.44776119402985076,"129":0.4552238805970149,"8":0.4626865671641791,"94":0.4701492537313433,"123":0.47761194029850745,"114":0.48507462686567165,"99":0.4925373134328358,"72":0.5,"41":0.5074626865671642,"106":0.5149253731343284,"113":0.5223880597014925,"28":0.5298507462686567,"36":0.5373134328358209,"37":0.5447761194029851,"0":0.5522388059701493,"95":0.5597014925373134,"130":0.5671641791044776,"88":0.5746268656716418,"49":0.582089552238806,"59":0.5895522388059702,"52":0.5970149253731343,"7":0.6044776119402985,"76":0.6119402985074627,"43":0.6194029850746269,"84":0.6268656716417911,"77":0.6343283582089553,"25":0.6417910447761194,"112":0.6492537313432836,"53":0.6567164179104478,"22":0.664179104477612,"14":0.6716417910447762,"73":0.6791044776119403,"16":0.6865671641791045,"124":0.6940298507462687,"69":0.7014925373134329,"120":0.7089552238805971,"103":0.7164179104477612,"24":0.7238805970149254,"33":0.7313432835820896,"83":0.7388059701492538,"17":0.746268656716418,"62":0.753731343283582,"6":0.7611940298507462,"115":0.7686567164179104,"131":0.7761194029850746,"58":0.7835820895522388,"61":0.7910447761194029,"80":0.7985074626865671,"86":0.8059701492537313,"13":0.8134328358208955,"81":0.8208955223880597,"57":0.8283582089552238,"96":0.835820895522388,"45":0.8432835820895522,"104":0.8507462686567164,"63":0.8582089552238806,"74":0.8656716417910447,"107":0.8731343283582089,"108":0.8805970149253731,"90":0.8880597014925373,"121":0.8955223880597015,"89":0.9029850746268657,"30":0.9104477611940298,"44":0.917910447761194,"4":0.9253731343283582,"65":0.9328358208955224,"27":0.9402985074626866,"75":0.9477611940298507,"35":0.9552238805970149,"23":0.9626865671641791,"119":0.9701492537313433,"54":0.9776119402985075,"40":0.9850746268656716,"38":0.9925373134328358,"1":1.0}}