{"name":"agd","num_of_nodes":156,"num_of_edges":303,"weight":"value","process_time":0.010509252548217773,"data":{"0":0.13065326633165827,"1":0.05402010050251255,"2":0.08919597989949747,"3":0.04020100502512564,"4":0.14949748743718594,"5":0.059045226130653265,"6":0.14698492462311558,"7":0.8190954773869348,"8":0.89321608040201,"9":0.8140703517587939,"10":0.8907035175879396,"11":0.047738693467336675,"12":0.018844221105527643,"13":0.07412060301507536,"14":0.8153266331658292,"15":0.025125628140703515,"16":0.07286432160804021,"17":0.001256281407035179,"18":0.7437185929648241,"19":0.059045226130653265,"20":0.008793969849246231,"21":0.10804020100502514,"22":0.6871859296482412,"23":0.6268844221105528,"24":0.6268844221105528,"25":0.8957286432160805,"26":0.059045226130653265,"27":0.6796482412060301,"28":0.07788944723618088,"29":0.0565326633165829,"30":0.5778894472361809,"31":0.09673366834170855,"32":0.8140703517587939,"33":0.12939698492462312,"34":0.10050251256281406,"35":0.7437185929648241,"36":0.09045226130653268,"37":0.007537688442211052,"38":0.04396984924623116,"39":0.0565326633165829,"40":0.14949748743718594,"41":0.11180904522613065,"42":0.0,"43":0.8957286432160805,"44":0.018844221105527643,"45":0.09673366834170855,"46":0.04522613065326631,"47":0.023869346733668338,"48":0.016331658291457284,"49":0.12939698492462312,"50":0.046482412060301515,"51":0.05025125628140703,"52":0.6871859296482412,"53":0.4798994974874372,"54":0.6243718592964825,"55":0.6695979899497488,"56":0.5653266331658291,"57":0.7261306532663317,"58":0.5791457286432161,"59":1.0,"60":0.7902010050251257,"61":0.5087939698492463,"62":0.920854271356784,"63":0.4510050251256282,"64":0.5150753768844222,"65":0.47110552763819086,"66":0.5477386934673366,"67":0.7374371859296482,"68":0.620603015075377,"69":0.44346733668341703,"70":0.699748743718593,"71":0.5125628140703516,"72":0.5339195979899498,"73":0.4497487437185929,"74":0.4585427135678391,"75":0.5891959798994973,"76":0.9246231155778896,"77":0.5414572864321607,"78":0.5954773869346732,"79":0.44597989949748734,"80":0.5540201005025125,"81":0.8517587939698492,"82":0.5603015075376884,"83":0.9987437185929647,"84":0.4949748743718593,"85":0.6231155778894473,"86":0.620603015075377,"87":0.9258793969849246,"88":0.9987437185929647,"89":0.48994974874371866,"90":0.6733668341708542,"91":0.44597989949748734,"92":0.46231155778894467,"93":0.699748743718593,"94":0.4447236180904523,"95":0.5891959798994973,"96":0.4912060301507537,"97":0.7814070351758793,"98":0.7236180904522614,"99":0.7010050251256282,"100":0.621859296482412,"101":0.5364321608040201,"102":0.5188442211055275,"103":0.8492462311557789,"104":0.4384422110552764,"105":0.3404522613065326,"106":0.300251256281407,"107":0.1708542713567839,"108":0.4233668341708542,"109":0.16834170854271355,"110":0.22361809045226128,"111":0.23743718592964824,"112":0.17462311557788943,"113":0.207286432160804,"114":0.2248743718592965,"115":0.14698492462311558,"116":0.36809045226130654,"117":0.25376884422110557,"118":0.3668341708542714,"119":0.27889447236180903,"120":0.17211055276381906,"121":0.15703517587939697,"122":0.4384422110552764,"123":0.22613065326633167,"124":0.29271356783919594,"125":0.38190954773869346,"126":0.27889447236180903,"127":0.19472361809045224,"128":0.36809045226130654,"129":0.1809045226130653,"130":0.23743718592964824,"131":0.17336683417085427,"132":0.16331658291457285,"133":0.4170854271356783,"134":0.28894472361809037,"135":0.15326633165829145,"136":0.3869346733668341,"137":0.4974874371859296,"138":0.27638190954773867,"139":0.24371859296482412,"140":0.3404522613065326,"141":0.33542713567839194,"142":0.19472361809045224,"143":0.1658291457286432,"144":0.15326633165829145,"145":0.1658291457286432,"146":0.1972361809045226,"147":0.31783919597989946,"148":0.41582914572864327,"149":0.2525125628140703,"150":0.4221105527638191,"151":0.8228643216080401,"152":0.17462311557788943,"153":0.22110552763819094,"154":0.4384422110552764,"155":0.3190954773869347},"ranked":{"42":0.0,"17":0.0064516129032258064,"37":0.012903225806451613,"20":0.01935483870967742,"48":0.025806451612903226,"12":0.03225806451612903,"44":0.03870967741935484,"47":0.04516129032258064,"15":0.05161290322580645,"3":0.05806451612903226,"38":0.06451612903225806,"46":0.07096774193548387,"50":0.07741935483870968,"11":0.08387096774193549,"51":0.09032258064516129,"1":0.0967741935483871,"29":0.1032258064516129,"39":0.10967741935483871,"5":0.11612903225806452,"19":0.12258064516129032,"26":0.12903225806451613,"16":0.13548387096774195,"13":0.14193548387096774,"28":0.14838709677419354,"2":0.15483870967741936,"36":0.16129032258064516,"31":0.16774193548387098,"45":0.17419354838709677,"34":0.18064516129032257,"21":0.1870967741935484,"41":0.1935483870967742,"33":0.2,"49":0.2064516129032258,"0":0.2129032258064516,"6":0.21935483870967742,"115":0.22580645161290322,"4":0.23225806451612904,"40":0.23870967741935484,"135":0.24516129032258063,"144":0.25161290322580643,"121":0.25806451612903225,"132":0.2645161290322581,"143":0.2709677419354839,"145":0.27741935483870966,"109":0.2838709677419355,"107":0.2903225806451613,"120":0.2967741935483871,"131":0.3032258064516129,"112":0.3096774193548387,"152":0.3161290322580645,"129":0.3225806451612903,"127":0.32903225806451614,"142":0.33548387096774196,"146":0.3419354838709677,"113":0.34838709677419355,"153":0.3548387096774194,"110":0.36129032258064514,"114":0.36774193548387096,"123":0.3741935483870968,"111":0.38064516129032255,"130":0.3870967741935484,"139":0.3935483870967742,"149":0.4,"117":0.4064516129032258,"138":0.4129032258064516,"119":0.41935483870967744,"126":0.4258064516129032,"134":0.432258064516129,"124":0.43870967741935485,"106":0.44516129032258067,"147":0.45161290322580644,"155":0.45806451612903226,"141":0.4645161290322581,"105":0.47096774193548385,"140":0.4774193548387097,"118":0.4838709677419355,"116":0.49032258064516127,"128":0.4967741935483871,"125":0.5032258064516129,"136":0.5096774193548387,"148":0.5161290322580645,"133":0.5225806451612903,"150":0.5290322580645161,"108":0.535483870967742,"104":0.5419354838709678,"122":0.5483870967741935,"154":0.5548387096774193,"69":0.5612903225806452,"94":0.567741935483871,"79":0.5741935483870968,"91":0.5806451612903226,"73":0.5870967741935483,"63":0.5935483870967742,"74":0.6,"92":0.6064516129032258,"65":0.6129032258064516,"53":0.6193548387096774,"89":0.6258064516129033,"96":0.632258064516129,"84":0.6387096774193548,"137":0.6451612903225806,"61":0.6516129032258065,"71":0.6580645161290323,"64":0.6645161290322581,"102":0.6709677419354839,"72":0.6774193548387096,"101":0.6838709677419355,"77":0.6903225806451613,"66":0.6967741935483871,"80":0.7032258064516129,"82":0.7096774193548387,"56":0.7161290322580646,"30":0.7225806451612903,"58":0.7290322580645161,"75":0.7354838709677419,"95":0.7419354838709677,"78":0.7483870967741936,"68":0.7548387096774194,"86":0.7612903225806451,"100":0.7677419354838709,"85":0.7741935483870968,"54":0.7806451612903226,"23":0.7870967741935484,"24":0.7935483870967742,"55":0.8,"90":0.8064516129032258,"27":0.8129032258064516,"22":0.8193548387096774,"52":0.8258064516129032,"70":0.832258064516129,"93":0.8387096774193549,"99":0.8451612903225807,"98":0.8516129032258064,"57":0.8580645161290322,"67":0.864516129032258,"18":0.8709677419354839,"35":0.8774193548387097,"97":0.8838709677419355,"60":0.8903225806451613,"9":0.896774193548387,"32":0.9032258064516129,"14":0.9096774193548387,"7":0.9161290322580645,"151":0.9225806451612903,"103":0.9290322580645162,"81":0.9354838709677419,"10":0.9419354838709677,"8":0.9483870967741935,"25":0.9548387096774194,"43":0.9612903225806452,"62":0.967741935483871,"76":0.9741935483870968,"87":0.9806451612903225,"83":0.9870967741935484,"88":0.9935483870967742,"59":1.0}}