{"name":"density","eps":0.5,"weight":"value","num_of_nodes":150,"num_of_edges":292,"process_time":0.02003312110900879,"data":{"0":0.003085085386989587,"1":0.0024681019244970335,"2":0.0024681579489590822,"3":0.2507712853530026,"4":0.2513883528524676,"5":0.7492289107331035,"6":0.004319164361504047,"7":0.0012341630113239283,"8":0.7492286866349527,"9":0.0037023209603295683,"10":0.25077131336539654,"11":0.001234050962260156,"12":0.2520055604133437,"13":0.25138835285260724,"14":0.0024681859612832226,"15":0.001851202498627716,"16":0.0012341069867687633,"17":0.2507713133652336,"18":0.0024681299366815,"19":0.499074496793809,"20":0.500308547755976,"21":0.0024682139736073635,"22":0.25138838086476845,"23":0.0030851974361697544,"24":0.002468129936634942,"25":0.4996915362810895,"26":0.003085253460794756,"27":0.2513883808647917,"28":0.500308547755976,"29":0.25077131336530345,"30":0.2507713133652802,"31":0.7486117031722506,"32":0.2501543018903005,"33":0.0012341069868851582,"34":0.2520053643273308,"35":0.003085309485396479,"36":0.2513882968278891,"37":0.2507713413775345,"38":0.0030851414115447523,"39":0.001234050962260156,"40":0.002468185961329781,"41":0.49845748531885264,"42":0.2501543018903936,"43":0.2501542458657686,"44":0.002468213973630642,"45":0.500308547756139,"46":0.49845748531885264,"47":0.006787238273537266,"48":0.4996916203178757,"49":0.0012341069867920422,"50":0.2526224878515372,"51":0.2520054203519791,"52":0.2507713133652569,"53":0.2532394433017056,"54":0.49907444076925384,"55":0.0030852254484706157,"56":0.2520052802904748,"57":0.0024681299366815,"58":0.0024681579488659666,"59":0.001851258523089765,"60":0.0018510904494009911,"61":0.0030851974361464753,"62":0.5021596101930296,"63":0.2550903936896721,"64":0.2507713133652103,"65":0.003085197436099917,"66":0.0018510904494009911,"67":0.4996914802563714,"68":0.4996915362809731,"69":0.0018511184617018524,"70":0.5021595821806356,"71":0.49969150826867226,"72":0.7479946636849933,"73":0.004319164361410931,"74":0.25323938727719697,"75":0.001851146473979435,"76":0.49845742929432074,"77":0.2538565668258421,"78":0.4990744687816012,"79":0.4990744687816012,"80":0.0018511184617018524,"81":0.49969153628101964,"82":0.25077131336514047,"83":0.0018510624372165246,"84":0.0030851133992671697,"85":0.00185114647409583,"86":0.0012340229499127368,"87":0.4990745808305952,"88":0.002468241985838388,"89":0.004936287885570745,"90":0.0018510624372165246,"91":0.0018511184617716896,"92":0.0018510624371234085,"93":0.00370229294795887,"94":1.0,"95":0.2513882968278426,"96":0.2520052802904748,"97":0.002468241985838388,"98":0.25323935926498925,"99":0.7504627375970032,"100":0.003085197436123196,"101":0.0018511184617251316,"102":0.24953726240304328,"103":0.0030851133992671697,"104":0.0037022089110562858,"105":0.002468073912056498,"106":0.5021595541684278,"107":0.2513883808646287,"108":0.2526224318267492,"109":0.0,"110":0.7523136879849233,"111":0.5009255312185618,"112":0.2513883248401434,"113":0.500925559230816,"114":0.2526224038144949,"115":0.003702180898755424,"116":0.00185109044942427,"117":0.25077131336518704,"118":0.0006170394872805088,"119":0.25077131336518704,"120":0.5021595821807054,"121":0.24953720637846485,"122":0.2520053083027756,"123":0.7510798050964682,"124":0.25200539233958513,"125":0.0043191923736652345,"126":0.0024682139734444105,"127":0.5021596101928899,"128":0.0006171235241132563,"129":0.5027765936556152,"130":0.003085141411614589,"131":0.25200533631512306,"132":0.0030852254484007788,"133":0.2520053363150765,"134":0.5009255592308393,"135":0.7498457261220469,"136":0.252005420351886,"137":0.001851146474002714,"138":0.0,"139":0.750462765609211,"140":0.0018511744862337385,"141":0.5009255312185151,"142":0.2513883808646753,"143":0.0024682699980228544,"144":0.2507713974020198,"145":0.0006171235241132563,"146":0.7504627375970265,"147":0.2520053643273308,"148":0.0,"149":0.2507713693897422},"ranked":{"109":0.0,"138":0.006711409395973154,"148":0.013422818791946308,"118":0.020134228187919462,"128":0.026845637583892617,"145":0.03355704697986577,"86":0.040268456375838924,"11":0.04697986577181208,"39":0.053691275167785234,"16":0.06040268456375839,"49":0.06711409395973154,"33":0.0738255033557047,"7":0.08053691275167785,"92":0.087248322147651,"83":0.09395973154362416,"90":0.10067114093959731,"60":0.10738255033557047,"66":0.11409395973154363,"116":0.12080536912751678,"69":0.12751677852348994,"80":0.1342281879194631,"101":0.14093959731543623,"91":0.1476510067114094,"75":0.15436241610738255,"137":0.1610738255033557,"85":0.16778523489932887,"140":0.174496644295302,"15":0.18120805369127516,"59":0.18791946308724833,"105":0.19463087248322147,"1":0.20134228187919462,"24":0.2080536912751678,"18":0.21476510067114093,"57":0.2214765100671141,"58":0.22818791946308725,"2":0.2348993288590604,"14":0.24161073825503357,"40":0.2483221476510067,"126":0.2550335570469799,"21":0.26174496644295303,"44":0.2684563758389262,"88":0.2751677852348993,"97":0.28187919463087246,"143":0.28859060402684567,"0":0.2953020134228188,"84":0.30201342281879195,"103":0.3087248322147651,"38":0.31543624161073824,"130":0.3221476510067114,"65":0.3288590604026846,"100":0.33557046979865773,"61":0.3422818791946309,"23":0.348993288590604,"132":0.35570469798657717,"55":0.3624161073825503,"26":0.3691275167785235,"35":0.37583892617449666,"115":0.3825503355704698,"104":0.38926174496644295,"93":0.3959731543624161,"9":0.40268456375838924,"73":0.40939597315436244,"6":0.4161073825503356,"125":0.4228187919463087,"89":0.42953020134228187,"47":0.436241610738255,"121":0.4429530201342282,"102":0.44966442953020136,"43":0.4563758389261745,"32":0.46308724832214765,"42":0.4697986577181208,"3":0.47651006711409394,"82":0.48322147651006714,"117":0.4899328859060403,"119":0.4966442953020134,"64":0.5033557046979866,"17":0.5100671140939598,"52":0.5167785234899329,"30":0.5234899328859061,"29":0.5302013422818792,"10":0.5369127516778524,"37":0.5436241610738255,"149":0.5503355704697986,"144":0.5570469798657718,"95":0.5637583892617449,"36":0.5704697986577181,"112":0.5771812080536913,"4":0.5838926174496645,"13":0.5906040268456376,"107":0.5973154362416108,"142":0.6040268456375839,"22":0.610738255033557,"27":0.6174496644295302,"56":0.6241610738255033,"96":0.6308724832214765,"122":0.6375838926174496,"133":0.6442953020134228,"131":0.6510067114093959,"34":0.6577181208053692,"147":0.6644295302013423,"124":0.6711409395973155,"136":0.6778523489932886,"51":0.6845637583892618,"12":0.6912751677852349,"114":0.697986577181208,"108":0.7046979865771812,"50":0.7114093959731543,"98":0.7181208053691275,"74":0.7248322147651006,"53":0.7315436241610739,"77":0.738255033557047,"63":0.7449664429530202,"76":0.7516778523489933,"41":0.7583892617449665,"46":0.7651006711409396,"54":0.7718120805369127,"78":0.7785234899328859,"79":0.785234899328859,"19":0.7919463087248322,"87":0.7986577181208053,"67":0.8053691275167785,"71":0.8120805369127517,"68":0.8187919463087249,"81":0.825503355704698,"25":0.8322147651006712,"48":0.8389261744966443,"20":0.8456375838926175,"28":0.8523489932885906,"45":0.8590604026845637,"141":0.8657718120805369,"111":0.87248322147651,"113":0.8791946308724832,"134":0.8859060402684564,"106":0.8926174496644296,"70":0.8993288590604027,"120":0.9060402684563759,"127":0.912751677852349,"62":0.9194630872483222,"129":0.9261744966442953,"72":0.9328859060402684,"31":0.9395973154362416,"8":0.9463087248322147,"5":0.9530201342281879,"135":0.959731543624161,"99":0.9664429530201343,"146":0.9731543624161074,"139":0.9798657718120806,"123":0.9865771812080537,"110":0.9932885906040269,"94":1.0}}