{"name":"agd","num_of_nodes":105,"num_of_edges":323,"weight":"value","process_time":0.025615930557250977,"data":{"0":0.8467966573816155,"1":0.8746518105849582,"2":0.3509749303621171,"3":0.267409470752089,"4":0.426183844011142,"5":0.25069637883008344,"6":0.22562674094707508,"7":0.5236768802228412,"8":0.8245125348189415,"9":0.10863509749303622,"10":0.977715877437326,"11":0.5766016713091922,"12":0.8105849582172701,"13":0.8105849582172701,"14":0.3788300835654596,"15":0.5571030640668523,"16":0.2618384401114205,"17":0.426183844011142,"18":0.4011142061281336,"19":0.27576601671309187,"20":0.7827298050139275,"21":0.5181058495821727,"22":0.8690807799442898,"23":0.403899721448468,"24":0.9805013927576601,"25":0.3008356545961003,"26":0.4846796657381614,"27":1.0,"28":0.24791086350974934,"29":0.3871866295264625,"30":0.32869080779944276,"31":0.7437325905292478,"32":0.3064066852367688,"33":1.0,"34":0.596100278551532,"35":0.24233983286908084,"36":0.0,"37":0.42339832869080785,"38":0.20612813370473543,"39":0.6573816155988859,"40":0.4428969359331475,"41":0.31476323119777166,"42":0.607242339832869,"43":0.15598885793871864,"44":0.6211699164345404,"45":0.6573816155988859,"46":0.5125348189415042,"47":0.36768802228412256,"48":0.6128133704735376,"49":0.19498607242339816,"50":0.4345403899721449,"51":0.4791086350974929,"52":0.5543175487465181,"53":0.5181058495821727,"54":0.28412256267409475,"55":0.6573816155988859,"56":0.2980501392757659,"57":0.4206128133704735,"58":0.10027855153203334,"59":0.05849582172701943,"60":0.15041782729805014,"61":0.5097493036211698,"62":0.02228412256267402,"63":0.05849582172701943,"64":0.20612813370473543,"65":0.6100278551532035,"66":0.42339832869080785,"67":0.10863509749303622,"68":0.15598885793871864,"69":0.607242339832869,"70":0.3983286908077995,"71":0.24512534818941495,"72":0.3175487465181058,"73":0.852367688022284,"74":0.20891364902506956,"75":0.20891364902506956,"76":0.3983286908077995,"77":0.28969359331476324,"78":0.13927576601671313,"79":0.28690807799442886,"80":0.18662952646239553,"81":0.2980501392757659,"82":0.7493036211699166,"83":0.29247910863509735,"84":0.14206128133704723,"85":0.4930362116991643,"86":0.584958217270195,"87":0.28969359331476324,"88":0.852367688022284,"89":0.40947075208913647,"90":0.36211699164345407,"91":0.35654596100278557,"92":0.36211699164345407,"93":0.12813370473537586,"94":0.013927576601671132,"95":0.8272980501392758,"96":0.28690807799442886,"97":0.18105849582172703,"98":0.23676880222841207,"99":0.3426183844011142,"100":0.6155988857938719,"101":0.8272980501392758,"102":0.29247910863509735,"103":0.10863509749303622,"104":0.19220055710306405},"ranked":{"36":0.0,"94":0.009615384615384616,"62":0.019230769230769232,"59":0.028846153846153848,"63":0.038461538461538464,"58":0.04807692307692308,"9":0.057692307692307696,"67":0.0673076923076923,"103":0.07692307692307693,"93":0.08653846153846154,"78":0.09615384615384616,"84":0.10576923076923077,"60":0.11538461538461539,"43":0.125,"68":0.1346153846153846,"97":0.14423076923076922,"80":0.15384615384615385,"104":0.16346153846153846,"49":0.17307692307692307,"38":0.18269230769230768,"64":0.19230769230769232,"74":0.20192307692307693,"75":0.21153846153846154,"6":0.22115384615384615,"98":0.23076923076923078,"35":0.2403846153846154,"71":0.25,"28":0.25961538461538464,"5":0.2692307692307692,"16":0.27884615384615385,"3":0.28846153846153844,"19":0.2980769230769231,"54":0.3076923076923077,"79":0.3173076923076923,"96":0.3269230769230769,"77":0.33653846153846156,"87":0.34615384615384615,"83":0.3557692307692308,"102":0.36538461538461536,"56":0.375,"81":0.38461538461538464,"25":0.3942307692307692,"32":0.40384615384615385,"41":0.41346153846153844,"72":0.4230769230769231,"30":0.4326923076923077,"99":0.4423076923076923,"2":0.4519230769230769,"91":0.46153846153846156,"90":0.47115384615384615,"92":0.4807692307692308,"47":0.49038461538461536,"14":0.5,"29":0.5096153846153846,"70":0.5192307692307693,"76":0.5288461538461539,"18":0.5384615384615384,"23":0.5480769230769231,"89":0.5576923076923077,"57":0.5673076923076923,"37":0.5769230769230769,"66":0.5865384615384616,"4":0.5961538461538461,"17":0.6057692307692307,"50":0.6153846153846154,"40":0.625,"51":0.6346153846153846,"26":0.6442307692307693,"85":0.6538461538461539,"61":0.6634615384615384,"46":0.6730769230769231,"21":0.6826923076923077,"53":0.6923076923076923,"7":0.7019230769230769,"52":0.7115384615384616,"15":0.7211538461538461,"11":0.7307692307692307,"86":0.7403846153846154,"34":0.75,"42":0.7596153846153846,"69":0.7692307692307693,"65":0.7788461538461539,"48":0.7884615384615384,"100":0.7980769230769231,"44":0.8076923076923077,"39":0.8173076923076923,"45":0.8269230769230769,"55":0.8365384615384616,"31":0.8461538461538461,"82":0.8557692307692307,"20":0.8653846153846154,"12":0.875,"13":0.8846153846153846,"8":0.8942307692307693,"95":0.9038461538461539,"101":0.9134615384615384,"0":0.9230769230769231,"73":0.9326923076923077,"88":0.9423076923076923,"22":0.9519230769230769,"1":0.9615384615384616,"10":0.9711538461538461,"24":0.9807692307692307,"27":0.9903846153846154,"33":1.0}}