{"name":"pagerank","alpha":0.85,"weight":"value","num_of_nodes":138,"num_of_edges":264,"process_time":0.026345014572143555,"data":{"0":0.11875490389558047,"1":0.15255067169951264,"2":0.39807901859784006,"3":0.16046922777747755,"4":0.2674776352489832,"5":0.15467535105429542,"6":0.16046922777747755,"7":1.0,"8":0.11000704325448987,"9":0.16672709038918107,"10":0.2143689369536858,"11":0.16046922777747755,"12":0.0,"13":0.12166558227296105,"14":0.36927791336730387,"15":0.44147869558079045,"16":0.12166558227296105,"17":0.4235693288820003,"18":0.1641548196839257,"19":0.16009693720457954,"20":0.6539768808575998,"21":0.11055638783063272,"22":0.14898674755927066,"23":0.08959131188855983,"24":0.1389193557092135,"25":0.1362095897120534,"26":0.16891568764304862,"27":0.1308195842386267,"28":0.413343889030227,"29":0.358551509481262,"30":0.3505983892501956,"31":0.6044355556940169,"32":0.14468474156065764,"33":0.2652748988838776,"34":0.3505983892501956,"35":0.21294148425345238,"36":0.14349998177772405,"37":0.603601212403132,"38":0.638169147042347,"39":0.20263977048199242,"40":0.1389166516597154,"41":0.14480342854618172,"42":0.17019489954506808,"43":0.01594119167441207,"44":0.29704694322086106,"45":0.4166705193605496,"46":0.3723912533667254,"47":0.036552682100240166,"48":0.2360457152398881,"49":0.4937450373095829,"50":0.04395640549953984,"51":0.40916585128637945,"52":0.02871343117073096,"53":0.22640959289330928,"54":0.1085101133952353,"55":0.2291330057444516,"56":0.046109958224318646,"57":0.41014314034793925,"58":0.3942409327286605,"59":0.02871343117073096,"60":0.12197877332182144,"61":0.2476533532213374,"62":0.04395640549953984,"63":0.2670928032633829,"64":0.44364278112225886,"65":0.05506714410269171,"66":0.41392624932975386,"67":0.6531320225373531,"68":0.036552682100240166,"69":0.11267257227111963,"70":0.1364027705868812,"71":0.4335988035627927,"72":0.27025229129620215,"73":0.25542976323122063,"74":0.6862330084221878,"75":0.04609605423385425,"76":0.06338225156567492,"77":0.0645697191712505,"78":0.2723417856710625,"79":0.38274097243092586,"80":0.13662215808530248,"81":0.2526587188102072,"82":0.8641488137168035,"83":0.29915779076582777,"84":0.02255234447309811,"85":0.0832227282349221,"86":0.30359579216848387,"87":0.1328332398803514,"88":0.4901410825175331,"89":0.20944701174398347,"90":0.35988397168734976,"91":0.4220936340638608,"92":0.40908365567679394,"93":0.4376020545772279,"94":0.3968434917353257,"95":0.10518513490135345,"96":0.4710735611700294,"97":0.4710735611700294,"98":0.042520750998943514,"99":0.3205535501899426,"100":0.2175832161241134,"101":0.5560383576863425,"102":0.25475640693360563,"103":0.029765799676192823,"104":0.33741242169532176,"105":0.1601931380154497,"106":0.33741242169532176,"107":0.006898081201435237,"108":0.33894383684694873,"109":0.29330207131240044,"110":0.17174041734633672,"111":0.21530500033818173,"112":0.14828238770077384,"113":0.20177755684312434,"114":0.31295789010616015,"115":0.40258637671693825,"116":0.33129902604933104,"117":0.10518513490135345,"118":0.255612402570269,"119":0.10133533439019085,"120":0.25475640693360563,"121":0.03725757369045011,"122":0.16910722474398135,"123":0.10133533439019085,"124":0.11421324032022083,"125":0.32854149436483265,"126":0.44477868109988716,"127":0.11692366174550443,"128":0.6048679550609959,"129":0.01967878031086494,"130":0.042520750998943514,"131":0.42285550158143975,"132":0.2254566995685502,"133":0.09078905699202945,"134":0.11421324032022083,"135":0.5684364066361597,"136":0.6560650718884364,"137":0.037257573690450345},"ranked":{"12":0.0,"107":0.0072992700729927005,"43":0.014598540145985401,"129":0.021897810218978103,"84":0.029197080291970802,"52":0.0364963503649635,"59":0.043795620437956206,"103":0.051094890510948905,"47":0.058394160583941604,"68":0.06569343065693431,"121":0.072992700729927,"137":0.08029197080291971,"98":0.08759124087591241,"130":0.0948905109489051,"50":0.10218978102189781,"62":0.10948905109489052,"75":0.11678832116788321,"56":0.12408759124087591,"65":0.13138686131386862,"76":0.1386861313868613,"77":0.145985401459854,"85":0.15328467153284672,"23":0.16058394160583941,"133":0.1678832116788321,"119":0.17518248175182483,"123":0.18248175182481752,"95":0.1897810218978102,"117":0.19708029197080293,"54":0.20437956204379562,"8":0.2116788321167883,"21":0.21897810218978103,"69":0.22627737226277372,"124":0.23357664233576642,"134":0.24087591240875914,"127":0.24817518248175183,"0":0.25547445255474455,"13":0.26277372262773724,"16":0.27007299270072993,"60":0.2773722627737226,"27":0.2846715328467153,"87":0.291970802919708,"25":0.29927007299270075,"70":0.30656934306569344,"80":0.31386861313868614,"40":0.32116788321167883,"24":0.3284671532846715,"36":0.3357664233576642,"32":0.34306569343065696,"41":0.35036496350364965,"112":0.35766423357664234,"22":0.36496350364963503,"1":0.3722627737226277,"5":0.3795620437956204,"19":0.38686131386861317,"105":0.39416058394160586,"3":0.40145985401459855,"6":0.40875912408759124,"11":0.41605839416058393,"18":0.4233576642335766,"9":0.4306569343065693,"26":0.43795620437956206,"122":0.44525547445255476,"42":0.45255474452554745,"110":0.45985401459854014,"113":0.46715328467153283,"39":0.4744525547445255,"89":0.48175182481751827,"35":0.48905109489051096,"10":0.49635036496350365,"111":0.5036496350364964,"100":0.5109489051094891,"132":0.5182481751824818,"53":0.5255474452554745,"55":0.5328467153284672,"48":0.5401459854014599,"61":0.5474452554744526,"81":0.5547445255474452,"102":0.5620437956204379,"120":0.5693430656934306,"73":0.5766423357664233,"118":0.583941605839416,"33":0.5912408759124088,"63":0.5985401459854015,"4":0.6058394160583942,"72":0.6131386861313869,"78":0.6204379562043796,"109":0.6277372262773723,"44":0.635036496350365,"83":0.6423357664233577,"86":0.6496350364963503,"114":0.656934306569343,"99":0.6642335766423357,"125":0.6715328467153284,"116":0.6788321167883211,"104":0.6861313868613139,"106":0.6934306569343066,"108":0.7007299270072993,"30":0.708029197080292,"34":0.7153284671532847,"29":0.7226277372262774,"90":0.7299270072992701,"14":0.7372262773722628,"46":0.7445255474452555,"79":0.7518248175182481,"58":0.7591240875912408,"94":0.7664233576642335,"2":0.7737226277372263,"115":0.781021897810219,"92":0.7883211678832117,"51":0.7956204379562044,"57":0.8029197080291971,"28":0.8102189781021898,"66":0.8175182481751825,"45":0.8248175182481752,"91":0.8321167883211679,"131":0.8394160583941606,"17":0.8467153284671532,"71":0.8540145985401459,"93":0.8613138686131386,"15":0.8686131386861314,"64":0.8759124087591241,"126":0.8832116788321168,"96":0.8905109489051095,"97":0.8978102189781022,"88":0.9051094890510949,"49":0.9124087591240876,"101":0.9197080291970803,"135":0.927007299270073,"37":0.9343065693430657,"31":0.9416058394160584,"128":0.948905109489051,"38":0.9562043795620438,"67":0.9635036496350365,"20":0.9708029197080292,"136":0.9781021897810219,"74":0.9854014598540146,"82":0.9927007299270073,"7":1.0}}