{"name":"fiedler","normalized":false,"weight":"value","num_of_nodes":114,"num_of_edges":350,"process_time":0.02862405776977539,"data":{"0":0.1622222826334243,"1":0.008275589076434858,"2":0.05117208779259057,"3":0.12295054490314068,"4":0.020317303576284414,"5":0.0030059702627593414,"6":0.04442860295506095,"7":0.043371991768620076,"8":0.09780893089019854,"9":0.025621945907768656,"10":0.006546372984823675,"11":0.00023428729971032897,"12":0.0073197683586435115,"13":0.002116560815707984,"14":0.03230570480042802,"15":0.13189224562119967,"16":0.047574050217371454,"17":0.032305704800428076,"18":0.027299411824766372,"19":0.04106900285772059,"20":0.18030530472387318,"21":0.04381945117049621,"22":0.00043891038363150914,"23":0.0,"24":0.002020033987317764,"25":0.06145787368321274,"26":0.01309384627796689,"27":0.0033723060960744447,"28":0.2611608069933797,"29":0.020317303576284414,"30":0.0010537353347405516,"31":0.1218796236814358,"32":0.0010548746000644499,"33":0.0008156451610065542,"34":0.035542627240534426,"35":0.006560386272942683,"36":0.062014068381751865,"37":0.06948803710293867,"38":0.8910701850636229,"39":0.8510913970293739,"40":0.9017205964190638,"41":0.8750716694657846,"42":0.9017728348978653,"43":0.8377487189638285,"44":0.8983339114210516,"45":0.8754700891341859,"46":0.8534792697800896,"47":0.8888390548838395,"48":0.836137382407288,"49":0.8994625336851008,"50":0.8552390358917527,"51":0.8957858648677196,"52":0.8980215770731408,"53":0.8990882675203706,"54":0.9969511442914364,"55":0.8888390548838395,"56":0.8778522438566955,"57":0.9089200724259507,"58":0.883197603633585,"59":0.9954213644289402,"60":0.9038803715411345,"61":0.8425348824174731,"62":0.8567137643848901,"63":0.9017205964190637,"64":0.8411794546003936,"65":1.0,"66":0.9886014668435684,"67":0.9585677148243879,"68":0.9999999999999998,"69":0.8944307241290697,"70":0.999343941834599,"71":0.829842706340092,"72":0.8921219884791661,"73":0.9931047272179646,"74":1.0,"75":0.9886014668435684,"76":0.2838086324947742,"77":0.32422941342641054,"78":0.6835661872818656,"79":0.6501129389714004,"80":0.8373445946944391,"81":0.4963451921416895,"82":0.3157168536386797,"83":0.5251945003438281,"84":0.16222228263342464,"85":0.6007214790206261,"86":0.8293209284207955,"87":0.6640151964156669,"88":0.31456660961765487,"89":0.5073442562533567,"90":0.4754951657961526,"91":0.6623579119534129,"92":0.829842706340092,"93":0.32422941342641054,"94":0.6835661872818656,"95":0.5797953363906858,"96":0.4975680148051755,"97":0.7976810258374282,"98":0.2973137247494087,"99":0.6352680249257547,"100":0.602139324246381,"101":0.6640151964156669,"102":0.32422941342641054,"103":0.37290552327938886,"104":0.5497832073551802,"105":0.6163826791450956,"106":0.26106946853835095,"107":0.6011341057975932,"108":0.6011341057975932,"109":0.5945313041387132,"110":0.4760961689454579,"111":0.7521635711019893,"112":0.28821584528855665,"113":0.4582177261245236},"ranked":{"23":0.0,"11":0.008849557522123894,"22":0.017699115044247787,"33":0.02654867256637168,"30":0.035398230088495575,"32":0.04424778761061947,"24":0.05309734513274336,"13":0.061946902654867256,"5":0.07079646017699115,"27":0.07964601769911504,"10":0.08849557522123894,"35":0.09734513274336283,"12":0.10619469026548672,"1":0.11504424778761062,"26":0.12389380530973451,"4":0.13274336283185842,"29":0.1415929203539823,"9":0.1504424778761062,"18":0.1592920353982301,"14":0.168141592920354,"17":0.17699115044247787,"34":0.18584070796460178,"19":0.19469026548672566,"7":0.20353982300884957,"21":0.21238938053097345,"6":0.22123893805309736,"16":0.23008849557522124,"2":0.23893805309734514,"25":0.24778761061946902,"36":0.25663716814159293,"37":0.26548672566371684,"8":0.2743362831858407,"31":0.2831858407079646,"3":0.2920353982300885,"15":0.3008849557522124,"0":0.30973451327433627,"84":0.3185840707964602,"20":0.3274336283185841,"106":0.336283185840708,"28":0.34513274336283184,"76":0.35398230088495575,"112":0.36283185840707965,"98":0.37168141592920356,"88":0.3805309734513274,"82":0.3893805309734513,"77":0.39823008849557523,"93":0.40707964601769914,"102":0.415929203539823,"103":0.4247787610619469,"113":0.4336283185840708,"90":0.4424778761061947,"110":0.45132743362831856,"81":0.46017699115044247,"96":0.4690265486725664,"89":0.4778761061946903,"83":0.48672566371681414,"104":0.49557522123893805,"95":0.504424778761062,"109":0.5132743362831859,"85":0.5221238938053098,"107":0.5309734513274337,"108":0.5398230088495575,"100":0.5486725663716814,"105":0.5575221238938053,"99":0.5663716814159292,"79":0.5752212389380531,"91":0.584070796460177,"87":0.5929203539823009,"101":0.6017699115044248,"94":0.6106194690265486,"78":0.6194690265486725,"111":0.6283185840707964,"97":0.6371681415929203,"86":0.6460176991150443,"71":0.6548672566371682,"92":0.6637168141592921,"48":0.672566371681416,"80":0.6814159292035398,"43":0.6902654867256637,"64":0.6991150442477876,"61":0.7079646017699115,"39":0.7168141592920354,"46":0.7256637168141593,"50":0.7345132743362832,"62":0.7433628318584071,"41":0.7522123893805309,"45":0.7610619469026548,"56":0.7699115044247787,"58":0.7787610619469026,"47":0.7876106194690266,"55":0.7964601769911505,"38":0.8053097345132744,"72":0.8141592920353983,"69":0.8230088495575221,"51":0.831858407079646,"52":0.8407079646017699,"44":0.8495575221238938,"53":0.8584070796460177,"49":0.8672566371681416,"63":0.8761061946902655,"40":0.8849557522123894,"42":0.8938053097345132,"60":0.9026548672566371,"57":0.911504424778761,"67":0.9203539823008849,"66":0.9292035398230089,"75":0.9380530973451328,"73":0.9469026548672567,"59":0.9557522123893806,"54":0.9646017699115044,"70":0.9734513274336283,"68":0.9823008849557522,"65":0.9911504424778761,"74":1.0}}