{"name":"fiedler","normalized":false,"weight":"value","num_of_nodes":186,"num_of_edges":580,"process_time":0.035819053649902344,"data":{"0":0.0018669331124255564,"1":0.007097907965870597,"2":0.06394207554940004,"3":0.23631273847156156,"4":0.30756308320383374,"5":0.11592227525093321,"6":0.0,"7":0.09481070718977298,"8":0.2913563494584955,"9":0.029107591106971274,"10":0.0020569992229069554,"11":0.0941726090661701,"12":0.005093041798030703,"13":0.034819995885690624,"14":0.03495907531661371,"15":0.021738193444754268,"16":0.3305898983471857,"17":0.2904819986573926,"18":0.04544932697271472,"19":0.24993899470989758,"20":0.021738193444754333,"21":0.0778709867524657,"22":0.00880457621694295,"23":0.001462625340702658,"24":0.015479132673309576,"25":0.11592227525093321,"26":0.12248407921841264,"27":0.015846143484538333,"28":0.23631273847156156,"29":0.035424427218381876,"30":0.034819995885690694,"31":0.21021501898084172,"32":0.2908719969859465,"33":0.0010169885508020371,"34":0.08922276634702787,"35":0.035424427218381876,"36":0.2771968647319358,"37":0.2888629930785911,"38":0.3053906218218911,"39":0.06394207554940004,"40":0.0540182212972711,"41":0.019903419278729316,"42":0.0010169885508020371,"43":0.06994708416902971,"44":0.32248536473440875,"45":0.024059456091639723,"46":0.07264378054847455,"47":0.033297024870149475,"48":0.29514797482099253,"49":0.0932392999785937,"50":0.14018521702922832,"51":0.04196643576089783,"52":0.09481070718977298,"53":0.11280598213741562,"54":0.08379891306274194,"55":0.3012205699055381,"56":0.09053306317253551,"57":0.004572875564673169,"58":0.2675604349821403,"59":0.2104381754873504,"60":0.3433333518510091,"61":0.015846143484538333,"62":0.5426430380481116,"63":0.7696336748563437,"64":0.982214971560675,"65":0.4069131124822642,"66":0.9424187093938797,"67":0.9578670572783881,"68":0.5769510266293121,"69":0.9739785485747923,"70":0.9585634649543555,"71":0.9352500214855277,"72":0.53644845383374,"73":0.7472285741336709,"74":0.5628433510298283,"75":0.8998478713967115,"76":0.8939501746696413,"77":0.7273992501106222,"78":0.9979159226303577,"79":0.9835496484332514,"80":0.517493144637258,"81":0.6346335349897433,"82":0.9684350139501091,"83":0.8011210035009787,"84":0.8899512308800381,"85":0.5333051091973651,"86":0.5350352159038048,"87":0.9348134000133447,"88":0.7112666280749997,"89":0.9881637745303691,"90":0.7657892834670204,"91":0.7112666280749996,"92":0.9349512217540195,"93":0.9688128736470701,"94":0.4706869921329919,"95":0.8874382212119423,"96":0.4767895016390776,"97":0.7206403308008011,"98":0.7555702461448601,"99":0.39155503706409034,"100":0.8465130238637092,"101":0.7112666280749996,"102":0.9839731886529617,"103":0.9946763768292821,"104":0.9980513199533493,"105":0.7735797822156744,"106":0.9695149033260649,"107":0.5514918771162876,"108":0.7273992501106222,"109":0.952357407853596,"110":0.7483595864770359,"111":0.9884793989313069,"112":0.9982000647141767,"113":0.5704311796130292,"114":0.5496591519117175,"115":0.9757564048070619,"116":0.9908162020462801,"117":0.9829506425007928,"118":0.9979159226303577,"119":0.9936346191731893,"120":0.9884525288998407,"121":0.9504148775169324,"122":0.9804581218451566,"123":1.0,"124":0.009208423697013718,"125":0.3994799714179947,"126":0.24828149693515886,"127":0.27264312708443,"128":0.22149833882885667,"129":0.24183327292672424,"130":0.24136224761834227,"131":0.10526683210021849,"132":0.26088487582011943,"133":0.04964776962427069,"134":0.22895790802728336,"135":0.0018323132572299428,"136":0.1018993480131914,"137":0.12189837964497012,"138":0.567780495446612,"139":0.09728586809084856,"140":0.0012432921803536365,"141":0.007224984771215153,"142":0.2839236008481729,"143":0.018890196356120745,"144":0.09958399331533994,"145":0.04964776962427069,"146":0.5319671703395886,"147":0.0008056937310242245,"148":0.005932162569665096,"149":0.15758074317075713,"150":0.0364323606786888,"151":0.010613259258742952,"152":0.10995134924976697,"153":0.5422770357056294,"154":0.11894084671329815,"155":0.17821092179329515,"156":0.26088487582011943,"157":0.12114975137746722,"158":0.5422158245351066,"159":0.07508625563150352,"160":0.09728586809084849,"161":0.004369764812023728,"162":0.0015159634462907838,"163":0.01599499977525116,"164":0.24512071830993662,"165":0.029468065448346667,"166":0.12502820045974974,"167":0.013272595006764757,"168":0.0026181394990588184,"169":0.11653250179126545,"170":0.3092265006304217,"171":0.5319671703395885,"172":0.2265362050601732,"173":0.07059078518389834,"174":0.27845080530939653,"175":0.015994999775251227,"176":0.23151012770750776,"177":0.09154182285989443,"178":0.1216070341582094,"179":0.06849465137323167,"180":0.005808272239816784,"181":0.0018323132572299428,"182":0.34830874151273056,"183":0.001685219172862416,"184":0.005975168943102592,"185":0.10426002168741978},"ranked":{"6":0.0,"147":0.005405405405405406,"33":0.010810810810810811,"42":0.016216216216216217,"140":0.021621621621621623,"23":0.02702702702702703,"162":0.032432432432432434,"183":0.03783783783783784,"135":0.043243243243243246,"181":0.04864864864864865,"0":0.05405405405405406,"10":0.05945945945945946,"168":0.06486486486486487,"161":0.07027027027027027,"57":0.07567567567567568,"12":0.08108108108108109,"180":0.08648648648648649,"148":0.0918918918918919,"184":0.0972972972972973,"1":0.10270270270270271,"141":0.10810810810810811,"22":0.11351351351351352,"124":0.11891891891891893,"151":0.12432432432432433,"167":0.12972972972972974,"24":0.13513513513513514,"27":0.14054054054054055,"61":0.14594594594594595,"163":0.15135135135135136,"175":0.15675675675675677,"143":0.16216216216216217,"41":0.16756756756756758,"15":0.17297297297297298,"20":0.1783783783783784,"45":0.1837837837837838,"9":0.1891891891891892,"165":0.1945945945945946,"47":0.2,"13":0.20540540540540542,"30":0.21081081081081082,"14":0.21621621621621623,"29":0.22162162162162163,"35":0.22702702702702704,"150":0.23243243243243245,"51":0.23783783783783785,"18":0.24324324324324326,"133":0.24864864864864866,"145":0.25405405405405407,"40":0.2594594594594595,"2":0.2648648648648649,"39":0.2702702702702703,"179":0.2756756756756757,"43":0.2810810810810811,"173":0.2864864864864865,"46":0.2918918918918919,"159":0.2972972972972973,"21":0.3027027027027027,"54":0.3081081081081081,"34":0.31351351351351353,"56":0.31891891891891894,"177":0.32432432432432434,"49":0.32972972972972975,"11":0.33513513513513515,"7":0.34054054054054056,"52":0.34594594594594597,"160":0.35135135135135137,"139":0.3567567567567568,"144":0.3621621621621622,"136":0.3675675675675676,"185":0.372972972972973,"131":0.3783783783783784,"152":0.3837837837837838,"53":0.3891891891891892,"5":0.3945945945945946,"25":0.4,"169":0.40540540540540543,"154":0.41081081081081083,"157":0.41621621621621624,"178":0.42162162162162165,"137":0.42702702702702705,"26":0.43243243243243246,"166":0.43783783783783786,"50":0.44324324324324327,"149":0.4486486486486487,"155":0.4540540540540541,"31":0.4594594594594595,"59":0.4648648648648649,"128":0.4702702702702703,"172":0.4756756756756757,"134":0.4810810810810811,"176":0.4864864864864865,"3":0.4918918918918919,"28":0.4972972972972973,"130":0.5027027027027027,"129":0.5081081081081081,"164":0.5135135135135135,"126":0.518918918918919,"19":0.5243243243243243,"132":0.5297297297297298,"156":0.5351351351351351,"58":0.5405405405405406,"127":0.5459459459459459,"36":0.5513513513513514,"174":0.5567567567567567,"142":0.5621621621621622,"37":0.5675675675675675,"17":0.572972972972973,"32":0.5783783783783784,"8":0.5837837837837838,"48":0.5891891891891892,"55":0.5945945945945946,"38":0.6,"4":0.6054054054054054,"170":0.6108108108108108,"44":0.6162162162162163,"16":0.6216216216216216,"60":0.6270270270270271,"182":0.6324324324324324,"99":0.6378378378378379,"125":0.6432432432432432,"65":0.6486486486486487,"94":0.654054054054054,"96":0.6594594594594595,"80":0.6648648648648648,"171":0.6702702702702703,"146":0.6756756756756757,"85":0.6810810810810811,"86":0.6864864864864865,"72":0.6918918918918919,"158":0.6972972972972973,"153":0.7027027027027027,