{"name":"agd","num_of_nodes":111,"num_of_edges":212,"weight":"value","process_time":0.0041849613189697266,"data":{"0":0.05571847507331378,"1":0.11436950146627564,"2":0.07331378299120235,"3":0.0029325513196480947,"4":0.09677419354838711,"5":0.0,"6":0.005865102639296189,"7":0.06451612903225805,"8":0.2023460410557185,"9":0.06158357771260997,"10":0.11143695014662756,"11":0.05865102639296186,"12":0.06744868035190617,"13":0.13196480938416422,"14":0.13196480938416422,"15":0.014662756598240474,"16":0.17302052785923752,"17":0.12316715542521994,"18":0.05865102639296186,"19":0.0439882697947214,"20":0.0879765395894428,"21":0.1026392961876833,"22":0.1026392961876833,"23":0.020527859237536663,"24":0.1026392961876833,"25":0.0879765395894428,"26":0.1466275659824047,"27":0.0,"28":0.0439882697947214,"29":0.026392961876832852,"30":0.1466275659824047,"31":0.2023460410557185,"32":0.041055718475073305,"33":0.07038123167155423,"34":0.12023460410557182,"35":0.17302052785923752,"36":0.02932551319648093,"37":0.5102639296187684,"38":0.5513196480938416,"39":0.81524926686217,"40":0.5630498533724341,"41":0.5219941348973607,"42":0.13196480938416422,"43":0.6422287390029326,"44":0.809384164222874,"45":0.6158357771260997,"46":0.45747800586510257,"47":0.46334310850439886,"48":0.721407624633431,"49":0.6480938416422288,"50":0.5806451612903226,"51":0.4897360703812316,"52":0.46334310850439886,"53":0.49560117302052775,"54":0.809384164222874,"55":0.7126099706744867,"56":0.6363636363636364,"57":0.5513196480938416,"58":0.5747800586510263,"59":0.47507331378299117,"60":0.7155425219941349,"61":0.5689149560117301,"62":0.9002932551319648,"63":0.6011730205278593,"64":0.5454545454545454,"65":0.13196480938416422,"66":0.5806451612903226,"67":0.5278592375366569,"68":0.5630498533724341,"69":0.7302052785923754,"70":0.5131964809384164,"71":0.8885630498533725,"72":0.8005865102639297,"73":0.8973607038123167,"74":0.4369501466275659,"75":0.501466275659824,"76":0.2991202346041056,"77":0.3665689149560117,"78":0.3020527859237537,"79":0.8005865102639297,"80":0.4369501466275659,"81":1.0,"82":0.219941348973607,"83":0.8914956011730205,"84":1.0,"85":0.33137829912023464,"86":0.3020527859237537,"87":0.3343108504398826,"88":0.3196480938416422,"89":0.42228739002932547,"90":0.3665689149560117,"91":0.2287390029325513,"92":0.25513196480938416,"93":0.25513196480938416,"94":0.2785923753665689,"95":0.2316715542521994,"96":0.501466275659824,"97":0.2609970674486804,"98":0.25513196480938416,"99":0.35777126099706735,"100":0.35777126099706735,"101":0.31671554252199413,"102":0.3079178885630498,"103":1.0,"104":0.7976539589442815,"105":0.4369501466275659,"106":0.35777126099706735,"107":0.2609970674486804,"108":0.21700879765395895,"109":0.42815249266862165,"110":0.4340175953079178},"ranked":{"5":0.0,"27":0.00909090909090909,"3":0.01818181818181818,"6":0.02727272727272727,"15":0.03636363636363636,"23":0.045454545454545456,"29":0.05454545454545454,"36":0.06363636363636363,"32":0.07272727272727272,"19":0.08181818181818182,"28":0.09090909090909091,"0":0.1,"11":0.10909090909090909,"18":0.11818181818181818,"9":0.12727272727272726,"7":0.13636363636363635,"12":0.14545454545454545,"33":0.15454545454545454,"2":0.16363636363636364,"20":0.17272727272727273,"25":0.18181818181818182,"4":0.19090909090909092,"21":0.2,"22":0.20909090909090908,"24":0.21818181818181817,"10":0.22727272727272727,"1":0.23636363636363636,"34":0.24545454545454545,"17":0.2545454545454545,"13":0.2636363636363636,"14":0.2727272727272727,"42":0.2818181818181818,"65":0.2909090909090909,"26":0.3,"30":0.3090909090909091,"16":0.3181818181818182,"35":0.32727272727272727,"8":0.33636363636363636,"31":0.34545454545454546,"108":0.35454545454545455,"82":0.36363636363636365,"91":0.37272727272727274,"95":0.38181818181818183,"92":0.39090909090909093,"93":0.4,"98":0.4090909090909091,"97":0.41818181818181815,"107":0.42727272727272725,"94":0.43636363636363634,"76":0.44545454545454544,"78":0.45454545454545453,"86":0.4636363636363636,"102":0.4727272727272727,"101":0.4818181818181818,"88":0.4909090909090909,"85":0.5,"87":0.509090909090909,"99":0.5181818181818182,"100":0.5272727272727272,"106":0.5363636363636364,"77":0.5454545454545454,"90":0.5545454545454546,"89":0.5636363636363636,"109":0.5727272727272728,"110":0.5818181818181818,"74":0.5909090909090909,"80":0.6,"105":0.6090909090909091,"46":0.6181818181818182,"47":0.6272727272727273,"52":0.6363636363636364,"59":0.6454545454545455,"51":0.6545454545454545,"53":0.6636363636363637,"75":0.6727272727272727,"96":0.6818181818181818,"37":0.6909090909090909,"70":0.7,"41":0.7090909090909091,"67":0.7181818181818181,"64":0.7272727272727273,"38":0.7363636363636363,"57":0.7454545454545455,"40":0.7545454545454545,"68":0.7636363636363637,"61":0.7727272727272727,"58":0.7818181818181819,"50":0.7909090909090909,"66":0.8,"63":0.8090909090909091,"45":0.8181818181818182,"56":0.8272727272727273,"43":0.8363636363636363,"49":0.8454545454545455,"55":0.8545454545454545,"60":0.8636363636363636,"48":0.8727272727272727,"69":0.8818181818181818,"104":0.8909090909090909,"72":0.9,"79":0.9090909090909091,"44":0.9181818181818182,"54":0.9272727272727272,"39":0.9363636363636364,"71":0.9454545454545454,"83":0.9545454545454546,"73":0.9636363636363636,"62":0.9727272727272728,"81":0.9818181818181818,"84":0.990909090909091,"103":1.0}}