{"name":"density","eps":0.5,"weight":"value","num_of_nodes":183,"num_of_edges":345,"process_time":0.00935983657836914,"data":{"0":0.0037044108495323485,"1":0.0018522334543057415,"2":0.2521609437017356,"3":0.24969137384138684,"4":0.25092613074201,"5":0.49938260753497105,"6":0.0037044108495090555,"7":0.003087018384456813,"8":0.2527785043441417,"9":0.25277825207794785,"10":0.0012348409893466726,"11":0.0018522334543756216,"12":0.0024697660673702795,"13":0.25030876630653226,"14":0.49938263556456886,"15":0.0018523175432156097,"16":0.0012348409893000857,"17":0.0012348409893000857,"18":0.002469710008197972,"19":0.25030873827693445,"20":0.24969145793018024,"21":0.500000056059149,"22":0.2527784482850626,"23":0.25277833616671797,"24":0.001852289513594516,"25":0.2521609717311936,"26":0.25339578469105895,"27":0.0024697100082445586,"28":0.0012348409893000857,"29":0.25030868221778546,"30":0.004939251838902314,"31":0.0030871305028713084,"32":0.0012348690188978863,"33":0.24969145793018024,"34":0.49938266359414335,"35":6.988009970059295e-14,"36":0.0012348409893466726,"37":0.49938260753497105,"38":0.002469766067323693,"39":0.0012348409892767925,"40":0.0024696539490955444,"41":0.0018521773952964874,"42":0.2503088223656813,"43":0.0018522614840665954,"44":0.0024696259194278637,"45":0.5012348409892069,"46":6.988009970059295e-14,"47":0.0018522334543756216,"48":0.2521609437016191,"49":0.0018522334543756216,"50":0.0037044108495090555,"51":0.002469766067323693,"52":1.0,"53":0.7490739253171856,"54":0.24969137384138684,"55":0.0024696259194278637,"56":0.0006175326130179515,"57":0.5006175886722601,"58":0.0024696259194744506,"59":0.25154357926625787,"60":0.0012349250781866607,"61":0.0006173364058566414,"62":0.0018522614839734221,"63":0.0,"64":0.4987651590106999,"65":0.49938255147579874,"66":0.24969128975264004,"67":0.2490738412284155,"68":0.0012348690188280062,"69":0.2490738412284155,"70":0.252160999760838,"71":0.9962955330912487,"72":0.0012347849300811914,"73":0.25154355123659017,"74":0.7503087102472901,"75":0.0012347849301044848,"76":0.002469653949002371,"77":0.2509261587715379,"78":0.2509261587714913,"79":0.2509260186235722,"80":0.002469653949002371,"81":0.0018522895135712225,"82":0.49938257950535,"83":0.0012349250780469005,"84":0.2509260746827911,"85":0.2503087102473134,"86":0.0018521493655356334,"87":0.5012348409892768,"88":0.501234869018828,"89":0.25154355123659017,"90":0.49753034605097435,"91":0.5006174765538224,"92":0.25277825207792454,"93":0.0018522895134547557,"94":0.25277830813716673,"95":0.0018523175431224362,"96":0.0012347849300811914,"97":0.5006174485242478,"98":0.0018522054247545278,"99":0.0024696539489790777,"100":0.7496913458118123,"101":0.0024695138010133685,"102":0.25277836419619926,"103":0.2509260746827911,"104":0.003087074443582534,"105":0.2503086541880945,"106":0.49999997197037893,"107":0.7478390282686899,"108":0.2509260186235722,"109":0.001234812959678992,"110":0.0006173364058566414,"111":0.0018521773952033139,"112":0.0030871024731803343,"113":0.0006174204945801628,"114":0.25277830813709684,"115":0.7490738972875645,"116":0.000617504583420151,"117":0.2503086541880945,"118":0.000617504583420151,"119":0.25277833616669465,"120":0.0006173364058566414,"121":0.000617532612994658,"122":0.25154357926616466,"123":0.5006175326129015,"124":0.49814782260482,"125":0.2515435512366833,"126":0.24969137384134027,"127":0.002469625919451157,"128":0.004321831344135805,"129":0.2515435792661414,"130":0.2509261587715612,"131":0.0006173644355010286,"132":0.0024697100081047985,"133":0.0018522614839035418,"134":6.988009970059295e-14,"135":0.2509261307420333,"136":0.25216102779034266,"137":0.25092618680118234,"138":0.24969128975268662,"139":0.0018522334543523281,"140":0.5006174204946268,"141":0.2515436353253137,"142":6.988009970059295e-14,"143":0.7490739533467136,"144":0.74907395334683,"145":0.003086990354835719,"146":0.0018521493656055135,"147":0.002469681978553585,"148":0.0018521493656055135,"149":0.5012348409893234,"150":0.25154349517739455,"151":0.0018521493656055135,"152":0.00370446690865807,"153":0.0006173644355010286,"154":0.5018522895134547,"155":0.5018522054247312,"156":0.2509261027123889,"157":0.0018521493656055135,"158":0.25154357926616466,"159":0.004321859373663725,"160":0.5012348409892768,"161":0.25216094370171227,"162":0.25092621483064037,"163":0.0,"164":0.002469681978553585,"165":0.7490739813763346,"166":0.0024695978898300634,"167":0.0018521493656055135,"168":0.004321691196170096,"169":6.988009970059295e-14,"170":0.24969128975268662,"171":0.25154352320703893,"172":0.2503087943360835,"173":0.0012348409893233791,"174":0.2521608876424701,"175":0.002469625919451157,"176":0.002469625919451157,"177":0.25092610271229576,"178":0.0037043828199112548,"179":0.24969131778226114,"180":0.0,"181":0.003087018384456813,"182":0.9962956171799723},"ranked":{"63":0.0,"163":0.005494505494505495,"180":0.01098901098901099,"35":0.016483516483516484,"46":0.02197802197802198,"134":0.027472527472527472,"142":0.03296703296703297,"169":0.038461538461538464,"61":0.04395604395604396,"110":0.04945054945054945,"120":0.054945054945054944,"131":0.06043956043956044,"153":0.06593406593406594,"113":0.07142857142857142,"116":0.07692307692307693,"118":0.08241758241758242,"121":0.08791208791208792,"56":0.09340659340659341,"72":0.0989010989010989,"96":0.1043956043956044,"75":0.10989010989010989,"109":0.11538461538461539,"39":0.12087912087912088,"16":0.12637362637362637,"17":0.13186813186813187,"28":0.13736263736263737,"173":0.14285714285714285,"10":0.14835164835164835,"36":0.15384615384615385,"68":0.15934065934065933,"32":0.16483516483516483,"83":0.17032967032967034,"60":0.17582417582417584,"86":0.1813186813186813,"146":0.18681318681318682,"148":0.19230769230769232,"151":0.1978021978021978,"157":0.2032967032967033,"167":0.2087912087912088,"111":0.21428571428571427,"41":0.21978021978021978,"98":0.22527472527472528,"1":0.23076923076923078,"139":0.23626373626373626,"11":0.24175824175824176,"47":0.24725274725274726,"49":0.25274725274725274,"133":0.25824175824175827,"62":0.26373626373626374,"43":0.2692307692307692,"93":0.27472527472527475,"81":0.2802197802197802,"24":0.2857142857142857,"95":0.29120879120879123,"15":0.2967032967032967,"101":0.3021978021978022,"166":0.3076923076923077,"44":0.3131868131868132,"55":0.31868131868131866,"127":0.3241758241758242,"175":0.32967032967032966,"176":0.33516483516483514,"58":0.34065934065934067,"99":0.34615384615384615,"76":0.3516483516483517,"80":0.35714285714285715,"40":0.3626373626373626,"147":0.36813186813186816,"164":0.37362637362637363,"132":0.3791208791208791,"18":0.38461538461538464,"27":0.3901098901098901,"38":0.3956043956043956,"51":0.4010989010989011,"12":0.4065934065934066,"145":0.41208791208791207,"7":0.4175824175824176,"181":0.4230769230769231,"104":0.42857142857142855,"112":0.4340659340659341,"31":0.43956043956043955,"178":0.44505494505494503,"6":0.45054945054945056,"50":0.45604395604395603,"0":0.46153846153846156,"152":0.46703296703296704,"168":0.4725274725274725,"128":0.47802197802197804,"159":0.4835164835164835,"30":0.489010989010989,"67":0.4945054945054945,"69":0.5,"66":0.5054945054945055,"138":0.510989010989011,"170":0.5164835164835165,"179":0.521978021978022,"126":0.5274725274725275,"3":0.532967032967033,"54":0.5384615384615384,"20":0.5439560439560439,"33":0.5494505494505495,"105":0.554945054945055,"117":0.5604395604395604,"29":0.5659340659340659,"85":0.5714285714285714,"19":0.5769230769230769,"13":0.5824175824175825,"172":0.5879120879120879,"42":0.5934065934065934,"79":0.5989010989010989,"108":0.6043956043956044,"84":0.6098901098901099,"103":0.6153846153846154,"177":0.6208791208791209,"156":0.6263736263736264,"4":0.6318681318681318,"135":0.6373626373626373,"78":0.6428571428571429,"77":0.6483516483516484,"130":0.6538461538461539,"137":0.6593406593406593,"162":0.6648351648351648,"150":0.6703296703296703,"171":0.6758241758241759,"73":0.6813186813186813,"89":0.6868131868131868,"125":0.6923076923076923,"129":0.6978021978021978,"122":0.7032967032967034,