{"name":"agd","num_of_nodes":120,"num_of_edges":369,"weight":"value","process_time":0.026885986328125,"data":{"0":0.02524698133918773,"1":0.5543358946212953,"2":0.05817782656421517,"3":0.01317233809001093,"4":0.008781558726673954,"5":0.21514818880351266,"6":0.4324917672886937,"7":0.5543358946212953,"8":0.1646542261251372,"9":0.15806805708013175,"10":0.01317233809001093,"11":0.13062568605927552,"12":0.031833150384193196,"13":0.04829857299670686,"14":0.3205268935236003,"15":0.3205268935236003,"16":0.01975850713501651,"17":0.3205268935236003,"18":0.11525795828759598,"19":0.14379802414928644,"20":0.5543358946212953,"21":0.0395170142700329,"22":0.553238199780461,"23":0.0790340285400658,"24":0.43139407244785943,"25":0.5543358946212953,"26":0.0790340285400658,"27":0.07025246981339185,"28":0.14818880351262342,"29":0.5499451152579583,"30":0.0,"31":0.11306256860592749,"32":0.5499451152579583,"33":0.10647639956092203,"34":0.09220636663007685,"35":0.0493962678375411,"36":0.5543358946212953,"37":0.04390779363336988,"38":0.03622392974753017,"39":0.06037321624588366,"40":0.26673984632272224,"41":0.03402854006586169,"42":0.6454445664105377,"43":0.5433589462129528,"44":0.6421514818880351,"45":0.26454445664105375,"46":0.0834248079034029,"47":0.18770581778265644,"48":0.5345773874862788,"49":0.265642151481888,"50":0.4390779363336992,"51":0.11964873765093308,"52":0.287596048298573,"53":0.15038419319429203,"54":0.09659714599341383,"55":0.8748627881448957,"56":0.6542261251372117,"57":0.287596048298573,"58":0.15257958287596052,"59":0.015367727771679418,"60":0.5411635565312843,"61":0.6388583973655323,"62":0.8748627881448957,"63":0.7508232711306256,"64":0.21514818880351266,"65":0.7530186608122942,"66":1.0,"67":0.6432491767288693,"68":0.15148188803512627,"69":0.8748627881448957,"70":0.34796926454445665,"71":0.21405049396267842,"72":0.5422612513721186,"73":0.17563117453347965,"74":0.11416026344676174,"75":1.0,"76":0.8748627881448957,"77":0.4445664105378704,"78":0.6421514818880351,"79":0.34687156970362243,"80":0.42919868276619094,"81":0.09879253567508232,"82":0.010976948408342442,"83":0.35016465422612514,"84":0.053787047200878194,"85":0.13062568605927552,"86":0.3150384193194291,"87":0.4281009879253567,"88":0.34577387486278816,"89":0.24698133918770585,"90":0.19209659714599342,"91":0.47310647639956094,"92":0.20526893523600434,"93":0.12843029637760703,"94":0.07793633369923157,"95":0.11635565312843034,"96":0.012074643249176686,"97":0.06366630076838639,"98":0.3117453347969264,"99":0.0790340285400658,"100":0.09549945115257959,"101":0.2360043907793633,"102":0.10208562019758505,"103":0.0691547749725576,"104":0.029637760702524708,"105":0.22941822173435783,"106":0.06256860592755215,"107":0.270032930845225,"108":0.46761800219538974,"109":0.4379802414928649,"110":0.07793633369923157,"111":0.0933040614709111,"112":0.09879253567508232,"113":0.04281009879253564,"114":0.19209659714599342,"115":0.4281009879253567,"116":0.11196487376509325,"117":0.0790340285400658,"118":0.15367727771679476,"119":0.09879253567508232},"ranked":{"30":0.0,"4":0.008403361344537815,"82":0.01680672268907563,"96":0.025210084033613446,"3":0.03361344537815126,"10":0.04201680672268908,"59":0.05042016806722689,"16":0.058823529411764705,"0":0.06722689075630252,"104":0.07563025210084033,"12":0.08403361344537816,"41":0.09243697478991597,"38":0.10084033613445378,"21":0.1092436974789916,"113":0.11764705882352941,"37":0.12605042016806722,"13":0.13445378151260504,"35":0.14285714285714285,"84":0.15126050420168066,"2":0.15966386554621848,"39":0.16806722689075632,"106":0.17647058823529413,"97":0.18487394957983194,"103":0.19327731092436976,"27":0.20168067226890757,"94":0.21008403361344538,"110":0.2184873949579832,"23":0.226890756302521,"26":0.23529411764705882,"99":0.24369747899159663,"117":0.25210084033613445,"46":0.2605042016806723,"34":0.2689075630252101,"111":0.2773109243697479,"100":0.2857142857142857,"54":0.29411764705882354,"81":0.3025210084033613,"112":0.31092436974789917,"119":0.31932773109243695,"102":0.3277310924369748,"33":0.33613445378151263,"116":0.3445378151260504,"31":0.35294117647058826,"74":0.36134453781512604,"18":0.3697478991596639,"95":0.37815126050420167,"51":0.3865546218487395,"93":0.3949579831932773,"11":0.40336134453781514,"85":0.4117647058823529,"19":0.42016806722689076,"28":0.42857142857142855,"53":0.4369747899159664,"68":0.44537815126050423,"58":0.453781512605042,"118":0.46218487394957986,"9":0.47058823529411764,"8":0.4789915966386555,"73":0.48739495798319327,"47":0.4957983193277311,"90":0.5042016806722689,"114":0.5126050420168067,"92":0.5210084033613446,"71":0.5294117647058824,"5":0.5378151260504201,"64":0.5462184873949579,"105":0.5546218487394958,"101":0.5630252100840336,"89":0.5714285714285714,"45":0.5798319327731093,"49":0.5882352941176471,"40":0.5966386554621849,"107":0.6050420168067226,"52":0.6134453781512605,"57":0.6218487394957983,"98":0.6302521008403361,"86":0.6386554621848739,"14":0.6470588235294118,"15":0.6554621848739496,"17":0.6638655462184874,"88":0.6722689075630253,"79":0.680672268907563,"70":0.6890756302521008,"83":0.6974789915966386,"87":0.7058823529411765,"115":0.7142857142857143,"80":0.7226890756302521,"24":0.7310924369747899,"6":0.7394957983193278,"109":0.7478991596638656,"50":0.7563025210084033,"77":0.7647058823529411,"108":0.773109243697479,"91":0.7815126050420168,"48":0.7899159663865546,"60":0.7983193277310925,"72":0.8067226890756303,"43":0.8151260504201681,"29":0.8235294117647058,"32":0.8319327731092437,"22":0.8403361344537815,"1":0.8487394957983193,"7":0.8571428571428571,"20":0.865546218487395,"25":0.8739495798319328,"36":0.8823529411764706,"61":0.8907563025210085,"44":0.8991596638655462,"78":0.907563025210084,"67":0.9159663865546218,"42":0.9243697478991597,"56":0.9327731092436975,"63":0.9411764705882353,"65":0.9495798319327731,"55":0.957983193277311,"62":0.9663865546218487,"69":0.9747899159663865,"76":0.9831932773109243,"66":0.9915966386554622,"75":1.0}}