{"name":"agd","num_of_nodes":123,"num_of_edges":392,"weight":"value","process_time":0.036453962326049805,"data":{"0":0.6368563685636857,"1":0.2154471544715447,"2":0.16937669376693765,"3":0.5609756097560977,"4":0.1775067750677507,"5":0.06639566395663962,"6":0.12601626016260167,"7":0.28997289972899737,"8":0.2845528455284553,"9":0.31978319783197834,"10":0.09349593495934962,"11":0.45121951219512196,"12":0.26151761517615174,"13":0.5108401084010841,"14":0.37262872628726296,"15":0.4688346883468836,"16":0.3943089430894309,"17":0.6124661246612467,"18":0.3604336043360435,"19":0.22764227642276422,"20":0.2845528455284553,"21":0.2845528455284553,"22":0.48102981029810304,"23":0.34146341463414637,"24":0.2330623306233063,"25":0.2601626016260163,"26":0.5108401084010841,"27":0.33062330623306235,"28":0.19783197831978325,"29":0.3130081300813009,"30":0.5094850948509487,"31":0.2154471544715447,"32":0.08943089430894316,"33":0.24796747967479676,"34":0.09349593495934962,"35":0.6368563685636857,"36":0.2818428184281843,"37":0.3794037940379404,"38":0.6097560975609757,"39":0.38888888888888895,"40":0.19105691056910568,"41":0.018970189701897077,"42":0.5745257452574526,"43":0.20189701897018972,"44":0.8577235772357725,"45":0.3279132791327914,"46":0.7235772357723579,"47":0.35636856368563685,"48":0.8441734417344173,"49":0.7073170731707318,"50":0.5772357723577235,"51":0.2452574525745258,"52":0.22764227642276422,"53":1.0,"54":0.16531165311653118,"55":0.2818428184281843,"56":0.05691056910569109,"57":0.8577235772357725,"58":0.09891598915989155,"59":0.45799457994579956,"60":0.7032520325203252,"61":0.7073170731707318,"62":0.44444444444444453,"63":0.7303523035230352,"64":0.23848238482384823,"65":0.7073170731707318,"66":0.8577235772357725,"67":0.11653116531165315,"68":0.3401084010840109,"69":0.20731707317073178,"70":0.5772357723577235,"71":0.3279132791327914,"72":0.5853658536585367,"73":0.7168021680216803,"74":0.42547425474254746,"75":0.24254742547425484,"76":0.7289972899728998,"77":0.7154471544715447,"78":0.5758807588075882,"79":0.7303523035230352,"80":0.24254742547425484,"81":1.0,"82":0.11653116531165315,"83":0.2777777777777779,"84":0.3441734417344174,"85":0.17886178861788618,"86":0.11111111111111106,"87":0.19647696476964777,"88":0.26287262872628725,"89":0.12872628726287266,"90":0.18021680216802166,"91":0.11653116531165315,"92":0.07588075880758802,"93":0.19918699186991873,"94":0.37398373983739847,"95":0.15989159891598925,"96":0.13143631436314362,"97":0.21002710027100277,"98":0.14227642276422764,"99":0.5013550135501355,"100":0.0555555555555556,"101":0.33604336043360444,"102":0.5487804878048782,"103":0.16666666666666666,"104":0.44444444444444453,"105":0.1124661246612467,"106":0.21680216802168017,"107":0.20731707317073178,"108":0.42005420054200554,"109":0.14769647696476973,"110":0.3170731707317074,"111":0.5501355013550135,"112":0.39295392953929537,"113":0.14769647696476973,"114":0.0,"115":0.1246612466124662,"116":0.1585365853658536,"117":0.44579945799458004,"118":0.4417344173441734,"119":0.3956639566395665,"120":0.19376693766937667,"121":0.060975609756097546,"122":0.18021680216802166},"ranked":{"114":0.0,"41":0.00819672131147541,"100":0.01639344262295082,"56":0.02459016393442623,"121":0.03278688524590164,"5":0.040983606557377046,"92":0.04918032786885246,"32":0.05737704918032787,"10":0.06557377049180328,"34":0.07377049180327869,"58":0.08196721311475409,"86":0.09016393442622951,"105":0.09836065573770492,"67":0.10655737704918032,"82":0.11475409836065574,"91":0.12295081967213115,"115":0.13114754098360656,"6":0.13934426229508196,"89":0.14754098360655737,"96":0.1557377049180328,"98":0.16393442622950818,"109":0.1721311475409836,"113":0.18032786885245902,"116":0.1885245901639344,"95":0.19672131147540983,"54":0.20491803278688525,"103":0.21311475409836064,"2":0.22131147540983606,"4":0.22950819672131148,"85":0.23770491803278687,"90":0.2459016393442623,"122":0.2540983606557377,"40":0.26229508196721313,"120":0.27049180327868855,"87":0.2786885245901639,"28":0.28688524590163933,"93":0.29508196721311475,"43":0.30327868852459017,"69":0.3114754098360656,"107":0.319672131147541,"97":0.32786885245901637,"1":0.3360655737704918,"31":0.3442622950819672,"106":0.3524590163934426,"19":0.36065573770491804,"52":0.36885245901639346,"24":0.3770491803278688,"64":0.38524590163934425,"75":0.39344262295081966,"80":0.4016393442622951,"51":0.4098360655737705,"33":0.4180327868852459,"25":0.4262295081967213,"12":0.4344262295081967,"88":0.4426229508196721,"83":0.45081967213114754,"36":0.45901639344262296,"55":0.4672131147540984,"8":0.47540983606557374,"20":0.48360655737704916,"21":0.4918032786885246,"7":0.5,"29":0.5081967213114754,"110":0.5163934426229508,"9":0.5245901639344263,"45":0.5327868852459017,"71":0.5409836065573771,"27":0.5491803278688525,"101":0.5573770491803278,"68":0.5655737704918032,"23":0.5737704918032787,"84":0.5819672131147541,"47":0.5901639344262295,"18":0.5983606557377049,"14":0.6065573770491803,"94":0.6147540983606558,"37":0.6229508196721312,"39":0.6311475409836066,"112":0.639344262295082,"16":0.6475409836065574,"119":0.6557377049180327,"108":0.6639344262295082,"74":0.6721311475409836,"118":0.680327868852459,"62":0.6885245901639344,"104":0.6967213114754098,"117":0.7049180327868853,"11":0.7131147540983607,"59":0.7213114754098361,"15":0.7295081967213115,"22":0.7377049180327869,"99":0.7459016393442623,"30":0.7540983606557377,"13":0.7622950819672131,"26":0.7704918032786885,"102":0.7786885245901639,"111":0.7868852459016393,"3":0.7950819672131147,"42":0.8032786885245902,"78":0.8114754098360656,"50":0.819672131147541,"70":0.8278688524590164,"72":0.8360655737704918,"38":0.8442622950819673,"17":0.8524590163934426,"0":0.860655737704918,"35":0.8688524590163934,"60":0.8770491803278688,"49":0.8852459016393442,"61":0.8934426229508197,"65":0.9016393442622951,"77":0.9098360655737705,"73":0.9180327868852459,"46":0.9262295081967213,"76":0.9344262295081968,"63":0.9426229508196722,"79":0.9508196721311475,"48":0.9590163934426229,"44":0.9672131147540983,"57":0.9754098360655737,"66":0.9836065573770492,"53":0.9918032786885246,"81":1.0}}