{"name":"fiedler","normalized":false,"weight":"value","num_of_nodes":123,"num_of_edges":392,"process_time":0.047009944915771484,"data":{"0":0.0006065642344697204,"1":0.032030365880605455,"2":0.030879682696074023,"3":0.001387891741481347,"4":0.11146600701679485,"5":0.14386650526611167,"6":0.05251163179562158,"7":0.027380810797202386,"8":0.02689635905463416,"9":0.013848217785678362,"10":0.1541662039370037,"11":0.008347727974229006,"12":0.09365681690961587,"13":0.0042343255322378195,"14":0.025297384519386186,"15":0.005422378061085849,"16":0.010174987555686162,"17":0.0,"18":0.011504492826960104,"19":0.033010494867685494,"20":0.10072047877937751,"21":0.10072047877937751,"22":0.004266715072855699,"23":0.011539118136345167,"24":0.08139578154605183,"25":0.026175783882344494,"26":0.0042343255322378195,"27":0.013638083276673452,"28":0.13830724132136502,"29":0.05146360735823997,"30":0.002851019053010156,"31":0.032030365880605455,"32":0.1488107902700227,"33":0.01888396873427787,"34":0.15416620393700364,"35":0.0006065642344692285,"36":0.03883468749683005,"37":0.02582165364187374,"38":0.0009437634697552494,"39":0.013538375516957657,"40":0.12433428446977703,"41":0.40385131247461026,"42":0.9417082741112927,"43":0.6829633310773588,"44":0.9975023924239378,"45":0.7794647556907187,"46":0.9873567117218782,"47":0.8097512042740289,"48":0.99215876341968,"49":0.9894181467639994,"50":0.9773037225313715,"51":0.7524276414694566,"52":0.6813418586601713,"53":1.0,"54":0.6642078614283706,"55":0.70526867526132,"56":0.5319094451416668,"57":0.9967760872971324,"58":0.5852651395868937,"59":0.879551430361056,"60":0.9754646210490084,"61":0.986367731294028,"62":0.9172544319532712,"63":0.9523359422541019,"64":0.7207591014367812,"65":0.9751639991859286,"66":0.9975023924239378,"67":0.6076810108913318,"68":0.8232341455701844,"69":0.6329692877531078,"70":0.9773037225313715,"71":0.7794647556907187,"72":0.9391307677646721,"73":0.9906677358346024,"74":0.8333881237923374,"75":0.706033499098617,"76":0.9508118857687319,"77":0.9538661021154755,"78":0.9525661024328324,"79":0.9505182083579407,"80":0.72706128503061,"81":1.0,"82":0.4175746373596657,"83":0.21667377825908382,"84":0.17154761529297843,"85":0.3968011806541344,"86":0.6184768417046606,"87":0.3362122517216741,"88":0.19338853836647693,"89":0.3298633686695078,"90":0.32957065771479715,"91":0.3903749989800779,"92":0.4068666935649075,"93":0.26496835649591166,"94":0.12501223209171589,"95":0.5384203521054977,"96":0.46059475643805725,"97":0.3786248769484586,"98":0.4219607765220597,"99":0.13854803781789857,"100":0.3321972342850669,"101":0.16453299576565852,"102":0.14365893117971693,"103":0.46296065461354285,"104":0.14920696273610792,"105":0.441176475895764,"106":0.3109461083104174,"107":0.2938037416244378,"108":0.14294643805550764,"109":0.49821371551718785,"110":0.15471455094086844,"111":0.14259853311763368,"112":0.14548415602310696,"113":0.3680781175704257,"114":0.22205494767966874,"115":0.31361140206289434,"116":0.3563350412253679,"117":0.1556494415683462,"118":0.14999298266041966,"119":0.15040464419999375,"120":0.41906413199455983,"121":0.4407212760958613,"122":0.3958030960351652},"ranked":{"17":0.0,"35":0.00819672131147541,"0":0.01639344262295082,"38":0.02459016393442623,"3":0.03278688524590164,"30":0.040983606557377046,"13":0.04918032786885246,"26":0.05737704918032787,"22":0.06557377049180328,"15":0.07377049180327869,"11":0.08196721311475409,"16":0.09016393442622951,"18":0.09836065573770492,"23":0.10655737704918032,"39":0.11475409836065574,"27":0.12295081967213115,"9":0.13114754098360656,"33":0.13934426229508196,"14":0.14754098360655737,"37":0.1557377049180328,"25":0.16393442622950818,"8":0.1721311475409836,"7":0.18032786885245902,"2":0.1885245901639344,"1":0.19672131147540983,"31":0.20491803278688525,"19":0.21311475409836064,"36":0.22131147540983606,"29":0.22950819672131148,"6":0.23770491803278687,"24":0.2459016393442623,"12":0.2540983606557377,"20":0.26229508196721313,"21":0.27049180327868855,"4":0.2786885245901639,"40":0.28688524590163933,"94":0.29508196721311475,"28":0.30327868852459017,"99":0.3114754098360656,"111":0.319672131147541,"108":0.32786885245901637,"102":0.3360655737704918,"5":0.3442622950819672,"112":0.3524590163934426,"32":0.36065573770491804,"104":0.36885245901639346,"118":0.3770491803278688,"119":0.38524590163934425,"34":0.39344262295081966,"10":0.4016393442622951,"110":0.4098360655737705,"117":0.4180327868852459,"101":0.4262295081967213,"84":0.4344262295081967,"88":0.4426229508196721,"83":0.45081967213114754,"114":0.45901639344262296,"93":0.4672131147540984,"107":0.47540983606557374,"106":0.48360655737704916,"115":0.4918032786885246,"90":0.5,"89":0.5081967213114754,"100":0.5163934426229508,"87":0.5245901639344263,"116":0.5327868852459017,"113":0.5409836065573771,"97":0.5491803278688525,"91":0.5573770491803278,"122":0.5655737704918032,"85":0.5737704918032787,"41":0.5819672131147541,"92":0.5901639344262295,"82":0.5983606557377049,"120":0.6065573770491803,"98":0.6147540983606558,"121":0.6229508196721312,"105":0.6311475409836066,"96":0.639344262295082,"103":0.6475409836065574,"109":0.6557377049180327,"56":0.6639344262295082,"95":0.6721311475409836,"58":0.680327868852459,"67":0.6885245901639344,"86":0.6967213114754098,"69":0.7049180327868853,"54":0.7131147540983607,"52":0.7213114754098361,"43":0.7295081967213115,"55":0.7377049180327869,"75":0.7459016393442623,"64":0.7540983606557377,"80":0.7622950819672131,"51":0.7704918032786885,"71":0.7786885245901639,"45":0.7868852459016393,"47":0.7950819672131147,"68":0.8032786885245902,"74":0.8114754098360656,"59":0.819672131147541,"62":0.8278688524590164,"72":0.8360655737704918,"42":0.8442622950819673,"79":0.8524590163934426,"76":0.860655737704918,"63":0.8688524590163934,"78":0.8770491803278688,"77":0.8852459016393442,"65":0.8934426229508197,"60":0.9016393442622951,"70":0.9098360655737705,"50":0.9180327868852459,"61":0.9262295081967213,"46":0.9344262295081968,"49":0.9426229508196722,"73":0.9508196721311475,"48":0.9590163934426229,"57":0.9672131147540983,"44":0.9754098360655737,"66":0.9836065573770492,"53":0.9918032786885246,"81":1.0}}