{"name":"fiedler","normalized":true,"weight":"value","num_of_nodes":180,"num_of_edges":559,"process_time":0.03598499298095703,"data":{"0":0.1479300842722343,"1":0.20603052771215552,"2":0.20896123356769417,"3":0.23589798284764768,"4":0.3289789542204417,"5":0.15916256330190223,"6":0.3289789542204828,"7":0.3695943866557872,"8":0.35696033168307006,"9":0.3955792714235097,"10":0.19712943082527373,"11":0.410959353295888,"12":0.2332610691124655,"13":0.2330580016113071,"14":0.2624939462457676,"15":0.32897895422048834,"16":0.22329533422557962,"17":0.41071807347841954,"18":0.1802041520510047,"19":0.38600613488141616,"20":0.20349481013932838,"21":0.3757011490361618,"22":0.2131545148762604,"23":0.3832574920661631,"24":0.1721119765738619,"25":0.14774120564797896,"26":0.2643182302759047,"27":0.36959438666386685,"28":0.3757011490362238,"29":0.253899916867958,"30":0.13021763537872963,"31":0.3757011490361727,"32":0.23589798284754607,"33":0.19695468494042934,"34":0.2060305277120729,"35":0.16296140988351582,"36":0.19342157027204251,"37":0.20863371580345394,"38":0.20826773846826171,"39":0.38482415982589224,"40":0.38886557305163094,"41":0.2549131854067483,"42":0.1625772183971799,"43":0.33459163475652,"44":0.1716009874192896,"45":0.2624024043077561,"46":0.25118301015059413,"47":0.1781776059681497,"48":0.1931203187600976,"49":0.15792325707352947,"50":0.3919187830779104,"51":0.3848241598259215,"52":0.15720339256016985,"53":0.2989330312016172,"54":0.1971294308252847,"55":0.3289789542204713,"56":0.4420778830827257,"57":0.09364527889318507,"58":0.20581039432446663,"59":0.2514040474784696,"60":0.10480303463180765,"61":0.11707633153921095,"62":0.08533410550298066,"63":0.09196376358303636,"64":0.05788566411388898,"65":0.08534786474069647,"66":0.09426689486530646,"67":0.7431558818446243,"68":0.07237822031879575,"69":0.08519954353183071,"70":0.10942812970460472,"71":0.7861285828205221,"72":0.10480303463181517,"73":0.12295599293776228,"74":0.05880556321161459,"75":0.7638516267874327,"76":0.025545264054976504,"77":0.0942668948657108,"78":0.12050319270514674,"79":0.11306101737797376,"80":0.7178097570206662,"81":0.7424969273862044,"82":0.013377655579328745,"83":0.08533410550300335,"84":0.01088726334140218,"85":0.0035587643093537243,"86":0.05364331515541416,"87":0.7138094896603542,"88":0.7177768640985919,"89":0.7627526624715164,"90":0.13698209406228862,"91":0.11722753124076292,"92":0.07237822031909431,"93":0.1144944466849916,"94":0.7177768640986806,"95":0.7177768640986404,"96":0.11651713739300672,"97":0.0,"98":0.1123613960970315,"99":0.11236139609699797,"100":0.7666689723191417,"101":0.13050038511201842,"102":0.7228776309922388,"103":0.7651942623620986,"104":0.05207645886721812,"105":0.7672308389243784,"106":0.04305462744961397,"107":0.11236139609698553,"108":0.11374842099960891,"109":0.029514884120579076,"110":0.11855434192963096,"111":0.10606478420349673,"112":0.7893297452486626,"113":0.06237669428020731,"114":0.07914844925635378,"115":0.08496262876633479,"116":0.11251924163546029,"117":0.015978407673483498,"118":0.08718487721232679,"119":0.11707633153921962,"120":0.8210129554949224,"121":0.7431134698790399,"122":0.7232776004391489,"123":0.8033860081318458,"124":0.8848445916840509,"125":0.7282523825417666,"126":0.8021190774190438,"127":0.6956584012789548,"128":0.8847441781477985,"129":0.9734803678241168,"130":0.8581725110734355,"131":0.803002668802964,"132":0.7596668723293026,"133":0.8628751482047503,"134":0.7711897408230733,"135":0.7532864798949691,"136":0.9640206738412985,"137":0.7117831491548547,"138":0.8016733821381336,"139":0.6309379664038606,"140":0.9193966048721013,"141":0.9265435142957236,"142":0.6980136222887283,"143":0.7993063944684902,"144":0.8021190774190264,"145":0.8847239241153425,"146":0.8322991290744216,"147":0.19067024229549145,"148":0.7703762180772272,"149":0.7720753698107266,"150":0.8503216614466531,"151":0.8394672258275508,"152":0.8030026688027219,"153":0.9132089006914373,"154":0.8207897794890906,"155":0.8068063075523267,"156":0.8394672258275625,"157":0.8778363693496504,"158":0.8662042713426038,"159":0.9649951734972335,"160":0.8316436162792533,"161":0.9255124381903519,"162":0.8032239047214902,"163":0.7274529644043575,"164":0.7936466542960453,"165":0.8218131165595262,"166":0.9368687021383534,"167":0.862018983125549,"168":0.8322991290747146,"169":0.8612879915562685,"170":0.8398598075322419,"171":0.9330238751744568,"172":0.9078880649228632,"173":0.8791733943232378,"174":0.6849100599741675,"175":0.9255229583469099,"176":0.7548288901271023,"177":0.999999999999986,"178":0.8233459161229448,"179":1.0},"ranked":{"97":0.0,"85":0.00558659217877095,"84":0.0111731843575419,"82":0.01675977653631285,"117":0.0223463687150838,"76":0.027932960893854747,"109":0.0335195530726257,"106":0.03910614525139665,"104":0.0446927374301676,"86":0.05027932960893855,"64":0.055865921787709494,"74":0.061452513966480445,"113":0.0670391061452514,"68":0.07262569832402235,"92":0.0782122905027933,"114":0.08379888268156424,"115":0.0893854748603352,"69":0.09497206703910614,"62":0.1005586592178771,"83":0.10614525139664804,"65":0.11173184357541899,"118":0.11731843575418995,"63":0.12290502793296089,"57":0.12849162011173185,"66":0.1340782122905028,"77":0.13966480446927373,"60":0.1452513966480447,"72":0.15083798882681565,"111":0.1564245810055866,"70":0.16201117318435754,"107":0.16759776536312848,"99":0.17318435754189945,"98":0.1787709497206704,"116":0.18435754189944134,"79":0.18994413407821228,"108":0.19553072625698323,"93":0.2011173184357542,"96":0.20670391061452514,"61":0.2122905027932961,"119":0.21787709497206703,"91":0.22346368715083798,"110":0.22905027932960895,"78":0.2346368715083799,"73":0.24022346368715083,"30":0.24581005586592178,"101":0.25139664804469275,"90":0.2569832402234637,"25":0.26256983240223464,"0":0.2681564245810056,"52":0.2737430167597765,"49":0.27932960893854747,"5":0.2849162011173184,"42":0.2905027932960894,"35":0.29608938547486036,"44":0.3016759776536313,"24":0.30726256983240224,"47":0.3128491620111732,"18":0.31843575418994413,"147":0.3240223463687151,"48":0.329608938547486,"36":0.33519553072625696,"33":0.3407821229050279,"10":0.3463687150837989,"54":0.35195530726256985,"20":0.3575418994413408,"58":0.36312849162011174,"34":0.3687150837988827,"1":0.3743016759776536,"38":0.37988826815642457,"37":0.3854748603351955,"2":0.39106145251396646,"22":0.39664804469273746,"16":0.4022346368715084,"13":0.40782122905027934,"12":0.4134078212290503,"32":0.41899441340782123,"3":0.4245810055865922,"46":0.4301675977653631,"59":0.43575418994413406,"29":0.441340782122905,"41":0.44692737430167595,"45":0.45251396648044695,"14":0.4581005586592179,"26":0.46368715083798884,"53":0.4692737430167598,"4":0.4748603351955307,"55":0.48044692737430167,"6":0.4860335195530726,"15":0.49162011173184356,"43":0.4972067039106145,"8":0.5027932960893855,"7":0.5083798882681564,"27":0.5139664804469274,"21":0.5195530726256983,"31":0.5251396648044693,"28":0.5307262569832403,"23":0.5363128491620112,"39":0.5418994413407822,"51":0.547486033519553,"19":0.553072625698324,"40":0.5586592178770949,"50":0.5642458100558659,"9":0.5698324022346368,"17":0.5754189944134078,"11":0.5810055865921788,"56":0.5865921787709497,"139":0.5921787709497207,"174":0.5977653631284916,"127":0.6033519553072626,"142":0.6089385474860335,"137":0.6145251396648045,"87":0.6201117318435754,"88":0.6256983240223464,"95":0.6312849162011173,"94":0.6368715083798883,"80":0.6424581005586593,"102":0.6480446927374302,"122":0.6536312849162011,"163":0.659217877094972,"125":0.664804469273743,"81":0.6703910614525139,"121":0.6759776536312849,"67":0.6815642458100558,"135":0.6871508379888268,"176":0.6927374301675978,"132":0.6983240223463687,"89":0.7039106145251397,"75":0.7094972067039106,"103":0.7150837988826816,"100":0.7206703910614525,"105":0.7262569832402235,"148":0.7318435754189944,"134":0.7374301675977654,"149":0.7430167597765364,"71":0.7486033519553073,"112":0.7541899441340782,"164":0.7597765363128491,"143":0.7653631284916201,"138":0.770949720670391,"144":0.776536312849162,