{"name":"density","eps":0.5,"weight":"value","num_of_nodes":108,"num_of_edges":211,"process_time":0.008841991424560547,"data":{"0":0.666666828415649,"1":0.33744426934334937,"2":0.0041109484523861985,"3":0.335799957150437,"4":0.0016443868462959412,"5":0.6650222176092953,"6":0.33744434399673295,"7":0.3349779316973789,"8":0.33415568228435605,"9":0.002466561606121277,"10":0.004110985778876371,"11":0.0008222867397921653,"12":0.33415553297755785,"13":0.0016444241729101916,"14":0.0008222867397921653,"15":0.0016443121927882643,"16":0.6642001175029156,"17":0.0016443121927882643,"18":0.33497778239061166,"19":0.3333334328712712,"20":0.0008222494131779148,"21":0.3341557942643539,"22":0.0,"23":0.6642001175029156,"24":0.0032886990390842055,"25":0.0016443868462959412,"26":0.33580006913043486,"27":0.003288624385669587,"28":0.0,"29":0.3358001437838805,"30":0.3341557942643539,"31":0.0,"32":0.0032888110191751133,"33":0.0008222494131779148,"34":0.6691332033882647,"35":0.667488965848798,"36":0.0032887363657915147,"37":0.6666667537622963,"38":0.003288736365946612,"39":0.33497774506402844,"40":0.0032888110190200156,"41":0.0032888110190200156,"42":0.665022180282588,"43":0.0016443868461718631,"44":1.0,"45":0.6683110659550846,"46":0.0016442748660499356,"47":0.6666666417822364,"48":0.33415545832414323,"49":0.33497767041064486,"50":0.6674888538686761,"51":0.33415553297755785,"52":0.0008221001062866392,"53":0.0024665616059351596,"54":0.33333332089108725,"55":0.002466598932611449,"56":0.6650223295894172,"57":0.3357999198237917,"58":0.3341553836707596,"59":0.0032888483456963054,"60":0.0024665242792278504,"61":0.6642000055227937,"62":0.003288661712376896,"63":0.6666667910889726,"64":0.6699553034945513,"65":0.0024664122991369425,"66":0.6674888538686451,"67":0.9991778252402367,"68":0.006577472731396912,"69":0.3341555703042651,"70":0.6658445416758568,"71":0.6658445043491494,"72":0.0008221747597632965,"73":0.0032888856725276925,"74":0.6658443177156129,"75":0.9967111143274413,"76":0.0016442748660499356,"77":0.665022180282588,"78":0.9958889768944164,"79":0.0024664496257822124,"80":0.0032887736924367846,"81":0.6658445043490875,"82":0.6666666044555292,"83":0.0024664122991369425,"84":0.0016442748660499356,"85":0.9999999626732616,"86":0.33333324623761057,"87":0.0016443121928503034,"88":0.6642000428494389,"89":0.0016443121928503034,"90":0.6658443177156129,"91":0.0008221747596081989,"92":0.0008221747596081989,"93":0.9975334010673576,"94":0.0016443495194645539,"95":0.00493312321180828,"96":0.3357998451704081,"97":0.6699553034945204,"98":0.33497759575723024,"99":0.6683111032817299,"100":0.3366220572567236,"101":0.6658443923690586,"102":0.0016443121927572448,"103":0.0016443495194645539,"104":0.0016443121926952057,"105":0.0016443121926952057,"106":0.6658445043490875,"107":0.0032888483457893638},"ranked":{"22":0.0,"28":0.009345794392523364,"31":0.018691588785046728,"52":0.028037383177570093,"91":0.037383177570093455,"92":0.04672897196261682,"72":0.056074766355140186,"20":0.06542056074766354,"33":0.07476635514018691,"11":0.08411214953271028,"14":0.09345794392523364,"46":0.102803738317757,"76":0.11214953271028037,"84":0.12149532710280374,"104":0.1308411214953271,"105":0.14018691588785046,"102":0.14953271028037382,"15":0.1588785046728972,"17":0.16822429906542055,"87":0.17757009345794392,"89":0.18691588785046728,"94":0.19626168224299065,"103":0.205607476635514,"43":0.21495327102803738,"4":0.22429906542056074,"25":0.2336448598130841,"13":0.24299065420560748,"65":0.2523364485981308,"83":0.2616822429906542,"79":0.27102803738317754,"60":0.2803738317757009,"53":0.2897196261682243,"9":0.29906542056074764,"55":0.308411214953271,"27":0.3177570093457944,"62":0.32710280373831774,"24":0.3364485981308411,"36":0.34579439252336447,"38":0.35514018691588783,"80":0.3644859813084112,"40":0.37383177570093457,"41":0.38317757009345793,"32":0.3925233644859813,"59":0.40186915887850466,"107":0.411214953271028,"73":0.4205607476635514,"2":0.42990654205607476,"10":0.4392523364485981,"95":0.4485981308411215,"68":0.45794392523364486,"86":0.4672897196261682,"54":0.4766355140186916,"19":0.48598130841121495,"58":0.4953271028037383,"48":0.5046728971962616,"12":0.514018691588785,"51":0.5233644859813084,"69":0.5327102803738317,"8":0.5420560747663551,"21":0.5514018691588785,"30":0.5607476635514018,"98":0.5700934579439252,"49":0.5794392523364486,"39":0.5887850467289719,"18":0.5981308411214953,"7":0.6074766355140186,"96":0.616822429906542,"57":0.6261682242990654,"3":0.6355140186915887,"26":0.6448598130841121,"29":0.6542056074766355,"100":0.6635514018691588,"1":0.6728971962616822,"6":0.6822429906542056,"61":0.6915887850467289,"88":0.7009345794392523,"16":0.7102803738317757,"23":0.719626168224299,"42":0.7289719626168224,"77":0.7383177570093458,"5":0.7476635514018691,"56":0.7570093457943925,"74":0.7663551401869159,"90":0.7757009345794392,"101":0.7850467289719626,"81":0.794392523364486,"106":0.8037383177570093,"71":0.8130841121495327,"70":0.822429906542056,"82":0.8317757009345794,"47":0.8411214953271028,"37":0.8504672897196262,"63":0.8598130841121495,"0":0.8691588785046729,"66":0.8785046728971962,"50":0.8878504672897196,"35":0.897196261682243,"45":0.9065420560747663,"99":0.9158878504672897,"34":0.9252336448598131,"97":0.9345794392523364,"64":0.9439252336448598,"78":0.9532710280373832,"75":0.9626168224299065,"93":0.9719626168224299,"67":0.9813084112149533,"85":0.9906542056074766,"44":1.0}}