{"name":"agd","num_of_nodes":105,"num_of_edges":322,"weight":"value","process_time":0.014409065246582031,"data":{"0":0.7529411764705882,"1":0.6176470588235294,"2":0.5862745098039215,"3":0.4980392156862745,"4":0.5764705882352941,"5":0.5098039215686274,"6":0.7294117647058824,"7":0.5627450980392157,"8":0.5882352941176471,"9":0.7529411764705882,"10":0.6490196078431372,"11":0.7470588235294117,"12":0.46862745098039216,"13":0.6196078431372548,"14":0.8509803921568627,"15":0.5352941176470588,"16":0.5313725490196078,"17":0.711764705882353,"18":0.5745098039215686,"19":0.6352941176470587,"20":0.46862745098039216,"21":0.4980392156862745,"22":0.5058823529411764,"23":0.6313725490196077,"24":0.7392156862745097,"25":0.6411764705882352,"26":0.711764705882353,"27":0.7784313725490196,"28":0.5137254901960784,"29":0.5529411764705883,"30":0.6529411764705881,"31":0.8235294117647058,"32":0.5725490196078431,"33":0.43725490196078426,"34":0.8274509803921568,"35":0.02941176470588234,"36":0.033333333333333326,"37":0.01568627450980391,"38":0.03137254901960784,"39":0.02156862745098038,"40":0.7352941176470588,"41":0.08039215686274508,"42":0.02941176470588234,"43":0.0019607843137254832,"44":0.05294117647058823,"45":0.04901960784313726,"46":0.04509803921568627,"47":0.03529411764705881,"48":0.027450980392156855,"49":0.039215686274509796,"50":0.02156862745098038,"51":0.7784313725490196,"52":0.06470588235294117,"53":0.05294117647058823,"54":0.04117647058823528,"55":0.7352941176470588,"56":0.017647058823529415,"57":0.009803921568627439,"58":0.0,"59":0.4568627450980391,"60":0.0588235294117647,"61":0.025490196078431372,"62":0.06666666666666665,"63":0.009803921568627439,"64":0.027450980392156855,"65":0.039215686274509796,"66":0.7352941176470588,"67":0.005882352941176472,"68":0.017647058823529415,"69":0.08039215686274508,"70":0.7568627450980392,"71":0.5862745098039215,"72":0.5901960784313725,"73":0.8725490196078431,"74":0.5823529411764705,"75":0.4549019607843137,"76":0.4901960784313726,"77":0.5627450980392157,"78":0.6352941176470587,"79":0.5882352941176471,"80":0.9882352941176471,"81":0.511764705882353,"82":0.996078431372549,"83":0.5352941176470588,"84":0.7549019607843138,"85":0.7588235294117648,"86":0.8686274509803922,"87":0.7509803921568626,"88":0.6235294117647058,"89":0.6,"90":1.0,"91":0.5862745098039215,"92":0.6352941176470587,"93":0.9862745098039215,"94":0.6470588235294118,"95":0.6,"96":0.584313725490196,"97":0.45098039215686275,"98":0.8725490196078431,"99":0.8607843137254902,"100":0.7588235294117648,"101":0.5588235294117646,"102":0.9901960784313725,"103":0.5823529411764705,"104":0.6490196078431372},"ranked":{"58":0.0,"43":0.009615384615384616,"67":0.019230769230769232,"57":0.028846153846153848,"63":0.038461538461538464,"37":0.04807692307692308,"56":0.057692307692307696,"68":0.0673076923076923,"39":0.07692307692307693,"50":0.08653846153846154,"61":0.09615384615384616,"48":0.10576923076923077,"64":0.11538461538461539,"35":0.125,"42":0.1346153846153846,"38":0.14423076923076922,"36":0.15384615384615385,"47":0.16346153846153846,"49":0.17307692307692307,"65":0.18269230769230768,"54":0.19230769230769232,"46":0.20192307692307693,"45":0.21153846153846154,"44":0.22115384615384615,"53":0.23076923076923078,"60":0.2403846153846154,"52":0.25,"62":0.25961538461538464,"41":0.2692307692307692,"69":0.27884615384615385,"33":0.28846153846153844,"97":0.2980769230769231,"75":0.3076923076923077,"59":0.3173076923076923,"12":0.3269230769230769,"20":0.33653846153846156,"76":0.34615384615384615,"3":0.3557692307692308,"21":0.36538461538461536,"22":0.375,"5":0.38461538461538464,"81":0.3942307692307692,"28":0.40384615384615385,"16":0.41346153846153844,"15":0.4230769230769231,"83":0.4326923076923077,"29":0.4423076923076923,"101":0.4519230769230769,"7":0.46153846153846156,"77":0.47115384615384615,"32":0.4807692307692308,"18":0.49038461538461536,"4":0.5,"74":0.5096153846153846,"103":0.5192307692307693,"96":0.5288461538461539,"2":0.5384615384615384,"71":0.5480769230769231,"91":0.5576923076923077,"8":0.5673076923076923,"79":0.5769230769230769,"72":0.5865384615384616,"89":0.5961538461538461,"95":0.6057692307692307,"1":0.6153846153846154,"13":0.625,"88":0.6346153846153846,"23":0.6442307692307693,"19":0.6538461538461539,"78":0.6634615384615384,"92":0.6730769230769231,"25":0.6826923076923077,"94":0.6923076923076923,"10":0.7019230769230769,"104":0.7115384615384616,"30":0.7211538461538461,"17":0.7307692307692307,"26":0.7403846153846154,"6":0.75,"40":0.7596153846153846,"55":0.7692307692307693,"66":0.7788461538461539,"24":0.7884615384615384,"11":0.7980769230769231,"87":0.8076923076923077,"0":0.8173076923076923,"9":0.8269230769230769,"84":0.8365384615384616,"70":0.8461538461538461,"85":0.8557692307692307,"100":0.8653846153846154,"27":0.875,"51":0.8846153846153846,"31":0.8942307692307693,"34":0.9038461538461539,"14":0.9134615384615384,"99":0.9230769230769231,"86":0.9326923076923077,"73":0.9423076923076923,"98":0.9519230769230769,"93":0.9615384615384616,"80":0.9711538461538461,"102":0.9807692307692307,"82":0.9903846153846154,"90":1.0}}