{"name":"agd","num_of_nodes":165,"num_of_edges":511,"weight":"value","process_time":0.05689692497253418,"data":{"0":0.5558475689881732,"1":0.0420499342969775,"2":0.2601839684625492,"3":0.05781865965834414,"4":0.650459921156373,"5":0.41524310118265434,"6":0.9553219448094609,"7":0.5059132720105125,"8":0.9132720105124836,"9":0.07884362680683299,"10":0.2181340341655715,"11":0.28120893561103805,"12":0.8817345597897503,"13":0.2522996057818658,"14":0.9553219448094609,"15":0.3823915900131404,"16":0.7897503285151115,"17":0.5321944809461233,"18":0.3850197109067016,"19":0.22864651773981592,"20":0.11300919842312727,"21":0.06701708278580806,"22":0.1773981603153743,"23":0.73850197109067,"24":0.178712220762155,"25":0.34034165571616287,"26":0.5256241787122208,"27":0.2969776609724047,"28":0.9540078843626804,"29":0.07884362680683299,"30":0.41524310118265434,"31":0.7647831800262812,"32":0.3823915900131404,"33":0.4625492772667541,"34":0.8134034165571614,"35":0.4875164257555846,"36":0.026281208935610867,"37":0.7555847568988172,"38":0.3416557161629434,"39":0.6465177398160314,"40":0.3758212877792377,"41":0.18922470433639943,"42":0.1314060446780551,"43":1.0,"44":0.1695137976346911,"45":0.2115637319316688,"46":0.16162943495400786,"47":0.09329829172141912,"48":0.05519053876478313,"49":0.8856767411300919,"50":0.2102496714848883,"51":0.1261498028909329,"52":0.5781865965834425,"53":0.09592641261498012,"54":0.3850197109067016,"55":0.07490144546649129,"56":0.32720105124835724,"57":0.06044678055190534,"58":0.06176084099868585,"59":0.06176084099868585,"60":0.03153745072273308,"61":0.2667542706964519,"62":0.34034165571616287,"63":0.24441524310118257,"64":0.22864651773981592,"65":0.5453350854139287,"66":0.5440210249671482,"67":0.36530880420499323,"68":0.15243101182654395,"69":0.1603153745072272,"70":0.05650459921156364,"71":0.2667542706964519,"72":0.2115637319316688,"73":0.11826544021024948,"74":0.5479632063074902,"75":0.22864651773981592,"76":0.04730617608409972,"77":0.18396846254927723,"78":0.24178712220762136,"79":0.3495400788436266,"80":0.4809461235216819,"81":0.3377135348226017,"82":0.14454664914586055,"83":0.11169513797634677,"84":0.35479632063074884,"85":0.0867279894875164,"86":0.37187910643889616,"87":0.48226018396846243,"88":0.2614980289093297,"89":0.568988173455979,"90":0.37187910643889616,"91":0.09067017082785792,"92":0.32194480946123505,"93":0.3889618922470433,"94":0.04862023653088041,"95":0.18396846254927723,"96":0.32194480946123505,"97":0.11300919842312727,"98":0.37187910643889616,"99":0.7529566360052562,"100":0.07095926412614977,"101":0.568988173455979,"102":0.3823915900131404,"103":0.07884362680683299,"104":0.5676741130091981,"105":0.16425755584756888,"106":0.1261498028909329,"107":0.07095926412614977,"108":0.32063074901445454,"109":0.0854139290407357,"110":0.1366622864651773,"111":0.1721419185282521,"112":0.20630749014454658,"113":0.28777923784494075,"114":0.3377135348226017,"115":0.2181340341655715,"116":0.14191852825229953,"117":0.3521681997371878,"118":0.6241787122207622,"119":0.14454664914586055,"120":0.03810775295663599,"121":0.11826544021024948,"122":0.03810775295663599,"123":0.6268068331143232,"124":0.2680683311432324,"125":0.02365308804204986,"126":0.1760840998685938,"127":0.07884362680683299,"128":0.13403416557161613,"129":0.14191852825229953,"130":0.18791064388961873,"131":0.3180026281208935,"132":0.31931668856767403,"133":0.6241787122207622,"134":0.16557161629434938,"135":0.3455978975032851,"136":0.0880420499342969,"137":0.14848883048620223,"138":0.24178712220762136,"139":0.0,"140":0.2746386333771351,"141":0.45203679369250965,"142":0.15243101182654395,"143":0.19185282522996044,"144":0.1248357424441524,"145":0.14323258869908004,"146":0.03285151116951378,"147":0.02890932982917207,"148":0.5545335085413927,"149":0.34034165571616287,"150":0.18134034165571603,"151":0.33377135348226,"152":0.05650459921156364,"153":0.44283837056504594,"154":0.18002628120893552,"155":0.010512483574244232,"156":0.44546649145860695,"157":0.3705650459921155,"158":0.1274638633377134,"159":0.4599211563731931,"160":0.22076215505913252,"161":0.3377135348226017,"162":0.06701708278580806,"163":0.4678055190538763,"164":0.254927726675427},"ranked":{"139":0.0,"155":0.006097560975609756,"125":0.012195121951219513,"36":0.018292682926829267,"147":0.024390243902439025,"60":0.03048780487804878,"146":0.036585365853658534,"120":0.042682926829268296,"122":0.04878048780487805,"1":0.054878048780487805,"76":0.06097560975609756,"94":0.06707317073170732,"48":0.07317073170731707,"70":0.07926829268292683,"152":0.08536585365853659,"3":0.09146341463414634,"57":0.0975609756097561,"58":0.10365853658536585,"59":0.10975609756097561,"21":0.11585365853658537,"162":0.12195121951219512,"100":0.12804878048780488,"107":0.13414634146341464,"55":0.1402439024390244,"9":0.14634146341463414,"29":0.1524390243902439,"103":0.15853658536585366,"127":0.16463414634146342,"109":0.17073170731707318,"85":0.17682926829268292,"136":0.18292682926829268,"91":0.18902439024390244,"47":0.1951219512195122,"53":0.20121951219512196,"83":0.2073170731707317,"20":0.21341463414634146,"97":0.21951219512195122,"73":0.22560975609756098,"121":0.23170731707317074,"144":0.23780487804878048,"51":0.24390243902439024,"106":0.25,"158":0.25609756097560976,"42":0.2621951219512195,"128":0.2682926829268293,"110":0.27439024390243905,"116":0.2804878048780488,"129":0.2865853658536585,"145":0.2926829268292683,"82":0.29878048780487804,"119":0.3048780487804878,"137":0.31097560975609756,"68":0.3170731707317073,"142":0.3231707317073171,"69":0.32926829268292684,"46":0.3353658536585366,"105":0.34146341463414637,"134":0.3475609756097561,"44":0.35365853658536583,"111":0.3597560975609756,"126":0.36585365853658536,"22":0.3719512195121951,"24":0.3780487804878049,"154":0.38414634146341464,"150":0.3902439024390244,"77":0.39634146341463417,"95":0.4024390243902439,"130":0.40853658536585363,"41":0.4146341463414634,"143":0.42073170731707316,"112":0.4268292682926829,"50":0.4329268292682927,"45":0.43902439024390244,"72":0.4451219512195122,"10":0.45121951219512196,"115":0.4573170731707317,"160":0.4634146341463415,"19":0.4695121951219512,"64":0.47560975609756095,"75":0.4817073170731707,"78":0.4878048780487805,"138":0.49390243902439024,"63":0.5,"13":0.5060975609756098,"164":0.5121951219512195,"2":0.5182926829268293,"88":0.524390243902439,"61":0.5304878048780488,"71":0.5365853658536586,"124":0.5426829268292683,"140":0.5487804878048781,"11":0.5548780487804879,"113":0.5609756097560976,"27":0.5670731707317073,"131":0.573170731707317,"132":0.5792682926829268,"108":0.5853658536585366,"92":0.5914634146341463,"96":0.5975609756097561,"56":0.6036585365853658,"151":0.6097560975609756,"81":0.6158536585365854,"114":0.6219512195121951,"161":0.6280487804878049,"25":0.6341463414634146,"62":0.6402439024390244,"149":0.6463414634146342,"38":0.6524390243902439,"135":0.6585365853658537,"79":0.6646341463414634,"117":0.6707317073170732,"84":0.676829268292683,"67":0.6829268292682927,"157":0.6890243902439024,"86":0.6951219512195121,"90":0.7012195121951219,"98":0.7073170731707317,"40":0.7134146341463414,"15":0.7195121951219512,"32":0.725609756097561,"102":0.7317073170731707,"18":0.7378048780487805,"54":0.7439024390243902,"93":0.75,"5":0.7560975609756098,"30":0.7621951219512195,"153":0.7682926829268293,"156":0.774390243902439,"141":0.7804878048780488,"159":0.7865853658536586,"33":0.7926829268292683,"163":0.7987804878048781,"80":0.8048780487804879,"87":0.8109756097560976,"35":0.8170731707317073,"7":0.823170731707317,"26":0.8292682926829268,"17":0.8353658536585366,"66":0.8414634146341463,"65":0.8475609756097561,"74":0.8536585365853658,"148":0.8597560975609756,"0":0.8658536585365854,"104":0.8719512195121951,"89":0.8780487804878049,"101":0.8841463414634146,"52":0.8902439024390244,"118":0.8963414634146342,"133":0.9024390243902439,"123":0.9085365853658537,"39":0.9146341463414634,"4":0.9207317073170732,"23":0.926829268292683,"99":0.9329268292682927,"37":0.9390243902439024,"31":0.9451219512195121,