{"name":"agd","num_of_nodes":135,"num_of_edges":259,"weight":"value","process_time":0.012255191802978516,"data":{"0":0.14705882352941177,"1":0.10924369747899156,"2":0.3235294117647059,"3":0.21428571428571436,"4":0.35714285714285715,"5":0.4663865546218487,"6":0.1302521008403361,"7":0.092436974789916,"8":0.4789915966386554,"9":0.6302521008403362,"10":0.5588235294117648,"11":0.46218487394957997,"12":0.1176470588235294,"13":0.1302521008403361,"14":0.4327731092436976,"15":0.04621848739495794,"16":0.19747899159663868,"17":0.05042016806722692,"18":0.00840336134453784,"19":0.17226890756302515,"20":0.45798319327731096,"21":0.05882352941176476,"22":0.22689075630252106,"23":0.14705882352941177,"24":0.4789915966386554,"25":0.3487394957983194,"26":0.07142857142857145,"27":0.02941176470588238,"28":0.13445378151260506,"29":0.6302521008403362,"30":0.06722689075630248,"31":0.6260504201680673,"32":0.4831932773109244,"33":0.6176470588235295,"34":0.0,"35":0.17647058823529416,"36":0.24369747899159663,"37":0.1176470588235294,"38":0.273109243697479,"39":0.4033613445378152,"40":0.5588235294117648,"41":0.33613445378151263,"42":0.05042016806722692,"43":0.4957983193277311,"44":0.05042016806722692,"45":0.5462184873949582,"46":0.11344537815126053,"47":0.10924369747899156,"48":0.7436974789915968,"49":0.273109243697479,"50":0.4117647058823529,"51":0.16386554621848745,"52":0.5756302521008405,"53":0.4411764705882353,"54":0.7478991596638656,"55":0.10924369747899156,"56":0.2857142857142857,"57":0.8739495798319328,"58":0.11344537815126053,"59":0.8739495798319328,"60":0.4243697478991596,"61":0.0798319327731093,"62":0.5840336134453782,"63":0.21848739495798322,"64":0.5798319327731092,"65":0.15966386554621848,"66":0.7478991596638656,"67":0.3235294117647059,"68":0.22689075630252106,"69":0.20588235294117652,"70":0.2647058823529412,"71":0.10924369747899156,"72":0.21008403361344538,"73":0.35714285714285715,"74":0.17647058823529416,"75":0.4453781512605043,"76":0.8739495798319328,"77":0.5882352941176472,"78":0.7016806722689077,"79":0.3235294117647059,"80":0.7521008403361346,"81":0.33193277310924374,"82":0.07142857142857145,"83":0.7478991596638656,"84":0.5840336134453782,"85":0.2226890756302521,"86":0.16806722689075632,"87":0.4243697478991596,"88":0.24369747899159663,"89":0.15126050420168063,"90":0.5966386554621849,"91":0.5882352941176472,"92":0.3655462184873951,"93":0.35294117647058815,"94":0.184873949579832,"95":0.3277310924369748,"96":0.25210084033613445,"97":0.3277310924369748,"98":0.24369747899159663,"99":0.4831932773109244,"100":0.5672268907563025,"101":0.7563025210084034,"102":0.22689075630252106,"103":0.20588235294117652,"104":0.20588235294117652,"105":0.9117647058823531,"106":0.43697478991596633,"107":0.5462184873949582,"108":0.7394957983193279,"109":0.35714285714285715,"110":0.21008403361344538,"111":0.676470588235294,"112":1.0,"113":0.180672268907563,"114":0.6134453781512605,"115":0.3445378151260505,"116":0.5378151260504201,"117":0.4663865546218487,"118":0.4663865546218487,"119":0.180672268907563,"120":0.9117647058823531,"121":0.17647058823529416,"122":0.6092436974789917,"123":0.273109243697479,"124":0.46218487394957997,"125":1.0,"126":0.4915966386554623,"127":0.39915966386554624,"128":0.638655462184874,"129":0.6050420168067226,"130":0.827731092436975,"131":0.29411764705882354,"132":1.0,"133":0.1932773109243697,"134":0.680672268907563},"ranked":{"34":0.0,"18":0.007462686567164179,"27":0.014925373134328358,"15":0.022388059701492536,"17":0.029850746268656716,"42":0.03731343283582089,"44":0.04477611940298507,"21":0.05223880597014925,"30":0.05970149253731343,"26":0.06716417910447761,"82":0.07462686567164178,"61":0.08208955223880597,"7":0.08955223880597014,"1":0.09701492537313433,"47":0.1044776119402985,"55":0.11194029850746269,"71":0.11940298507462686,"46":0.12686567164179105,"58":0.13432835820895522,"12":0.1417910447761194,"37":0.14925373134328357,"6":0.15671641791044777,"13":0.16417910447761194,"28":0.17164179104477612,"0":0.1791044776119403,"23":0.1865671641791045,"89":0.19402985074626866,"65":0.20149253731343283,"51":0.208955223880597,"86":0.21641791044776118,"19":0.22388059701492538,"35":0.23134328358208955,"74":0.23880597014925373,"121":0.2462686567164179,"113":0.2537313432835821,"119":0.26119402985074625,"94":0.26865671641791045,"133":0.27611940298507465,"16":0.2835820895522388,"69":0.291044776119403,"103":0.29850746268656714,"104":0.30597014925373134,"72":0.31343283582089554,"110":0.3208955223880597,"3":0.3283582089552239,"63":0.3358208955223881,"85":0.34328358208955223,"22":0.35074626865671643,"68":0.3582089552238806,"102":0.3656716417910448,"36":0.373134328358209,"88":0.3805970149253731,"98":0.3880597014925373,"96":0.39552238805970147,"70":0.40298507462686567,"38":0.41044776119402987,"49":0.417910447761194,"123":0.4253731343283582,"56":0.43283582089552236,"131":0.44029850746268656,"2":0.44776119402985076,"67":0.4552238805970149,"79":0.4626865671641791,"95":0.4701492537313433,"97":0.47761194029850745,"81":0.48507462686567165,"41":0.4925373134328358,"115":0.5,"25":0.5074626865671642,"93":0.5149253731343284,"4":0.5223880597014925,"73":0.5298507462686567,"109":0.5373134328358209,"92":0.5447761194029851,"127":0.5522388059701493,"39":0.5597014925373134,"50":0.5671641791044776,"60":0.5746268656716418,"87":0.582089552238806,"14":0.5895522388059702,"106":0.5970149253731343,"53":0.6044776119402985,"75":0.6119402985074627,"20":0.6194029850746269,"11":0.6268656716417911,"124":0.6343283582089553,"5":0.6417910447761194,"117":0.6492537313432836,"118":0.6567164179104478,"8":0.664179104477612,"24":0.6716417910447762,"32":0.6791044776119403,"99":0.6865671641791045,"126":0.6940298507462687,"43":0.7014925373134329,"116":0.7089552238805971,"45":0.7164179104477612,"107":0.7238805970149254,"10":0.7313432835820896,"40":0.7388059701492538,"100":0.746268656716418,"52":0.753731343283582,"64":0.7611940298507462,"62":0.7686567164179104,"84":0.7761194029850746,"77":0.7835820895522388,"91":0.7910447761194029,"90":0.7985074626865671,"129":0.8059701492537313,"122":0.8134328358208955,"114":0.8208955223880597,"33":0.8283582089552238,"31":0.835820895522388,"9":0.8432835820895522,"29":0.8507462686567164,"128":0.8582089552238806,"111":0.8656716417910447,"134":0.8731343283582089,"78":0.8805970149253731,"108":0.8880597014925373,"48":0.8955223880597015,"54":0.9029850746268657,"66":0.9104477611940298,"83":0.917910447761194,"80":0.9253731343283582,"101":0.9328358208955224,"130":0.9402985074626866,"57":0.9477611940298507,"59":0.9552238805970149,"76":0.9626865671641791,"105":0.9701492537313433,"120":0.9776119402985075,"112":0.9850746268656716,"125":0.9925373134328358,"132":1.0}}