{"name":"density","eps":0.5,"weight":"value","num_of_nodes":150,"num_of_edges":297,"process_time":0.014430046081542969,"data":{"0":0.750928578145355,"1":0.0037135820078433054,"2":0.0006190052653631848,"3":0.5012379824316529,"4":0.25154749911363766,"5":0.0018567910039450038,"6":0.2515474429157475,"7":0.253404121523772,"8":0.25154744291577086,"9":2.8098921745837064e-08,"10":0.0012378981345957168,"11":0.004332502976231094,"12":0.7515474429158059,"13":0.00123787003565062,"14":0.0006190052653631848,"15":0.0024757962692848376,"16":0.5018569033999238,"17":0.0024757681702930385,"18":0.2509285500463749,"19":0.25092852194742976,"20":0.0012378981345957168,"21":0.0024757962692147843,"22":0.2521663638840652,"23":0.0012380667284064041,"24":2.8098921745837064e-08,"25":0.25030946048415303,"26":0.0012379824315477625,"27":0.0012380105303994552,"28":0.004951452043540627,"29":0.7515473586188305,"30":0.25154744291577086,"31":2.8098921745837064e-08,"32":0.00123787003565062,"33":0.25278525675339114,"34":0.2527853129513514,"35":0.25154733051980366,"36":0.0012379824315477625,"37":0.5012379262335525,"38":0.0030946891385173693,"39":0.0030947172375325196,"40":0.7527852848523946,"41":0.25278531295128137,"42":0.0012380105303994552,"43":0.004951508241454172,"44":0.0018568753008036455,"45":0.25216625148816807,"46":0.7496906519118142,"47":0.0037136101069752104,"48":0.2515475272126762,"49":0.00123787003565062,"50":0.25154744291577086,"51":0.00247588056616683,"52":0.5018567629049182,"53":0.7515473586187604,"54":0.0012379543325559635,"55":0.002475880566050075,"56":0.5012380105304112,"57":0.003713722502732247,"58":0.001856987696630735,"59":0.5043324748771576,"60":0.0012379543325092615,"61":0.0012378700356272688,"62":0.0012379543324859104,"63":0.25154741481668563,"64":0.751547386717799,"65":0.501856875300862,"66":0.7521663076859999,"67":0.2540230986899566,"68":0.502475768170258,"69":0.7515473867177755,"70":0.5012379262335759,"71":0.003094717237439115,"72":0.0030946329404870697,"73":0.2521664200818854,"74":0.5018567629049182,"75":0.0030947172374858173,"76":0.5030947172374975,"77":0.2515473586186787,"78":0.2503095728800502,"79":0.0024757400711377824,"80":0.5012378700355689,"81":0.749690623812799,"82":0.5006190052652582,"83":0.2509284657493294,"84":0.25216633578512015,"85":0.0024757400711377824,"86":0.001856959597685638,"87":1.0,"88":0.001856987696630735,"89":0.25340423391952904,"90":0.2534041496226237,"91":0.0024757400711844847,"92":0.0018568472017884954,"93":0.25216625148802796,"94":0.0012379543325092615,"95":0.0024757681702229856,"96":0.5018568191029018,"97":0.0030947453364309143,"98":0.250928437650431,"99":0.2509284657493294,"100":0.5000000280990035,"101":0.0030947453364776165,"102":0.25340429011760607,"103":0.25216639198298696,"104":0.24969059571379554,"105":0.5030948577323631,"106":0.0030947734355161174,"107":0.2521664481810173,"108":0.0030947453364776165,"109":0.25216625148814475,"110":0.5012378981345841,"111":0.750309516682195,"112":0.5012378981345841,"113":0.25216625148814475,"114":0.25092840955146256,"115":0.24969059571379554,"116":0.5024758524672334,"117":0.2509285500463982,"118":0.25278531295132806,"119":0.0012379824315477625,"120":0.0030946610395022195,"121":0.5030948015344262,"122":0.0,"123":0.2527852567533678,"124":0.2509285500463982,"125":0.25216636388401853,"126":0.2527853410502965,"127":0.5006190333642966,"128":0.5043326153721166,"129":0.25216625148814475,"130":0.7534041496228455,"131":0.0012378981345723657,"132":0.25402301439305125,"133":0.5037136944037754,"134":0.2521664200820722,"135":0.25278528485249974,"136":0.5024758243682182,"137":0.004951508241524225,"138":0.5012379543326377,"139":0.0012379824315477625,"140":0.0018569033998654975,"141":0.2521664200820255,"142":0.0,"143":0.5024757400712428,"144":0.2527852848524063,"145":0.0024757681702229856,"146":0.0024758524671750315,"147":0.5030947734355278,"148":0.0024757400712545376,"149":0.5030948015345196},"ranked":{"122":0.0,"142":0.006711409395973154,"9":0.013422818791946308,"24":0.020134228187919462,"31":0.026845637583892617,"2":0.03355704697986577,"14":0.040268456375838924,"61":0.04697986577181208,"13":0.053691275167785234,"32":0.06040268456375839,"49":0.06711409395973154,"131":0.0738255033557047,"10":0.08053691275167785,"20":0.087248322147651,"62":0.09395973154362416,"60":0.10067114093959731,"94":0.10738255033557047,"54":0.11409395973154363,"26":0.12080536912751678,"36":0.12751677852348994,"119":0.1342281879194631,"139":0.14093959731543623,"27":0.1476510067114094,"42":0.15436241610738255,"23":0.1610738255033557,"5":0.16778523489932887,"92":0.174496644295302,"44":0.18120805369127516,"140":0.18791946308724833,"86":0.19463087248322147,"58":0.20134228187919462,"88":0.2080536912751678,"79":0.21476510067114093,"85":0.2214765100671141,"91":0.22818791946308725,"148":0.2348993288590604,"95":0.24161073825503357,"145":0.2483221476510067,"17":0.2550335570469799,"21":0.26174496644295303,"15":0.2684563758389262,"146":0.2751677852348993,"55":0.28187919463087246,"51":0.28859060402684567,"72":0.2953020134228188,"120":0.30201342281879195,"38":0.3087248322147651,"71":0.31543624161073824,"75":0.3221476510067114,"39":0.3288590604026846,"97":0.33557046979865773,"101":0.3422818791946309,"108":0.348993288590604,"106":0.35570469798657717,"1":0.3624161073825503,"47":0.3691275167785235,"57":0.37583892617449666,"11":0.3825503355704698,"28":0.38926174496644295,"43":0.3959731543624161,"137":0.40268456375838924,"104":0.40939597315436244,"115":0.4161073825503356,"25":0.4228187919463087,"78":0.42953020134228187,"114":0.436241610738255,"98":0.4429530201342282,"83":0.44966442953020136,"99":0.4563758389261745,"19":0.46308724832214765,"18":0.4697986577181208,"117":0.47651006711409394,"124":0.48322147651006714,"35":0.4899328859060403,"77":0.4966442953020134,"63":0.5033557046979866,"6":0.5100671140939598,"8":0.5167785234899329,"30":0.5234899328859061,"50":0.5302013422818792,"4":0.5369127516778524,"48":0.5436241610738255,"93":0.5503355704697986,"109":0.5570469798657718,"113":0.5637583892617449,"129":0.5704697986577181,"45":0.5771812080536913,"84":0.5838926174496645,"125":0.5906040268456376,"22":0.5973154362416108,"103":0.6040268456375839,"73":0.610738255033557,"141":0.6174496644295302,"134":0.6241610738255033,"107":0.6308724832214765,"123":0.6375838926174496,"33":0.6442953020134228,"144":0.6510067114093959,"135":0.6577181208053692,"41":0.6644295302013423,"118":0.6711409395973155,"34":0.6778523489932886,"126":0.6845637583892618,"7":0.6912751677852349,"90":0.697986577181208,"89":0.7046979865771812,"102":0.7114093959731543,"132":0.7181208053691275,"67":0.7248322147651006,"100":0.7315436241610739,"82":0.738255033557047,"127":0.7449664429530202,"80":0.7516778523489933,"110":0.7583892617449665,"112":0.7651006711409396,"37":0.7718120805369127,"70":0.7785234899328859,"138":0.785234899328859,"3":0.7919463087248322,"56":0.7986577181208053,"52":0.8053691275167785,"74":0.8120805369127517,"96":0.8187919463087249,"65":0.825503355704698,"16":0.8322147651006712,"143":0.8389261744966443,"68":0.8456375838926175,"136":0.8523489932885906,"116":0.8590604026845637,"76":0.8657718120805369,"147":0.87248322147651,"121":0.8791946308724832,"149":0.8859060402684564,"105":0.8926174496644296,"133":0.8993288590604027,"59":0.9060402684563759,"128":0.912751677852349,"81":0.9194630872483222,"46":0.9261744966442953,"111":0.9328859060402684,"0":0.9395973154362416,"53":0.9463087248322147,"29":0.9530201342281879,"69":0.959731543624161,"64":0.9664429530201343,"12":0.9731543624161074,"66":0.9798657718120806,"40":0.9865771812080537,"130":0.9932885906040269,"87":1.0}}