{"name":"pagerank","alpha":0.85,"weight":"value","num_of_nodes":117,"num_of_edges":226,"process_time":0.026669979095458984,"data":{"0":0.13915440933104228,"1":0.7200764297903484,"2":0.13597088435356022,"3":0.13255184965797903,"4":0.24167235057899597,"5":0.5550682680102011,"6":0.18139116947588657,"7":0.08371003119022304,"8":0.4907812781413824,"9":0.158106467212286,"10":0.4666098735682941,"11":0.4086150545739942,"12":0.18139116947588657,"13":0.3146503570034616,"14":0.20439103464927516,"15":0.3346611436782117,"16":0.13597088435356022,"17":0.24167235057899597,"18":0.5817957832933536,"19":0.24167235057899597,"20":0.38806216911677444,"21":0.20439103464927516,"22":0.3146503570034616,"23":0.19184137383534042,"24":0.05441122187570659,"25":0.42353660747930216,"26":0.43692364896811003,"27":0.35625356208074926,"28":0.1015537231235654,"29":0.09371488024264155,"30":0.19184137383534042,"31":0.1626577777442577,"32":0.8585014521348395,"33":0.49986301808724976,"34":0.38806216911677444,"35":0.18922859940295142,"36":0.7273481681059027,"37":0.6764376463087045,"38":0.8091837250594893,"39":0.8014490738583572,"40":0.689616655927894,"41":0.025185883326453978,"42":0.3957821633403793,"43":0.11083866728373926,"44":0.7870056550050527,"45":0.4790774172275624,"46":0.14008536051498258,"47":0.06272527210670056,"48":0.14226857281356023,"49":0.07196733594638348,"50":0.8326917208065779,"51":0.041856997224831,"52":0.0856563391237553,"53":0.16844346802879337,"54":0.64045649057037,"55":0.16921912263856584,"56":0.16080586077908265,"57":0.1711791639181042,"58":0.06272527210670056,"59":0.1329030353504196,"60":0.5786360149137552,"61":0.6624417382863433,"62":0.3082487079211638,"63":0.4429284743987025,"64":0.16844346802879337,"65":0.5908757453206175,"66":0.11739759155161857,"67":0.3099035841383212,"68":0.5786360149137552,"69":0.37578215003794313,"70":0.5335865802496423,"71":0.31675245561724885,"72":0.584968300490108,"73":0.6470896935861723,"74":0.1013656142567235,"75":0.2855763967628048,"76":0.04592068771019805,"77":0.0948211066077405,"78":0.28277935637149043,"79":0.604214330658079,"80":0.14788151812947367,"81":0.8265705023687046,"82":0.1352762708855928,"83":0.30694157519916876,"84":0.31580067627632324,"85":0.0914399341222023,"86":0.3368706858444465,"87":0.08515518223253468,"88":0.04386323591181083,"89":0.07556432308442745,"90":0.5098041048439503,"91":0.2784678022687086,"92":0.3542470292178685,"93":0.8803491549061281,"94":0.2881188240877304,"95":0.24504609605592653,"96":0.30694157519916876,"97":0.033762701226396706,"98":0.0,"99":0.030750401327813166,"100":0.05751885143169484,"101":0.5451014418448845,"102":0.5762179532630968,"103":1.0,"104":0.38066780486608015,"105":0.6323677977574996,"106":0.07556432308442745,"107":0.4975508409742594,"108":0.8111616909705189,"109":0.5511252560862209,"110":0.08940450539699549,"111":0.36362830467662166,"112":0.05827407815891248,"113":0.14788151812947367,"114":0.6165224469311288,"115":0.09589383230065394,"116":0.2881188240877304},"ranked":{"98":0.0,"41":0.008620689655172414,"99":0.017241379310344827,"97":0.02586206896551724,"51":0.034482758620689655,"88":0.04310344827586207,"76":0.05172413793103448,"24":0.0603448275862069,"100":0.06896551724137931,"112":0.07758620689655173,"47":0.08620689655172414,"58":0.09482758620689655,"49":0.10344827586206896,"89":0.11206896551724138,"106":0.1206896551724138,"7":0.12931034482758622,"87":0.13793103448275862,"52":0.14655172413793102,"110":0.15517241379310345,"85":0.16379310344827586,"29":0.1724137931034483,"77":0.1810344827586207,"115":0.1896551724137931,"74":0.19827586206896552,"28":0.20689655172413793,"43":0.21551724137931033,"66":0.22413793103448276,"3":0.23275862068965517,"59":0.2413793103448276,"82":0.25,"2":0.25862068965517243,"16":0.2672413793103448,"0":0.27586206896551724,"46":0.28448275862068967,"48":0.29310344827586204,"80":0.3017241379310345,"113":0.3103448275862069,"9":0.31896551724137934,"56":0.3275862068965517,"31":0.33620689655172414,"53":0.3448275862068966,"64":0.35344827586206895,"55":0.3620689655172414,"57":0.3706896551724138,"6":0.3793103448275862,"12":0.3879310344827586,"35":0.39655172413793105,"23":0.4051724137931034,"30":0.41379310344827586,"14":0.4224137931034483,"21":0.43103448275862066,"4":0.4396551724137931,"17":0.4482758620689655,"19":0.45689655172413796,"95":0.46551724137931033,"91":0.47413793103448276,"78":0.4827586206896552,"75":0.49137931034482757,"94":0.5,"116":0.5086206896551724,"83":0.5172413793103449,"96":0.5258620689655172,"62":0.5344827586206896,"67":0.5431034482758621,"13":0.5517241379310345,"22":0.5603448275862069,"84":0.5689655172413793,"71":0.5775862068965517,"15":0.5862068965517241,"86":0.5948275862068966,"92":0.603448275862069,"27":0.6120689655172413,"111":0.6206896551724138,"69":0.6293103448275862,"104":0.6379310344827587,"20":0.646551724137931,"34":0.6551724137931034,"42":0.6637931034482759,"11":0.6724137931034483,"25":0.6810344827586207,"26":0.6896551724137931,"63":0.6982758620689655,"10":0.7068965517241379,"45":0.7155172413793104,"8":0.7241379310344828,"107":0.7327586206896551,"33":0.7413793103448276,"90":0.75,"70":0.7586206896551724,"101":0.7672413793103449,"109":0.7758620689655172,"5":0.7844827586206896,"102":0.7931034482758621,"60":0.8017241379310345,"68":0.8103448275862069,"18":0.8189655172413793,"72":0.8275862068965517,"65":0.8362068965517241,"79":0.8448275862068966,"114":0.853448275862069,"105":0.8620689655172413,"54":0.8706896551724138,"73":0.8793103448275862,"61":0.8879310344827587,"37":0.896551724137931,"40":0.9051724137931034,"1":0.9137931034482759,"36":0.9224137931034483,"44":0.9310344827586207,"39":0.9396551724137931,"38":0.9482758620689655,"108":0.9568965517241379,"81":0.9655172413793104,"50":0.9741379310344828,"32":0.9827586206896551,"93":0.9913793103448276,"103":1.0}}