{"name":"fiedler","normalized":false,"weight":"value","num_of_nodes":198,"num_of_edges":611,"process_time":0.05504608154296875,"data":{"0":0.16388968450289906,"1":0.06747808726069282,"2":0.164479516018053,"3":0.00018955331035375904,"4":0.011261173347937787,"5":0.11903892682455196,"6":0.1683507294986758,"7":0.09274198395360915,"8":0.14855695252102774,"9":0.10124179376846307,"10":0.023426283099319958,"11":0.08649546376857904,"12":0.1050990008077073,"13":0.13272911071830218,"14":0.0011245710654142272,"15":0.07874958544579919,"16":0.034599580105897504,"17":0.062390542193080586,"18":0.007744442516827738,"19":0.0,"20":0.014909469799586583,"21":0.013087734368511714,"22":0.0027392575013595417,"23":0.011261173347937787,"24":0.06430060150328544,"25":0.05512800902205183,"26":0.02437277644389803,"27":0.01316714421625781,"28":0.050958762470623996,"29":0.01581069150560561,"30":0.033453449567298996,"31":0.07087006842297115,"32":0.15397995860211683,"33":0.0019973206027970986,"34":0.11477267499666084,"35":0.007192343505916864,"36":0.05510516591125959,"37":0.001975332208905572,"38":0.14922156368193365,"39":0.09303660596229006,"40":0.05300374443420512,"41":0.10276987216145546,"42":0.024372776443897966,"43":0.12499213357908576,"44":0.004347558538317411,"45":0.05809205585556928,"46":0.08338679698401373,"47":0.10103541996790028,"48":1.3188135660618173e-16,"49":0.05888241896300149,"50":0.1541671005676367,"51":0.14855695252102774,"52":0.1337883200977297,"53":0.021429825298055313,"54":0.0373880727831865,"55":0.1482537506226835,"56":0.008224626471695156,"57":0.007242749010495254,"58":0.10486375496578483,"59":0.14855695252102774,"60":0.00018955331035375904,"61":0.07976500314980822,"62":0.16714042825440822,"63":0.02437277644389803,"64":0.05809205585556928,"65":0.047710732615980155,"66":0.9586766964039884,"67":0.975704122965035,"68":0.6414583009135284,"69":0.9793295134808084,"70":0.7158561454175102,"71":0.8000859177135342,"72":0.971014732194837,"73":0.8399526808686723,"74":1.0,"75":0.8153710646465312,"76":0.8298537727824246,"77":0.7430150094316536,"78":0.6349411595348182,"79":0.8435624443952998,"80":0.7703341886528235,"81":0.9794251619904044,"82":0.9972470455151323,"83":1.0,"84":0.8669075864767087,"85":0.7718364617943307,"86":0.9488048518974508,"87":0.9830410780417919,"88":0.7391339211541647,"89":0.9518582648536841,"90":0.7232447442203748,"91":1.0,"92":0.9464095303266564,"93":0.7980600538214246,"94":0.9885136903642278,"95":0.9895038603195844,"96":0.8545037270478594,"97":0.9845604174012932,"98":0.8135288635847495,"99":0.9521832430403758,"100":0.8296420178444456,"101":0.8246492783789715,"102":0.9972470455151323,"103":0.6693097468451705,"104":0.9422531106811259,"105":0.9793295134808084,"106":0.852368897985195,"107":0.15038814008394097,"108":0.9312948455677584,"109":0.8558094855176241,"110":0.8186763995477153,"111":0.6852676169614088,"112":0.627736266859606,"113":0.6139412563536587,"114":0.8435624443952998,"115":0.9472496531502185,"116":0.7168179722723977,"117":0.8669075864767087,"118":0.7399387728004129,"119":0.9436556204633034,"120":0.8468090242436742,"121":0.750346860470121,"122":0.8193684665483432,"123":0.8082563670215923,"124":0.9972470455151324,"125":0.8334434237563364,"126":0.9715479059009163,"127":0.9845604174012933,"128":0.8304428983436424,"129":0.7332724130003856,"130":0.9686996976957741,"131":0.9187791091094557,"132":0.3603932376346376,"133":0.45896027614480245,"134":0.4211249481235101,"135":0.5434931550365665,"136":0.4093872806650559,"137":0.34399885927163615,"138":0.35011594793370954,"139":0.5259653201239823,"140":0.22951768913937665,"141":0.6794360885240398,"142":0.3444308282106584,"143":0.4039866056187881,"144":0.5218191780957138,"145":0.40737693140822767,"146":0.32360486226686186,"147":0.3470374359051663,"148":0.3338782540314138,"149":0.5190584459798397,"150":0.41772380930871167,"151":0.34760102485093797,"152":0.5045773773753771,"153":0.3328126455401216,"154":0.34399885927163615,"155":0.3225890886293134,"156":0.4234296489529904,"157":0.34920465963921055,"158":0.4563951214115405,"159":0.3360592977021892,"160":0.8797957518639064,"161":0.4682874430666318,"162":0.467551711873382,"163":0.5799580423800765,"164":0.3440576581220753,"165":0.40025345648122285,"166":0.3654725824127171,"167":0.5799580423800765,"168":0.35382469002571154,"169":0.4845155292994546,"170":0.5931175811811423,"171":0.34506355997573623,"172":0.52178206486553,"173":0.39239276846486865,"174":0.35344072499984147,"175":0.2768711546701084,"176":0.33327514786728224,"177":0.3452427734815615,"178":0.3369682469776289,"179":0.3423871794364568,"180":0.6109600740434126,"181":0.3379412287573174,"182":0.5413053551867013,"183":0.34440957155524565,"184":0.35267728081205024,"185":0.4922016024116452,"186":0.46569892950679065,"187":0.5088623673608803,"188":0.5536228912708846,"189":0.48535041086892416,"190":0.36168244503792296,"191":0.5521273832901269,"192":0.37657189799295937,"193":0.5376514649807063,"194":0.3430076996248589,"195":0.34406346576168234,"196":0.4991404930137602,"197":0.34399885927163615},"ranked":{"19":0.0,"48":0.005076142131979695,"3":0.01015228426395939,"60":0.015228426395939087,"14":0.02030456852791878,"37":0.025380710659898477,"33":0.030456852791878174,"22":0.03553299492385787,"44":0.04060913705583756,"35":0.04568527918781726,"57":0.050761421319796954,"18":0.05583756345177665,"56":0.06091370558375635,"4":0.06598984771573604,"23":0.07106598984771574,"21":0.07614213197969544,"27":0.08121827411167512,"20":0.08629441624365482,"29":0.09137055837563451,"53":0.09644670050761421,"10":0.10152284263959391,"42":0.1065989847715736,"26":0.1116751269035533,"63":0.116751269035533,"30":0.1218274111675127,"16":0.12690355329949238,"54":0.1319796954314721,"65":0.13705583756345177,"28":0.14213197969543148,"40":0.14720812182741116,"36":0.15228426395939088,"25":0.15736040609137056,"45":0.16243654822335024,"64":0.16751269035532995,"49":0.17258883248730963,"17":0.17766497461928935,"24":0.18274111675126903,"1":0.18781725888324874,"31":0.19289340101522842,"15":0.19796954314720813,"61":0.20304568527918782,"46":0.20812182741116753,"11":0.2131979695431472,"7":0.2182741116751269,"39":0.2233502538071066,"47":0.22842639593908629,"9":0.233502538071066,"41":0.23857868020304568,"58":0.2436548223350254,"12":0.24873096446700507,"34":0.25380710659898476,"5":0.25888324873096447,"43":0.2639593908629442,"13":0.26903553299492383,"52":0.27411167512690354,"55":0.27918781725888325,"8":0.28426395939086296,"51":0.2893401015228426,"59":0.29441624365482233,"38":0.29949238578680204,"107":0.30456852791878175,"32":0.3096446700507614,"50":0.3147208121827411,"0":0.3197969543147208,"2":0.3248730964467005,"62":0.3299492385786802,"6":0.3350253807106599,"140":0.3401015228426396,"175":0.34517766497461927,"155":0.350253807106599,"146":0.3553299492385787,"153":0.3604060913705584,"176":0.36548223350253806,"148":0.37055837563451777,"159":0.3756345177664975,"178":0.38071065989847713,"181":0.38578680203045684,"179":0.39086294416243655,"194":0.39593908629441626,"154":0.4010152284263959,"197":0.40609137055837563,"137":0.41116751269035534,"164":0.41624365482233505,"195":0.4213197969543147,"183":0.4263959390862944,"142":0.43147208121827413,"171":0.4365482233502538,"177":0.4416243654822335,"147":0.4467005076142132,"151":0.4517766497461929,"157":0.45685279187817257,"138":0.4619289340101523,"184":0.467005076142132,"174":0.4720812182741117,"168":0.47715736040609136,"132":0.48223350253807107,"190":0.4873096446700508,"166":0.49238578680203043,"192":0.49746192893401014,"173":0.5025380710659898,"165":0.5076142131979695,"143":0.5126903553299492,"145":0.5177664974619289,"136":0.5228426395939086,"150":0.5279187817258884,"134":0.5329949238578681,"156":0.5380710659898477,"158":0.5431472081218274,"133":0.5482233502538071,"186":0.5532994923857868,"162":0.5583756345177665,"161":0.5634517766497462,"169":0.5685279187817259,"189":0.5736040609137056,"185":0.5786802030456852,"196":0.583756345177665,"152":0.5888324873096447,"187":0.5939086294416244,"149":0.5989847715736041,