{"name":"eccentricity","num_of_nodes":144,"num_of_edges":284,"process_time":0.01948404312133789,"data":{"0":0.35294117647058826,"1":0.5882352941176471,"2":0.29411764705882354,"3":0.17647058823529413,"4":0.5882352941176471,"5":0.11764705882352941,"6":0.11764705882352941,"7":0.29411764705882354,"8":0.5882352941176471,"9":0.6470588235294118,"10":0.5882352941176471,"11":0.47058823529411764,"12":0.4117647058823529,"13":0.23529411764705882,"14":0.17647058823529413,"15":0.47058823529411764,"16":0.058823529411764705,"17":0.47058823529411764,"18":0.35294117647058826,"19":0.17647058823529413,"20":0.23529411764705882,"21":0.23529411764705882,"22":0.5294117647058824,"23":0.058823529411764705,"24":0.5294117647058824,"25":0.0,"26":0.35294117647058826,"27":0.11764705882352941,"28":0.058823529411764705,"29":0.23529411764705882,"30":0.29411764705882354,"31":0.47058823529411764,"32":0.4117647058823529,"33":0.29411764705882354,"34":0.4117647058823529,"35":0.23529411764705882,"36":0.47058823529411764,"37":0.29411764705882354,"38":0.4117647058823529,"39":0.5294117647058824,"40":0.47058823529411764,"41":0.11764705882352941,"42":0.5294117647058824,"43":0.29411764705882354,"44":0.17647058823529413,"45":0.4117647058823529,"46":0.17647058823529413,"47":0.47058823529411764,"48":0.29411764705882354,"49":0.17647058823529413,"50":0.9411764705882353,"51":0.8823529411764706,"52":0.7647058823529411,"53":0.9411764705882353,"54":0.8823529411764706,"55":0.6470588235294118,"56":0.9411764705882353,"57":0.17647058823529413,"58":0.23529411764705882,"59":0.5294117647058824,"60":0.8235294117647058,"61":0.17647058823529413,"62":0.7647058823529411,"63":0.47058823529411764,"64":0.23529411764705882,"65":0.8823529411764706,"66":0.6470588235294118,"67":0.4117647058823529,"68":0.9411764705882353,"69":0.5882352941176471,"70":0.5294117647058824,"71":0.11764705882352941,"72":0.5294117647058824,"73":0.8235294117647058,"74":0.47058823529411764,"75":0.4117647058823529,"76":1.0,"77":0.6470588235294118,"78":0.29411764705882354,"79":0.7058823529411765,"80":0.5882352941176471,"81":0.7058823529411765,"82":0.9411764705882353,"83":0.058823529411764705,"84":0.5294117647058824,"85":0.9411764705882353,"86":0.35294117647058826,"87":0.11764705882352941,"88":0.17647058823529413,"89":0.5882352941176471,"90":0.4117647058823529,"91":0.6470588235294118,"92":0.5882352941176471,"93":0.6470588235294118,"94":0.7058823529411765,"95":0.17647058823529413,"96":0.5882352941176471,"97":1.0,"98":0.8235294117647058,"99":0.7647058823529411,"100":0.9411764705882353,"101":0.8235294117647058,"102":0.8235294117647058,"103":0.7647058823529411,"104":0.5294117647058824,"105":0.4117647058823529,"106":1.0,"107":0.7058823529411765,"108":0.9411764705882353,"109":0.9411764705882353,"110":0.4117647058823529,"111":0.9411764705882353,"112":0.29411764705882354,"113":0.8235294117647058,"114":0.6470588235294118,"115":0.5882352941176471,"116":0.23529411764705882,"117":0.8823529411764706,"118":1.0,"119":0.7058823529411765,"120":0.35294117647058826,"121":0.5882352941176471,"122":0.8823529411764706,"123":0.8235294117647058,"124":0.47058823529411764,"125":0.8235294117647058,"126":0.6470588235294118,"127":0.8823529411764706,"128":0.7647058823529411,"129":0.35294117647058826,"130":0.47058823529411764,"131":0.7058823529411765,"132":0.47058823529411764,"133":0.7058823529411765,"134":0.6470588235294118,"135":0.5294117647058824,"136":1.0,"137":0.5294117647058824,"138":0.4117647058823529,"139":1.0,"140":0.5882352941176471,"141":0.7647058823529411,"142":0.4117647058823529,"143":0.8823529411764706},"ranked":{"25":0.0,"16":0.006993006993006993,"23":0.013986013986013986,"28":0.02097902097902098,"83":0.027972027972027972,"5":0.03496503496503497,"6":0.04195804195804196,"27":0.04895104895104895,"41":0.055944055944055944,"71":0.06293706293706294,"87":0.06993006993006994,"3":0.07692307692307693,"14":0.08391608391608392,"19":0.09090909090909091,"44":0.0979020979020979,"46":0.1048951048951049,"49":0.11188811188811189,"57":0.11888111888111888,"61":0.1258741258741259,"88":0.13286713286713286,"95":0.13986013986013987,"13":0.14685314685314685,"20":0.15384615384615385,"21":0.16083916083916083,"29":0.16783216783216784,"35":0.17482517482517482,"58":0.18181818181818182,"64":0.1888111888111888,"116":0.1958041958041958,"2":0.20279720279720279,"7":0.2097902097902098,"30":0.21678321678321677,"33":0.22377622377622378,"37":0.23076923076923078,"43":0.23776223776223776,"48":0.24475524475524477,"78":0.2517482517482518,"112":0.25874125874125875,"0":0.26573426573426573,"18":0.2727272727272727,"26":0.27972027972027974,"86":0.2867132867132867,"120":0.2937062937062937,"129":0.3006993006993007,"12":0.3076923076923077,"32":0.3146853146853147,"34":0.32167832167832167,"38":0.32867132867132864,"45":0.3356643356643357,"67":0.34265734265734266,"75":0.34965034965034963,"90":0.35664335664335667,"105":0.36363636363636365,"110":0.3706293706293706,"138":0.3776223776223776,"142":0.38461538461538464,"11":0.3916083916083916,"15":0.3986013986013986,"17":0.40559440559440557,"31":0.4125874125874126,"36":0.4195804195804196,"40":0.42657342657342656,"47":0.43356643356643354,"63":0.4405594405594406,"74":0.44755244755244755,"124":0.45454545454545453,"130":0.46153846153846156,"132":0.46853146853146854,"22":0.4755244755244755,"24":0.4825174825174825,"39":0.48951048951048953,"42":0.4965034965034965,"59":0.5034965034965035,"70":0.5104895104895105,"72":0.5174825174825175,"84":0.5244755244755245,"104":0.5314685314685315,"135":0.5384615384615384,"137":0.5454545454545454,"1":0.5524475524475524,"4":0.5594405594405595,"8":0.5664335664335665,"10":0.5734265734265734,"69":0.5804195804195804,"80":0.5874125874125874,"89":0.5944055944055944,"92":0.6013986013986014,"96":0.6083916083916084,"115":0.6153846153846154,"121":0.6223776223776224,"140":0.6293706293706294,"9":0.6363636363636364,"55":0.6433566433566433,"66":0.6503496503496503,"77":0.6573426573426573,"91":0.6643356643356644,"93":0.6713286713286714,"114":0.6783216783216783,"126":0.6853146853146853,"134":0.6923076923076923,"79":0.6993006993006993,"81":0.7062937062937062,"94":0.7132867132867133,"107":0.7202797202797203,"119":0.7272727272727273,"131":0.7342657342657343,"133":0.7412587412587412,"52":0.7482517482517482,"62":0.7552447552447552,"99":0.7622377622377622,"103":0.7692307692307693,"128":0.7762237762237763,"141":0.7832167832167832,"60":0.7902097902097902,"73":0.7972027972027972,"98":0.8041958041958042,"101":0.8111888111888111,"102":0.8181818181818182,"113":0.8251748251748252,"123":0.8321678321678322,"125":0.8391608391608392,"51":0.8461538461538461,"54":0.8531468531468531,"65":0.8601398601398601,"117":0.8671328671328671,"122":0.8741258741258742,"127":0.8811188811188811,"143":0.8881118881118881,"50":0.8951048951048951,"53":0.9020979020979021,"56":0.9090909090909091,"68":0.916083916083916,"82":0.9230769230769231,"85":0.9300699300699301,"100":0.9370629370629371,"108":0.9440559440559441,"109":0.951048951048951,"111":0.958041958041958,"76":0.965034965034965,"97":0.972027972027972,"106":0.9790209790209791,"118":0.986013986013986,"136":0.993006993006993,"139":1.0}}