{"name":"agd","num_of_nodes":144,"num_of_edges":277,"weight":"value","process_time":0.019207000732421875,"data":{"0":0.7854346123727487,"1":0.43696162881754114,"2":0.5191855912294441,"3":0.6397807361002349,"4":0.001566170712607674,"5":0.5841816758026624,"6":0.000783085356303837,"7":0.4635865309318716,"8":0.6468285043069694,"9":0.5810493343774472,"10":0.5465935787000783,"11":0.6452623335943618,"12":0.5411119812059515,"13":0.8527799530148786,"14":0.5465935787000783,"15":0.7039937353171496,"16":0.0,"17":0.5246671887235709,"18":0.6593578700078309,"19":0.4385277995301488,"20":0.5779169929522318,"21":0.6382145653876272,"22":0.581832419733751,"23":0.6483946750195771,"24":0.5841816758026624,"25":0.6593578700078309,"26":0.577133907595928,"27":0.5246671887235709,"28":0.38919342208300706,"29":0.721221613155834,"30":0.5810493343774472,"31":0.001566170712607674,"32":0.5990602975724354,"33":0.8527799530148786,"34":0.5184025058731402,"35":0.7055599060297573,"36":0.000783085356303837,"37":0.42051683633516057,"38":0.5536413469068129,"39":0.43696162881754114,"40":0.6468285043069694,"41":0.48629600626468283,"42":0.7055599060297573,"43":0.4385277995301488,"44":0.7047768206734534,"45":0.4643696162881754,"46":0.8527799530148786,"47":0.001566170712607674,"48":0.2090837901331245,"49":0.18245888801879406,"50":0.31088488645262335,"51":0.17932654659357872,"52":0.22317932654659356,"53":0.31088488645262335,"54":0.21534847298355522,"55":0.19498825371965545,"56":0.28582615505090053,"57":0.2654659357870008,"58":0.3179326546593579,"59":0.23492560689115113,"60":0.2317932654659358,"61":0.3422083007047768,"62":0.20751761942051683,"63":0.24745497259201252,"64":0.21299921691464369,"65":0.19342208300704777,"66":0.31088488645262335,"67":0.28582615505090053,"68":0.2576350822239624,"69":0.24745497259201252,"70":0.25215348472983556,"71":0.19107282693813626,"72":0.19498825371965545,"73":0.19107282693813626,"74":0.18324197337509787,"75":0.254502740798747,"76":0.19890368050117463,"77":0.1754111198120595,"78":0.307752545027408,"79":0.21064996084573218,"80":0.19107282693813626,"81":0.17697729052466718,"82":0.28582615505090053,"83":0.23257635082223965,"84":0.25841816758026626,"85":0.2803445575567737,"86":0.28582615505090053,"87":0.2764291307752545,"88":0.283476898981989,"89":0.18324197337509787,"90":0.2028191072826938,"91":0.22944400939702425,"92":0.20125293657008614,"93":0.3422083007047768,"94":0.31714956930305405,"95":0.3422083007047768,"96":0.7086922474549726,"97":0.6499608457321848,"98":0.4878621769772905,"99":0.4588880187940485,"100":0.7008613938919341,"101":0.5137039937353172,"102":0.9357870007830854,"103":0.47611589663273296,"104":1.0,"105":0.5231010180109632,"106":0.49177760375880974,"107":0.5215348472983555,"108":0.5113547376664057,"109":0.6413469068128427,"110":0.7509788566953799,"111":0.514487079091621,"112":0.9350039154267815,"113":0.5074393108848865,"114":0.7008613938919341,"115":0.4494909945184025,"116":0.384494909945184,"117":0.6499608457321848,"118":0.5559906029757243,"119":0.4400939702427565,"120":0.39075959279561473,"121":0.6421299921691465,"122":0.5324980422866092,"123":0.6499608457321848,"124":0.5137039937353172,"125":0.93265465935787,"126":0.5755677368833203,"127":0.5990602975724354,"128":0.5559906029757243,"129":0.8692247454972593,"130":0.4166014095536414,"131":0.8715740015661707,"132":0.8707909162098668,"133":0.4072043852779953,"134":0.6421299921691465,"135":0.6499608457321848,"136":0.4988253719655442,"137":0.8089271730618637,"138":0.456538762725137,"139":0.45418950665622554,"140":0.8097102584181676,"141":0.5137039937353172,"142":0.48159749412685987,"143":0.4463586530931871},"ranked":{"16":0.0,"6":0.006993006993006993,"36":0.013986013986013986,"4":0.02097902097902098,"31":0.027972027972027972,"47":0.03496503496503497,"77":0.04195804195804196,"81":0.04895104895104895,"51":0.055944055944055944,"49":0.06293706293706294,"74":0.06993006993006994,"89":0.07692307692307693,"71":0.08391608391608392,"73":0.09090909090909091,"80":0.0979020979020979,"65":0.1048951048951049,"55":0.11188811188811189,"72":0.11888111888111888,"76":0.1258741258741259,"92":0.13286713286713286,"90":0.13986013986013987,"62":0.14685314685314685,"48":0.15384615384615385,"79":0.16083916083916083,"64":0.16783216783216784,"54":0.17482517482517482,"52":0.18181818181818182,"91":0.1888111888111888,"60":0.1958041958041958,"83":0.20279720279720279,"59":0.2097902097902098,"63":0.21678321678321677,"69":0.22377622377622378,"70":0.23076923076923078,"75":0.23776223776223776,"68":0.24475524475524477,"84":0.2517482517482518,"57":0.25874125874125875,"87":0.26573426573426573,"85":0.2727272727272727,"88":0.27972027972027974,"56":0.2867132867132867,"67":0.2937062937062937,"82":0.3006993006993007,"86":0.3076923076923077,"78":0.3146853146853147,"50":0.32167832167832167,"53":0.32867132867132864,"66":0.3356643356643357,"94":0.34265734265734266,"58":0.34965034965034963,"61":0.35664335664335667,"93":0.36363636363636365,"95":0.3706293706293706,"116":0.3776223776223776,"28":0.38461538461538464,"120":0.3916083916083916,"133":0.3986013986013986,"130":0.40559440559440557,"37":0.4125874125874126,"1":0.4195804195804196,"39":0.42657342657342656,"19":0.43356643356643354,"43":0.4405594405594406,"119":0.44755244755244755,"143":0.45454545454545453,"115":0.46153846153846156,"139":0.46853146853146854,"138":0.4755244755244755,"99":0.4825174825174825,"7":0.48951048951048953,"45":0.4965034965034965,"103":0.5034965034965035,"142":0.5104895104895105,"41":0.5174825174825175,"98":0.5244755244755245,"106":0.5314685314685315,"136":0.5384615384615384,"113":0.5454545454545454,"108":0.5524475524475524,"101":0.5594405594405595,"124":0.5664335664335665,"141":0.5734265734265734,"111":0.5804195804195804,"34":0.5874125874125874,"2":0.5944055944055944,"107":0.6013986013986014,"105":0.6083916083916084,"17":0.6153846153846154,"27":0.6223776223776224,"122":0.6293706293706294,"12":0.6363636363636364,"10":0.6433566433566433,"14":0.6503496503496503,"38":0.6573426573426573,"118":0.6643356643356644,"128":0.6713286713286714,"126":0.6783216783216783,"26":0.6853146853146853,"20":0.6923076923076923,"9":0.6993006993006993,"30":0.7062937062937062,"22":0.7132867132867133,"5":0.7202797202797203,"24":0.7272727272727273,"32":0.7342657342657343,"127":0.7412587412587412,"21":0.7482517482517482,"3":0.7552447552447552,"109":0.7622377622377622,"121":0.7692307692307693,"134":0.7762237762237763,"11":0.7832167832167832,"8":0.7902097902097902,"40":0.7972027972027972,"23":0.8041958041958042,"97":0.8111888111888111,"117":0.8181818181818182,"123":0.8251748251748252,"135":0.8321678321678322,"18":0.8391608391608392,"25":0.8461538461538461,"100":0.8531468531468531,"114":0.8601398601398601,"15":0.8671328671328671,"44":0.8741258741258742,"35":0.8811188811188811,"42":0.8881118881118881,"96":0.8951048951048951,"29":0.9020979020979021,"110":0.9090909090909091,"0":0.916083916083916,"137":0.9230769230769231,"140":0.9300699300699301,"13":0.9370629370629371,"33":0.9440559440559441,"46":0.951048951048951,"129":0.958041958041958,"132":0.965034965034965,"131":0.972027972027972,"125":0.9790209790209791,"112":0.986013986013986,"102":0.993006993006993,"104":1.0}}