{"name":"fiedler","normalized":true,"weight":"value","num_of_nodes":114,"num_of_edges":348,"process_time":0.0339808464050293,"data":{"0":0.16285331349636095,"1":0.13896973103942453,"2":0.14551430697422119,"3":0.0965985527947101,"4":0.09083891720641953,"5":0.16050505463336454,"6":0.07089148080807019,"7":0.1793126068513494,"8":0.1727220255363465,"9":0.17203121534972915,"10":0.1203353240745741,"11":0.11765417112622704,"12":0.09289731389794445,"13":0.19262726318396897,"14":0.21225006894202345,"15":0.0770043193583304,"16":0.0,"17":0.05135788725297383,"18":0.0986358771177987,"19":0.17343525065332008,"20":0.12977422743582345,"21":0.11195471604850528,"22":0.11243785214443305,"23":0.13695754402475305,"24":0.09659855280223575,"25":0.18562633010706794,"26":0.17113551793310688,"27":0.09128353715494276,"28":0.18787438112888277,"29":0.08009108807450364,"30":0.019384298443217565,"31":0.050561323339566235,"32":0.09267042607004365,"33":0.12297828199558833,"34":0.14321676179230128,"35":0.17152100938082573,"36":0.14371742327535503,"37":0.1511362103545962,"38":0.917517292607918,"39":0.2911448251287253,"40":0.6914174133950618,"41":0.37070141622012287,"42":0.8390113573688389,"43":0.45984730980674865,"44":0.42157770876021994,"45":0.36764283881770404,"46":0.8201536686405069,"47":0.7949081947182453,"48":1.0,"49":0.8347775663828629,"50":0.2916484485169838,"51":0.3632864186809839,"52":0.3544732304203248,"53":0.8662845736309537,"54":0.35859315855279134,"55":0.9175172926132001,"56":0.45984730981159894,"57":0.7653713931726971,"58":0.20692746144007082,"59":0.6487803923212982,"60":0.7355255294276994,"61":0.7008098599674982,"62":0.9175172926144987,"63":0.22726958169431008,"64":0.35229941016931704,"65":0.35137609723784363,"66":0.9175172926233987,"67":0.8259662663126631,"68":0.8927411284040266,"69":0.7861884167131177,"70":0.9539828317701138,"71":0.38973444274743535,"72":0.4215777087581753,"73":0.6983250731976887,"74":0.8029905279377613,"75":0.8235810353335016,"76":0.10368950650482843,"77":0.26232613850709185,"78":0.18182957538062283,"79":0.1724687452828209,"80":0.3397588846119297,"81":0.4218378187592334,"82":0.20853643801063704,"83":0.08968553395124068,"84":0.1347160922888067,"85":0.2467367788141628,"86":0.31842030995004383,"87":0.08968553391541619,"88":0.1887420093539926,"89":0.23639253773036228,"90":0.10135838321148576,"91":0.18522993108099986,"92":0.12917918471448397,"93":0.15145545117131573,"94":0.18776798247401655,"95":0.24281398815851982,"96":0.12618099887472642,"97":0.3238367794014047,"98":0.23639253771943633,"99":0.24192640772731996,"100":0.2428139881448784,"101":0.1514554511831692,"102":0.1364901846615755,"103":0.13512932080869697,"104":0.15759256211477043,"105":0.21218258463999656,"106":0.15460278409599384,"107":0.13512932081284998,"108":0.15520884098806267,"109":0.14636755750607705,"110":0.20483352119768228,"111":0.3522994101769514,"112":0.14469965967903847,"113":0.33975888459069703},"ranked":{"16":0.0,"30":0.008849557522123894,"31":0.017699115044247787,"17":0.02654867256637168,"6":0.035398230088495575,"15":0.04424778761061947,"29":0.05309734513274336,"87":0.061946902654867256,"83":0.07079646017699115,"4":0.07964601769911504,"27":0.08849557522123894,"32":0.09734513274336283,"12":0.10619469026548672,"3":0.11504424778761062,"24":0.12389380530973451,"18":0.13274336283185842,"90":0.1415929203539823,"76":0.1504424778761062,"21":0.1592920353982301,"22":0.168141592920354,"11":0.17699115044247787,"10":0.18584070796460178,"33":0.19469026548672566,"96":0.20353982300884957,"92":0.21238938053097345,"20":0.22123893805309736,"84":0.23008849557522124,"103":0.23893805309734514,"107":0.24778761061946902,"102":0.25663716814159293,"23":0.26548672566371684,"1":0.2743362831858407,"34":0.2831858407079646,"36":0.2920353982300885,"112":0.3008849557522124,"2":0.30973451327433627,"109":0.3185840707964602,"37":0.3274336283185841,"93":0.336283185840708,"101":0.34513274336283184,"106":0.35398230088495575,"108":0.36283185840707965,"104":0.37168141592920356,"5":0.3805309734513274,"0":0.3893805309734513,"26":0.39823008849557523,"35":0.40707964601769914,"9":0.415929203539823,"79":0.4247787610619469,"8":0.4336283185840708,"19":0.4424778761061947,"7":0.45132743362831856,"78":0.46017699115044247,"91":0.4690265486725664,"25":0.4778761061946903,"94":0.48672566371681414,"28":0.49557522123893805,"88":0.504424778761062,"13":0.5132743362831859,"110":0.5221238938053098,"58":0.5309734513274337,"82":0.5398230088495575,"105":0.5486725663716814,"14":0.5575221238938053,"63":0.5663716814159292,"98":0.5752212389380531,"89":0.584070796460177,"99":0.5929203539823009,"100":0.6017699115044248,"95":0.6106194690265486,"85":0.6194690265486725,"77":0.6283185840707964,"39":0.6371681415929203,"50":0.6460176991150443,"86":0.6548672566371682,"97":0.6637168141592921,"113":0.672566371681416,"80":0.6814159292035398,"65":0.6902654867256637,"64":0.6991150442477876,"111":0.7079646017699115,"52":0.7168141592920354,"54":0.7256637168141593,"51":0.7345132743362832,"45":0.7433628318584071,"41":0.7522123893805309,"71":0.7610619469026548,"72":0.7699115044247787,"44":0.7787610619469026,"81":0.7876106194690266,"43":0.7964601769911505,"56":0.8053097345132744,"59":0.8141592920353983,"40":0.8230088495575221,"73":0.831858407079646,"61":0.8407079646017699,"60":0.8495575221238938,"57":0.8584070796460177,"69":0.8672566371681416,"47":0.8761061946902655,"74":0.8849557522123894,"46":0.8938053097345132,"75":0.9026548672566371,"67":0.911504424778761,"49":0.9203539823008849,"42":0.9292035398230089,"53":0.9380530973451328,"68":0.9469026548672567,"38":0.9557522123893806,"55":0.9646017699115044,"62":0.9734513274336283,"66":0.9823008849557522,"70":0.9911504424778761,"48":1.0}}