{"name":"density","eps":0.5,"weight":"value","num_of_nodes":138,"num_of_edges":431,"process_time":0.036561012268066406,"data":{"0":0.0074090168675883085,"1":0.0024695975436745594,"2":0.250926123604861,"3":0.0043220830047385516,"4":0.2533957772077,"5":0.7490738203360408,"6":0.003704662596455631,"7":0.0043219708862931834,"8":0.003087242188661871,"9":0.0006174484376904461,"10":0.7533959033406931,"11":0.25216113259866396,"12":0.49999998598529255,"13":0.25154348795376985,"14":0.0018524294019927152,"15":0.253395749178013,"16":0.9969129259891097,"17":0.004321998916050109,"18":0.9962954775512995,"19":0.0018522612243828953,"20":0.5043219568714926,"21":0.0024696536029088904,"22":0.006791596459538321,"23":0.7490738203360408,"24":0.7509261656490921,"25":0.5043219288420152,"26":0.7533957071338384,"27":0.5006173223046309,"28":0.4999999859851761,"29":0.005556811702579504,"30":0.7515435299982841,"31":0.5055566575398095,"32":0.25339566508932454,"33":0.0024696536029554773,"34":0.003087242188545404,"35":0.5018522752393392,"36":0.2533959173554365,"37":0.5018522472096055,"38":0.2509260675455801,"39":0.004321998916050109,"40":0.7484564279575858,"41":0.9969129259891097,"42":0.25339602947378864,"43":0.5049393212204712,"44":0.7521610064653809,"45":0.25401325367491445,"46":0.25401322564550693,"47":0.5012348268014624,"48":0.2496913108180987,"49":0.25339614159228063,"50":0.25277835679958016,"51":0.004321942856699311,"52":0.7484564840167041,"53":0.0037044103303204216,"54":0.25216102048003225,"55":0.0030870740110054643,"56":0.25154362810159947,"57":0.0030871861292644863,"58":0.9975302903379463,"59":0.2496913108180987,"60":0.004321858767964281,"61":0.7466042508219131,"62":0.2515437962792559,"63":0.2521610765393831,"64":0.5000000700740276,"65":0.0018523453130713384,"66":0.5024695835287808,"67":0.25216104850964943,"68":0.004321914827221905,"69":0.2496913108180987,"70":0.0030870740110054643,"71":0.003704578507837068,"72":0.004939307205747901,"73":0.004321914827175319,"74":0.4993825655770795,"75":0.25216107653935976,"76":0.004321830738533462,"77":0.0030870740110054643,"78":0.7503086891819005,"79":0.003087186129241193,"80":0.2515437962792559,"81":0.0,"82":0.25216093639141374,"83":0.7496912968033982,"84":0.0006175605559960548,"85":0.004939251146606743,"86":0.004939279176270495,"87":0.749073932454372,"88":0.501852387357575,"89":0.003704494419148625,"90":0.7466042508219131,"91":0.0024697657211679123,"92":0.7503088013001608,"93":0.49938250951793833,"94":0.2527783007403691,"95":0.0024695695141272738,"96":0.005556923821094753,"97":0.49938250951793833,"98":0.7503085490340455,"99":0.25216116062823457,"100":0.0018524013722590828,"101":0.7503087172114004,"102":0.5012348268014624,"103":0.251543572042435,"104":0.004321998915817175,"105":0.0012347847570054035,"106":0.004939503413091353,"107":0.49938250951793833,"108":1.0,"109":0.0024697376915740403,"110":0.9975303183675883,"111":0.7509259974717847,"112":0.0030870740110054643,"113":0.0006174204080499872,"114":0.0037044944191253317,"115":0.7496911846850906,"116":0.2509260395160328,"117":0.25216102048005556,"118":0.251543544012911,"119":0.002469709662050048,"120":0.4987650891097719,"121":0.500617378363772,"122":0.5030870599961815,"123":0.002469653602815717,"124":0.004939391294319877,"125":0.749073960483943,"126":0.5037044243451136,"127":0.0024697376915740403,"128":0.25339577720758355,"129":0.7496912687738746,"130":0.003704578507767188,"131":0.7490739044248484,"132":0.49938250951793833,"133":0.5037044243451136,"134":0.0012349809641392154,"135":0.002469653602885597,"136":0.7496912407441851,"137":0.0018524013722590828},"ranked":{"81":0.0,"113":0.0072992700729927005,"9":0.014598540145985401,"84":0.021897810218978103,"105":0.029197080291970802,"134":0.0364963503649635,"19":0.043795620437956206,"65":0.051094890510948905,"100":0.058394160583941604,"137":0.06569343065693431,"14":0.072992700729927,"95":0.08029197080291971,"1":0.08759124087591241,"123":0.0948905109489051,"135":0.10218978102189781,"21":0.10948905109489052,"33":0.11678832116788321,"119":0.12408759124087591,"109":0.13138686131386862,"127":0.1386861313868613,"91":0.145985401459854,"55":0.15328467153284672,"70":0.16058394160583941,"77":0.1678832116788321,"112":0.17518248175182483,"79":0.18248175182481752,"57":0.1897810218978102,"34":0.19708029197080293,"8":0.20437956204379562,"53":0.2116788321167883,"114":0.21897810218978103,"89":0.22627737226277372,"130":0.23357664233576642,"71":0.24087591240875914,"6":0.24817518248175183,"76":0.25547445255474455,"60":0.26277372262773724,"73":0.27007299270072993,"68":0.2773722627737226,"51":0.2846715328467153,"7":0.291970802919708,"104":0.29927007299270075,"17":0.30656934306569344,"39":0.31386861313868614,"3":0.32116788321167883,"85":0.3284671532846715,"86":0.3357664233576642,"72":0.34306569343065696,"124":0.35036496350364965,"106":0.35766423357664234,"29":0.36496350364963503,"96":0.3722627737226277,"22":0.3795620437956204,"0":0.38686131386861317,"48":0.39416058394160586,"59":0.40145985401459855,"69":0.40875912408759124,"116":0.41605839416058393,"38":0.4233576642335766,"2":0.4306569343065693,"13":0.43795620437956206,"118":0.44525547445255476,"103":0.45255474452554745,"56":0.45985401459854014,"62":0.46715328467153283,"80":0.4744525547445255,"82":0.48175182481751827,"54":0.48905109489051096,"117":0.49635036496350365,"67":0.5036496350364964,"75":0.5109489051094891,"63":0.5182481751824818,"11":0.5255474452554745,"99":0.5328467153284672,"94":0.5401459854014599,"50":0.5474452554744526,"32":0.5547445255474452,"15":0.5620437956204379,"128":0.5693430656934306,"4":0.5766423357664233,"36":0.583941605839416,"42":0.5912408759124088,"49":0.5985401459854015,"46":0.6058394160583942,"45":0.6131386861313869,"120":0.6204379562043796,"93":0.6277372262773723,"97":0.635036496350365,"107":0.6423357664233577,"132":0.6496350364963503,"74":0.656934306569343,"28":0.6642335766423357,"12":0.6715328467153284,"64":0.6788321167883211,"27":0.6861313868613139,"121":0.6934306569343066,"47":0.7007299270072993,"102":0.708029197080292,"37":0.7153284671532847,"35":0.7226277372262774,"88":0.7299270072992701,"66":0.7372262773722628,"122":0.7445255474452555,"126":0.7518248175182481,"133":0.7591240875912408,"25":0.7664233576642335,"20":0.7737226277372263,"43":0.781021897810219,"31":0.7883211678832117,"61":0.7956204379562044,"90":0.8029197080291971,"40":0.8102189781021898,"52":0.8175182481751825,"5":0.8248175182481752,"23":0.8321167883211679,"131":0.8394160583941606,"87":0.8467153284671532,"125":0.8540145985401459,"115":0.8613138686131386,"136":0.8686131386861314,"129":0.8759124087591241,"83":0.8832116788321168,"98":0.8905109489051095,"78":0.8978102189781022,"101":0.9051094890510949,"92":0.9124087591240876,"111":0.9197080291970803,"24":0.927007299270073,"30":0.9343065693430657,"44":0.9416058394160584,"26":0.948905109489051,"10":0.9562043795620438,"18":0.9635036496350365,"16":0.9708029197080292,"41":0.9781021897810219,"58":0.9854014598540146,"110":0.9927007299270073,"108":1.0}}