{"name":"fiedler","normalized":false,"weight":"value","num_of_nodes":189,"num_of_edges":588,"process_time":0.054766178131103516,"data":{"0":0.011008304232713085,"1":0.21040967962567525,"2":0.2805782983797047,"3":0.31195335164643817,"4":0.021515531449459776,"5":0.09170527384432295,"6":0.0,"7":0.2153822265254622,"8":0.47225574810000653,"9":0.1759571045288585,"10":0.44785170223483317,"11":0.22908686503020897,"12":0.4812715359383714,"13":0.001580442507203671,"14":0.198129544956485,"15":0.48923288984593827,"16":0.07550888874823661,"17":0.2630734755073327,"18":0.00984943073632749,"19":0.4515772695171306,"20":0.4914388427842775,"21":0.22199126905380698,"22":0.07463781074120888,"23":0.09454598728614833,"24":0.4124116174351378,"25":0.18861104045910937,"26":0.0016216415444909212,"27":0.21813980919952766,"28":0.16161434555707233,"29":0.2725260791683697,"30":0.005592053738239266,"31":0.20592233651632327,"32":0.021515531449459776,"33":0.4292519699407689,"34":0.1932944585765476,"35":0.011034430631993325,"36":0.21396950530122727,"37":0.10287193819427545,"38":0.4490606080849606,"39":0.24998766813593196,"40":0.18917414361509483,"41":0.22895434762316838,"42":0.005592053738239151,"43":0.2537251582309049,"44":0.10806820627607278,"45":0.49731451213674244,"46":0.03498008928292325,"47":0.43664248304657605,"48":0.011034430631993442,"49":0.18729438742017118,"50":0.22895434762316827,"51":0.45770886460139665,"52":0.011034430631993325,"53":0.4519726203987069,"54":0.17660274515384555,"55":0.4917880518771022,"56":0.1204302124758929,"57":0.00577357015569909,"58":0.08569495753529652,"59":0.1911775803461295,"60":0.4620607073253018,"61":0.494168532872543,"62":0.41298978445899875,"63":0.6017666181128778,"64":0.7567713650720946,"65":0.8603596924764089,"66":0.5921873481893739,"67":0.8478304094902014,"68":0.8812938422655611,"69":0.7314388021922354,"70":0.709591973495036,"71":0.8617284733385302,"72":0.674289932648293,"73":0.7273443638109397,"74":0.8167144600647847,"75":0.8744375897629049,"76":0.7871114787883816,"77":0.7314388021922354,"78":0.8167144600647847,"79":0.7288481109265721,"80":0.8580333120366976,"81":0.6169104454850178,"82":0.5004740436154024,"83":0.7184112050231117,"84":0.5324458515790855,"85":0.8735476001007071,"86":0.7041496471638959,"87":0.8104173332535793,"88":0.7119806876805485,"89":0.6200285306338015,"90":0.8492456560823001,"91":0.619350016767937,"92":0.7350946749277576,"93":0.5956826435852283,"94":0.6017411732532758,"95":0.7349095736265979,"96":0.7425626342783275,"97":0.7358593111851045,"98":0.8183134202929798,"99":0.7662385903603786,"100":0.8721163802152438,"101":0.859720238525896,"102":0.8435539032249237,"103":0.8693164299584288,"104":0.8167144600647847,"105":0.6017666181128778,"106":0.8246343131979565,"107":0.8309730471663476,"108":0.8721111996829735,"109":0.7927024782804718,"110":0.8170758952781451,"111":0.8749396528294741,"112":0.6978835146907528,"113":0.8723114019095033,"114":0.7096303134282058,"115":0.8444348611442662,"116":0.7360868711963118,"117":0.6684639528288533,"118":0.6651219619064642,"119":0.858074576718415,"120":0.8165072390658018,"121":0.7800385495594788,"122":0.8556733609767637,"123":0.502204870059777,"124":0.8008047770164637,"125":0.843664502256135,"126":0.982379488421887,"127":0.5643101547132123,"128":0.9460358541174527,"129":1.0,"130":0.6525544506963495,"131":0.9970349911150598,"132":0.996208478355471,"133":0.7359150410057851,"134":0.9966803136296202,"135":0.5785027936266481,"136":0.9960633512579119,"137":0.8853793874766456,"138":0.8138730475694161,"139":0.6105717242302579,"140":0.4899962807817806,"141":0.5007769136979492,"142":0.7405133291523269,"143":0.9497012550733743,"144":0.9560663861993319,"145":0.6088641930748842,"146":0.46264538484816486,"147":0.9605772124078522,"148":0.6336538200319528,"149":0.9124188259376551,"150":0.8710287061234778,"151":0.6231214954015807,"152":0.9479782878067122,"153":0.5973244337066638,"154":0.9218471591369258,"155":0.46579454879593934,"156":0.5356562146837135,"157":0.7359150410057851,"158":0.8522394067924889,"159":0.8850176031275768,"160":0.6308852815263681,"161":0.873927662773672,"162":0.9965379509153365,"163":0.9948268301067299,"164":0.9408180636429779,"165":0.5197027482160428,"166":0.9474537393904434,"167":0.7125855702480403,"168":0.6470693978577714,"169":0.24536544080079892,"170":0.4025051723559881,"171":0.7036245446411987,"172":0.8795151991453438,"173":0.6501690667124651,"174":0.6793033362654989,"175":0.8954199932854187,"176":0.8853793874766456,"177":0.5254153420169437,"178":0.4521266146519199,"179":0.9995029598250089,"180":0.9589296382154012,"181":0.9587714432391571,"182":0.8828594399376338,"183":0.7036245446411987,"184":0.9788731341497187,"185":0.9459232718667983,"186":0.9884719648464522,"187":0.2687708314833249,"188":0.5520844054067774},"ranked":{"6":0.0,"13":0.005319148936170213,"26":0.010638297872340425,"42":0.015957446808510637,"30":0.02127659574468085,"57":0.026595744680851064,"18":0.031914893617021274,"0":0.03723404255319149,"35":0.0425531914893617,"52":0.047872340425531915,"48":0.05319148936170213,"4":0.05851063829787234,"32":0.06382978723404255,"46":0.06914893617021277,"22":0.07446808510638298,"16":0.0797872340425532,"58":0.0851063829787234,"5":0.09042553191489362,"23":0.09574468085106383,"37":0.10106382978723404,"44":0.10638297872340426,"56":0.11170212765957446,"28":0.11702127659574468,"9":0.12234042553191489,"54":0.1276595744680851,"49":0.13297872340425532,"25":0.13829787234042554,"40":0.14361702127659576,"59":0.14893617021276595,"34":0.15425531914893617,"14":0.1595744680851064,"31":0.16489361702127658,"1":0.1702127659574468,"36":0.17553191489361702,"7":0.18085106382978725,"27":0.18617021276595744,"21":0.19148936170212766,"50":0.19680851063829788,"41":0.20212765957446807,"11":0.2074468085106383,"169":0.2127659574468085,"39":0.21808510638297873,"43":0.22340425531914893,"17":0.22872340425531915,"187":0.23404255319148937,"29":0.2393617021276596,"2":0.24468085106382978,"3":0.25,"170":0.2553191489361702,"24":0.26063829787234044,"62":0.26595744680851063,"33":0.2712765957446808,"47":0.2765957446808511,"10":0.28191489361702127,"38":0.2872340425531915,"19":0.2925531914893617,"53":0.2978723404255319,"178":0.30319148936170215,"51":0.30851063829787234,"60":0.31382978723404253,"146":0.3191489361702128,"155":0.324468085106383,"8":0.32978723404255317,"12":0.3351063829787234,"15":0.3404255319148936,"140":0.34574468085106386,"20":0.35106382978723405,"55":0.35638297872340424,"61":0.3617021276595745,"45":0.3670212765957447,"82":0.3723404255319149,"141":0.3776595744680851,"123":0.3829787234042553,"165":0.3882978723404255,"177":0.39361702127659576,"84":0.39893617021276595,"156":0.40425531914893614,"188":0.4095744680851064,"127":0.4148936170212766,"135":0.42021276595744683,"66":0.425531914893617,"93":0.4308510638297872,"153":0.43617021276595747,"94":0.44148936170212766,"63":0.44680851063829785,"105":0.4521276595744681,"145":0.4574468085106383,"139":0.4627659574468085,"81":0.46808510638297873,"91":0.4734042553191489,"89":0.4787234042553192,"151":0.48404255319148937,"160":0.48936170212765956,"148":0.4946808510638298,"168":0.5,"173":0.5053191489361702,"130":0.5106382978723404,"118":0.5159574468085106,"117":0.5212765957446809,"72":0.526595744680851,"174":0.5319148936170213,"112":0.5372340425531915,"171":0.5425531914893617,"183":0.5478723404255319,"86":0.5531914893617021,"70":0.5585106382978723,"114":0.5638297872340425,"88":0.5691489361702128,"167":0.574468085106383,"83":0.5797872340425532,"73":0.5851063829787234,"79":0.5904255319148937,"69":0.5957446808510638,"77":0.601063829787234,"95":0.6063829787234043,"92":0.6117021276595744,"97":0.6170212765957447,"133":0.6223404255319149,"157":0.6276595744680851,"116":0.6329787234042553,"142":0.6382978723404256,"96":0.6436170212765957,"64":0.648936170212766,"99":0.6542553191489362,"121":0.6595744680851063,"76":0.6648936170212766,"109":0.6702127659574468,"124":0.675531914893617,"87":0.6808510638297872,"138":0.6861702127659575,"120":0.6914893617021277,"74":0.6968085106382979,