{"name":"fiedler","normalized":true,"weight":"value","num_of_nodes":174,"num_of_edges":544,"process_time":0.03413105010986328,"data":{"0":0.22300470541553416,"1":0.060509540341292516,"2":0.27700074804979496,"3":0.20487919057045503,"4":0.26333726261870627,"5":0.2330946816005393,"6":0.03963088758664264,"7":0.08322945927197793,"8":0.22627169226457888,"9":0.0859393233911163,"10":0.2166068848187322,"11":0.2751390650236903,"12":0.24147797668845053,"13":0.2620836910775827,"14":0.08836451911866768,"15":0.04233131902968705,"16":0.06645137343713266,"17":0.14754266899252577,"18":0.25714377410262956,"19":0.1303832049555332,"20":0.22760832772690728,"21":0.2520088601311532,"22":0.18308049099843166,"23":0.24438752502273894,"24":0.06300172378994714,"25":0.02707817821045501,"26":0.07349669262704789,"27":0.1752557473371765,"28":0.03132621690056,"29":0.2661578435400471,"30":0.2560788924580674,"31":0.2537946540777455,"32":0.25714377410225814,"33":0.16482313783670766,"34":0.18837517264756257,"35":0.21593267996111817,"36":0.16479455671424492,"37":0.0774608799183316,"38":0.14571852977136623,"39":0.05610593982865527,"40":0.11909750309958951,"41":0.09703571202963529,"42":0.13209911855096376,"43":0.14978214641091667,"44":0.22300470541427503,"45":0.0,"46":0.2842049972935236,"47":0.23853058852770564,"48":0.09068277532407933,"49":0.05723079726767777,"50":0.036421870306287824,"51":0.08958399958837744,"52":0.08593932340115093,"53":0.23910558870001572,"54":0.13038320496131942,"55":0.027078178210596365,"56":0.2602867705193045,"57":0.23225923257022243,"58":0.8949732443283193,"59":0.6456290465857293,"60":0.8607891452046859,"61":0.8337664996629433,"62":0.5985182353508154,"63":0.5942307672365897,"64":0.5985182353511095,"65":0.6123509416292634,"66":0.6726875632845739,"67":0.8534862688501985,"68":0.9246170654688756,"69":0.7749860587832612,"70":0.584434305187133,"71":0.7650024732099066,"72":0.7412283552940202,"73":0.8619071012537668,"74":0.8885783096065419,"75":0.44138078576867434,"76":0.4977897341069059,"77":0.6585059794744463,"78":0.41028913891789526,"79":0.8785448061666292,"80":0.7757129968119295,"81":0.8337664996637211,"82":0.7976762436640157,"83":0.5628533894670495,"84":0.7973107814037141,"85":0.9077645812373253,"86":0.8238800098679405,"87":0.9279945984664331,"88":1.0,"89":0.33004130850321645,"90":0.6919055243662597,"91":0.5976741832790922,"92":0.9327105132274607,"93":0.5628533894692768,"94":0.7976762436595892,"95":0.44138078576628603,"96":0.7036509120819725,"97":0.8217214157688233,"98":0.7939842982337528,"99":0.5563108731204218,"100":0.8199548094910433,"101":0.9201888287568848,"102":0.46338989764235783,"103":0.5886972012322358,"104":0.845638966969125,"105":0.8482792964323849,"106":0.8061972819016039,"107":0.543307573741108,"108":0.8552541559415775,"109":0.8552541559412017,"110":0.8337664996654168,"111":0.5048634458393497,"112":0.8723609990413977,"113":0.9141938516641686,"114":0.550354449752243,"115":0.7561474327238913,"116":0.38454108760739275,"117":0.38045129293843094,"118":0.2923928831730175,"119":0.36679677735467714,"120":0.3756963585800248,"121":0.3982319943864396,"122":0.25859131344859476,"123":0.3518602937618451,"124":0.536074997052107,"125":0.36773065356953866,"126":0.36565973708993915,"127":0.468873341925006,"128":0.40064903848543254,"129":0.29102543483536125,"130":0.23028133635258757,"131":0.29087321813103456,"132":0.28173383415097397,"133":0.2569232990681752,"134":0.37785316841517014,"135":0.2585913134489613,"136":0.362331804418361,"137":0.31677092518350797,"138":0.3897348322693941,"139":0.3160640630128431,"140":0.30884817842587686,"141":0.30884817842622886,"142":0.3905567616379978,"143":0.26801170147986614,"144":0.32414702274138996,"145":0.2775798325819009,"146":0.3676415937028594,"147":0.29102543483564014,"148":0.37248875846886415,"149":0.29965046469779133,"150":0.3713366946355896,"151":0.45037203272885956,"152":0.38454108760759137,"153":0.2578780019214072,"154":0.37384661479792464,"155":0.3146873505754672,"156":0.3297697492666213,"157":0.410727079913833,"158":0.37148303912054076,"159":0.39802697087708244,"160":0.26902248071092083,"161":0.32607621274196663,"162":0.34650029012424904,"163":0.2817189010186693,"164":0.2944566105496392,"165":0.432157838655257,"166":0.4433905844496063,"167":0.6573693527028013,"168":0.39800416549425044,"169":0.3508750266892147,"170":0.31919148734975705,"171":0.3281022859965286,"172":0.41450783244526374,"173":0.36322408385320293},"ranked":{"45":0.0,"25":0.005780346820809248,"55":0.011560693641618497,"28":0.017341040462427744,"50":0.023121387283236993,"6":0.028901734104046242,"15":0.03468208092485549,"39":0.04046242774566474,"49":0.046242774566473986,"1":0.05202312138728324,"24":0.057803468208092484,"16":0.06358381502890173,"26":0.06936416184971098,"37":0.07514450867052024,"7":0.08092485549132948,"9":0.08670520231213873,"52":0.09248554913294797,"14":0.09826589595375723,"51":0.10404624277456648,"48":0.10982658959537572,"41":0.11560693641618497,"40":0.12138728323699421,"19":0.12716763005780346,"54":0.1329479768786127,"42":0.13872832369942195,"38":0.14450867052023122,"17":0.15028901734104047,"43":0.15606936416184972,"36":0.16184971098265896,"33":0.1676300578034682,"27":0.17341040462427745,"22":0.1791907514450867,"34":0.18497109826589594,"3":0.1907514450867052,"35":0.19653179190751446,"10":0.2023121387283237,"44":0.20809248554913296,"0":0.2138728323699422,"8":0.21965317919075145,"20":0.2254335260115607,"130":0.23121387283236994,"57":0.23699421965317918,"5":0.24277456647398843,"47":0.24855491329479767,"53":0.2543352601156069,"12":0.26011560693641617,"23":0.2658959537572254,"21":0.27167630057803466,"31":0.2774566473988439,"30":0.2832369942196532,"133":0.28901734104046245,"32":0.2947976878612717,"18":0.30057803468208094,"153":0.3063583815028902,"122":0.31213872832369943,"135":0.3179190751445087,"56":0.3236994219653179,"13":0.32947976878612717,"4":0.3352601156069364,"29":0.34104046242774566,"143":0.3468208092485549,"160":0.35260115606936415,"11":0.3583815028901734,"2":0.36416184971098264,"145":0.3699421965317919,"163":0.37572254335260113,"132":0.3815028901734104,"46":0.3872832369942196,"131":0.3930635838150289,"129":0.3988439306358382,"147":0.4046242774566474,"118":0.41040462427745666,"164":0.4161849710982659,"149":0.42196531791907516,"140":0.4277456647398844,"141":0.43352601156069365,"155":0.4393063583815029,"139":0.44508670520231214,"137":0.4508670520231214,"170":0.45664739884393063,"144":0.4624277456647399,"161":0.4682080924855491,"171":0.47398843930635837,"156":0.4797687861271676,"89":0.48554913294797686,"162":0.4913294797687861,"169":0.49710982658959535,"123":0.5028901734104047,"136":0.5086705202312138,"173":0.5144508670520231,"126":0.5202312138728323,"119":0.5260115606936416,"146":0.5317919075144508,"125":0.5375722543352601,"150":0.5433526011560693,"158":0.5491329479768786,"148":0.5549132947976878,"154":0.5606936416184971,"120":0.5664739884393064,"134":0.5722543352601156,"117":0.5780346820809249,"116":0.5838150289017341,"152":0.5895953757225434,"138":0.5953757225433526,"142":0.6011560693641619,"168":0.6069364161849711,"159":0.6127167630057804,"121":0.6184971098265896,"128":0.6242774566473989,"78":0.630057803468208,"157":0.6358381502890174,"172":0.6416184971098265,"165":0.6473988439306358,"95":0.653179190751445,"75":0.6589595375722543,"166":0.6647398843930635,"151":0.6705202312138728,"102":0.6763005780346821,"127":0.6820809248554913,"76":0.6878612716763006,"111":0.6936416184971098,"124":0.6994219653179191,"107":0.7052023121387283,"114":0.7109826589595376,"99":0.7167630057803468,"83":0.7225433526011561,"93":0.7283236994219653,"70":0.7341040462427746,"103":0.7398843930635838,"63":0.7456647398843931,"91":0.7514450867052023,"62":0.7572254335260116,"64":0.7630057803468208,"65":0.7687861271676301,"59":0.7745664739884393,"167":0.7803468208092486,"77":0.7861271676300579,"66":0.791907514450867,"90":0.7976878612716763,"96":0.8034682080924855,"72":0.8092485549132948,"115":0.815028901734104,"71":0.8208092485549133,"69":0.8265895953757225,