{"name":"density","eps":0.5,"weight":"value","num_of_nodes":144,"num_of_edges":280,"process_time":0.010710000991821289,"data":{"0":0.400594392194025,"1":0.0024763193551504857,"2":0.20079250044058902,"3":0.0024763868095035754,"4":0.4020801028620037,"5":0.2022783010476429,"6":0.0,"7":0.0019811049506771304,"8":0.20277360539121012,"9":0.20128784975367514,"10":0.001981149920158658,"11":0.001981104950546332,"12":0.4025754746598866,"13":0.2012877373298779,"14":0.001981127435455265,"15":0.20079247795588565,"16":0.00247636432468807,"17":0.4015849334268997,"18":0.19980193672289878,"19":0.401089651568148,"20":0.0029716911530520995,"21":0.20326886476522105,"22":0.001485845576516707,"23":0.001981262343806421,"24":0.0014858230917198867,"25":0.40158491094228976,"26":0.0019811274353057815,"27":0.0014858905460356055,"28":0.001485913030757684,"29":0.0,"30":0.00198121737438095,"31":0.20128775981473077,"32":0.20128773732995264,"33":0.402575362236108,"34":0.001981082465842939,"35":0.20178304167350117,"36":0.0024764092942443396,"37":0.19980193672289878,"38":0.20178308664302005,"39":0.002971713637792863,"40":0.8001981082465625,"41":0.2032688197957582,"42":0.20178304167361327,"43":0.4020801028620037,"44":0.0029716686682926497,"45":0.20128773732995264,"46":0.40158495591173393,"47":0.0004953493130674224,"48":0.001485845576479336,"49":0.40059427977020906,"50":0.40257540720558954,"51":0.0019810150115459053,"52":0.0009906311719312386,"53":0.40208012534676313,"54":1.0,"55":0.0014858455764606507,"56":0.20326877482629538,"57":0.001981082465805568,"58":0.40059427977020906,"59":0.0019810150115459053,"60":0.20227830104753078,"61":0.0019810150115459053,"62":0.20227818862382696,"63":0.0004953043435111529,"64":0.20079241050153254,"65":0.40108969653755483,"66":0.20227830104756817,"67":0.0009906311719312386,"68":0.0029715562444954033,"69":0.0004953043435111529,"70":0.20128773732991526,"71":0.0019810824658616243,"72":0.40059427977020906,"73":0.40356597092320506,"74":0.001981082465805568,"75":0.9985141769082038,"76":0.4020801703162073,"77":0.0004953043435111529,"78":0.20029717361218763,"79":0.20178313161242684,"80":0.2027734704826721,"81":0.20029717361218763,"82":0.40307073403397226,"83":0.20227830104758684,"84":0.0019810150115459053,"85":0.0019810150115459053,"86":0.40356592595372354,"87":0.0004953493130113661,"88":0.40059427977020906,"89":0.0019810150115459053,"90":0.20178317658196443,"91":0.001981082465805568,"92":0.2027735379368757,"93":0.0019810150115459053,"94":0.001981194889677557,"95":0.20326877482629538,"96":0.0029716236987363804,"97":0.001981127435287096,"98":0.7997028263877359,"99":0.20178292924974128,"100":0.2007924779558109,"101":0.0019811499200465452,"102":0.20178301918868566,"103":0.6023772989589321,"104":0.0024763643246506987,"105":0.0004953268283266586,"106":0.20079250044058902,"107":0.0014858006069604372,"108":0.0009905412329868687,"109":0.0014857781222196735,"110":0.6023772539894879,"111":0.5999009346343748,"112":0.001981172404768624,"113":0.601386757726076,"114":0.0014857781222196735,"115":0.200792477955923,"116":0.002476296870409722,"117":0.6018820620695872,"118":0.6003962614627014,"119":0.000990563717671576,"120":0.0024763868093540917,"121":0.4000990428808828,"122":0.000990563717671576,"123":0.0014857781222196735,"124":0.0024763643246506987,"125":0.0009905637176528907,"126":0.4015848434878993,"127":0.000990563717671576,"128":0.20079245547108882,"129":0.40108962908329515,"130":0.4025754072055335,"131":0.0024763418398912494,"132":0.4015848434878993,"133":0.0024764317788356196,"134":0.002476296870409722,"135":0.20277349296739416,"136":0.0019810374963800965,"137":0.4010896065985918,"138":0.2007924779558109,"139":0.0004953493131047934,"140":0.20178292924974128,"141":0.0029716461834584586,"142":0.20227825607806796,"143":0.0009905637176528907},"ranked":{"6":0.0,"29":0.006993006993006993,"63":0.013986013986013986,"69":0.02097902097902098,"77":0.027972027972027972,"105":0.03496503496503497,"87":0.04195804195804196,"47":0.04895104895104895,"139":0.055944055944055944,"108":0.06293706293706294,"125":0.06993006993006994,"143":0.07692307692307693,"119":0.08391608391608392,"122":0.09090909090909091,"127":0.0979020979020979,"52":0.1048951048951049,"67":0.11188811188811189,"109":0.11888111888111888,"114":0.1258741258741259,"123":0.13286713286713286,"107":0.13986013986013987,"24":0.14685314685314685,"55":0.15384615384615385,"48":0.16083916083916083,"22":0.16783216783216784,"27":0.17482517482517482,"28":0.18181818181818182,"51":0.1888111888111888,"59":0.1958041958041958,"61":0.20279720279720279,"84":0.2097902097902098,"85":0.21678321678321677,"89":0.22377622377622378,"93":0.23076923076923078,"136":0.23776223776223776,"57":0.24475524475524477,"74":0.2517482517482518,"91":0.25874125874125875,"34":0.26573426573426573,"71":0.2727272727272727,"11":0.27972027972027974,"7":0.2867132867132867,"97":0.2937062937062937,"26":0.3006993006993007,"14":0.3076923076923077,"101":0.3146853146853147,"10":0.32167832167832167,"112":0.32867132867132864,"94":0.3356643356643357,"30":0.34265734265734266,"23":0.34965034965034963,"116":0.35664335664335667,"134":0.36363636363636365,"1":0.3706293706293706,"131":0.3776223776223776,"104":0.38461538461538464,"124":0.3916083916083916,"16":0.3986013986013986,"120":0.40559440559440557,"3":0.4125874125874126,"36":0.4195804195804196,"133":0.42657342657342656,"68":0.43356643356643354,"96":0.4405594405594406,"141":0.44755244755244755,"44":0.45454545454545453,"20":0.46153846153846156,"39":0.46853146853146854,"18":0.4755244755244755,"37":0.4825174825174825,"78":0.48951048951048953,"81":0.4965034965034965,"64":0.5034965034965035,"128":0.5104895104895105,"100":0.5174825174825175,"138":0.5244755244755245,"15":0.5314685314685315,"115":0.5384615384615384,"2":0.5454545454545454,"106":0.5524475524475524,"13":0.5594405594405595,"70":0.5664335664335665,"32":0.5734265734265734,"45":0.5804195804195804,"31":0.5874125874125874,"9":0.5944055944055944,"99":0.6013986013986014,"140":0.6083916083916084,"102":0.6153846153846154,"35":0.6223776223776224,"42":0.6293706293706294,"38":0.6363636363636364,"79":0.6433566433566433,"90":0.6503496503496503,"62":0.6573426573426573,"142":0.6643356643356644,"60":0.6713286713286714,"66":0.6783216783216783,"83":0.6853146853146853,"5":0.6923076923076923,"80":0.6993006993006993,"135":0.7062937062937062,"92":0.7132867132867133,"8":0.7202797202797203,"56":0.7272727272727273,"95":0.7342657342657343,"41":0.7412587412587412,"21":0.7482517482517482,"121":0.7552447552447552,"49":0.7622377622377622,"58":0.7692307692307693,"72":0.7762237762237763,"88":0.7832167832167832,"0":0.7902097902097902,"137":0.7972027972027972,"129":0.8041958041958042,"19":0.8111888111888111,"65":0.8181818181818182,"126":0.8251748251748252,"132":0.8321678321678322,"25":0.8391608391608392,"17":0.8461538461538461,"46":0.8531468531468531,"4":0.8601398601398601,"43":0.8671328671328671,"53":0.8741258741258742,"76":0.8811188811188811,"33":0.8881118881118881,"130":0.8951048951048951,"50":0.9020979020979021,"12":0.9090909090909091,"82":0.916083916083916,"86":0.9230769230769231,"73":0.9300699300699301,"111":0.9370629370629371,"118":0.9440559440559441,"113":0.951048951048951,"117":0.958041958041958,"110":0.965034965034965,"103":0.972027972027972,"98":0.9790209790209791,"40":0.986013986013986,"75":0.993006993006993,"54":1.0}}