{"name":"density","eps":0.5,"weight":"value","num_of_nodes":144,"num_of_edges":273,"process_time":0.009308099746704102,"data":{"0":0.25108122356982426,"1":0.49969118315426014,"2":0.2516988853081502,"3":0.25046336550313214,"4":0.0018533498248407341,"5":0.49907338118144684,"6":0.25046336550313214,"7":0.2510812235698476,"8":0.2510810833352437,"9":0.25169902554261425,"10":0.25231674337477245,"11":0.0012355758988503221,"12":0.5003089290334742,"13":0.0030890659581317777,"14":0.003089037911285587,"15":0.001853405918696269,"16":5.609376230390526e-08,"17":0.0012356319926825493,"18":5.609376230390526e-08,"19":0.24984564767097395,"20":0.0012356039457664357,"21":0.4990734372751625,"22":0.000617773925990412,"23":0.2504634215968711,"24":0.2510812235698476,"25":0.0012356319927524725,"26":0.00185337787173354,"27":0.25046339355002495,"28":0.2492277896042818,"29":5.609376230390526e-08,"30":0.251081167475992,"31":0.25108113942926236,"32":0.0018534059185797303,"33":0.25108122356980095,"34":0.0024713200790574793,"35":0.2510811674759687,"36":0.25108122356980095,"37":0.24984561962405782,"38":0.5003088729395255,"39":0.0030889257237143642,"40":0.003706755743373849,"41":0.0024711517977006442,"42":0.000617773925990412,"43":0.4996911831544,"44":0.002471123750854454,"45":0.0018533498248640419,"46":0.0012356039457198202,"47":0.25046347769074995,"48":0.25108108333529033,"49":0.24922781765119792,"50":0.5003089290332878,"51":0.0012355478519109008,"52":0.0012356600394821241,"53":0.4996911831541902,"54":0.2516989974957681,"55":0.4996911831541902,"56":0.2498455635302023,"57":0.00308898181745336,"58":0.0018532937310551225,"59":0.24984561962412774,"60":0.7483011146918731,"61":0.0006178019729065256,"62":0.0024711798446633735,"63":0.24984561962412774,"64":0.4996910990135351,"65":0.25231671532792627,"66":0.24922781765119792,"67":0.0012356039457198202,"68":0.001853433965495844,"69":0.0018534339655424594,"70":0.0012355478519109008,"71":0.001235547851980824,"72":0.0018534059186729613,"73":0.0024710676569989188,"74":0.4990733250876379,"75":4.661551712259723e-14,"76":0.750154548657369,"77":0.003088925723597825,"78":0.4996911831541902,"79":0.0012356039457198202,"80":0.2504634496438338,"81":0.25046344964378725,"82":0.0012356600394588164,"83":0.0012355478519109008,"84":0.0006178019729298333,"85":0.0012355478519109008,"86":0.4996910990135351,"87":0.0006178019729065256,"88":0.500926674912432,"89":0.0012355478519109008,"90":0.2516988572612574,"91":0.253552150992196,"92":0.001235547851980824,"93":0.25046339355004826,"94":0.24984561962401122,"95":0.0030888415829660233,"96":0.0006177739260370275,"97":0.0006178300198925625,"98":0.5009267871000732,"99":0.003706811837299307,"100":0.0012356039458596667,"101":0.002471207891462948,"102":0.5015444768852686,"103":0.2510812235697543,"104":0.25355223513294434,"105":0.7501545767042618,"106":0.4996911831542135,"107":0.25169896944894515,"108":0.5009267871000499,"109":0.25293460144146457,"110":1.0,"111":0.25046342159698765,"112":0.0006177739260370275,"113":0.2529346014415112,"114":0.003088925723597825,"115":0.25169896944887526,"116":0.5021621947174035,"117":0.0012356880865846997,"118":0.0,"119":0.7495368588722201,"120":0.0006177739260370275,"121":0.0006179141604078257,"122":0.0037066716026954312,"123":0.2523168555624835,"124":0.0024712078915095637,"125":0.003088925723597825,"126":0.2535521790391121,"127":0.49969121120112964,"128":0.5015445610259703,"129":0.0018534059185564226,"130":0.004324501622587994,"131":0.24984556353029552,"132":0.25046342159698765,"133":0.25231668728110335,"134":0.25046347769074995,"135":0.2504634215970576,"136":0.25169894140198246,"137":0.002471292032187981,"138":0.251081251616787,"139":0.24984556353029552,"140":0.24984556353029552,"141":0.4990734372751858,"142":0.251081195523048,"143":0.2529345733945951},"ranked":{"118":0.0,"75":0.006993006993006993,"16":0.013986013986013986,"18":0.02097902097902098,"29":0.027972027972027972,"22":0.03496503496503497,"42":0.04195804195804196,"96":0.04895104895104895,"112":0.055944055944055944,"120":0.06293706293706294,"61":0.06993006993006994,"87":0.07692307692307693,"84":0.08391608391608392,"97":0.09090909090909091,"121":0.0979020979020979,"51":0.1048951048951049,"70":0.11188811188811189,"83":0.11888111888111888,"85":0.1258741258741259,"89":0.13286713286713286,"71":0.13986013986013987,"92":0.14685314685314685,"11":0.15384615384615385,"46":0.16083916083916083,"67":0.16783216783216784,"79":0.17482517482517482,"20":0.18181818181818182,"100":0.1888111888111888,"17":0.1958041958041958,"25":0.20279720279720279,"82":0.2097902097902098,"52":0.21678321678321677,"117":0.22377622377622378,"58":0.23076923076923078,"4":0.23776223776223776,"45":0.24475524475524477,"26":0.2517482517482518,"129":0.25874125874125875,"32":0.26573426573426573,"72":0.2727272727272727,"15":0.27972027972027974,"68":0.2867132867132867,"69":0.2937062937062937,"73":0.3006993006993007,"44":0.3076923076923077,"41":0.3146853146853147,"62":0.32167832167832167,"101":0.32867132867132864,"124":0.3356643356643357,"137":0.34265734265734266,"34":0.34965034965034963,"95":0.35664335664335667,"77":0.36363636363636365,"114":0.3706293706293706,"125":0.3776223776223776,"39":0.38461538461538464,"57":0.3916083916083916,"14":0.3986013986013986,"13":0.40559440559440557,"122":0.4125874125874126,"40":0.4195804195804196,"99":0.42657342657342656,"130":0.43356643356643354,"28":0.4405594405594406,"49":0.44755244755244755,"66":0.45454545454545453,"56":0.46153846153846156,"131":0.46853146853146854,"139":0.4755244755244755,"140":0.4825174825174825,"94":0.48951048951048953,"37":0.4965034965034965,"59":0.5034965034965035,"63":0.5104895104895105,"19":0.5174825174825175,"3":0.5244755244755245,"6":0.5314685314685315,"27":0.5384615384615384,"93":0.5454545454545454,"23":0.5524475524475524,"111":0.5594405594405595,"132":0.5664335664335665,"135":0.5734265734265734,"81":0.5804195804195804,"80":0.5874125874125874,"47":0.5944055944055944,"134":0.6013986013986014,"8":0.6083916083916084,"48":0.6153846153846154,"31":0.6223776223776224,"35":0.6293706293706294,"30":0.6363636363636364,"142":0.6433566433566433,"103":0.6503496503496503,"33":0.6573426573426573,"36":0.6643356643356644,"0":0.6713286713286714,"7":0.6783216783216783,"24":0.6853146853146853,"138":0.6923076923076923,"90":0.6993006993006993,"2":0.7062937062937062,"136":0.7132867132867133,"115":0.7202797202797203,"107":0.7272727272727273,"54":0.7342657342657343,"9":0.7412587412587412,"133":0.7482517482517482,"65":0.7552447552447552,"10":0.7622377622377622,"123":0.7692307692307693,"143":0.7762237762237763,"109":0.7832167832167832,"113":0.7902097902097902,"91":0.7972027972027972,"126":0.8041958041958042,"104":0.8111888111888111,"74":0.8181818181818182,"5":0.8251748251748252,"21":0.8321678321678322,"141":0.8391608391608392,"64":0.8461538461538461,"86":0.8531468531468531,"53":0.8601398601398601,"55":0.8671328671328671,"78":0.8741258741258742,"106":0.8811188811188811,"1":0.8881118881118881,"43":0.8951048951048951,"127":0.9020979020979021,"38":0.9090909090909091,"50":0.916083916083916,"12":0.9230769230769231,"88":0.9300699300699301,"108":0.9370629370629371,"98":0.9440559440559441,"102":0.951048951048951,"128":0.958041958041958,"116":0.965034965034965,"60":0.972027972027972,"119":0.9790209790209791,"76":0.986013986013986,"105":0.993006993006993,"110":1.0}}