{"name":"agd","num_of_nodes":126,"num_of_edges":239,"weight":"value","process_time":0.009258031845092773,"data":{"0":0.5429389312977099,"1":0.6345419847328244,"2":0.5801526717557252,"3":0.7509541984732825,"4":0.8998091603053434,"5":0.857824427480916,"6":0.5896946564885496,"7":0.6545801526717556,"8":0.7290076335877862,"9":0.8950381679389312,"10":0.8950381679389312,"11":0.7309160305343512,"12":0.5791984732824427,"13":0.7251908396946565,"14":0.6965648854961831,"15":0.7309160305343512,"16":0.6727099236641221,"17":0.6097328244274809,"18":0.8234732824427481,"19":0.6917938931297709,"20":0.6154580152671756,"21":0.6526717557251908,"22":0.7958015267175572,"23":0.7013358778625953,"24":0.6135496183206107,"25":0.6860687022900763,"26":0.616412213740458,"27":0.857824427480916,"28":0.6812977099236641,"29":0.616412213740458,"30":0.9675572519083969,"31":0.7099236641221374,"32":0.6669847328244274,"33":0.5667938931297709,"34":0.825381679389313,"35":0.642175572519084,"36":0.758587786259542,"37":0.6784351145038168,"38":0.525763358778626,"39":0.5887404580152672,"40":0.7709923664122137,"41":0.7251908396946565,"42":0.0028625954198473274,"43":0.05057251908396946,"44":0.0,"45":0.0019083969465648854,"46":0.020992366412213737,"47":0.04198473282442748,"48":0.03435114503816794,"49":0.02385496183206107,"50":0.06297709923664122,"51":0.04961832061068702,"52":0.029580152671755722,"53":0.03530534351145038,"54":0.029580152671755722,"55":0.0,"56":0.04198473282442748,"57":0.02385496183206107,"58":0.06297709923664122,"59":0.02194656488549618,"60":0.07347328244274809,"61":0.030534351145038167,"62":0.046755725190839696,"63":0.061068702290076333,"64":0.0028625954198473274,"65":0.04389312977099236,"66":0.06488549618320609,"67":0.06488549618320609,"68":0.05248091603053435,"69":0.0028625954198473274,"70":0.04293893129770992,"71":0.03435114503816794,"72":0.033396946564885496,"73":0.0028625954198473274,"74":0.027671755725190844,"75":0.04961832061068702,"76":0.029580152671755722,"77":0.020992366412213737,"78":0.03816793893129771,"79":0.06488549618320609,"80":0.05248091603053435,"81":0.03816793893129771,"82":0.029580152671755722,"83":0.022900763358778626,"84":0.5286259541984734,"85":0.6688931297709922,"86":0.9732824427480916,"87":0.8377862595419847,"88":0.9255725190839694,"89":0.6402671755725191,"90":0.7786259541984732,"91":0.7318702290076335,"92":0.8559160305343512,"93":0.6812977099236641,"94":0.9236641221374046,"95":0.7614503816793893,"96":0.689885496183206,"97":0.8387404580152672,"98":0.5620229007633587,"99":0.5477099236641221,"100":0.7938931297709922,"101":0.8501908396946565,"102":0.5696564885496183,"103":0.78912213740458,"104":0.7395038167938931,"105":0.564885496183206,"106":0.6469465648854962,"107":0.7356870229007634,"108":0.6402671755725191,"109":0.9045801526717556,"110":0.972328244274809,"111":0.726145038167939,"112":0.525763358778626,"113":0.5486641221374046,"114":0.9875954198473281,"115":0.7614503816793893,"116":0.5372137404580152,"117":0.6469465648854962,"118":0.6125954198473282,"119":0.5362595419847328,"120":1.0,"121":0.7843511450381678,"122":0.7051526717557252,"123":0.732824427480916,"124":0.7929389312977099,"125":0.5791984732824427},"ranked":{"44":0.0,"55":0.008,"45":0.016,"42":0.024,"64":0.032,"69":0.04,"73":0.048,"46":0.056,"77":0.064,"59":0.072,"83":0.08,"49":0.088,"57":0.096,"74":0.104,"52":0.112,"54":0.12,"76":0.128,"82":0.136,"61":0.144,"72":0.152,"48":0.16,"71":0.168,"53":0.176,"78":0.184,"81":0.192,"47":0.2,"56":0.208,"70":0.216,"65":0.224,"62":0.232,"51":0.24,"75":0.248,"43":0.256,"68":0.264,"80":0.272,"63":0.28,"50":0.288,"58":0.296,"66":0.304,"67":0.312,"79":0.32,"60":0.328,"38":0.336,"112":0.344,"84":0.352,"119":0.36,"116":0.368,"0":0.376,"99":0.384,"113":0.392,"98":0.4,"105":0.408,"33":0.416,"102":0.424,"12":0.432,"125":0.44,"2":0.448,"39":0.456,"6":0.464,"17":0.472,"118":0.48,"24":0.488,"20":0.496,"26":0.504,"29":0.512,"1":0.52,"89":0.528,"108":0.536,"35":0.544,"106":0.552,"117":0.56,"21":0.568,"7":0.576,"32":0.584,"85":0.592,"16":0.6,"37":0.608,"28":0.616,"93":0.624,"25":0.632,"96":0.64,"19":0.648,"14":0.656,"23":0.664,"122":0.672,"31":0.68,"13":0.688,"41":0.696,"111":0.704,"8":0.712,"11":0.72,"15":0.728,"91":0.736,"123":0.744,"107":0.752,"104":0.76,"3":0.768,"36":0.776,"95":0.784,"115":0.792,"40":0.8,"90":0.808,"121":0.816,"103":0.824,"124":0.832,"100":0.84,"22":0.848,"18":0.856,"34":0.864,"87":0.872,"97":0.88,"101":0.888,"92":0.896,"5":0.904,"27":0.912,"9":0.92,"10":0.928,"4":0.936,"109":0.944,"94":0.952,"88":0.96,"30":0.968,"110":0.976,"86":0.984,"114":0.992,"120":1.0}}