{"name":"pagerank","alpha":0.85,"weight":"value","num_of_nodes":123,"num_of_edges":230,"process_time":0.04035806655883789,"data":{"0":0.2583537045709858,"1":0.12854052620270792,"2":0.4037246879312617,"3":0.33346628439019854,"4":0.17691917406902885,"5":0.17691917406902885,"6":0.17691917406902885,"7":0.031834851709029374,"8":0.018519933417094098,"9":0.10862347640161424,"10":0.11809812612027062,"11":0.13652256690058465,"12":0.11623878344834407,"13":0.08797930496773972,"14":0.09806873782773393,"15":1.0,"16":0.12353241820748455,"17":0.5656929631118116,"18":0.11659446982765381,"19":0.35771208327411164,"20":0.09689474014716802,"21":0.14027338046819288,"22":0.4139732100656775,"23":0.35771208327411164,"24":0.496202362310163,"25":0.05703440713729865,"26":0.01851993341709398,"27":0.508766504752316,"28":0.11209738502648328,"29":0.6330076674892781,"30":0.3389118037924954,"31":0.40808794365338996,"32":0.1297083715431406,"33":0.05211582188176337,"34":0.3859407352955957,"35":0.4195926584760299,"36":0.3384131745367953,"37":0.05786902403266406,"38":0.5656929631118116,"39":0.4592988413040802,"40":0.12854052620270792,"41":0.030469006665674037,"42":0.7470443621684804,"43":0.16503006236054327,"44":0.03552942678527915,"45":0.05466104910176495,"46":0.10038550219171967,"47":0.05685429306110367,"48":0.16503006236054327,"49":0.09435991931403462,"50":0.5710775400330614,"51":0.25860873313666555,"52":0.3093649643372735,"53":0.37038489541820685,"54":0.27172172663382,"55":0.11900569850331255,"56":0.31653914919426696,"57":0.25508589371998835,"58":0.02910569938360789,"59":0.3193494581239754,"60":0.13830487530870422,"61":0.33671449783692187,"62":0.25508589371998835,"63":0.3590500338202917,"64":0.25508589371998835,"65":0.3294434457931018,"66":0.8232578210931315,"67":0.059614646422561514,"68":0.3325228242596803,"69":0.25508589371998835,"70":0.7597950262096966,"71":0.14341704410982686,"72":0.30939388510418453,"73":0.03552942678527915,"74":0.10985682834562,"75":0.273356156154349,"76":0.3031813675314096,"77":0.07854411454847168,"78":0.06155232927051088,"79":0.10649602489928797,"80":0.3031813675314096,"81":0.36605246792734836,"82":0.1886825483320891,"83":0.14553455111496783,"84":0.020897110968968485,"85":0.005506811106566825,"86":0.0,"87":0.08658496735520856,"88":0.010595812195964198,"89":0.282859345314011,"90":0.4993842420698394,"91":0.3614517811160958,"92":0.46083760865108403,"93":0.5150792431247377,"94":0.5150792431247377,"95":0.511771690719321,"96":0.7143505193756351,"97":0.13862122396723678,"98":0.24517612183388351,"99":0.2711595892440697,"100":0.24851477453747192,"101":0.4222942194677453,"102":0.1002142399232219,"103":0.21988024072876872,"104":0.42865700257225664,"105":0.6251569279473956,"106":0.07514225906670775,"107":0.005248204786541845,"108":0.02058674272817855,"109":0.09112656191289079,"110":0.13144913744984515,"111":0.3041611034727108,"112":0.10612928593855692,"113":0.19437225285915644,"114":0.17441098832464227,"115":0.4537804274182249,"116":0.26287378848079546,"117":0.2674902948719656,"118":0.6436865016276466,"119":0.005248204786541845,"120":0.2520902010395803,"121":0.43259662340350513,"122":0.019839249560759428},"ranked":{"86":0.0,"107":0.00819672131147541,"119":0.01639344262295082,"85":0.02459016393442623,"88":0.03278688524590164,"26":0.040983606557377046,"8":0.04918032786885246,"122":0.05737704918032787,"108":0.06557377049180328,"84":0.07377049180327869,"58":0.08196721311475409,"41":0.09016393442622951,"7":0.09836065573770492,"44":0.10655737704918032,"73":0.11475409836065574,"33":0.12295081967213115,"45":0.13114754098360656,"47":0.13934426229508196,"25":0.14754098360655737,"37":0.1557377049180328,"67":0.16393442622950818,"78":0.1721311475409836,"106":0.18032786885245902,"77":0.1885245901639344,"87":0.19672131147540983,"13":0.20491803278688525,"109":0.21311475409836064,"49":0.22131147540983606,"20":0.22950819672131148,"14":0.23770491803278687,"102":0.2459016393442623,"46":0.2540983606557377,"112":0.26229508196721313,"79":0.27049180327868855,"9":0.2786885245901639,"74":0.28688524590163933,"28":0.29508196721311475,"12":0.30327868852459017,"18":0.3114754098360656,"10":0.319672131147541,"55":0.32786885245901637,"16":0.3360655737704918,"1":0.3442622950819672,"40":0.3524590163934426,"32":0.36065573770491804,"110":0.36885245901639346,"11":0.3770491803278688,"60":0.38524590163934425,"97":0.39344262295081966,"21":0.4016393442622951,"71":0.4098360655737705,"83":0.4180327868852459,"43":0.4262295081967213,"48":0.4344262295081967,"114":0.4426229508196721,"4":0.45081967213114754,"5":0.45901639344262296,"6":0.4672131147540984,"82":0.47540983606557374,"113":0.48360655737704916,"103":0.4918032786885246,"98":0.5,"100":0.5081967213114754,"120":0.5163934426229508,"57":0.5245901639344263,"62":0.5327868852459017,"64":0.5409836065573771,"69":0.5491803278688525,"0":0.5573770491803278,"51":0.5655737704918032,"116":0.5737704918032787,"117":0.5819672131147541,"99":0.5901639344262295,"54":0.5983606557377049,"75":0.6065573770491803,"89":0.6147540983606558,"76":0.6229508196721312,"80":0.6311475409836066,"111":0.639344262295082,"52":0.6475409836065574,"72":0.6557377049180327,"56":0.6639344262295082,"59":0.6721311475409836,"65":0.680327868852459,"68":0.6885245901639344,"3":0.6967213114754098,"61":0.7049180327868853,"36":0.7131147540983607,"30":0.7213114754098361,"19":0.7295081967213115,"23":0.7377049180327869,"63":0.7459016393442623,"91":0.7540983606557377,"81":0.7622950819672131,"53":0.7704918032786885,"34":0.7786885245901639,"2":0.7868852459016393,"31":0.7950819672131147,"22":0.8032786885245902,"35":0.8114754098360656,"101":0.819672131147541,"104":0.8278688524590164,"121":0.8360655737704918,"115":0.8442622950819673,"39":0.8524590163934426,"92":0.860655737704918,"24":0.8688524590163934,"90":0.8770491803278688,"27":0.8852459016393442,"95":0.8934426229508197,"93":0.9016393442622951,"94":0.9098360655737705,"17":0.9180327868852459,"38":0.9262295081967213,"50":0.9344262295081968,"105":0.9426229508196722,"29":0.9508196721311475,"118":0.9590163934426229,"96":0.9672131147540983,"42":0.9754098360655737,"70":0.9836065573770492,"66":0.9918032786885246,"15":1.0}}