{"name":"pagerank","alpha":0.85,"weight":"value","num_of_nodes":123,"num_of_edges":394,"process_time":0.0368499755859375,"data":{"0":0.29915770282257914,"1":0.30756648977744017,"2":0.2932854573748313,"3":0.035976809355600985,"4":0.08956181921727369,"5":0.21607871574335122,"6":0.06160059088832192,"7":0.18368642255537646,"8":0.08740605769214699,"9":0.07537243667601437,"10":0.35682852719045266,"11":0.16178773199785515,"12":0.06323159055667604,"13":0.18148164969146446,"14":0.36303440674278725,"15":0.2556345857790915,"16":0.17815760196331057,"17":0.46978038508327513,"18":0.09943259966576652,"19":0.05812064749985419,"20":0.29877797848781495,"21":0.053752220225895396,"22":0.0829650910574196,"23":0.6502444211395115,"24":0.1420031170696972,"25":0.27253047961743077,"26":0.2987954357789023,"27":0.1957931065983256,"28":0.05898032409755297,"29":0.1906182595243214,"30":0.14411586200898027,"31":0.12938597540861901,"32":0.054460059411269655,"33":0.30082191689628673,"34":0.20639751920587782,"35":0.7123492528394137,"36":0.31317034069167504,"37":0.41807624340859184,"38":0.020736795344597755,"39":0.17706058971127897,"40":0.30168699531992466,"41":0.17823911532986508,"42":0.43066921745600073,"43":0.04046438106733715,"44":0.061516456889796414,"45":0.3316806162649533,"46":0.28109601874846263,"47":0.29353178375778943,"48":0.3771890813867764,"49":0.17475155894047775,"50":0.14129302287185108,"51":0.3562240878673382,"52":0.2580993844880692,"53":0.3572035394082798,"54":0.25114861245947456,"55":0.037629454931666494,"56":0.43272192402023146,"57":0.0483847941376273,"58":0.3304067040851508,"59":0.01949666618273687,"60":0.1261367253074742,"61":0.3759346796655951,"62":0.5380397759927258,"63":0.29353178375778943,"64":0.061516456889796414,"65":0.03496046618572701,"66":0.0,"67":0.15334414596113,"68":0.28109601874846263,"69":0.1609338301965378,"70":0.04046438106733715,"71":0.03795025290602675,"72":0.0,"73":0.3800488283889681,"74":0.29353178375778943,"75":0.3824055803271411,"76":0.5079182413317861,"77":0.04046438106733715,"78":0.3280064162734679,"79":0.021030785033495387,"80":0.3759346796655951,"81":0.21704196215161148,"82":0.08137811578942684,"83":0.1087822747616926,"84":0.07244955850675433,"85":0.048836080441674,"86":0.4003313544736175,"87":0.4040061072921279,"88":0.11055951928437424,"89":0.06862995719815167,"90":0.2927510297355351,"91":1.0,"92":0.17767732145908727,"93":0.186381592280631,"94":0.17468594796735087,"95":0.07049434666818781,"96":0.2792885464028712,"97":0.5226672810876545,"98":0.5145445154938106,"99":0.23410613849246514,"100":0.11055951928437424,"101":0.17767732145908727,"102":0.33649053192121336,"103":0.05748782533071111,"104":0.06014477573591592,"105":0.07091461343890516,"106":0.277585759338865,"107":0.17959750337236222,"108":0.353564246440325,"109":0.04611034152779286,"110":0.17258360181667606,"111":0.29234115023034085,"112":0.23410613849246495,"113":0.2999041601495086,"114":0.06014477573591592,"115":0.052111837476705954,"116":0.04255803149460625,"117":0.17524795495386525,"118":0.16131314724574491,"119":0.2865037833881192,"120":0.03723995786231371,"121":0.053465170226277385,"122":0.058043233985947004},"ranked":{"66":0.0,"72":0.00819672131147541,"59":0.01639344262295082,"38":0.02459016393442623,"79":0.03278688524590164,"65":0.040983606557377046,"3":0.04918032786885246,"120":0.05737704918032787,"55":0.06557377049180328,"71":0.07377049180327869,"43":0.08196721311475409,"70":0.09016393442622951,"77":0.09836065573770492,"116":0.10655737704918032,"109":0.11475409836065574,"57":0.12295081967213115,"85":0.13114754098360656,"115":0.13934426229508196,"121":0.14754098360655737,"21":0.1557377049180328,"32":0.16393442622950818,"103":0.1721311475409836,"122":0.18032786885245902,"19":0.1885245901639344,"28":0.19672131147540983,"104":0.20491803278688525,"114":0.21311475409836064,"44":0.22131147540983606,"64":0.22950819672131148,"6":0.23770491803278687,"12":0.2459016393442623,"89":0.2540983606557377,"95":0.26229508196721313,"105":0.27049180327868855,"84":0.2786885245901639,"9":0.28688524590163933,"82":0.29508196721311475,"22":0.30327868852459017,"8":0.3114754098360656,"4":0.319672131147541,"18":0.32786885245901637,"83":0.3360655737704918,"88":0.3442622950819672,"100":0.3524590163934426,"60":0.36065573770491804,"31":0.36885245901639346,"50":0.3770491803278688,"24":0.38524590163934425,"30":0.39344262295081966,"67":0.4016393442622951,"69":0.4098360655737705,"118":0.4180327868852459,"11":0.4262295081967213,"110":0.4344262295081967,"94":0.4426229508196721,"49":0.45081967213114754,"117":0.45901639344262296,"39":0.4672131147540984,"92":0.47540983606557374,"101":0.48360655737704916,"16":0.4918032786885246,"41":0.5,"107":0.5081967213114754,"13":0.5163934426229508,"7":0.5245901639344263,"93":0.5327868852459017,"29":0.5409836065573771,"27":0.5491803278688525,"34":0.5573770491803278,"5":0.5655737704918032,"81":0.5737704918032787,"112":0.5819672131147541,"99":0.5901639344262295,"54":0.5983606557377049,"15":0.6065573770491803,"52":0.6147540983606558,"25":0.6229508196721312,"106":0.6311475409836066,"96":0.639344262295082,"46":0.6475409836065574,"68":0.6557377049180327,"119":0.6639344262295082,"111":0.6721311475409836,"90":0.680327868852459,"2":0.6885245901639344,"47":0.6967213114754098,"63":0.7049180327868853,"74":0.7131147540983607,"20":0.7213114754098361,"26":0.7295081967213115,"0":0.7377049180327869,"113":0.7459016393442623,"33":0.7540983606557377,"40":0.7622950819672131,"1":0.7704918032786885,"36":0.7786885245901639,"78":0.7868852459016393,"58":0.7950819672131147,"45":0.8032786885245902,"102":0.8114754098360656,"108":0.819672131147541,"51":0.8278688524590164,"10":0.8360655737704918,"53":0.8442622950819673,"14":0.8524590163934426,"61":0.860655737704918,"80":0.8688524590163934,"48":0.8770491803278688,"73":0.8852459016393442,"75":0.8934426229508197,"86":0.9016393442622951,"87":0.9098360655737705,"37":0.9180327868852459,"42":0.9262295081967213,"56":0.9344262295081968,"17":0.9426229508196722,"76":0.9508196721311475,"98":0.9590163934426229,"97":0.9672131147540983,"62":0.9754098360655737,"23":0.9836065573770492,"35":0.9918032786885246,"91":1.0}}