{"name":"agd","num_of_nodes":99,"num_of_edges":301,"weight":"value","process_time":0.009039878845214844,"data":{"0":0.047808764940239036,"1":0.007968127490039828,"2":0.011952191235059754,"3":0.019920318725099605,"4":0.029880478087649393,"5":0.06374501992031874,"6":0.007968127490039828,"7":0.04382470119521911,"8":0.055776892430278883,"9":0.019920318725099605,"10":0.04382470119521911,"11":0.08167330677290838,"12":0.04183266932270917,"13":0.07569721115537846,"14":0.015936254980079678,"15":0.05976095617529881,"16":0.0,"17":0.07768924302788845,"18":0.011952191235059754,"19":0.07370517928286853,"20":0.019920318725099605,"21":0.08167330677290838,"22":0.02788844621513943,"23":0.047808764940239036,"24":0.04183266932270917,"25":0.11354581673306773,"26":0.08167330677290838,"27":0.015936254980079678,"28":0.05976095617529881,"29":0.015936254980079678,"30":0.037848605577689244,"31":0.10159362549800796,"32":0.00996015936254979,"33":0.9880478087649404,"34":0.5597609561752989,"35":0.8784860557768925,"36":0.7111553784860559,"37":0.5318725099601594,"38":0.703187250996016,"39":0.4940239043824702,"40":0.8824701195219123,"41":1.0,"42":0.6414342629482072,"43":0.9900398406374502,"44":0.555776892430279,"45":0.6055776892430279,"46":0.5796812749003984,"47":0.6294820717131474,"48":0.5458167330677292,"49":0.7111553784860559,"50":0.9860557768924303,"51":0.5059760956175299,"52":1.0,"53":0.5597609561752989,"54":0.8804780876494025,"55":0.7848605577689243,"56":0.4900398406374502,"57":0.7828685258964144,"58":0.653386454183267,"59":0.8784860557768925,"60":0.5896414342629482,"61":0.7011952191235061,"62":0.8904382470119523,"63":0.6055776892430279,"64":0.5099601593625499,"65":0.7848605577689243,"66":0.6454183266932271,"67":0.7151394422310757,"68":0.5637450199203188,"69":0.5318725099601594,"70":0.703187250996016,"71":0.5338645418326693,"72":0.7330677290836654,"73":0.5498007968127491,"74":0.7330677290836654,"75":0.9163346613545817,"76":0.9003984063745021,"77":0.5916334661354582,"78":0.7330677290836654,"79":0.6434262948207172,"80":0.6414342629482072,"81":0.7131474103585658,"82":0.5876494023904383,"83":0.8167330677290837,"84":0.7988047808764942,"85":0.5239043824701195,"86":0.7071713147410358,"87":0.6394422310756973,"88":0.9163346613545817,"89":0.5776892430278885,"90":0.9342629482071714,"91":0.7928286852589642,"92":0.9023904382470119,"93":0.49601593625498014,"94":0.48804780876494025,"95":0.5637450199203188,"96":0.5717131474103586,"97":0.6394422310756973,"98":0.906374501992032},"ranked":{"16":0.0,"1":0.01020408163265306,"6":0.02040816326530612,"32":0.030612244897959183,"2":0.04081632653061224,"18":0.05102040816326531,"14":0.061224489795918366,"27":0.07142857142857142,"29":0.08163265306122448,"3":0.09183673469387756,"9":0.10204081632653061,"20":0.11224489795918367,"22":0.12244897959183673,"4":0.1326530612244898,"30":0.14285714285714285,"12":0.15306122448979592,"24":0.16326530612244897,"7":0.17346938775510204,"10":0.1836734693877551,"0":0.19387755102040816,"23":0.20408163265306123,"8":0.21428571428571427,"15":0.22448979591836735,"28":0.23469387755102042,"5":0.24489795918367346,"19":0.25510204081632654,"13":0.2653061224489796,"17":0.2755102040816326,"11":0.2857142857142857,"21":0.29591836734693877,"26":0.30612244897959184,"31":0.3163265306122449,"25":0.32653061224489793,"94":0.336734693877551,"56":0.3469387755102041,"39":0.35714285714285715,"93":0.3673469387755102,"51":0.37755102040816324,"64":0.3877551020408163,"85":0.3979591836734694,"37":0.40816326530612246,"69":0.41836734693877553,"71":0.42857142857142855,"48":0.4387755102040816,"73":0.4489795918367347,"44":0.45918367346938777,"34":0.46938775510204084,"53":0.47959183673469385,"68":0.4897959183673469,"95":0.5,"96":0.5102040816326531,"89":0.5204081632653061,"46":0.5306122448979592,"82":0.5408163265306123,"60":0.5510204081632653,"77":0.5612244897959183,"45":0.5714285714285714,"63":0.5816326530612245,"47":0.5918367346938775,"87":0.6020408163265306,"97":0.6122448979591837,"42":0.6224489795918368,"80":0.6326530612244898,"79":0.6428571428571429,"66":0.6530612244897959,"58":0.6632653061224489,"61":0.673469387755102,"38":0.6836734693877551,"70":0.6938775510204082,"86":0.7040816326530612,"36":0.7142857142857143,"49":0.7244897959183674,"81":0.7346938775510204,"67":0.7448979591836735,"72":0.7551020408163265,"74":0.7653061224489796,"78":0.7755102040816326,"57":0.7857142857142857,"55":0.7959183673469388,"65":0.8061224489795918,"91":0.8163265306122449,"84":0.826530612244898,"83":0.8367346938775511,"35":0.8469387755102041,"59":0.8571428571428571,"54":0.8673469387755102,"40":0.8775510204081632,"62":0.8877551020408163,"76":0.8979591836734694,"92":0.9081632653061225,"98":0.9183673469387755,"75":0.9285714285714286,"88":0.9387755102040817,"90":0.9489795918367347,"50":0.9591836734693877,"33":0.9693877551020408,"43":0.9795918367346939,"41":0.9897959183673469,"52":1.0}}