{"name":"fiedler","normalized":true,"weight":"value","num_of_nodes":129,"num_of_edges":402,"process_time":0.044001102447509766,"data":{"0":0.05422886459339266,"1":0.18912863013059167,"2":0.158058923156146,"3":0.1397366389284767,"4":0.13248286319712277,"5":0.1324544491744825,"6":0.10987214272131934,"7":0.15367492465733062,"8":0.10901880120663836,"9":0.13100937686474887,"10":0.10442080220846345,"11":0.14821745038729248,"12":0.11906226741216112,"13":0.15805892315070097,"14":0.1014176532514907,"15":0.13491281677104366,"16":0.10059210994142725,"17":0.10491995682904677,"18":0.0,"19":0.0637271865729633,"20":0.13797011098442266,"21":0.11463795217934576,"22":0.08251095393497768,"23":0.07927537020917928,"24":0.10752797993750167,"25":0.11640486544372103,"26":0.13799993556299278,"27":0.10491995683570011,"28":0.11725730697023562,"29":0.17006890097976865,"30":0.132482863188253,"31":0.10767588146127814,"32":0.10553365845340362,"33":0.07199111372217465,"34":0.10402909008209411,"35":0.13215172604975323,"36":0.13157529491238432,"37":0.07404500246283674,"38":0.1732266719875679,"39":0.16118613055422398,"40":0.1184648090111653,"41":0.10799189232622435,"42":0.13555101887138826,"43":0.8166930918604557,"44":0.6752897183754952,"45":0.8938171006328702,"46":0.8053290511144016,"47":0.8638001546333949,"48":1.0,"49":0.8642205566769425,"50":0.9961579943392925,"51":0.13215172605023395,"52":0.8295997022151737,"53":0.8951281074614046,"54":0.8914595074431485,"55":0.8482453475280984,"56":0.8511976402421236,"57":0.8570398122525146,"58":0.8259153886617407,"59":0.8646503559092239,"60":0.892758162416199,"61":0.521025574670202,"62":0.8945196689492426,"63":0.8990569545257445,"64":0.8857748150150422,"65":0.9018964855116883,"66":0.7049599835045303,"67":0.8627936122692484,"68":0.8015962888090442,"69":0.8866594747602032,"70":0.7256120775958821,"71":0.93860590229543,"72":0.9131146063461587,"73":0.7031090513888584,"74":0.8112375742282634,"75":0.9029706248954634,"76":0.7210770853382694,"77":0.6855226238705807,"78":0.8639807791069994,"79":0.898646602607663,"80":0.6855226238707891,"81":0.9348168886984282,"82":0.8538367350078412,"83":0.8866594747542309,"84":0.811237574228127,"85":0.8920977279087612,"86":0.33824228139696066,"87":0.38696707643555733,"88":0.2954188229950012,"89":0.6113570259877987,"90":0.43286917042097345,"91":0.3242260721195955,"92":0.5632381941775839,"93":0.7081155176852592,"94":0.35283780773239765,"95":0.278009130078184,"96":0.2963118085295073,"97":0.5033048299999364,"98":0.3796386464611154,"99":0.4607614820128515,"100":0.2906422244932841,"101":0.4033337453775558,"102":0.6139257484958,"103":0.4128022310959213,"104":0.3330274542901952,"105":0.4151393966032753,"106":0.4872996359319678,"107":0.3021735938342374,"108":0.4772437394103484,"109":0.3863086397764405,"110":0.5033048299961967,"111":0.31866013163754103,"112":0.32422607211949156,"113":0.5373185229346922,"114":0.5059622549879668,"115":0.5632381941771274,"116":0.31361753472694803,"117":0.42190106409631034,"118":0.3042107449851461,"119":0.30801917027305953,"120":0.3635088004050749,"121":0.3395289074296832,"122":0.5332249690804045,"123":0.5076455376788853,"124":0.358746911991042,"125":0.3090033786508983,"126":0.5288023194564323,"127":0.192848268945562,"128":0.415442417780787},"ranked":{"18":0.0,"0":0.0078125,"19":0.015625,"33":0.0234375,"37":0.03125,"23":0.0390625,"22":0.046875,"16":0.0546875,"14":0.0625,"34":0.0703125,"10":0.078125,"17":0.0859375,"27":0.09375,"32":0.1015625,"24":0.109375,"31":0.1171875,"41":0.125,"8":0.1328125,"6":0.140625,"21":0.1484375,"25":0.15625,"28":0.1640625,"40":0.171875,"12":0.1796875,"9":0.1875,"36":0.1953125,"35":0.203125,"51":0.2109375,"5":0.21875,"30":0.2265625,"4":0.234375,"15":0.2421875,"42":0.25,"20":0.2578125,"26":0.265625,"3":0.2734375,"11":0.28125,"7":0.2890625,"13":0.296875,"2":0.3046875,"39":0.3125,"29":0.3203125,"38":0.328125,"1":0.3359375,"127":0.34375,"95":0.3515625,"100":0.359375,"88":0.3671875,"96":0.375,"107":0.3828125,"118":0.390625,"119":0.3984375,"125":0.40625,"116":0.4140625,"111":0.421875,"112":0.4296875,"91":0.4375,"104":0.4453125,"86":0.453125,"121":0.4609375,"94":0.46875,"124":0.4765625,"120":0.484375,"98":0.4921875,"109":0.5,"87":0.5078125,"101":0.515625,"103":0.5234375,"105":0.53125,"128":0.5390625,"117":0.546875,"90":0.5546875,"99":0.5625,"108":0.5703125,"106":0.578125,"110":0.5859375,"97":0.59375,"114":0.6015625,"123":0.609375,"61":0.6171875,"126":0.625,"122":0.6328125,"113":0.640625,"115":0.6484375,"92":0.65625,"89":0.6640625,"102":0.671875,"44":0.6796875,"77":0.6875,"80":0.6953125,"73":0.703125,"66":0.7109375,"93":0.71875,"76":0.7265625,"70":0.734375,"68":0.7421875,"46":0.75,"84":0.7578125,"74":0.765625,"43":0.7734375,"58":0.78125,"52":0.7890625,"55":0.796875,"56":0.8046875,"82":0.8125,"57":0.8203125,"67":0.828125,"47":0.8359375,"78":0.84375,"49":0.8515625,"59":0.859375,"64":0.8671875,"83":0.875,"69":0.8828125,"54":0.890625,"85":0.8984375,"60":0.90625,"45":0.9140625,"62":0.921875,"53":0.9296875,"79":0.9375,"63":0.9453125,"65":0.953125,"75":0.9609375,"72":0.96875,"81":0.9765625,"71":0.984375,"50":0.9921875,"48":1.0}}