{"name":"density","eps":0.5,"weight":"value","num_of_nodes":48,"num_of_edges":142,"process_time":0.010969877243041992,"data":{"0":0.2500000211004285,"1":0.0,"2":0.004957673574364952,"3":0.7512396082968436,"4":0.2500000211004285,"5":0.007436425960171082,"6":0.0,"7":0.0012394043266873872,"8":0.0,"9":0.2506197373306235,"10":0.2530986585191823,"11":0.0018591768244509707,"12":0.7518592119918758,"13":0.00433778854141732,"14":0.2506197373306235,"15":0.5012395590625882,"16":0.5018591908916289,"17":0.0049576735744350925,"18":0.501859303426696,"19":0.0018590924231330747,"20":0.7518591838582459,"21":0.2518592541925417,"22":0.0024788086533747743,"23":0.2512394816946612,"24":0.2512394816946612,"25":0.25371817781306233,"26":0.0006197443639909516,"27":0.5024790196569144,"28":0.004337844808985965,"29":0.2518593104600869,"30":0.5030985108169984,"31":0.2512394816946612,"32":0.2530983490473794,"33":0.25185911352349144,"34":0.002478667984254434,"35":0.5024786820513155,"36":0.0018590924231096945,"37":0.0006196318286666236,"38":1.0,"39":0.0012394605941391313,"40":0.7493803470707187,"41":0.0012394605941391313,"42":0.0006196318286666236,"43":0.2530983490473794,"44":0.0006196318286666236,"45":0.0018590924231096945,"46":0.5006197865646843,"47":0.0006196318286666236},"ranked":{"1":0.0,"6":0.02127659574468085,"8":0.0425531914893617,"37":0.06382978723404255,"42":0.0851063829787234,"44":0.10638297872340426,"47":0.1276595744680851,"26":0.14893617021276595,"7":0.1702127659574468,"39":0.19148936170212766,"41":0.2127659574468085,"36":0.23404255319148937,"45":0.2553191489361702,"19":0.2765957446808511,"11":0.2978723404255319,"34":0.3191489361702128,"22":0.3404255319148936,"13":0.3617021276595745,"28":0.3829787234042553,"2":0.40425531914893614,"17":0.425531914893617,"5":0.44680851063829785,"0":0.46808510638297873,"4":0.48936170212765956,"9":0.5106382978723404,"14":0.5319148936170213,"23":0.5531914893617021,"24":0.574468085106383,"31":0.5957446808510638,"33":0.6170212765957447,"21":0.6382978723404256,"29":0.6595744680851063,"32":0.6808510638297872,"43":0.7021276595744681,"10":0.723404255319149,"25":0.7446808510638298,"46":0.7659574468085106,"15":0.7872340425531915,"16":0.8085106382978723,"18":0.8297872340425532,"35":0.851063829787234,"27":0.8723404255319149,"30":0.8936170212765957,"40":0.9148936170212766,"3":0.9361702127659575,"20":0.9574468085106383,"12":0.9787234042553191,"38":1.0}}