{"name":"density","eps":0.5,"weight":"value","num_of_nodes":120,"num_of_edges":375,"process_time":0.03134727478027344,"data":{"0":0.40059436070196675,"1":0.002971781025270163,"2":0.20178303713644266,"3":0.0009905636953616347,"4":0.6023774877774354,"5":0.0024764317232284297,"6":0.4045566379683404,"7":0.2067356982202372,"8":0.4055471117246102,"9":0.2002972140780564,"10":0.0024764766928023737,"11":0.4030708149100289,"12":0.2042595138291516,"13":0.0019812622992956175,"14":0.20326895013393947,"15":0.00198119484496273,"16":0.003467062872885581,"17":0.003467062872754783,"18":0.40554708923986993,"19":0.0009905861800832076,"20":0.4010896875191187,"21":0.20277369077076535,"22":0.20376418701205568,"23":0.0019812622994077305,"24":0.40108959758017637,"25":0.6018822059298019,"26":0.002971736055658848,"27":0.0014859579669212555,"28":0.6028727471402902,"29":0.4025755780317258,"30":0.4035660742729227,"31":0.004457514144452497,"32":0.40208029618405433,"33":0.0014859579669212555,"34":0.0014859579668838846,"35":0.2032689951031397,"36":0.0019812622994077305,"37":0.20376416452714724,"38":0.0019812622992956175,"39":0.20376418701201832,"40":4.496955525847642e-08,"41":0.19980202216945805,"42":0.20376416452710988,"43":0.19980197720012702,"44":0.20079245095626602,"45":0.4020802736993888,"46":0.6003962929324707,"47":0.20079245095626602,"48":0.003962524598572549,"49":0.40307079242525123,"50":0.4020802512145925,"51":0.8006934395564007,"52":0.6023772629299344,"53":0.00445740172093806,"54":0.004457424205454093,"55":0.008915118228108938,"56":0.4020802512145925,"57":0.40356620918149505,"58":0.20326904007282576,"59":0.003962209812190248,"60":0.2017830146518519,"61":0.0009905636953242637,"62":1.0,"63":4.496955525847642e-08,"64":0.20079245095626602,"65":0.20475459331421683,"66":0.20326883771003262,"67":0.20475459331421683,"68":0.00346701790362929,"69":0.3996039544000298,"70":0.40406117624259735,"71":0.0009905636953242637,"72":0.6028726122319987,"73":0.6003963828715851,"74":0.6018820260517251,"75":0.2022782964993552,"76":0.2017830371365174,"77":0.0034669279643879747,"78":0.40356605178818244,"79":0.203269107527196,"80":0.0014858230582741655,"81":0.002971758540417792,"82":0.004952706053312422,"83":0.20227845389285465,"84":0.6018819810821869,"85":0.6023772629299344,"86":0.4045565030596746,"87":0.600891642234402,"88":0.5994057742065708,"89":0.0034670853579061214,"90":0.4035658943949259,"91":0.19980193223047835,"92":0.20376423198174173,"93":0.40455654802952884,"94":0.0009906311497318934,"95":0.40257557803163235,"96":0.19980193223047835,"97":0.6033677591710936,"98":0.79920759401312,"99":0.19980193223047835,"100":0.2052501899484948,"101":0.20425942389007848,"102":0.6008916422343449,"103":0.0019810824212240672,"104":0.0009906311497318934,"105":0.20079251841071102,"106":0.8011887663735724,"107":0.00643852911149316,"108":0.002971736055658848,"109":0.40257560051674635,"110":0.20277364580132218,"111":0.20128771031919726,"112":0.40108975497354504,"113":0.002971623631938871,"114":0.6018820035670035,"115":0.20227825152991205,"116":0.20326883771014476,"117":0.20277348840802828,"118":0.5994057742065708,"119":0.0},"ranked":{"119":0.0,"40":0.008403361344537815,"63":0.01680672268907563,"61":0.025210084033613446,"71":0.03361344537815126,"3":0.04201680672268908,"19":0.05042016806722689,"94":0.058823529411764705,"104":0.06722689075630252,"80":0.07563025210084033,"34":0.08403361344537816,"27":0.09243697478991597,"33":0.10084033613445378,"103":0.1092436974789916,"15":0.11764705882352941,"13":0.12605042016806722,"38":0.13445378151260504,"23":0.14285714285714285,"36":0.15126050420168066,"5":0.15966386554621848,"10":0.16806722689075632,"113":0.17647058823529413,"26":0.18487394957983194,"108":0.19327731092436976,"81":0.20168067226890757,"1":0.21008403361344538,"77":0.2184873949579832,"68":0.226890756302521,"17":0.23529411764705882,"16":0.24369747899159663,"89":0.25210084033613445,"59":0.2605042016806723,"48":0.2689075630252101,"53":0.2773109243697479,"54":0.2857142857142857,"31":0.29411764705882354,"82":0.3025210084033613,"107":0.31092436974789917,"55":0.31932773109243695,"91":0.3277310924369748,"96":0.33613445378151263,"99":0.3445378151260504,"43":0.35294117647058826,"41":0.36134453781512604,"9":0.3697478991596639,"44":0.37815126050420167,"47":0.3865546218487395,"64":0.3949579831932773,"105":0.40336134453781514,"111":0.4117647058823529,"60":0.42016806722689076,"2":0.42857142857142855,"76":0.4369747899159664,"115":0.44537815126050423,"75":0.453781512605042,"83":0.46218487394957986,"117":0.47058823529411764,"110":0.4789915966386555,"21":0.48739495798319327,"66":0.4957983193277311,"116":0.5042016806722689,"14":0.5126050420168067,"35":0.5210084033613446,"58":0.5294117647058824,"79":0.5378151260504201,"42":0.5462184873949579,"37":0.5546218487394958,"39":0.5630252100840336,"22":0.5714285714285714,"92":0.5798319327731093,"101":0.5882352941176471,"12":0.5966386554621849,"65":0.6050420168067226,"67":0.6134453781512605,"100":0.6218487394957983,"7":0.6302521008403361,"69":0.6386554621848739,"0":0.6470588235294118,"24":0.6554621848739496,"20":0.6638655462184874,"112":0.6722689075630253,"50":0.680672268907563,"56":0.6890756302521008,"45":0.6974789915966386,"32":0.7058823529411765,"95":0.7142857142857143,"29":0.7226890756302521,"109":0.7310924369747899,"49":0.7394957983193278,"11":0.7478991596638656,"90":0.7563025210084033,"78":0.7647058823529411,"30":0.773109243697479,"57":0.7815126050420168,"70":0.7899159663865546,"86":0.7983193277310925,"93":0.8067226890756303,"6":0.8151260504201681,"18":0.8235294117647058,"8":0.8319327731092437,"88":0.8403361344537815,"118":0.8487394957983193,"46":0.8571428571428571,"73":0.865546218487395,"102":0.8739495798319328,"87":0.8823529411764706,"84":0.8907563025210085,"114":0.8991596638655462,"74":0.907563025210084,"25":0.9159663865546218,"52":0.9243697478991597,"85":0.9327731092436975,"4":0.9411764705882353,"72":0.9495798319327731,"28":0.957983193277311,"97":0.9663865546218487,"98":0.9747899159663865,"51":0.9831932773109243,"106":0.9915966386554622,"62":1.0}}