{"name":"density","eps":0.5,"weight":"value","num_of_nodes":102,"num_of_edges":201,"process_time":0.0033562183380126953,"data":{"0":0.004951564300163815,"1":0.0006189771488620114,"2":0.001856762852756733,"3":0.25278539014520135,"4":0.25092848679755964,"5":0.002475711902674437,"6":0.50247572595224,"7":0.252166356798334,"8":0.7527852075019466,"9":0.5006189350004455,"10":0.0012379542977240228,"11":0.0012379542977240228,"12":0.2509283744016423,"13":0.0030947171505741598,"14":0.0024758242985684215,"15":0.25154732345156,"16":0.003094801447430433,"17":0.25340419870028075,"18":0.2534041144033311,"19":0.0006189771488620114,"20":0.2527853339473594,"21":0.2534042267992251,"22":0.0024758242985684215,"23":0.004951480003237489,"24":0.5037135959530377,"25":0.001856987644544702,"26":0.7527851794029556,"27":0.0037136942993661183,"28":0.001856762852756733,"29":0.501856917397184,"30":0.7503094675003045,"31":0.5037135959530377,"32":0.25092837440166565,"33":0.2527853339473594,"34":0.0,"35":0.2503094534506689,"36":0.0006189209508566416,"37":0.7496904903513958,"38":0.25092834630262795,"39":0.5024757821500585,"40":0.4993810649995544,"41":0.2534040863043167,"42":0.2503095096486509,"43":0.2503095096486509,"44":0.003094660952498737,"45":0.7496904903514191,"46":0.2503095096486509,"47":0.0018567909517243912,"48":0.5018567769022756,"49":0.0018567347537423726,"50":0.0030947171504807558,"51":0.49999995785151347,"52":0.003094660952498737,"53":1.0,"54":0.0018567909517243912,"55":0.2503094534506689,"56":0.49999995785151347,"57":0.0037136662003284067,"58":0.5030945907051613,"59":0.003713610002439792,"60":0.002475796199484008,"61":0.0012378419017833363,"62":0.25278527774921394,"63":0.25154735155048097,"64":0.002475796199484008,"65":0.5030945907051613,"66":0.7521662584519588,"67":0.0012378419017833363,"68":0.00247571190274449,"69":0.25154740774846296,"70":0.002475711902651086,"71":0.0018568190507854538,"72":0.0006189209509266947,"73":0.7515474217979118,"74":0.2540230072552668,"75":0.5018568050013134,"76":0.24969056059877992,"77":0.5012377716543759,"78":0.2540229791562991,"79":0.5012377716543759,"80":0.0030945485566047527,"81":0.999380994752147,"82":0.2503094815496132,"83":0.004951423805418927,"84":0.0006189209509266947,"85":0.0018567628526866798,"86":0.5000000421484632,"87":0.2521661601054903,"88":0.000618949049894353,"89":0.2534040863043401,"90":0.5018568050013134,"91":0.0018567628526866798,"92":0.0018567628526866798,"93":0.0012378700007276435,"94":0.24969056059877992,"95":0.002475796199577412,"96":0.7509285289459761,"97":0.000618949049894353,"98":0.0030947171504807558,"99":0.5006189630993665,"100":0.0006189209509266947,"101":0.0024758242985217192},"ranked":{"34":0.0,"36":0.009900990099009901,"72":0.019801980198019802,"84":0.0297029702970297,"100":0.039603960396039604,"88":0.04950495049504951,"97":0.0594059405940594,"1":0.06930693069306931,"19":0.07920792079207921,"61":0.0891089108910891,"67":0.09900990099009901,"93":0.10891089108910891,"10":0.1188118811881188,"11":0.12871287128712872,"49":0.13861386138613863,"85":0.1485148514851485,"91":0.15841584158415842,"92":0.16831683168316833,"2":0.1782178217821782,"28":0.18811881188118812,"47":0.19801980198019803,"54":0.2079207920792079,"71":0.21782178217821782,"25":0.22772277227722773,"70":0.2376237623762376,"5":0.24752475247524752,"68":0.25742574257425743,"60":0.26732673267326734,"64":0.27722772277227725,"95":0.2871287128712871,"101":0.297029702970297,"14":0.3069306930693069,"22":0.31683168316831684,"80":0.32673267326732675,"44":0.33663366336633666,"52":0.3465346534653465,"50":0.3564356435643564,"98":0.36633663366336633,"13":0.37623762376237624,"16":0.38613861386138615,"59":0.39603960396039606,"57":0.40594059405940597,"27":0.4158415841584158,"83":0.42574257425742573,"23":0.43564356435643564,"0":0.44554455445544555,"76":0.45544554455445546,"94":0.46534653465346537,"35":0.4752475247524752,"55":0.48514851485148514,"82":0.49504950495049505,"42":0.504950495049505,"43":0.5148514851485149,"46":0.5247524752475248,"38":0.5346534653465347,"12":0.5445544554455446,"32":0.5544554455445545,"4":0.5643564356435643,"15":0.5742574257425742,"63":0.5841584158415841,"69":0.594059405940594,"87":0.6039603960396039,"7":0.6138613861386139,"62":0.6237623762376238,"20":0.6336633663366337,"33":0.6435643564356436,"3":0.6534653465346535,"41":0.6633663366336634,"89":0.6732673267326733,"18":0.6831683168316832,"17":0.693069306930693,"21":0.7029702970297029,"78":0.7128712871287128,"74":0.7227722772277227,"40":0.7326732673267327,"51":0.7425742574257426,"56":0.7524752475247525,"86":0.7623762376237624,"9":0.7722772277227723,"99":0.7821782178217822,"77":0.7920792079207921,"79":0.801980198019802,"48":0.8118811881188119,"75":0.8217821782178217,"90":0.8316831683168316,"29":0.8415841584158416,"6":0.8514851485148515,"39":0.8613861386138614,"58":0.8712871287128713,"65":0.8811881188118812,"24":0.8910891089108911,"31":0.900990099009901,"37":0.9108910891089109,"45":0.9207920792079208,"30":0.9306930693069307,"96":0.9405940594059405,"73":0.9504950495049505,"66":0.9603960396039604,"26":0.9702970297029703,"8":0.9801980198019802,"81":0.9900990099009901,"53":1.0}}