{"name":"eccentricity","num_of_nodes":51,"num_of_edges":165,"process_time":0.0016167163848876953,"data":{"0":1.0,"1":0.8333333333333334,"2":0.6666666666666666,"3":0.6666666666666666,"4":0.6666666666666666,"5":0.5,"6":1.0,"7":0.8333333333333334,"8":0.6666666666666666,"9":1.0,"10":0.6666666666666666,"11":0.5,"12":0.6666666666666666,"13":0.6666666666666666,"14":1.0,"15":0.5,"16":0.8333333333333334,"17":0.3333333333333333,"18":0.0,"19":0.0,"20":0.0,"21":0.16666666666666666,"22":0.16666666666666666,"23":0.3333333333333333,"24":0.0,"25":0.16666666666666666,"26":0.16666666666666666,"27":0.3333333333333333,"28":0.16666666666666666,"29":0.16666666666666666,"30":0.0,"31":0.16666666666666666,"32":0.0,"33":0.16666666666666666,"34":0.5,"35":1.0,"36":1.0,"37":0.6666666666666666,"38":0.8333333333333334,"39":0.6666666666666666,"40":0.5,"41":1.0,"42":0.6666666666666666,"43":0.5,"44":0.16666666666666666,"45":0.8333333333333334,"46":0.3333333333333333,"47":0.6666666666666666,"48":0.6666666666666666,"49":1.0,"50":0.5},"ranked":{"18":0.0,"19":0.02,"20":0.04,"24":0.06,"30":0.08,"32":0.1,"21":0.12,"22":0.14,"25":0.16,"26":0.18,"28":0.2,"29":0.22,"31":0.24,"33":0.26,"44":0.28,"17":0.3,"23":0.32,"27":0.34,"46":0.36,"5":0.38,"11":0.4,"15":0.42,"34":0.44,"40":0.46,"43":0.48,"50":0.5,"2":0.52,"3":0.54,"4":0.56,"8":0.58,"10":0.6,"12":0.62,"13":0.64,"37":0.66,"39":0.68,"42":0.7,"47":0.72,"48":0.74,"1":0.76,"7":0.78,"16":0.8,"38":0.82,"45":0.84,"0":0.86,"6":0.88,"9":0.9,"14":0.92,"35":0.94,"36":0.96,"41":0.98,"49":1.0}}