{"name":"agd","num_of_nodes":144,"num_of_edges":449,"weight":"value","process_time":0.03856325149536133,"data":{"0":0.7921092564491654,"1":0.5698027314112293,"2":0.8877086494688923,"3":0.5614567526555387,"4":0.6631259484066768,"5":0.6320182094081943,"6":0.7830045523520487,"7":0.6570561456752656,"8":0.6267071320182095,"9":0.6024279210925645,"10":0.5705614567526556,"11":0.5432473444613051,"12":0.8345978755690441,"13":0.6206373292867983,"14":0.6949924127465857,"15":0.8330804248861912,"16":0.5614567526555387,"17":0.661608497723824,"18":0.5364188163884674,"19":0.5743550834597876,"20":0.578907435508346,"21":0.6115326251896814,"22":0.5379362670713203,"23":0.8877086494688923,"24":0.56752655538695,"25":0.5379362670713203,"26":0.5477996965098635,"27":0.6949924127465857,"28":0.5402124430955995,"29":0.7746585735963581,"30":0.5978755690440061,"31":0.6009104704097118,"32":0.736722306525038,"33":0.5978755690440061,"34":0.7450682852807284,"35":0.8839150227617603,"36":0.7412746585735964,"37":0.8323216995447649,"38":0.5804248861911988,"39":0.5895295902883158,"40":0.7397572078907436,"41":0.6987860394537178,"42":0.7033383915022763,"43":0.5538694992412747,"44":0.6282245827010623,"45":0.6001517450682853,"46":0.791350531107739,"47":0.610773899848255,"48":0.6054628224582702,"49":0.6570561456752656,"50":0.6631259484066768,"51":0.6471927162367224,"52":0.6054628224582702,"53":0.6077389984825493,"54":0.5606980273141123,"55":0.8110773899848256,"56":0.6168437025796663,"57":0.674506828528073,"58":0.7185128983308042,"59":0.5918057663125948,"60":0.6365705614567527,"61":1.0,"62":0.6631259484066768,"63":0.5781487101669196,"64":0.6798179059180577,"65":1.0,"66":0.5773899848254932,"67":0.904400606980273,"68":0.6843702579666162,"69":0.6009104704097118,"70":0.5424886191198786,"71":0.6342943854324735,"72":0.6206373292867983,"73":0.6843702579666162,"74":0.6130500758725342,"75":0.904400606980273,"76":0.7185128983308042,"77":0.5773899848254932,"78":0.6160849772382397,"79":0.7185128983308042,"80":0.904400606980273,"81":0.6358118361153263,"82":0.72154779969651,"83":0.6100151745068285,"84":0.5629742033383915,"85":0.657814871016692,"86":0.904400606980273,"87":0.5432473444613051,"88":0.7663125948406677,"89":0.5796661608497725,"90":0.7670713201820941,"91":0.6729893778452201,"92":0.7245827010622155,"93":0.6570561456752656,"94":0.6441578148710168,"95":0.603186646433991,"96":0.5918057663125948,"97":0.6229135053110775,"98":0.7109256449165402,"99":0.6380880121396055,"100":0.5546282245827011,"101":0.004552352048558423,"102":0.005311077389984825,"103":0.614567526555387,"104":0.5128983308042488,"105":0.004552352048558423,"106":0.5948406676783006,"107":0.7154779969650987,"108":0.0007587253414264036,"109":0.5796661608497725,"110":0.5440060698027315,"111":0.5379362670713203,"112":0.575113808801214,"113":0.5440060698027315,"114":0.5773899848254932,"115":0.6790591805766313,"116":0.6593323216995448,"117":0.5834597875569045,"118":0.6995447647951443,"119":0.0,"120":0.575113808801214,"121":0.0015174506828528071,"122":0.004552352048558423,"123":0.6957511380880123,"124":0.005311077389984825,"125":0.646433990895296,"126":0.6039453717754173,"127":0.5705614567526556,"128":0.5440060698027315,"129":0.582701062215478,"130":0.004552352048558423,"131":0.5303490136570562,"132":0.5333839150227618,"133":0.6433990895295904,"134":0.637329286798179,"135":0.0015174506828528071,"136":0.7147192716236722,"137":0.5872534142640365,"138":0.0015174506828528071,"139":0.6115326251896814,"140":0.606980273141123,"141":0.5538694992412747,"142":0.005311077389984825,"143":0.6251896813353567},"ranked":{"119":0.0,"108":0.006993006993006993,"121":0.013986013986013986,"135":0.02097902097902098,"138":0.027972027972027972,"101":0.03496503496503497,"105":0.04195804195804196,"122":0.04895104895104895,"130":0.055944055944055944,"102":0.06293706293706294,"124":0.06993006993006994,"142":0.07692307692307693,"104":0.08391608391608392,"131":0.09090909090909091,"132":0.0979020979020979,"18":0.1048951048951049,"22":0.11188811188811189,"25":0.11888111888111888,"111":0.1258741258741259,"28":0.13286713286713286,"70":0.13986013986013987,"11":0.14685314685314685,"87":0.15384615384615385,"110":0.16083916083916083,"113":0.16783216783216784,"128":0.17482517482517482,"26":0.18181818181818182,"43":0.1888111888111888,"141":0.1958041958041958,"100":0.20279720279720279,"54":0.2097902097902098,"3":0.21678321678321677,"16":0.22377622377622378,"84":0.23076923076923078,"24":0.23776223776223776,"1":0.24475524475524477,"10":0.2517482517482518,"127":0.25874125874125875,"19":0.26573426573426573,"112":0.2727272727272727,"120":0.27972027972027974,"66":0.2867132867132867,"77":0.2937062937062937,"114":0.3006993006993007,"63":0.3076923076923077,"20":0.3146853146853147,"89":0.32167832167832167,"109":0.32867132867132864,"38":0.3356643356643357,"129":0.34265734265734266,"117":0.34965034965034963,"137":0.35664335664335667,"39":0.36363636363636365,"59":0.3706293706293706,"96":0.3776223776223776,"106":0.38461538461538464,"30":0.3916083916083916,"33":0.3986013986013986,"45":0.40559440559440557,"31":0.4125874125874126,"69":0.4195804195804196,"9":0.42657342657342656,"95":0.43356643356643354,"126":0.4405594405594406,"48":0.44755244755244755,"52":0.45454545454545453,"140":0.46153846153846156,"53":0.46853146853146854,"83":0.4755244755244755,"47":0.4825174825174825,"21":0.48951048951048953,"139":0.4965034965034965,"74":0.5034965034965035,"103":0.5104895104895105,"78":0.5174825174825175,"56":0.5244755244755245,"13":0.5314685314685315,"72":0.5384615384615384,"97":0.5454545454545454,"143":0.5524475524475524,"8":0.5594405594405595,"44":0.5664335664335665,"5":0.5734265734265734,"71":0.5804195804195804,"81":0.5874125874125874,"60":0.5944055944055944,"134":0.6013986013986014,"99":0.6083916083916084,"133":0.6153846153846154,"94":0.6223776223776224,"125":0.6293706293706294,"51":0.6363636363636364,"7":0.6433566433566433,"49":0.6503496503496503,"93":0.6573426573426573,"85":0.6643356643356644,"116":0.6713286713286714,"17":0.6783216783216783,"4":0.6853146853146853,"50":0.6923076923076923,"62":0.6993006993006993,"91":0.7062937062937062,"57":0.7132867132867133,"115":0.7202797202797203,"64":0.7272727272727273,"68":0.7342657342657343,"73":0.7412587412587412,"14":0.7482517482517482,"27":0.7552447552447552,"123":0.7622377622377622,"41":0.7692307692307693,"118":0.7762237762237763,"42":0.7832167832167832,"98":0.7902097902097902,"136":0.7972027972027972,"107":0.8041958041958042,"58":0.8111888111888111,"76":0.8181818181818182,"79":0.8251748251748252,"82":0.8321678321678322,"92":0.8391608391608392,"32":0.8461538461538461,"40":0.8531468531468531,"36":0.8601398601398601,"34":0.8671328671328671,"88":0.8741258741258742,"90":0.8811188811188811,"29":0.8881118881118881,"6":0.8951048951048951,"46":0.9020979020979021,"0":0.9090909090909091,"55":0.916083916083916,"37":0.9230769230769231,"15":0.9300699300699301,"12":0.9370629370629371,"35":0.9440559440559441,"2":0.951048951048951,"23":0.958041958041958,"67":0.965034965034965,"75":0.972027972027972,"80":0.9790209790209791,"86":0.986013986013986,"61":0.993006993006993,"65":1.0}}