{"name":"agd","num_of_nodes":117,"num_of_edges":228,"weight":"value","process_time":0.003950834274291992,"data":{"0":0.5984251968503937,"1":0.7755905511811025,"2":0.5196850393700788,"3":0.9015748031496065,"4":0.5433070866141734,"5":0.8661417322834646,"6":0.5236220472440946,"7":0.5433070866141734,"8":0.6062992125984253,"9":0.6614173228346458,"10":0.5708661417322836,"11":0.7598425196850395,"12":0.9015748031496065,"13":0.6614173228346458,"14":0.6653543307086616,"15":0.5275590551181103,"16":0.5590551181102362,"17":0.9015748031496065,"18":0.5905511811023624,"19":0.5866141732283466,"20":0.6929133858267718,"21":1.0,"22":0.4763779527559056,"23":0.9015748031496065,"24":0.7637795275590552,"25":0.6614173228346458,"26":0.862204724409449,"27":0.5157480314960631,"28":0.531496062992126,"29":1.0,"30":0.9015748031496065,"31":0.5078740157480316,"32":0.5905511811023624,"33":0.46456692913385833,"34":0.7401574803149608,"35":0.6614173228346458,"36":0.5708661417322836,"37":0.6653543307086616,"38":0.4842519685039371,"39":0.007874015748031487,"40":0.01574803149606299,"41":0.49212598425196863,"42":0.2795275590551181,"43":0.04330708661417322,"44":0.4094488188976379,"45":0.40551181102362216,"46":0.007874015748031487,"47":0.27559055118110243,"48":0.3385826771653544,"49":0.3464566929133859,"50":0.22440944881889768,"51":0.4094488188976379,"52":0.019685039370078743,"53":0.35433070866141736,"54":0.019685039370078743,"55":0.05511811023622049,"56":0.49212598425196863,"57":0.0,"58":0.04330708661417322,"59":0.48818897637795283,"60":0.24803149606299218,"61":0.4842519685039371,"62":0.05511811023622049,"63":0.48818897637795283,"64":0.24803149606299218,"65":0.019685039370078743,"66":0.23622047244094493,"67":0.2913385826771654,"68":0.27559055118110243,"69":0.4015748031496064,"70":0.05511811023622049,"71":0.2834645669291339,"72":0.22440944881889768,"73":0.22440944881889768,"74":0.27559055118110243,"75":0.0,"76":0.26377952755905515,"77":0.33464566929133865,"78":0.24803149606299218,"79":0.2834645669291339,"80":0.24015748031496068,"81":0.25590551181102367,"82":0.13779527559055121,"83":0.09055118110236222,"84":0.20866141732283466,"85":0.04330708661417322,"86":0.16535433070866143,"87":0.3582677165354331,"88":0.24803149606299218,"89":0.09055118110236222,"90":0.22440944881889768,"91":0.1889763779527559,"92":0.09055118110236222,"93":0.28740157480314965,"94":0.13385826771653545,"95":0.13385826771653545,"96":0.18110236220472445,"97":0.05905511811023622,"98":0.08661417322834647,"99":0.15748031496062995,"100":0.1692913385826772,"101":0.03937007874015749,"102":0.3582677165354331,"103":0.05511811023622049,"104":0.09448818897637795,"105":0.23622047244094493,"106":0.20472440944881895,"107":0.31102362204724415,"108":0.04330708661417322,"109":0.08661417322834647,"110":0.07086614173228346,"111":0.23228346456692917,"112":0.24803149606299218,"113":0.1614173228346457,"114":0.22047244094488191,"115":0.05118110236220474,"116":0.31102362204724415},"ranked":{"57":0.0,"75":0.008620689655172414,"39":0.017241379310344827,"46":0.02586206896551724,"40":0.034482758620689655,"52":0.04310344827586207,"54":0.05172413793103448,"65":0.0603448275862069,"101":0.06896551724137931,"43":0.07758620689655173,"58":0.08620689655172414,"85":0.09482758620689655,"108":0.10344827586206896,"115":0.11206896551724138,"55":0.1206896551724138,"62":0.12931034482758622,"70":0.13793103448275862,"103":0.14655172413793102,"97":0.15517241379310345,"110":0.16379310344827586,"98":0.1724137931034483,"109":0.1810344827586207,"83":0.1896551724137931,"89":0.19827586206896552,"92":0.20689655172413793,"104":0.21551724137931033,"94":0.22413793103448276,"95":0.23275862068965517,"82":0.2413793103448276,"99":0.25,"113":0.25862068965517243,"86":0.2672413793103448,"100":0.27586206896551724,"96":0.28448275862068967,"91":0.29310344827586204,"106":0.3017241379310345,"84":0.3103448275862069,"114":0.31896551724137934,"50":0.3275862068965517,"72":0.33620689655172414,"73":0.3448275862068966,"90":0.35344827586206895,"111":0.3620689655172414,"66":0.3706896551724138,"105":0.3793103448275862,"80":0.3879310344827586,"60":0.39655172413793105,"64":0.4051724137931034,"78":0.41379310344827586,"88":0.4224137931034483,"112":0.43103448275862066,"81":0.4396551724137931,"76":0.4482758620689655,"47":0.45689655172413796,"68":0.46551724137931033,"74":0.47413793103448276,"42":0.4827586206896552,"71":0.49137931034482757,"79":0.5,"93":0.5086206896551724,"67":0.5172413793103449,"107":0.5258620689655172,"116":0.5344827586206896,"77":0.5431034482758621,"48":0.5517241379310345,"49":0.5603448275862069,"53":0.5689655172413793,"87":0.5775862068965517,"102":0.5862068965517241,"69":0.5948275862068966,"45":0.603448275862069,"44":0.6120689655172413,"51":0.6206896551724138,"33":0.6293103448275862,"22":0.6379310344827587,"38":0.646551724137931,"61":0.6551724137931034,"59":0.6637931034482759,"63":0.6724137931034483,"41":0.6810344827586207,"56":0.6896551724137931,"31":0.6982758620689655,"27":0.7068965517241379,"2":0.7155172413793104,"6":0.7241379310344828,"15":0.7327586206896551,"28":0.7413793103448276,"4":0.75,"7":0.7586206896551724,"16":0.7672413793103449,"10":0.7758620689655172,"36":0.7844827586206896,"19":0.7931034482758621,"18":0.8017241379310345,"32":0.8103448275862069,"0":0.8189655172413793,"8":0.8275862068965517,"9":0.8362068965517241,"13":0.8448275862068966,"25":0.853448275862069,"35":0.8620689655172413,"14":0.8706896551724138,"37":0.8793103448275862,"20":0.8879310344827587,"34":0.896551724137931,"11":0.9051724137931034,"24":0.9137931034482759,"1":0.9224137931034483,"26":0.9310344827586207,"5":0.9396551724137931,"3":0.9482758620689655,"12":0.9568965517241379,"17":0.9655172413793104,"23":0.9741379310344828,"30":0.9827586206896551,"21":0.9913793103448276,"29":1.0}}