{"name":"fiedler","normalized":true,"weight":"value","num_of_nodes":153,"num_of_edges":482,"process_time":0.033622026443481445,"data":{"0":0.17345983110418736,"1":0.23355872686308585,"2":0.18709882258829494,"3":0.17986387133760043,"4":0.23028467538866582,"5":0.18714353296253172,"6":0.11340291368550764,"7":0.2501901924521577,"8":0.1339874275221558,"9":0.07960103367912878,"10":0.09509630884561633,"11":0.0,"12":0.12870449591466046,"13":0.2668328249735112,"14":0.18821696037599953,"15":0.04837358142181207,"16":0.1732535391021575,"17":0.10412818554183392,"18":0.1729363907450564,"19":0.1696103783863368,"20":0.2551520691812894,"21":0.16790465898577092,"22":0.267487979368354,"23":0.24915073195307913,"24":0.14380309791995363,"25":0.18277902881761118,"26":0.24290077257158016,"27":0.1509520573707776,"28":0.2041207225009381,"29":0.18704252559644013,"30":0.2784276025323937,"31":0.22301770617399463,"32":0.24841064254949077,"33":0.13606254244449947,"34":0.07960103367912869,"35":0.27092380203562494,"36":0.24915073195474535,"37":0.26394594140177896,"38":0.16298303092232758,"39":0.18066513761830902,"40":0.10754540962941984,"41":0.2480979259805306,"42":0.2354144949163631,"43":0.10487229313531717,"44":0.2455212447618487,"45":0.14152878011119238,"46":0.07799546379161278,"47":0.21237438907110726,"48":0.3345152949181963,"49":0.14164673314139917,"50":0.17491258697689532,"51":0.8643335872176984,"52":0.9666623256976803,"53":0.9238597177206092,"54":1.0,"55":0.8442356900827943,"56":0.6012336418044864,"57":0.8515846599664226,"58":0.6865529145623461,"59":0.9404462365343379,"60":0.917126797224608,"61":0.7930058734904553,"62":0.9952649927463891,"63":0.7558958659244678,"64":0.8113750616613529,"65":0.8280673877147496,"66":0.7766474141485087,"67":0.9985325264830236,"68":0.9171868262110303,"69":0.9461160802990531,"70":0.8560127262981697,"71":0.9010760317498251,"72":0.8713632554560858,"73":0.9010760317623602,"74":0.8984380204598263,"75":0.9171868262110353,"76":0.8421121941990305,"77":0.8925637090984735,"78":0.9285208035382148,"79":0.7968653976578066,"80":0.8112241618983715,"81":0.8901664467133961,"82":0.6863491981846894,"83":0.8113626385211504,"84":0.7628280301316017,"85":0.9919771328155349,"86":0.830388372839754,"87":0.8643335872177108,"88":0.9663906006271658,"89":0.6293923035212425,"90":0.8719615552541807,"91":0.8886963449323072,"92":0.8636954611471241,"93":0.7712245203606153,"94":0.7747763148507383,"95":0.8166489348653972,"96":0.7879264257410565,"97":0.9937373297029924,"98":0.7758373906156133,"99":0.8904361362898414,"100":0.6547788116582224,"101":0.9613183398761527,"102":0.2762144865069491,"103":0.23290741948794186,"104":0.348684578561123,"105":0.21969972255627127,"106":0.42426891883076884,"107":0.24293508116564977,"108":0.3989473888157727,"109":0.2461202071593923,"110":0.3942552407259082,"111":0.7871920943156834,"112":0.2641427005358374,"113":0.3081122467814637,"114":0.3968633004997402,"115":0.33449643671597845,"116":0.7700246290770737,"117":0.25148859585613587,"118":0.3047769750497807,"119":0.279180255901843,"120":0.27467171461533413,"121":0.2641427005525547,"122":0.41006004487865116,"123":0.7043696714001337,"124":0.5634779016623311,"125":0.254004684945624,"126":0.41006004487084496,"127":0.3705117321321893,"128":0.29890551606451454,"129":0.2564701780667248,"130":0.3218933498520553,"131":0.31958608529410687,"132":0.6576522195994016,"133":0.702492214848096,"134":0.41875655513188637,"135":0.24165112349670867,"136":0.3355411081079102,"137":0.2514885958561314,"138":0.3233002811644069,"139":0.35653263267120544,"140":0.375265405819818,"141":0.32345726953422854,"142":0.3624444274912849,"143":0.23955040196210287,"144":0.42436314000844205,"145":0.41875655513387905,"146":0.2907351010465537,"147":0.23334772312038293,"148":0.2830394472320011,"149":0.29728980335999755,"150":0.32065407378839306,"151":0.24411211747633466,"152":0.2614977968121709},"ranked":{"11":0.0,"15":0.006578947368421052,"46":0.013157894736842105,"34":0.019736842105263157,"9":0.02631578947368421,"10":0.03289473684210526,"17":0.039473684210526314,"43":0.046052631578947366,"40":0.05263157894736842,"6":0.05921052631578947,"12":0.06578947368421052,"8":0.07236842105263158,"33":0.07894736842105263,"45":0.08552631578947369,"49":0.09210526315789473,"24":0.09868421052631579,"27":0.10526315789473684,"38":0.1118421052631579,"21":0.11842105263157894,"19":0.125,"18":0.13157894736842105,"16":0.13815789473684212,"0":0.14473684210526316,"50":0.1513157894736842,"3":0.15789473684210525,"39":0.16447368421052633,"25":0.17105263157894737,"29":0.17763157894736842,"2":0.18421052631578946,"5":0.19078947368421054,"14":0.19736842105263158,"28":0.20394736842105263,"47":0.21052631578947367,"105":0.21710526315789475,"31":0.2236842105263158,"4":0.23026315789473684,"103":0.23684210526315788,"147":0.24342105263157895,"1":0.25,"42":0.2565789473684211,"143":0.2631578947368421,"135":0.26973684210526316,"26":0.27631578947368424,"107":0.28289473684210525,"151":0.2894736842105263,"44":0.29605263157894735,"109":0.3026315789473684,"41":0.3092105263157895,"32":0.3157894736842105,"23":0.3223684210526316,"36":0.32894736842105265,"7":0.3355263157894737,"137":0.34210526315789475,"117":0.34868421052631576,"125":0.35526315789473684,"20":0.3618421052631579,"129":0.3684210526315789,"152":0.375,"37":0.3815789473684211,"112":0.3881578947368421,"121":0.39473684210526316,"13":0.40131578947368424,"22":0.40789473684210525,"35":0.4144736842105263,"120":0.42105263157894735,"102":0.4276315789473684,"30":0.4342105263157895,"119":0.4407894736842105,"148":0.4473684210526316,"146":0.45394736842105265,"149":0.4605263157894737,"128":0.46710526315789475,"118":0.47368421052631576,"113":0.48026315789473684,"131":0.4868421052631579,"150":0.4934210526315789,"130":0.5,"138":0.506578947368421,"141":0.5131578947368421,"115":0.5197368421052632,"48":0.5263157894736842,"136":0.5328947368421053,"104":0.5394736842105263,"139":0.5460526315789473,"142":0.5526315789473685,"127":0.5592105263157895,"140":0.5657894736842105,"110":0.5723684210526315,"114":0.5789473684210527,"108":0.5855263157894737,"126":0.5921052631578947,"122":0.5986842105263158,"134":0.6052631578947368,"145":0.6118421052631579,"106":0.618421052631579,"144":0.625,"124":0.631578947368421,"56":0.6381578947368421,"89":0.6447368421052632,"100":0.6513157894736842,"132":0.6578947368421053,"82":0.6644736842105263,"58":0.6710526315789473,"133":0.6776315789473685,"123":0.6842105263157895,"63":0.6907894736842105,"84":0.6973684210526315,"116":0.7039473684210527,"93":0.7105263157894737,"94":0.7171052631578947,"98":0.7236842105263158,"66":0.7302631578947368,"111":0.7368421052631579,"96":0.743421052631579,"61":0.75,"79":0.756578947368421,"80":0.7631578947368421,"83":0.7697368421052632,"64":0.7763157894736842,"95":0.7828947368421053,"65":0.7894736842105263,"86":0.7960526315789473,"76":0.8026315789473685,"55":0.8092105263157895,"57":0.8157894736842105,"70":0.8223684210526315,"92":0.8289473684210527,"51":0.8355263157894737,"87":0.8421052631578947,"72":0.8486842105263158,"90":0.8552631578947368,"91":0.8618421052631579,"81":0.868421052631579,"99":0.875,"77":0.881578947368421,"74":0.8881578947368421,"71":0.8947368421052632,"73":0.9013157894736842,"60":0.9078947368421053,"68":0.9144736842105263,"75":0.9210526315789473,"53":0.9276315789473685,"78":0.9342105263157895,"59":0.9407894736842105,"69":0.9473684210526315,"101":0.9539473684210527,"88":0.9605263157894737,"52":0.9671052631578947,"85":0.9736842105263158,"97":0.9802631578947368,"62":0.9868421052631579,"67":0.993421052631579,"54":1.0}}