{"name":"fiedler","normalized":false,"weight":"value","num_of_nodes":120,"num_of_edges":370,"process_time":0.041371822357177734,"data":{"0":0.03193437920702903,"1":0.05785671890385964,"2":0.014785876084948947,"3":0.011987304685792266,"4":0.06271023618787332,"5":0.036118111809248184,"6":0.0060058467613400964,"7":0.06881038257537807,"8":0.11558762602167612,"9":0.15915058382594613,"10":0.025812008625340013,"11":0.040306492892563106,"12":0.13814444360632963,"13":0.15200135037288093,"14":0.006293765918419134,"15":0.1041520358149905,"16":0.008105260032459972,"17":0.14576092099179003,"18":0.036461978252083097,"19":0.036318917205816016,"20":0.09587444290485006,"21":0.08124099261103351,"22":0.1046518289662852,"23":0.07128455662110485,"24":0.060882478599864204,"25":0.006590760958646399,"26":0.05040741783823512,"27":0.015904090734621314,"28":0.05402877778328072,"29":0.04322994966724816,"30":0.10847835366181241,"31":0.0451479033004641,"32":0.023829790151494824,"33":0.0060058467613400964,"34":0.010267172224767964,"35":0.1079869312443472,"36":0.07965319692735351,"37":0.12046090488243819,"38":0.01008524853231422,"39":0.10465182896628523,"40":0.7984539725975548,"41":0.34584369981679197,"42":0.9423916664065081,"43":1.0,"44":0.9118310094462581,"45":0.9346126278007977,"46":0.26687030145685237,"47":0.3627871958023158,"48":0.9273469690953795,"49":0.9245666090531065,"50":0.9609340162993157,"51":1.0,"52":0.9765600881050813,"53":0.814830419879986,"54":0.9589886514946914,"55":0.8849239560065099,"56":0.5246109408931873,"57":0.3816847404367771,"58":0.989190744492248,"59":0.9384327642025682,"60":0.9172122517422664,"61":0.32215502424426246,"62":0.19998004505980574,"63":1.0,"64":0.7532700271738684,"65":0.982279265683753,"66":0.27162110107324533,"67":0.9925561203955765,"68":0.9373288132026787,"69":0.2067359522937056,"70":0.7450293175770986,"71":0.37421959948664646,"72":0.9384327642025682,"73":0.7860557034886995,"74":0.8107436965932302,"75":0.7812393348816928,"76":0.33440421200758563,"77":1.0,"78":0.34584369981679197,"79":0.9743565961390418,"80":0.012604521727259961,"81":0.02865920699225699,"82":0.05924521033924343,"83":0.06909821885996466,"84":0.11525018568687838,"85":0.03211098533803349,"86":0.02876555382837503,"87":0.026633053148611863,"88":0.08332353652378854,"89":0.12364872216955447,"90":0.024621609383832992,"91":0.081126278246255,"92":0.003661315683496072,"93":0.0,"94":0.032110985338033436,"95":0.27464264630705204,"96":0.02136160137397342,"97":0.00798271964304369,"98":0.022816392392861252,"99":0.08860242394103435,"100":0.1397631841238204,"101":0.11231875336032902,"102":0.0025816796835798424,"103":0.0011445810720307399,"104":0.13976318412382033,"105":0.17373358060307073,"106":0.0,"107":0.0,"108":0.012270720961121436,"109":0.07480585977773872,"110":0.14369823100371745,"111":0.04129962434105454,"112":0.1737335806030707,"113":0.04020645102010823,"114":0.08992627080250776,"115":0.05260605847444066,"116":0.03701970604783906,"117":0.08839528721593802,"118":0.04212659822292434,"119":0.09531592983711168},"ranked":{"93":0.0,"106":0.008403361344537815,"107":0.01680672268907563,"103":0.025210084033613446,"102":0.03361344537815126,"92":0.04201680672268908,"6":0.05042016806722689,"33":0.058823529411764705,"14":0.06722689075630252,"25":0.07563025210084033,"97":0.08403361344537816,"16":0.09243697478991597,"38":0.10084033613445378,"34":0.1092436974789916,"3":0.11764705882352941,"108":0.12605042016806722,"80":0.13445378151260504,"2":0.14285714285714285,"27":0.15126050420168066,"96":0.15966386554621848,"98":0.16806722689075632,"32":0.17647058823529413,"90":0.18487394957983194,"10":0.19327731092436976,"87":0.20168067226890757,"81":0.21008403361344538,"86":0.2184873949579832,"0":0.226890756302521,"94":0.23529411764705882,"85":0.24369747899159663,"5":0.25210084033613445,"19":0.2605042016806723,"18":0.2689075630252101,"116":0.2773109243697479,"113":0.2857142857142857,"11":0.29411764705882354,"111":0.3025210084033613,"118":0.31092436974789917,"29":0.31932773109243695,"31":0.3277310924369748,"26":0.33613445378151263,"115":0.3445378151260504,"28":0.35294117647058826,"1":0.36134453781512604,"82":0.3697478991596639,"24":0.37815126050420167,"4":0.3865546218487395,"7":0.3949579831932773,"83":0.40336134453781514,"23":0.4117647058823529,"109":0.42016806722689076,"36":0.42857142857142855,"91":0.4369747899159664,"21":0.44537815126050423,"88":0.453781512605042,"117":0.46218487394957986,"99":0.47058823529411764,"114":0.4789915966386555,"119":0.48739495798319327,"20":0.4957983193277311,"15":0.5042016806722689,"22":0.5126050420168067,"39":0.5210084033613446,"35":0.5294117647058824,"30":0.5378151260504201,"101":0.5462184873949579,"84":0.5546218487394958,"8":0.5630252100840336,"37":0.5714285714285714,"89":0.5798319327731093,"12":0.5882352941176471,"104":0.5966386554621849,"100":0.6050420168067226,"110":0.6134453781512605,"17":0.6218487394957983,"13":0.6302521008403361,"9":0.6386554621848739,"112":0.6470588235294118,"105":0.6554621848739496,"62":0.6638655462184874,"69":0.6722689075630253,"46":0.680672268907563,"66":0.6890756302521008,"95":0.6974789915966386,"61":0.7058823529411765,"76":0.7142857142857143,"41":0.7226890756302521,"78":0.7310924369747899,"47":0.7394957983193278,"71":0.7478991596638656,"57":0.7563025210084033,"56":0.7647058823529411,"70":0.773109243697479,"64":0.7815126050420168,"75":0.7899159663865546,"73":0.7983193277310925,"40":0.8067226890756303,"74":0.8151260504201681,"53":0.8235294117647058,"55":0.8319327731092437,"44":0.8403361344537815,"60":0.8487394957983193,"49":0.8571428571428571,"48":0.865546218487395,"45":0.8739495798319328,"68":0.8823529411764706,"59":0.8907563025210085,"72":0.8991596638655462,"42":0.907563025210084,"54":0.9159663865546218,"50":0.9243697478991597,"79":0.9327731092436975,"52":0.9411764705882353,"65":0.9495798319327731,"58":0.957983193277311,"67":0.9663865546218487,"43":0.9747899159663865,"51":0.9831932773109243,"63":0.9915966386554622,"77":1.0}}