{"name":"pagerank","alpha":0.85,"weight":"value","num_of_nodes":102,"num_of_edges":311,"process_time":0.02555704116821289,"data":{"0":0.38474835711440725,"1":0.11510794523500786,"2":0.29604755707512315,"3":0.3125094306984807,"4":0.1681629000338149,"5":0.4537564826003541,"6":0.10149732235602334,"7":0.12523575747471657,"8":0.5493406812208533,"9":0.38039661217431453,"10":0.4508399291763168,"11":0.27764305185038357,"12":0.672757686005987,"13":0.14273456233211584,"14":0.16914674241071045,"15":0.3453970962077866,"16":0.2528460249618494,"17":0.37226623615672866,"18":0.38474835711440725,"19":0.16816290003381465,"20":0.33276037954288146,"21":0.14497286830775724,"22":0.09979791947683987,"23":0.11510794523500786,"24":0.29604755707512315,"25":0.4507618025999775,"26":0.12543682123723804,"27":0.07863688568367774,"28":0.131355719632149,"29":0.5094533746163488,"30":0.32700996805530663,"31":0.14497286830775724,"32":0.5278452635581056,"33":0.26353167189683707,"34":0.033017283820213794,"35":0.23622394010421235,"36":0.49187689522119643,"37":0.07449021098356959,"38":0.2905032578342117,"39":0.24299888435724462,"40":0.0639910825874773,"41":0.07163224723737079,"42":0.6221758290033655,"43":0.037175164302791344,"44":0.41240910367449,"45":0.1426213534186521,"46":0.043932934131194756,"47":0.4436009209695155,"48":0.22965614296273193,"49":0.07420347374909697,"50":0.43028890147288146,"51":0.2609007321831606,"52":0.4707902366351355,"53":0.1459363202532473,"54":0.2262124796762766,"55":0.07420347374909697,"56":0.8497825469188139,"57":0.14843294447811792,"58":0.2477335773225765,"59":1.0,"60":0.07053843607731594,"61":0.24122243769860974,"62":0.6016783102007378,"63":0.2176429459761537,"64":0.2405400033254324,"65":0.2192715541101871,"66":0.6613416324993052,"67":0.05583251677142272,"68":0.0,"69":0.6144496645718001,"70":0.07163224723737079,"71":0.2263202028204447,"72":0.5108615991854543,"73":0.13341006263472766,"74":0.2263202028204447,"75":0.02452352200552979,"76":0.42726250528792087,"77":0.5041450725290828,"78":0.5108615991854543,"79":0.33741716008786854,"80":0.25615582397729475,"81":0.3018355865372287,"82":0.7018048521774491,"83":0.3018355865372287,"84":0.6756819398164704,"85":0.040051743386830464,"86":0.0871359968134283,"87":0.07163224723737079,"88":0.3109728956068703,"89":0.18862323925895552,"90":0.0,"91":0.057251677649664476,"92":0.1222703941060101,"93":0.5162979363363907,"94":0.5085560197430323,"95":0.24380780139788588,"96":0.09380778866479791,"97":0.5321429653351333,"98":0.027193497117339947,"99":0.26851812164730615,"100":0.779023050910441,"101":0.321986191653966},"ranked":{"68":0.0,"90":0.009900990099009901,"75":0.019801980198019802,"98":0.0297029702970297,"34":0.039603960396039604,"43":0.04950495049504951,"85":0.0594059405940594,"46":0.06930693069306931,"67":0.07920792079207921,"91":0.0891089108910891,"40":0.09900990099009901,"60":0.10891089108910891,"41":0.1188118811881188,"70":0.12871287128712872,"87":0.13861386138613863,"49":0.1485148514851485,"55":0.15841584158415842,"37":0.16831683168316833,"27":0.1782178217821782,"86":0.18811881188118812,"96":0.19801980198019803,"22":0.2079207920792079,"6":0.21782178217821782,"1":0.22772277227722773,"23":0.2376237623762376,"92":0.24752475247524752,"7":0.25742574257425743,"26":0.26732673267326734,"28":0.27722772277227725,"73":0.2871287128712871,"45":0.297029702970297,"13":0.3069306930693069,"21":0.31683168316831684,"31":0.32673267326732675,"53":0.33663366336633666,"57":0.3465346534653465,"19":0.3564356435643564,"4":0.36633663366336633,"14":0.37623762376237624,"89":0.38613861386138615,"63":0.39603960396039606,"65":0.40594059405940597,"54":0.4158415841584158,"71":0.42574257425742573,"74":0.43564356435643564,"48":0.44554455445544555,"35":0.45544554455445546,"64":0.46534653465346537,"61":0.4752475247524752,"39":0.48514851485148514,"95":0.49504950495049505,"58":0.504950495049505,"16":0.5148514851485149,"80":0.5247524752475248,"51":0.5346534653465347,"33":0.5445544554455446,"99":0.5544554455445545,"11":0.5643564356435643,"38":0.5742574257425742,"2":0.5841584158415841,"24":0.594059405940594,"81":0.6039603960396039,"83":0.6138613861386139,"88":0.6237623762376238,"3":0.6336633663366337,"101":0.6435643564356436,"30":0.6534653465346535,"20":0.6633663366336634,"79":0.6732673267326733,"15":0.6831683168316832,"17":0.693069306930693,"9":0.7029702970297029,"0":0.7128712871287128,"18":0.7227722772277227,"44":0.7326732673267327,"76":0.7425742574257426,"50":0.7524752475247525,"47":0.7623762376237624,"25":0.7722772277227723,"10":0.7821782178217822,"5":0.7920792079207921,"52":0.801980198019802,"36":0.8118811881188119,"77":0.8217821782178217,"94":0.8316831683168316,"29":0.8415841584158416,"72":0.8514851485148515,"78":0.8613861386138614,"93":0.8712871287128713,"32":0.8811881188118812,"97":0.8910891089108911,"8":0.900990099009901,"62":0.9108910891089109,"69":0.9207920792079208,"42":0.9306930693069307,"66":0.9405940594059405,"12":0.9504950495049505,"84":0.9603960396039604,"82":0.9702970297029703,"100":0.9801980198019802,"56":0.9900990099009901,"59":1.0}}