{"name":"pagerank","alpha":0.85,"weight":"value","num_of_nodes":63,"num_of_edges":199,"process_time":0.030511856079101562,"data":{"0":1.0,"1":0.0588623330342368,"2":0.2739339741670174,"3":0.2856831717886518,"4":0.09421565599402702,"5":0.04641725361151245,"6":0.48734998779137606,"7":0.25930800046710206,"8":0.03845064768409439,"9":0.4769911423752821,"10":0.05572779601976471,"11":0.2771922867691536,"12":0.05572779601976471,"13":0.48770175318997394,"14":0.33188001001672496,"15":0.09421565599402719,"16":0.05572779601976471,"17":0.7407359284699965,"18":0.9471216605397387,"19":0.09421565599402719,"20":0.32475151257396784,"21":0.45803458232821653,"22":0.03720785838931113,"23":0.03720785838931113,"24":0.9028436895997365,"25":0.4878936862848129,"26":0.47193747238554695,"27":0.012222887903248157,"28":0.22692378779005823,"29":0.47193747238554695,"30":0.2624465782362786,"31":0.22692378779005823,"32":0.46671323174122203,"33":0.2359122771169571,"34":0.4620796975344712,"35":0.8997786622246594,"36":0.012222887903248157,"37":0.4525763317594726,"38":0.43974474128976754,"39":0.01814972156949838,"40":0.45498380052403825,"41":0.24283609500483422,"42":0.16127981282326104,"43":0.003432427469914493,"44":0.583191013282198,"45":0.002398348182706781,"46":0.6284330511915257,"47":0.8400824730692639,"48":0.018877839124572113,"49":0.1790752512809028,"50":0.5918156969415218,"51":0.40316560542487145,"52":0.16127981282326104,"53":0.6273574869457218,"54":0.003432427469914493,"55":0.008874635493652406,"56":0.2123258119749957,"57":0.2567902480783819,"58":0.2123258119749957,"59":0.4302946399574583,"60":0.0,"61":0.5806422689343284,"62":0.0},"ranked":{"60":0.0,"62":0.016129032258064516,"45":0.03225806451612903,"43":0.04838709677419355,"54":0.06451612903225806,"55":0.08064516129032258,"27":0.0967741935483871,"36":0.11290322580645161,"39":0.12903225806451613,"48":0.14516129032258066,"22":0.16129032258064516,"23":0.1774193548387097,"8":0.1935483870967742,"5":0.20967741935483872,"10":0.22580645161290322,"12":0.24193548387096775,"16":0.25806451612903225,"1":0.27419354838709675,"4":0.2903225806451613,"15":0.3064516129032258,"19":0.3225806451612903,"42":0.3387096774193548,"52":0.3548387096774194,"49":0.3709677419354839,"56":0.3870967741935484,"58":0.4032258064516129,"28":0.41935483870967744,"31":0.43548387096774194,"33":0.45161290322580644,"41":0.46774193548387094,"57":0.4838709677419355,"7":0.5,"30":0.5161290322580645,"2":0.532258064516129,"11":0.5483870967741935,"3":0.5645161290322581,"20":0.5806451612903226,"14":0.5967741935483871,"51":0.6129032258064516,"59":0.6290322580645161,"38":0.6451612903225806,"37":0.6612903225806451,"40":0.6774193548387096,"21":0.6935483870967742,"34":0.7096774193548387,"32":0.7258064516129032,"26":0.7419354838709677,"29":0.7580645161290323,"9":0.7741935483870968,"6":0.7903225806451613,"13":0.8064516129032258,"25":0.8225806451612904,"61":0.8387096774193549,"44":0.8548387096774194,"50":0.8709677419354839,"53":0.8870967741935484,"46":0.9032258064516129,"17":0.9193548387096774,"47":0.9354838709677419,"35":0.9516129032258065,"24":0.967741935483871,"18":0.9838709677419355,"0":1.0}}