{"name":"fiedler","normalized":false,"weight":"value","num_of_nodes":165,"num_of_edges":522,"process_time":0.038086891174316406,"data":{"0":0.07574442796644132,"1":0.002964140293510814,"2":0.15399654470690052,"3":0.047899702650667876,"4":0.09133421209226782,"5":0.04524551362018345,"6":0.034286691898600646,"7":0.09284022249648598,"8":0.06101278756364598,"9":0.14641208012821938,"10":0.038966509028717095,"11":0.0,"12":0.014870764818996204,"13":0.05641028439098863,"14":0.04944047779192446,"15":0.0003641392323205923,"16":0.002610866522617855,"17":0.14987592753944598,"18":0.039093924031418134,"19":0.13787608459023473,"20":0.13314196046126925,"21":0.0025946454157307355,"22":0.04105666122472082,"23":0.0377182984606738,"24":0.05470156933756523,"25":0.1451181675328145,"26":0.11588244343930029,"27":0.019492688738489083,"28":0.010730024603942156,"29":0.04518610417744888,"30":0.08525765640217847,"31":0.1475296188085395,"32":0.01357322280910635,"33":0.09895475833401218,"34":0.005104578202544801,"35":0.04283001280207153,"36":0.0448659863216423,"37":0.1722339514493894,"38":0.04947479268116004,"39":0.10341435010380286,"40":0.0007872281638844013,"41":0.07904179418034936,"42":0.007398717055805209,"43":0.0036368082619220934,"44":0.03341374489534497,"45":0.13550892667322575,"46":0.11265234385594597,"47":0.0903903508931934,"48":0.005054157544360972,"49":0.1257238485321062,"50":0.0448659863216423,"51":0.04799265622148682,"52":0.001189496384611328,"53":0.1335011085577187,"54":0.002234824650624462,"55":0.17617464252216605,"56":0.16587025612997,"57":0.08263930998544256,"58":0.2348659930155894,"59":0.13170867711794446,"60":0.3395667886735145,"61":0.07055383331342062,"62":0.23839750085939684,"63":0.1745513114006025,"64":0.20194272105384717,"65":0.2605917184083816,"66":0.2328749151244799,"67":0.16437787103653442,"68":0.051233575433531055,"69":0.20605781002667609,"70":0.5648607578506173,"71":0.056936561133379075,"72":0.025452196280855793,"73":0.027815698518555285,"74":0.023105359077142732,"75":0.21474973875391268,"76":0.1390665645873479,"77":0.12086180423837153,"78":0.030234496684329523,"79":0.03358873452578461,"80":0.024432355148124783,"81":0.1815358123465697,"82":0.034784594270598095,"83":0.1794445204280258,"84":0.1736758676891427,"85":0.2230549260316094,"86":0.21512184296784925,"87":0.024968122774108228,"88":0.20369752150183473,"89":0.028982113782491423,"90":0.1804094619168701,"91":0.046733052294244744,"92":0.12681323430156932,"93":0.24258296166009238,"94":0.026648056025669085,"95":0.13540210834019006,"96":0.17455131140060248,"97":0.24379650485719082,"98":0.2167737261136713,"99":0.03945447095203415,"100":0.2935574496556414,"101":0.21927905660210395,"102":0.17271092619423437,"103":0.020693639868247467,"104":0.13152162016150118,"105":0.12681323430156932,"106":0.21978353380835097,"107":0.2676046549471048,"108":0.171584575766416,"109":0.11898294288490208,"110":0.9343783035414944,"111":0.9457558617077906,"112":0.6822352245744052,"113":0.5585798263091662,"114":0.8428946746671968,"115":0.7062093970598025,"116":0.92030962489765,"117":0.9612000038090466,"118":0.804180502000423,"119":0.5585798263091662,"120":0.9025885165411884,"121":0.4808149149713857,"122":0.9382759096315958,"123":0.9323622254562539,"124":1.0,"125":0.8428946746671968,"126":0.9529628292424291,"127":0.29389404971591554,"128":0.7517458250757637,"129":0.9630394485021173,"130":0.9854112499358403,"131":0.655454110374944,"132":0.3074517165210132,"133":0.6342216583847394,"134":1.0,"135":0.86078705076049,"136":0.9301218279181714,"137":0.7170132657535022,"138":0.568848100293267,"139":0.8575312442925892,"140":0.9479022030732689,"141":0.8161137473098297,"142":0.8539901026940178,"143":0.047899702650667876,"144":0.8183886306840327,"145":1.0,"146":0.8539901026940181,"147":0.7755358438083576,"148":0.6210926070228737,"149":0.9241405852293959,"150":0.8340395783068631,"151":1.0,"152":0.8771838549409626,"153":0.9623813653730451,"154":0.16231843990513423,"155":0.8773774880588153,"156":0.878535073571932,"157":0.9623813653730453,"158":0.5585798263091661,"159":0.8757185899124583,"160":0.16662903225507836,"161":0.3431160970619686,"162":0.9666277577397018,"163":1.0,"164":0.8922351321391656},"ranked":{"11":0.0,"15":0.006097560975609756,"40":0.012195121951219513,"52":0.018292682926829267,"54":0.024390243902439025,"21":0.03048780487804878,"16":0.036585365853658534,"1":0.042682926829268296,"43":0.04878048780487805,"48":0.054878048780487805,"34":0.06097560975609756,"42":0.06707317073170732,"28":0.07317073170731707,"32":0.07926829268292683,"12":0.08536585365853659,"27":0.09146341463414634,"103":0.0975609756097561,"74":0.10365853658536585,"80":0.10975609756097561,"87":0.11585365853658537,"72":0.12195121951219512,"94":0.12804878048780488,"73":0.13414634146341464,"89":0.1402439024390244,"78":0.14634146341463414,"44":0.1524390243902439,"79":0.15853658536585366,"6":0.16463414634146342,"82":0.17073170731707318,"23":0.17682926829268292,"10":0.18292682926829268,"18":0.18902439024390244,"99":0.1951219512195122,"22":0.20121951219512196,"35":0.2073170731707317,"36":0.21341463414634146,"50":0.21951219512195122,"29":0.22560975609756098,"5":0.23170731707317074,"91":0.23780487804878048,"3":0.24390243902439024,"143":0.25,"51":0.25609756097560976,"14":0.2621951219512195,"38":0.2682926829268293,"68":0.27439024390243905,"24":0.2804878048780488,"13":0.2865853658536585,"71":0.2926829268292683,"8":0.29878048780487804,"61":0.3048780487804878,"0":0.31097560975609756,"41":0.3170731707317073,"57":0.3231707317073171,"30":0.32926829268292684,"47":0.3353658536585366,"4":0.34146341463414637,"7":0.3475609756097561,"33":0.35365853658536583,"39":0.3597560975609756,"46":0.36585365853658536,"26":0.3719512195121951,"109":0.3780487804878049,"77":0.38414634146341464,"49":0.3902439024390244,"92":0.39634146341463417,"105":0.4024390243902439,"104":0.40853658536585363,"59":0.4146341463414634,"20":0.42073170731707316,"53":0.4268292682926829,"95":0.4329268292682927,"45":0.43902439024390244,"19":0.4451219512195122,"76":0.45121951219512196,"25":0.4573170731707317,"9":0.4634146341463415,"31":0.4695121951219512,"17":0.47560975609756095,"2":0.4817073170731707,"154":0.4878048780487805,"67":0.49390243902439024,"56":0.5,"160":0.5060975609756098,"108":0.5121951219512195,"37":0.5182926829268293,"102":0.524390243902439,"84":0.5304878048780488,"96":0.5365853658536586,"63":0.5426829268292683,"55":0.5487804878048781,"83":0.5548780487804879,"90":0.5609756097560976,"81":0.5670731707317073,"64":0.573170731707317,"88":0.5792682926829268,"69":0.5853658536585366,"75":0.5914634146341463,"86":0.5975609756097561,"98":0.6036585365853658,"101":0.6097560975609756,"106":0.6158536585365854,"85":0.6219512195121951,"66":0.6280487804878049,"58":0.6341463414634146,"62":0.6402439024390244,"93":0.6463414634146342,"97":0.6524390243902439,"65":0.6585365853658537,"107":0.6646341463414634,"100":0.6707317073170732,"127":0.676829268292683,"132":0.6829268292682927,"60":0.6890243902439024,"161":0.6951219512195121,"121":0.7012195121951219,"158":0.7073170731707317,"113":0.7134146341463414,"119":0.7195121951219512,"70":0.725609756097561,"138":0.7317073170731707,"148":0.7378048780487805,"133":0.7439024390243902,"131":0.75,"112":0.7560975609756098,"115":0.7621951219512195,"137":0.7682926829268293,"128":0.774390243902439,"147":0.7804878048780488,"118":0.7865853658536586,"141":0.7926829268292683,"144":0.7987804878048781,"150":0.8048780487804879,"114":0.8109756097560976,"125":0.8170731707317073,"142":0.823170731707317,"146":0.8292682926829268,"139":0.8353658536585366,"135":0.8414634146341463,"159":0.8475609756097561,"152":0.8536585365853658,"155":0.8597560975609756,"156":0.8658536585365854,"164":0.8719512195121951,"120":0.8780487804878049,"116":0.8841463414634146,"149":0.8902439024390244,"136":0.8963414634146342,"123":0.9024390243902439,"110":0.9085365853658537,"122":0.9146341463414634,"111":0.9207317073170732,"140":0.926829268292683,"126":0.9329268292682927,"117":0.9390243902439024,"153":0.9451219512195121,"157":0.9512195121951219,