{"name":"agd","num_of_nodes":171,"num_of_edges":331,"weight":"value","process_time":0.022629976272583008,"data":{"0":0.6023268112109994,"1":0.42358540454785826,"2":0.49021681649920673,"3":0.6705446853516657,"4":0.5954521417239556,"5":0.5547329455314648,"6":0.617662612374405,"7":0.47699629825489154,"8":0.6705446853516657,"9":0.5066102591221575,"10":0.7139079851930195,"11":0.7139079851930195,"12":0.6663141195134848,"13":0.5827604442094129,"14":0.538339502908514,"15":0.49021681649920673,"16":0.5616076150185086,"17":0.6224219989423584,"18":0.4045478582760444,"19":0.6023268112109994,"20":0.5066102591221575,"21":0.7139079851930195,"22":0.4775251189846641,"23":0.5515600211528291,"24":0.5843469063987307,"25":0.7667900581702803,"26":0.5700687466948703,"27":0.3971443680592279,"28":0.824960338445267,"29":0.5954521417239556,"30":0.5399259650978318,"31":0.39185616076150176,"32":0.5695399259650977,"33":0.4674775251189846,"34":0.5742993125330512,"35":0.617662612374405,"36":0.5235325224748809,"37":0.7186673717609728,"38":0.5954521417239556,"39":0.7583289264939184,"40":0.4309888947646747,"41":0.5489159175039661,"42":0.7667900581702803,"43":0.824960338445267,"44":0.5118984664198836,"45":0.5356953992596509,"46":0.6657852987837122,"47":0.6641988365943944,"48":0.48122686409307236,"49":0.44843997884717074,"50":0.44843997884717074,"51":0.5124272871496562,"52":0.5372818614489687,"53":0.5013220518244315,"54":0.4204124801692226,"55":0.5118984664198836,"56":0.42358540454785826,"57":0.8942358540454783,"58":0.5822316234796403,"59":0.5859333685880485,"60":0.4500264410364886,"61":0.4738233738762559,"62":0.6567953463775779,"63":0.4003172924378635,"64":0.4960338445267054,"65":0.6567953463775779,"66":0.439978847170809,"67":0.5282919090428344,"68":0.49074563722897935,"69":0.8360655737704917,"70":0.4420941300898995,"71":0.48122686409307236,"72":0.594923320994183,"73":0.7340031729243784,"74":0.8942358540454783,"75":0.7340031729243784,"76":0.5526176626123743,"77":0.43945002644103637,"78":0.9418297197250132,"79":0.3960867265996827,"80":0.8360655737704917,"81":0.8852459016393442,"82":0.7794817556848228,"83":0.6901110523532522,"84":0.6076150185087255,"85":0.3960867265996827,"86":0.49444738233738755,"87":0.6187202538339501,"88":0.42675832892649385,"89":0.5965097831835008,"90":0.40084611316763613,"91":0.5076679005817027,"92":0.40084611316763613,"93":0.9423585404547855,"94":0.41565309360126906,"95":0.392913802221047,"96":1.0,"97":0.8313061872025381,"98":0.5711263881544155,"99":0.6478053939714437,"100":0.5499735589635113,"101":0.5674246430460074,"102":0.5272342675832892,"103":0.7815970386039133,"104":0.8313061872025381,"105":0.6292966684294022,"106":0.9428873611845583,"107":0.8857747223691167,"108":0.4066631411951348,"109":0.5478582760444208,"110":0.546271813855103,"111":0.4606028556319407,"112":0.5378106821787414,"113":0.5832892649391854,"114":0.09571655208884185,"115":0.11210999471179268,"116":0.07456372289793757,"117":0.06874669487043891,"118":0.03543098889476466,"119":0.05869910100475937,"120":0.03490216816499206,"121":0.03754627181385509,"122":0.014806980433632985,"123":0.017979904812268636,"124":0.08725542041248016,"125":0.07932310946589105,"126":0.10153358011634055,"127":0.04970914859862504,"128":0.02644103648863034,"129":0.014278159703860378,"130":0.05499735589635114,"131":0.1649920676890534,"132":0.11158117398202008,"133":0.10153358011634055,"134":0.10153358011634055,"135":0.08778424114225278,"136":0.014278159703860378,"137":0.09571655208884185,"138":0.030142781597038613,"139":0.051824431517715465,"140":0.13855103120042303,"141":0.007932310946589097,"142":0.05975674246430458,"143":0.02644103648863034,"144":0.04071919619249072,"145":0.034373347435219456,"146":0.022210470650449496,"147":0.05341089370703332,"148":0.06557377049180328,"149":0.005288207297726072,"150":0.05764145954521416,"151":0.1295610787942887,"152":0.048651507139079835,"153":0.02644103648863034,"154":0.011105235325224748,"155":0.027498677948175548,"156":0.023268112109994705,"157":0.11210999471179268,"158":0.13855103120042303,"159":0.033315705975674244,"160":0.08725542041248016,"161":0.0,"162":0.13855103120042303,"163":0.003172924378635631,"164":0.0,"165":0.012691697514542563,"166":0.05341089370703332,"167":0.08778424114225278,"168":0.012162876784769959,"169":0.08725542041248016,"170":0.053939714436805924},"ranked":{"161":0.0,"164":0.0058823529411764705,"163":0.011764705882352941,"149":0.01764705882352941,"141":0.023529411764705882,"154":0.029411764705882353,"168":0.03529411764705882,"165":0.041176470588235294,"129":0.047058823529411764,"136":0.052941176470588235,"122":0.058823529411764705,"123":0.06470588235294118,"146":0.07058823529411765,"156":0.07647058823529412,"128":0.08235294117647059,"143":0.08823529411764706,"153":0.09411764705882353,"155":0.1,"138":0.10588235294117647,"159":0.11176470588235295,"145":0.11764705882352941,"120":0.12352941176470589,"118":0.12941176470588237,"121":0.13529411764705881,"144":0.1411764705882353,"152":0.14705882352941177,"127":0.15294117647058825,"139":0.1588235294117647,"147":0.16470588235294117,"166":0.17058823529411765,"170":0.17647058823529413,"130":0.18235294117647058,"150":0.18823529411764706,"119":0.19411764705882353,"142":0.2,"148":0.20588235294117646,"117":0.21176470588235294,"116":0.21764705882352942,"125":0.2235294117647059,"124":0.22941176470588234,"160":0.23529411764705882,"169":0.2411764705882353,"135":0.24705882352941178,"167":0.2529411764705882,"114":0.25882352941176473,"137":0.2647058823529412,"126":0.27058823529411763,"133":0.27647058823529413,"134":0.2823529411764706,"132":0.28823529411764703,"115":0.29411764705882354,"157":0.3,"151":0.3058823529411765,"140":0.31176470588235294,"158":0.3176470588235294,"162":0.3235294117647059,"131":0.32941176470588235,"31":0.3352941176470588,"95":0.3411764705882353,"79":0.34705882352941175,"85":0.35294117647058826,"27":0.3588235294117647,"63":0.36470588235294116,"90":0.37058823529411766,"92":0.3764705882352941,"18":0.38235294117647056,"108":0.38823529411764707,"94":0.3941176470588235,"54":0.4,"1":0.40588235294117647,"56":0.4117647058823529,"88":0.4176470588235294,"40":0.4235294117647059,"77":0.4294117647058823,"66":0.43529411764705883,"70":0.4411764705882353,"49":0.4470588235294118,"50":0.45294117647058824,"60":0.4588235294117647,"111":0.4647058823529412,"33":0.47058823529411764,"61":0.4764705882352941,"7":0.4823529411764706,"22":0.48823529411764705,"48":0.49411764705882355,"71":0.5,"2":0.5058823529411764,"15":0.5117647058823529,"68":0.5176470588235295,"86":0.5235294117647059,"64":0.5294117647058824,"53":0.5352941176470588,"9":0.5411764705882353,"20":0.5470588235294118,"91":0.5529411764705883,"44":0.5588235294117647,"55":0.5647058823529412,"51":0.5705882352941176,"36":0.5764705882352941,"102":0.5823529411764706,"67":0.5882352941176471,"45":0.5941176470588235,"52":0.6,"112":0.6058823529411764,"14":0.611764705882353,"30":0.6176470588235294,"110":0.6235294117647059,"109":0.6294117647058823,"41":0.6352941176470588,"100":0.6411764705882353,"23":0.6470588235294118,"76":0.6529411764705882,"5":0.6588235294117647,"16":0.6647058823529411,"101":0.6705882352941176,"32":0.6764705882352942,"26":0.6823529411764706,"98":0.6882352941176471,"34":0.6941176470588235,"58":0.7,"13":0.7058823529411765,"113":0.711764705882353,"24":0.7176470588235294,"59":0.7235294117647059,"72":0.7294117647058823,"4":0.7352941176470589,"29":0.7411764705882353,"38":0.7470588235294118,"89":0.7529411764705882,"0":0.7588235294117647,"19":0.7647058823529411,"84":0.7705882352941177,"6":0.7764705882352941,"35":0.7823529411764706,"87":0.788235294117647,"17":0.7941176470588235,"105":0.8,"99":0.8058823529411765,"62":0.8117647058823529,"65":0.8176470588235294,"47":0.8235294117647058,"46":0.8294117647058824,"12":0.8352941176470589,"3":0.8411764705882353,"8":0.8470588235294118,"83":0.8529411764705882,"10":0.8588235294117647,"11":0.8647058823529412,"21":0.8705882352941177,"37":0.8764705882352941,"73":0.8823529411764706,"75":0.888235294117647,"39":0.8941176470588236,"25":0.9,