{"name":"pagerank","alpha":0.85,"weight":"value","num_of_nodes":153,"num_of_edges":289,"process_time":0.026968717575073242,"data":{"0":0.08696768527571594,"1":0.6458774083102266,"2":0.4328786931113836,"3":0.009406629045721378,"4":0.38962973462796263,"5":0.3279225278225958,"6":0.38962973462796263,"7":0.11764842821856072,"8":0.13599897628393487,"9":0.37360090642991695,"10":0.3707445306322228,"11":0.11844231072507191,"12":0.7865317273422854,"13":0.05565663732225349,"14":0.0307981623526876,"15":0.09998075521254449,"16":0.08717268127883053,"17":0.0795237044858222,"18":0.25181088267610857,"19":0.11438615405022019,"20":0.07861083561710297,"21":0.23128327486915626,"22":0.36610532847217947,"23":0.06650634548602632,"24":0.22656898469871453,"25":0.13599897628393487,"26":0.29690627218523674,"27":0.24208578215849988,"28":0.1295292196101441,"29":0.36610532847217947,"30":0.661494987736364,"31":0.45160054734717103,"32":0.10459883455531727,"33":0.11572294820987412,"34":0.29690627218523674,"35":0.45160054734717103,"36":0.4743390777070342,"37":0.11572294820987412,"38":0.05565663732225349,"39":0.1295292196101441,"40":0.05261888066485937,"41":0.4616039964042917,"42":0.24208578215849988,"43":0.22968276793495657,"44":0.13599897628393487,"45":0.24208578215849988,"46":0.10842432138477098,"47":0.3707445306322228,"48":0.11844231072507178,"49":0.24208578215849988,"50":0.24112112166223493,"51":0.6740911894160887,"52":0.2421996561819192,"53":0.09113157788688322,"54":0.2274557438881887,"55":0.07472220362852858,"56":0.05280372600753014,"57":0.29735812480466944,"58":0.2671656310839406,"59":0.28149666578047927,"60":0.43963903984290453,"61":0.45166938522374217,"62":0.02116583327776569,"63":0.03543941026594023,"64":0.414014358685321,"65":0.05421285921823513,"66":0.036012444403906205,"67":0.0665312643479667,"68":0.06170044544905357,"69":0.22740479362443466,"70":0.4550496853616802,"71":0.1616339869312791,"72":0.07472220362852858,"73":0.08317437084949852,"74":0.4610729576886936,"75":0.2648561641360921,"76":0.4911389021768263,"77":0.2802696862818916,"78":0.04468309154836701,"79":0.47426816591110427,"80":0.061398997158274536,"81":0.7455422683452098,"82":0.31489557498378357,"83":0.05280372600753014,"84":0.25455219242050453,"85":0.31124814580358595,"86":0.005726802454745067,"87":0.016326951139420218,"88":0.05340370741812285,"89":0.2758132746578173,"90":0.1616339869312791,"91":0.05421285921823513,"92":0.713924977330314,"93":0.044542484072504954,"94":0.5273082836713547,"95":0.1616339869312791,"96":0.2421996561819192,"97":0.2674557875398418,"98":0.036012444403906205,"99":0.504868893618491,"100":0.2563026623137164,"101":0.5466664572081826,"102":0.05833574826571392,"103":0.1676898358823165,"104":0.32796031458501906,"105":0.4247806965503751,"106":0.5784079154866376,"107":0.23977574096843124,"108":0.0,"109":0.3200090538603858,"110":0.022599388455932498,"111":0.31794208375521094,"112":0.5496069204380956,"113":0.329020371275355,"114":0.07565022163702553,"115":0.10593487292131176,"116":0.0398741285539391,"117":0.10812361676633664,"118":0.07541722836436689,"119":0.37736718590607815,"120":0.07652572882080942,"121":0.08050493325272905,"122":0.07631573518625988,"123":0.5271671379569028,"124":0.07484236690637018,"125":0.39854955719877905,"126":0.07541722836436689,"127":0.27897191423243967,"128":0.4150910864876537,"129":0.5152259047561383,"130":1.0,"131":0.04358674570888831,"132":0.00625022213002802,"133":0.0,"134":0.19576213023387418,"135":0.514667967616703,"136":0.2873984381361158,"137":0.6217621999898858,"138":0.11782775795023955,"139":0.28904988681046667,"140":0.803222436222378,"141":0.05386572362261724,"142":0.35466755733615457,"143":0.07631573518625988,"144":0.07631573518625988,"145":0.06864203152260366,"146":0.0391086086082342,"147":0.08050493325272905,"148":0.053662148559708155,"149":0.05599257198214862,"150":0.5215281139861455,"151":0.2920320457335197,"152":0.08792218621556194},"ranked":{"108":0.0,"133":0.006578947368421052,"86":0.013157894736842105,"132":0.019736842105263157,"3":0.02631578947368421,"87":0.03289473684210526,"62":0.039473684210526314,"110":0.046052631578947366,"14":0.05263157894736842,"63":0.05921052631578947,"66":0.06578947368421052,"98":0.07236842105263158,"146":0.07894736842105263,"116":0.08552631578947369,"131":0.09210526315789473,"93":0.09868421052631579,"78":0.10526315789473684,"40":0.1118421052631579,"56":0.11842105263157894,"83":0.125,"88":0.13157894736842105,"148":0.13815789473684212,"141":0.14473684210526316,"65":0.1513157894736842,"91":0.15789473684210525,"13":0.16447368421052633,"38":0.17105263157894737,"149":0.17763157894736842,"102":0.18421052631578946,"80":0.19078947368421054,"68":0.19736842105263158,"23":0.20394736842105263,"67":0.21052631578947367,"145":0.21710526315789475,"55":0.2236842105263158,"72":0.23026315789473684,"124":0.23684210526315788,"118":0.24342105263157895,"126":0.25,"114":0.2565789473684211,"122":0.2631578947368421,"143":0.26973684210526316,"144":0.27631578947368424,"120":0.28289473684210525,"20":0.2894736842105263,"17":0.29605263157894735,"121":0.3026315789473684,"147":0.3092105263157895,"73":0.3157894736842105,"0":0.3223684210526316,"16":0.32894736842105265,"152":0.3355263157894737,"53":0.34210526315789475,"15":0.34868421052631576,"32":0.35526315789473684,"115":0.3618421052631579,"117":0.3684210526315789,"46":0.375,"19":0.3815789473684211,"33":0.3881578947368421,"37":0.39473684210526316,"7":0.40131578947368424,"138":0.40789473684210525,"48":0.4144736842105263,"11":0.42105263157894735,"28":0.4276315789473684,"39":0.4342105263157895,"8":0.4407894736842105,"25":0.4473684210526316,"44":0.45394736842105265,"71":0.4605263157894737,"90":0.46710526315789475,"95":0.47368421052631576,"103":0.48026315789473684,"134":0.4868421052631579,"24":0.4934210526315789,"69":0.5,"54":0.506578947368421,"43":0.5131578947368421,"21":0.5197368421052632,"107":0.5263157894736842,"50":0.5328947368421053,"27":0.5394736842105263,"42":0.5460526315789473,"45":0.5526315789473685,"49":0.5592105263157895,"52":0.5657894736842105,"96":0.5723684210526315,"18":0.5789473684210527,"84":0.5855263157894737,"100":0.5921052631578947,"75":0.5986842105263158,"58":0.6052631578947368,"97":0.6118421052631579,"89":0.618421052631579,"127":0.625,"77":0.631578947368421,"59":0.6381578947368421,"136":0.6447368421052632,"139":0.6513157894736842,"151":0.6578947368421053,"26":0.6644736842105263,"34":0.6710526315789473,"57":0.6776315789473685,"85":0.6842105263157895,"82":0.6907894736842105,"111":0.6973684210526315,"109":0.7039473684210527,"5":0.7105263157894737,"104":0.7171052631578947,"113":0.7236842105263158,"142":0.7302631578947368,"22":0.7368421052631579,"29":0.743421052631579,"10":0.75,"47":0.756578947368421,"9":0.7631578947368421,"119":0.7697368421052632,"4":0.7763157894736842,"6":0.7828947368421053,"125":0.7894736842105263,"64":0.7960526315789473,"128":0.8026315789473685,"105":0.8092105263157895,"2":0.8157894736842105,"60":0.8223684210526315,"31":0.8289473684210527,"35":0.8355263157894737,"61":0.8421052631578947,"70":0.8486842105263158,"74":0.8552631578947368,"41":0.8618421052631579,"79":0.868421052631579,"36":0.875,"76":0.881578947368421,"99":0.8881578947368421,"135":0.8947368421052632,"129":0.9013157894736842,"150":0.9078947368421053,"123":0.9144736842105263,"94":0.9210526315789473,"101":0.9276315789473685,"112":0.9342105263157895,"106":0.9407894736842105,"137":0.9473684210526315,"1":0.9539473684210527,"30":0.9605263157894737,"51":0.9671052631578947,"92":0.9736842105263158,"81":0.9802631578947368,"12":0.9868421052631579,"140":0.993421052631579,"130":1.0}}