{"name":"density","eps":0.5,"weight":"value","num_of_nodes":63,"num_of_edges":119,"process_time":0.0017511844635009766,"data":{"0":0.0008242451378504868,"1":0.0024729599273864036,"2":0.0032969431325538417,"3":0.6658425337857647,"4":0.0032969431323983606,"5":0.33250920045243143,"6":0.336630276465825,"7":0.33250920045243143,"8":0.0,"9":0.004945321151275151,"10":0.0024726231565717965,"11":0.0008242451378504868,"12":0.0016484902756698774,"13":0.0,"14":0.33498174877105824,"15":0.002472660575575383,"16":0.002472660575575383,"17":0.667490911804486,"18":0.0008242451378504868,"19":0.3358059939089087,"20":0.6666666666666355,"21":0.3333333707522747,"22":0.6691393646612145,"23":0.003297017970405534,"24":0.6666668537616224,"25":0.9991758297000634,"26":0.001648452856697387,"27":0.004945321151150766,"28":0.6666667415045806,"29":0.002472660575575383,"30":0.0032968682944533798,"31":0.0024727354135203644,"32":0.001648452856697387,"33":0.33498193586598285,"34":0.6691393272422109,"35":0.0032970179704677263,"36":0.9983516594001579,"37":0.33663020162778673,"38":0.33415757847115274,"39":0.9983516219811854,"40":0.001648452856697387,"41":0.0032970179703433414,"42":0.6666666666666045,"43":0.0024727354135514606,"44":0.334981861028069,"45":0.002472772832523951,"46":0.3333334081712161,"47":0.0008242825567607849,"48":0.0041210385943588855,"49":0.3349819358659207,"50":0.004121038594327789,"51":1.0,"52":0.0008242825567607849,"53":0.9991757922810598,"54":0.6658426086236786,"55":0.002472772832523951,"56":0.6674908743855136,"57":0.004945246313267978,"58":0.0008242825567607849,"59":0.666666853761498,"60":0.00412115085133855,"61":0.0016484902756387812,"62":0.0016484902756387812},"ranked":{"8":0.0,"13":0.016129032258064516,"0":0.03225806451612903,"11":0.04838709677419355,"18":0.06451612903225806,"47":0.08064516129032258,"52":0.0967741935483871,"58":0.11290322580645161,"26":0.12903225806451613,"32":0.14516129032258066,"40":0.16129032258064516,"61":0.1774193548387097,"62":0.1935483870967742,"12":0.20967741935483872,"10":0.22580645161290322,"15":0.24193548387096775,"16":0.25806451612903225,"29":0.27419354838709675,"31":0.2903225806451613,"43":0.3064516129032258,"45":0.3225806451612903,"55":0.3387096774193548,"1":0.3548387096774194,"30":0.3709677419354839,"4":0.3870967741935484,"2":0.4032258064516129,"41":0.41935483870967744,"23":0.43548387096774194,"35":0.45161290322580644,"50":0.46774193548387094,"48":0.4838709677419355,"60":0.5,"57":0.5161290322580645,"27":0.532258064516129,"9":0.5483870967741935,"5":0.5645161290322581,"7":0.5806451612903226,"21":0.5967741935483871,"46":0.6129032258064516,"38":0.6290322580645161,"14":0.6451612903225806,"44":0.6612903225806451,"49":0.6774193548387096,"33":0.6935483870967742,"19":0.7096774193548387,"37":0.7258064516129032,"6":0.7419354838709677,"3":0.7580645161290323,"54":0.7741935483870968,"42":0.7903225806451613,"20":0.8064516129032258,"28":0.8225806451612904,"59":0.8387096774193549,"24":0.8548387096774194,"56":0.8709677419354839,"17":0.8870967741935484,"34":0.9032258064516129,"22":0.9193548387096774,"39":0.9354838709677419,"36":0.9516129032258065,"53":0.967741935483871,"25":0.9838709677419355,"51":1.0}}