{"name":"fiedler","normalized":false,"weight":"value","num_of_nodes":39,"num_of_edges":124,"process_time":0.03590798377990723,"data":{"0":0.14989382807584456,"1":0.0771671756105345,"2":0.012040658402076649,"3":0.24885361048315566,"4":0.05053948251302098,"5":0.05707622170019229,"6":0.008980664424015043,"7":0.1315067074107156,"8":0.12503833103359616,"9":0.022939765229527547,"10":0.24390479719988983,"11":0.36180607724453656,"12":0.012040658402688217,"13":0.9801498156904486,"14":0.9523301742745643,"15":0.9309472429820116,"16":1.0,"17":0.9963570824353573,"18":0.9899482528513486,"19":0.4976113043858313,"20":0.6706915893245315,"21":0.7223223786209197,"22":0.9128372289983404,"23":0.999999999999897,"24":0.8619637051162518,"25":0.7223223786205822,"26":0.014222994396856103,"27":3.8327820237700273e-13,"28":0.012662192092751899,"29":0.027530718844812428,"30":0.01319239142545685,"31":0.016348565977604673,"32":0.019528605641911733,"33":0.02889400419455199,"34":0.0,"35":0.8677905729049633,"36":0.8139821573365504,"37":0.0910413330545855,"38":0.04218135183371062},"ranked":{"34":0.0,"27":0.02631578947368421,"6":0.05263157894736842,"2":0.07894736842105263,"12":0.10526315789473684,"28":0.13157894736842105,"30":0.15789473684210525,"26":0.18421052631578946,"31":0.21052631578947367,"32":0.23684210526315788,"9":0.2631578947368421,"29":0.2894736842105263,"33":0.3157894736842105,"38":0.34210526315789475,"4":0.3684210526315789,"5":0.39473684210526316,"1":0.42105263157894735,"37":0.4473684210526316,"8":0.47368421052631576,"7":0.5,"0":0.5263157894736842,"10":0.5526315789473685,"3":0.5789473684210527,"11":0.6052631578947368,"19":0.631578947368421,"20":0.6578947368421053,"25":0.6842105263157895,"21":0.7105263157894737,"36":0.7368421052631579,"24":0.7631578947368421,"35":0.7894736842105263,"22":0.8157894736842105,"15":0.8421052631578947,"14":0.868421052631579,"13":0.8947368421052632,"18":0.9210526315789473,"17":0.9473684210526315,"23":0.9736842105263158,"16":1.0}}