{"name":"eccentricity","num_of_nodes":42,"num_of_edges":131,"process_time":0.003377199172973633,"data":{"0":1.0,"1":0.75,"2":0.25,"3":0.75,"4":0.5,"5":0.25,"6":0.5,"7":0.5,"8":0.75,"9":0.25,"10":0.0,"11":0.5,"12":0.75,"13":0.75,"14":0.5,"15":0.25,"16":0.25,"17":0.75,"18":0.75,"19":0.0,"20":0.75,"21":0.0,"22":0.25,"23":0.5,"24":0.0,"25":0.0,"26":0.75,"27":0.75,"28":0.25,"29":0.75,"30":0.75,"31":0.5,"32":0.25,"33":0.75,"34":0.75,"35":1.0,"36":0.5,"37":0.75,"38":0.25,"39":0.0,"40":0.5,"41":0.5},"ranked":{"10":0.0,"19":0.024390243902439025,"21":0.04878048780487805,"24":0.07317073170731707,"25":0.0975609756097561,"39":0.12195121951219512,"2":0.14634146341463414,"5":0.17073170731707318,"9":0.1951219512195122,"15":0.21951219512195122,"16":0.24390243902439024,"22":0.2682926829268293,"28":0.2926829268292683,"32":0.3170731707317073,"38":0.34146341463414637,"4":0.36585365853658536,"6":0.3902439024390244,"7":0.4146341463414634,"11":0.43902439024390244,"14":0.4634146341463415,"23":0.4878048780487805,"31":0.5121951219512195,"36":0.5365853658536586,"40":0.5609756097560976,"41":0.5853658536585366,"1":0.6097560975609756,"3":0.6341463414634146,"8":0.6585365853658537,"12":0.6829268292682927,"13":0.7073170731707317,"17":0.7317073170731707,"18":0.7560975609756098,"20":0.7804878048780488,"26":0.8048780487804879,"27":0.8292682926829268,"29":0.8536585365853658,"30":0.8780487804878049,"33":0.9024390243902439,"34":0.926829268292683,"37":0.9512195121951219,"0":0.975609756097561,"35":1.0}}