{"name":"agd","num_of_nodes":117,"num_of_edges":228,"weight":"value","process_time":0.016506195068359375,"data":{"0":0.7388825541619157,"1":0.6225769669327252,"2":0.47548460661345504,"3":0.7058152793614596,"4":0.5353477765108323,"5":0.9458380843785633,"6":0.9452679589509693,"7":0.5119726339794755,"8":0.8911060433295325,"9":0.9446978335233751,"10":0.5792474344355758,"11":0.9458380843785633,"12":0.572405929304447,"13":0.7867730900798175,"14":0.49543899657924745,"15":0.8369441277080958,"16":0.4612314709236032,"17":0.7377423033067275,"18":0.4578107183580388,"19":0.7400228050171037,"20":0.4789053591790194,"21":0.612884834663626,"22":0.8905359179019384,"23":0.7006841505131128,"24":0.5433295324971493,"25":0.6613454960091221,"26":0.6670467502850628,"27":0.4857468643101483,"28":0.6909920182440137,"29":0.4965792474344356,"30":0.6527936145952109,"31":0.6220068415051312,"32":0.7867730900798175,"33":0.4578107183580388,"34":0.5399087799315849,"35":0.49486887115165346,"36":0.5125427594070696,"37":0.669327251995439,"38":0.612884834663626,"39":0.7468643101482326,"40":0.7428734321550742,"41":0.701824401368301,"42":0.7542759407069556,"43":0.003990877993158495,"44":0.8911060433295325,"45":0.6476624857468642,"46":0.0034207525655644247,"47":0.8899657924743444,"48":0.6356898517673888,"49":0.7930444697833524,"50":0.5912200684150513,"51":0.7080957810718358,"52":0.6031927023945268,"53":0.0068415051311288486,"54":0.8386545039908779,"55":0.0068415051311288486,"56":0.7559863169897377,"57":1.0,"58":0.006271379703534779,"59":0.7930444697833524,"60":0.5604332953249715,"61":0.6254275940706955,"62":0.5353477765108323,"63":0.5045610034207526,"64":0.7890535917901937,"65":0.9452679589509693,"66":0.9441277080957811,"67":0.5319270239452679,"68":0.006271379703534779,"69":0.7001140250855189,"70":0.5319270239452679,"71":0.9446978335233751,"72":0.006271379703534779,"73":0.9458380843785633,"74":0.003990877993158495,"75":0.005131128848346636,"76":0.6613454960091221,"77":0.798175598631699,"78":0.8090079817559863,"79":0.8112884834663625,"80":0.47719498289623724,"81":0.6505131128848347,"82":0.0,"83":0.5889395667046751,"84":0.6847206385404788,"85":0.5478905359179019,"86":0.5615735461801596,"87":0.5763968072976055,"88":0.7280501710376283,"89":0.7736602052451539,"90":0.5210946408209807,"91":0.9127708095781072,"92":0.8591790193842646,"93":0.677309007981756,"94":0.8164196123147092,"95":0.8597491448118587,"96":0.8591790193842646,"97":0.8648802736602053,"98":0.5467502850627137,"99":0.6191562143671607,"100":0.0005701254275940709,"101":0.0005701254275940709,"102":0.6408209806157354,"103":0.766248574686431,"104":0.9156214367160775,"105":0.8164196123147092,"106":0.0,"107":0.7645381984036488,"108":0.7736602052451539,"109":0.523375142531357,"110":0.0,"111":0.8118586088939567,"112":0.6066134549600912,"113":0.4982896237172178,"114":0.9110604332953249,"115":0.7200684150513113,"116":0.5889395667046751},"ranked":{"82":0.0,"106":0.008620689655172414,"110":0.017241379310344827,"100":0.02586206896551724,"101":0.034482758620689655,"46":0.04310344827586207,"43":0.05172413793103448,"74":0.0603448275862069,"75":0.06896551724137931,"58":0.07758620689655173,"68":0.08620689655172414,"72":0.09482758620689655,"53":0.10344827586206896,"55":0.11206896551724138,"18":0.1206896551724138,"33":0.12931034482758622,"16":0.13793103448275862,"2":0.14655172413793102,"80":0.15517241379310345,"20":0.16379310344827586,"27":0.1724137931034483,"35":0.1810344827586207,"14":0.1896551724137931,"29":0.19827586206896552,"113":0.20689655172413793,"63":0.21551724137931033,"7":0.22413793103448276,"36":0.23275862068965517,"90":0.2413793103448276,"109":0.25,"67":0.25862068965517243,"70":0.2672413793103448,"4":0.27586206896551724,"62":0.28448275862068967,"34":0.29310344827586204,"24":0.3017241379310345,"98":0.3103448275862069,"85":0.31896551724137934,"60":0.3275862068965517,"86":0.33620689655172414,"12":0.3448275862068966,"87":0.35344827586206895,"10":0.3620689655172414,"83":0.3706896551724138,"116":0.3793103448275862,"50":0.3879310344827586,"52":0.39655172413793105,"112":0.4051724137931034,"21":0.41379310344827586,"38":0.4224137931034483,"99":0.43103448275862066,"31":0.4396551724137931,"1":0.4482758620689655,"61":0.45689655172413796,"48":0.46551724137931033,"102":0.47413793103448276,"45":0.4827586206896552,"81":0.49137931034482757,"30":0.5,"25":0.5086206896551724,"76":0.5172413793103449,"26":0.5258620689655172,"37":0.5344827586206896,"93":0.5431034482758621,"84":0.5517241379310345,"28":0.5603448275862069,"69":0.5689655172413793,"23":0.5775862068965517,"41":0.5862068965517241,"3":0.5948275862068966,"51":0.603448275862069,"115":0.6120689655172413,"88":0.6206896551724138,"17":0.6293103448275862,"0":0.6379310344827587,"19":0.646551724137931,"40":0.6551724137931034,"39":0.6637931034482759,"42":0.6724137931034483,"56":0.6810344827586207,"107":0.6896551724137931,"103":0.6982758620689655,"89":0.7068965517241379,"108":0.7155172413793104,"13":0.7241379310344828,"32":0.7327586206896551,"64":0.7413793103448276,"49":0.75,"59":0.7586206896551724,"77":0.7672413793103449,"78":0.7758620689655172,"79":0.7844827586206896,"111":0.7931034482758621,"94":0.8017241379310345,"105":0.8103448275862069,"15":0.8189655172413793,"54":0.8275862068965517,"92":0.8362068965517241,"96":0.8448275862068966,"95":0.853448275862069,"97":0.8620689655172413,"47":0.8706896551724138,"22":0.8793103448275862,"8":0.8879310344827587,"44":0.896551724137931,"114":0.9051724137931034,"91":0.9137931034482759,"104":0.9224137931034483,"66":0.9310344827586207,"9":0.9396551724137931,"71":0.9482758620689655,"6":0.9568965517241379,"65":0.9655172413793104,"5":0.9741379310344828,"11":0.9827586206896551,"73":0.9913793103448276,"57":1.0}}