{"name":"fiedler","normalized":true,"weight":"value","num_of_nodes":111,"num_of_edges":347,"process_time":0.042711734771728516,"data":{"0":0.03136840938632344,"1":0.16206966093922737,"2":0.05730397278377202,"3":0.06675191786540673,"4":0.06149713593759074,"5":0.18489501308851053,"6":0.11436906867437671,"7":0.0913143594860218,"8":0.09771052818408041,"9":0.09594325165327951,"10":0.05274355071358703,"11":0.07803030378694252,"12":0.17067572893193722,"13":0.0,"14":0.056356809491504234,"15":0.017705409055228792,"16":0.04216851947163939,"17":0.05971966279406378,"18":0.08027510167056107,"19":0.172970291297295,"20":0.1131340445994871,"21":0.13024556843332596,"22":0.0836959042879154,"23":0.004171395778361445,"24":0.0968396259724805,"25":0.03967770371725326,"26":0.13654739555972534,"27":0.08375010274035344,"28":0.1684503393259602,"29":0.13365657882935786,"30":0.09910786386868242,"31":0.0911116188512609,"32":0.25196179312940664,"33":0.08400698768824008,"34":0.059920368282516304,"35":0.0780399505077141,"36":0.09297032036941179,"37":0.45356233091289067,"38":0.5469228264272419,"39":0.5266393304861456,"40":0.7312588032687498,"41":0.856083775608079,"42":0.8138886277346349,"43":0.7621293398752591,"44":0.9017442467169322,"45":0.860043377969784,"46":0.7594027882531186,"47":0.7761063661312244,"48":1.0,"49":0.6969793639866287,"50":0.8500166072282456,"51":0.2865786693664265,"52":0.6850158413176041,"53":0.8526143841426552,"54":0.7572171406742156,"55":0.6896675677024603,"56":0.6850158412964631,"57":0.8022231509881261,"58":0.9132233067379838,"59":0.7761063661312261,"60":0.8356391360614689,"61":0.8022554820656029,"62":0.4835363648515034,"63":0.8320841748052122,"64":0.8745612921771871,"65":0.7318310975072475,"66":0.591499771784246,"67":0.8320841748052126,"68":0.6850158413163344,"69":0.8729626410981951,"70":0.7623175292951051,"71":0.6041979294028093,"72":0.7930686689860883,"73":0.8051496378789709,"74":0.21205923735165458,"75":0.05742294003390425,"76":0.09132461310384023,"77":0.13326566457353098,"78":0.2632139362430616,"79":0.10395027126245336,"80":0.21086862428222586,"81":0.14875976986830733,"82":0.12761757683768724,"83":0.27976879630271084,"84":0.12772659679949996,"85":0.2667421278267578,"86":0.10691832221755558,"87":0.10868741153810323,"88":0.0853563206323912,"89":0.08795072005415788,"90":0.21122485895643375,"91":0.1435753403673524,"92":0.2682704805848372,"93":0.05742294003390326,"94":0.08980480421031665,"95":0.2096308881397103,"96":0.37430565827665546,"97":0.07069007260597153,"98":0.1252966851390341,"99":0.17862436233402404,"100":0.14525509128821995,"101":0.09758028095500115,"102":0.09758028093774648,"103":0.06959162130864247,"104":0.28227336064607306,"105":0.0871971861380518,"106":0.14255536584664885,"107":0.2984459365181356,"108":0.09758028095938286,"109":0.05922469854600372,"110":0.17128422941643598},"ranked":{"13":0.0,"23":0.00909090909090909,"15":0.01818181818181818,"0":0.02727272727272727,"25":0.03636363636363636,"16":0.045454545454545456,"10":0.05454545454545454,"14":0.06363636363636363,"2":0.07272727272727272,"93":0.08181818181818182,"75":0.09090909090909091,"109":0.1,"17":0.10909090909090909,"34":0.11818181818181818,"4":0.12727272727272726,"3":0.13636363636363635,"103":0.14545454545454545,"97":0.15454545454545454,"11":0.16363636363636364,"35":0.17272727272727273,"18":0.18181818181818182,"22":0.19090909090909092,"27":0.2,"33":0.20909090909090908,"88":0.21818181818181817,"105":0.22727272727272727,"89":0.23636363636363636,"94":0.24545454545454545,"31":0.2545454545454545,"7":0.2636363636363636,"76":0.2727272727272727,"36":0.2818181818181818,"9":0.2909090909090909,"24":0.3,"102":0.3090909090909091,"101":0.3181818181818182,"108":0.32727272727272727,"8":0.33636363636363636,"30":0.34545454545454546,"79":0.35454545454545455,"86":0.36363636363636365,"87":0.37272727272727274,"20":0.38181818181818183,"6":0.39090909090909093,"98":0.4,"82":0.4090909090909091,"84":0.41818181818181815,"21":0.42727272727272725,"77":0.43636363636363634,"29":0.44545454545454544,"26":0.45454545454545453,"106":0.4636363636363636,"91":0.4727272727272727,"100":0.4818181818181818,"81":0.4909090909090909,"1":0.5,"28":0.509090909090909,"12":0.5181818181818182,"110":0.5272727272727272,"19":0.5363636363636364,"99":0.5454545454545454,"5":0.5545454545454546,"95":0.5636363636363636,"80":0.5727272727272728,"90":0.5818181818181818,"74":0.5909090909090909,"32":0.6,"78":0.6090909090909091,"85":0.6181818181818182,"92":0.6272727272727273,"83":0.6363636363636364,"104":0.6454545454545455,"51":0.6545454545454545,"107":0.6636363636363637,"96":0.6727272727272727,"37":0.6818181818181818,"62":0.6909090909090909,"39":0.7,"38":0.7090909090909091,"66":0.7181818181818181,"71":0.7272727272727273,"56":0.7363636363636363,"68":0.7454545454545455,"52":0.7545454545454545,"55":0.7636363636363637,"49":0.7727272727272727,"40":0.7818181818181819,"65":0.7909090909090909,"54":0.8,"46":0.8090909090909091,"43":0.8181818181818182,"70":0.8272727272727273,"47":0.8363636363636363,"59":0.8454545454545455,"72":0.8545454545454545,"57":0.8636363636363636,"61":0.8727272727272727,"73":0.8818181818181818,"42":0.8909090909090909,"63":0.9,"67":0.9090909090909091,"60":0.9181818181818182,"50":0.9272727272727272,"53":0.9363636363636364,"41":0.9454545454545454,"45":0.9545454545454546,"69":0.9636363636363636,"64":0.9727272727272728,"44":0.9818181818181818,"58":0.990909090909091,"48":1.0}}