{"name":"pagerank","alpha":0.85,"weight":"value","num_of_nodes":102,"num_of_edges":315,"process_time":0.03662824630737305,"data":{"0":0.4301413403502612,"1":0.2920227526979196,"2":0.3149151282884783,"3":0.4257652905389992,"4":0.11291981040281178,"5":0.5433563804594126,"6":1.0,"7":0.3504690038444124,"8":0.3300688524913564,"9":0.1552313733560981,"10":0.30900611857895527,"11":0.03858038932833671,"12":0.1552313733560981,"13":0.31379687786164745,"14":0.48859777091690065,"15":0.04611452166496856,"16":0.8048291204932188,"17":0.05851686341037917,"18":0.9334440340587249,"19":0.2370734506925063,"20":0.24131661662352044,"21":0.12041397397251992,"22":0.27495658634290987,"23":0.24488701046534925,"24":0.11728465432383346,"25":0.11693459587230358,"26":0.5041685633155322,"27":0.04442379181201114,"28":0.148140865779635,"29":0.31448092402199557,"30":0.3149151282884783,"31":0.30634729140725425,"32":0.1552313733560981,"33":0.11438156672559631,"34":0.13299636187851369,"35":0.4082016631788826,"36":0.29042413959934404,"37":0.04237849989342552,"38":0.6235721940995085,"39":0.23109222836583737,"40":0.16331214367371025,"41":0.3701524030223747,"42":0.17713406634026582,"43":0.41410399350462895,"44":0.21995834604694925,"45":0.22598946173840326,"46":0.5908125281959489,"47":0.2689676445054259,"48":0.13026810949616432,"49":0.3745027392085096,"50":0.7919154685029277,"51":0.1312457475793845,"52":0.6007502570434967,"53":0.21743315087256865,"54":0.05847962217567835,"55":0.45924463546898536,"56":0.5922120680024789,"57":0.10701556597706836,"58":0.2174331508725684,"59":0.42142139089622077,"60":0.2441027338239677,"61":0.17713406634026582,"62":0.04599794121961829,"63":0.22706931075834433,"64":0.4792745312201278,"65":0.17713406634026582,"66":0.6480773860059257,"67":0.10701556597706811,"68":0.7189794844267666,"69":0.24680524165218842,"70":0.6415431836453609,"71":0.05470931736001218,"72":0.8718446934981797,"73":0.3406314844738035,"74":0.020127769385768587,"75":0.09225799756809577,"76":0.13426470000099555,"77":0.13299636187851369,"78":0.3130010114827467,"79":0.6954911047737802,"80":0.10701556597706811,"81":0.06824899260545772,"82":0.3432006631512387,"83":0.3505165188201972,"84":0.0,"85":0.17820102539125499,"86":0.6473997538732797,"87":0.2871828395138991,"88":0.09393682172169257,"89":0.5168356109472754,"90":0.3011046935685064,"91":0.2770188858034054,"92":0.17820102539125499,"93":0.17463049547508938,"94":0.165775821019362,"95":0.018154081826397855,"96":0.5203337405046335,"97":0.19105162007099535,"98":0.05665427967951458,"99":0.28335892228956594,"100":0.4434689904980518,"101":0.2542791703214958},"ranked":{"84":0.0,"95":0.009900990099009901,"74":0.019801980198019802,"11":0.0297029702970297,"37":0.039603960396039604,"27":0.04950495049504951,"62":0.0594059405940594,"15":0.06930693069306931,"71":0.07920792079207921,"98":0.0891089108910891,"54":0.09900990099009901,"17":0.10891089108910891,"81":0.1188118811881188,"75":0.12871287128712872,"88":0.13861386138613863,"67":0.1485148514851485,"80":0.15841584158415842,"57":0.16831683168316833,"4":0.1782178217821782,"33":0.18811881188118812,"25":0.19801980198019803,"24":0.2079207920792079,"21":0.21782178217821782,"48":0.22772277227722773,"51":0.2376237623762376,"34":0.24752475247524752,"77":0.25742574257425743,"76":0.26732673267326734,"28":0.27722772277227725,"9":0.2871287128712871,"12":0.297029702970297,"32":0.3069306930693069,"40":0.31683168316831684,"94":0.32673267326732675,"93":0.33663366336633666,"42":0.3465346534653465,"61":0.3564356435643564,"65":0.36633663366336633,"85":0.37623762376237624,"92":0.38613861386138615,"97":0.39603960396039606,"58":0.40594059405940597,"53":0.4158415841584158,"44":0.42574257425742573,"45":0.43564356435643564,"63":0.44554455445544555,"39":0.45544554455445546,"19":0.46534653465346537,"20":0.4752475247524752,"60":0.48514851485148514,"23":0.49504950495049505,"69":0.504950495049505,"101":0.5148514851485149,"47":0.5247524752475248,"22":0.5346534653465347,"91":0.5445544554455446,"99":0.5544554455445545,"87":0.5643564356435643,"36":0.5742574257425742,"1":0.5841584158415841,"90":0.594059405940594,"31":0.6039603960396039,"10":0.6138613861386139,"78":0.6237623762376238,"13":0.6336633663366337,"29":0.6435643564356436,"2":0.6534653465346535,"30":0.6633663366336634,"8":0.6732673267326733,"73":0.6831683168316832,"82":0.693069306930693,"7":0.7029702970297029,"83":0.7128712871287128,"41":0.7227722772277227,"49":0.7326732673267327,"35":0.7425742574257426,"43":0.7524752475247525,"59":0.7623762376237624,"3":0.7722772277227723,"0":0.7821782178217822,"100":0.7920792079207921,"55":0.801980198019802,"64":0.8118811881188119,"14":0.8217821782178217,"26":0.8316831683168316,"89":0.8415841584158416,"96":0.8514851485148515,"5":0.8613861386138614,"46":0.8712871287128713,"56":0.8811881188118812,"52":0.8910891089108911,"38":0.900990099009901,"70":0.9108910891089109,"86":0.9207920792079208,"66":0.9306930693069307,"79":0.9405940594059405,"68":0.9504950495049505,"50":0.9603960396039604,"16":0.9702970297029703,"72":0.9801980198019802,"18":0.9900990099009901,"6":1.0}}