{"name":"density","eps":0.5,"weight":"value","num_of_nodes":165,"num_of_edges":530,"process_time":0.06716704368591309,"data":{"0":0.4039465462298442,"1":0.40197339405349947,"2":0.40000026427295504,"3":0.40000006270883465,"4":0.3995068026597176,"5":0.001973219364453139,"6":0.40000010750084486,"7":0.0024666809777277882,"8":0.20197336269910074,"9":0.002960053006814512,"10":0.0019733537405396046,"11":0.2014801250461191,"12":0.000493349633174677,"13":0.006906446943747804,"14":0.6004932645283346,"15":0.40246676608251175,"16":0.0019733537405396046,"17":0.2004934257797325,"18":0.40000012989696165,"19":0.0029600754029498987,"20":0.2019733403030398,"21":0.20049329140347855,"22":0.8000000806256091,"23":0.005426532420645248,"24":0.39950689224401725,"25":0.7985202780824061,"26":0.001973353740614051,"27":0.1995068160972919,"28":0.003453469827985892,"29":0.002466725769831057,"30":0.2009866410367649,"31":0.200986797808782,"32":0.20148001306590743,"33":0.0014800712953988542,"34":0.40000008510493285,"35":0.0029600754029498987,"36":0.001973376136637768,"37":0.9970401485573068,"38":0.7985201884984033,"39":0.20000000895841222,"40":0.2004934257797325,"41":0.2029599499853315,"42":0.20147992348181257,"43":0.0014799145232700607,"44":0.19950670411732221,"45":0.6000001164591885,"46":0.00295996342288715,"47":0.20049349296761754,"48":0.5995068564103183,"49":0.401480134004308,"50":0.0024666809777277882,"51":0.2004934705715752,"52":0.7975333996479539,"53":0.000493349633174677,"54":0.39901336344250393,"55":0.0004935959893238906,"56":0.0024665689976092046,"57":0.9960535836670822,"58":0.1995067713053189,"59":0.6004933989045187,"60":0.0024666585818901884,"61":0.0,"62":0.20148003546193116,"63":0.20197345228306532,"64":0.39999999552081933,"65":0.401480066816274,"66":0.19950674890925799,"67":0.5995069459943401,"68":0.00246663618573619,"69":0.0014800041074021508,"70":0.20394660445965204,"71":0.4019735060336739,"72":0.0044401243025111534,"73":0.20246675712406229,"74":0.5999999372912777,"75":0.0004935959893238906,"76":0.003453223471929737,"77":0.40147997723214196,"78":0.398520125789392,"79":0.39901347542256665,"80":0.5999999372912777,"81":0.2034532324304164,"82":0.20197336269898905,"83":0.0014800265035003143,"84":0.39950678026363806,"85":0.203453299618562,"86":0.3990134978186276,"87":0.0034531562839516454,"88":0.20295999477726726,"89":0.40295993654762696,"90":0.0034532906599636635,"91":0.20197331790686718,"92":0.40197323728135204,"93":0.0004935959893238906,"94":0.0009866992662376838,"95":0.5995068340141047,"96":0.004933227579499393,"97":0.20394658206336774,"98":0.20197340749092482,"99":0.19950677130526306,"100":0.6004934436965863,"101":0.4014800220243755,"102":0.003946505917014652,"103":0.20296006196524535,"104":0.003946662688975941,"105":0.4004934123422141,"106":0.9970403277254639,"107":0.6014803445268736,"108":0.20296006196545008,"109":0.0009866992662935189,"110":0.8000000806257038,"111":0.4004934571342429,"112":0.4004935243220535,"113":0.0034533802439840836,"114":0.2000001433346848,"115":0.20049342577963944,"116":0.40098685155942776,"117":0.6009867709335486,"118":0.20197329551099236,"119":0.2009868202047499,"120":0.0019734433246344713,"121":0.20591964465591545,"122":0.4024665869146012,"123":0.7995067757844251,"124":0.4014800220242266,"125":1.0,"126":0.6000001836473753,"127":0.0024667705618040435,"128":0.003453335452029709,"129":0.4009867619749979,"130":0.0019733761366563796,"131":0.7995067085964278,"132":0.2000001433346848,"133":0.202466779520086,"134":0.20246666754020937,"135":0.002467039314125867,"136":0.7980268612614222,"137":0.20148032661022086,"138":0.001973353740614051,"139":0.00197342092866659,"140":0.7975335116280567,"141":0.40000017468887883,"142":0.20098682020501044,"143":0.4004933899459484,"144":0.2019734074910737,"145":0.0024666137896380263,"146":0.4024666541024304,"147":0.7990134261514764,"148":0.00394657310495552,"149":0.2019733403032073,"150":0.8000000582297363,"151":0.20148010264992786,"152":0.202466779520086,"153":0.7999999910417579,"154":0.20098682020501044,"155":0.003946550709099309,"156":0.201480102649872,"157":0.5990134395890314,"158":0.2034533444103861,"159":0.0024666137896380263,"160":0.6004934660926297,"161":0.9975334981905017,"162":0.6009866813495647,"163":0.4004935243220535,"164":0.007893325378621903},"ranked":{"61":0.0,"12":0.006097560975609756,"53":0.012195121951219513,"55":0.018292682926829267,"75":0.024390243902439025,"93":0.03048780487804878,"94":0.036585365853658534,"109":0.042682926829268296,"43":0.04878048780487805,"69":0.054878048780487805,"83":0.06097560975609756,"33":0.06707317073170732,"5":0.07317073170731707,"10":0.07926829268292683,"16":0.08536585365853659,"26":0.09146341463414634,"138":0.0975609756097561,"36":0.10365853658536585,"130":0.10975609756097561,"139":0.11585365853658537,"120":0.12195121951219512,"56":0.12804878048780488,"145":0.13414634146341464,"159":0.1402439024390244,"68":0.14634146341463414,"60":0.1524390243902439,"7":0.15853658536585366,"50":0.16463414634146342,"29":0.17073170731707318,"127":0.17682926829268292,"135":0.18292682926829268,"46":0.18902439024390244,"9":0.1951219512195122,"19":0.20121951219512196,"35":0.2073170731707317,"87":0.21341463414634146,"76":0.21951219512195122,"90":0.22560975609756098,"128":0.23170731707317074,"113":0.23780487804878048,"28":0.24390243902439024,"102":0.25,"155":0.25609756097560976,"148":0.2621951219512195,"104":0.2682926829268293,"72":0.27439024390243905,"96":0.2804878048780488,"23":0.2865853658536585,"13":0.2926829268292683,"164":0.29878048780487804,"44":0.3048780487804878,"66":0.31097560975609756,"99":0.3170731707317073,"58":0.3231707317073171,"27":0.32926829268292684,"39":0.3353658536585366,"114":0.34146341463414637,"132":0.3475609756097561,"21":0.35365853658536583,"115":0.3597560975609756,"17":0.36585365853658536,"40":0.3719512195121951,"51":0.3780487804878049,"47":0.38414634146341464,"30":0.3902439024390244,"31":0.39634146341463417,"119":0.4024390243902439,"142":0.40853658536585363,"154":0.4146341463414634,"42":0.42073170731707316,"32":0.4268292682926829,"62":0.4329268292682927,"156":0.43902439024390244,"151":0.4451219512195122,"11":0.45121951219512196,"137":0.4573170731707317,"118":0.4634146341463415,"91":0.4695121951219512,"20":0.47560975609756095,"149":0.4817073170731707,"82":0.4878048780487805,"8":0.49390243902439024,"98":0.5,"144":0.5060975609756098,"63":0.5121951219512195,"134":0.5182926829268293,"73":0.524390243902439,"133":0.5304878048780488,"152":0.5365853658536586,"41":0.5426829268292683,"88":0.5487804878048781,"103":0.5548780487804879,"108":0.5609756097560976,"81":0.5670731707317073,"85":0.573170731707317,"158":0.5792682926829268,"97":0.5853658536585366,"70":0.5914634146341463,"121":0.5975609756097561,"78":0.6036585365853658,"54":0.6097560975609756,"79":0.6158536585365854,"86":0.6219512195121951,"84":0.6280487804878049,"4":0.6341463414634146,"24":0.6402439024390244,"64":0.6463414634146342,"3":0.6524390243902439,"34":0.6585365853658537,"6":0.6646341463414634,"18":0.6707317073170732,"141":0.676829268292683,"2":0.6829268292682927,"143":0.6890243902439024,"105":0.6951219512195121,"111":0.7012195121951219,"112":0.7073170731707317,"163":0.7134146341463414,"129":0.7195121951219512,"116":0.725609756097561,"77":0.7317073170731707,"124":0.7378048780487805,"101":0.7439024390243902,"65":0.75,"49":0.7560975609756098,"92":0.7621951219512195,"1":0.7682926829268293,"71":0.774390243902439,"122":0.7804878048780488,"146":0.7865853658536586,"15":0.7926829268292683,"89":0.7987804878048781,"0":0.8048780487804879,"157":0.8109756097560976,"95":0.8170731707317073,"48":0.823170731707317,"67":0.8292682926829268,"74":0.8353658536585366,"80":0.8414634146341463,"45":0.8475609756097561,"126":0.8536585365853658,"14":0.8597560975609756,"59":0.8658536585365854,"100":0.8719512195121951,"160":0.8780487804878049,"162":0.8841463414634146,"117":0.8902439024390244,"107":0.8963414634146342,"52":0.9024390243902439,"140":0.9085365853658537,"136":0.9146341463414634,"38":0.9207317073170732,"25":0.926829268292683,