{"name":"pagerank","alpha":0.85,"weight":"value","num_of_nodes":51,"num_of_edges":151,"process_time":0.027500152587890625,"data":{"0":0.0,"1":0.2563767384063349,"2":0.4814438025574683,"3":0.2754513227496269,"4":0.011085929352936763,"5":0.04147767805768226,"6":0.013125487317959534,"7":0.7187258938024761,"8":0.24312038316909115,"9":0.2643913260165148,"10":0.04147767805768226,"11":0.4774246973425883,"12":0.011085929352936763,"13":1.0,"14":0.2834098282980771,"15":0.5199245980239844,"16":0.04147767805768196,"17":0.05962830929979867,"18":0.06231325806451631,"19":0.07733235631814213,"20":0.06612516770668322,"21":0.5729865897513985,"22":0.3209595001004305,"23":0.06612516770668322,"24":0.5602895048762119,"25":0.8028081069275207,"26":0.4814438025574683,"27":0.07629761561981645,"28":0.5702586959587316,"29":0.06943850641631409,"30":0.0789495239841214,"31":0.5713001619712493,"32":0.07733235631814213,"33":0.5651955574670972,"34":0.5541433488566578,"35":0.062152224324765616,"36":0.08457247352386399,"37":0.06498298773161429,"38":0.07959746507619837,"39":0.29872253190694487,"40":0.3073354640406657,"41":0.04998510958871086,"42":0.5541433488566578,"43":0.3315410541618501,"44":0.06070622996790691,"45":0.3103044868119865,"46":0.5386954041510419,"47":0.8135353067635412,"48":0.04998510958871056,"49":0.046694615749861536,"50":0.0794670553577587},"ranked":{"0":0.0,"4":0.02,"12":0.04,"6":0.06,"16":0.08,"5":0.1,"10":0.12,"49":0.14,"48":0.16,"41":0.18,"17":0.2,"44":0.22,"35":0.24,"18":0.26,"37":0.28,"20":0.3,"23":0.32,"29":0.34,"27":0.36,"19":0.38,"32":0.4,"30":0.42,"50":0.44,"38":0.46,"36":0.48,"8":0.5,"1":0.52,"9":0.54,"3":0.56,"14":0.58,"39":0.6,"40":0.62,"45":0.64,"22":0.66,"43":0.68,"11":0.7,"2":0.72,"26":0.74,"15":0.76,"46":0.78,"34":0.8,"42":0.82,"24":0.84,"33":0.86,"28":0.88,"31":0.9,"21":0.92,"7":0.94,"25":0.96,"47":0.98,"13":1.0}}