{"name":"density","eps":0.5,"weight":"value","num_of_nodes":180,"num_of_edges":346,"process_time":0.021541833877563477,"data":{"0":0.00369998200428087,"1":0.2481500719866426,"2":0.498766891959611,"3":0.25123325501432464,"4":0.7469167959760414,"5":0.25000004899123435,"6":0.2481500719866426,"7":0.0,"8":8.398505955998634e-08,"9":0.002466691996340381,"10":0.0006167429865668733,"11":0.7469167959760414,"12":8.398505955998634e-08,"13":0.2537000309955617,"14":0.25000004899123435,"15":0.25061665200275623,"16":0.2500000209962765,"17":0.004933244017379868,"18":0.2506166799979467,"19":0.251233478974499,"20":0.25000013297634044,"21":0.0018501729698315206,"22":0.251233478974499,"23":0.5012333879907349,"24":0.0012334019882137746,"25":0.25246671299250056,"26":0.0012333180031076853,"27":0.7500000909838804,"28":0.003083267012811399,"29":0.0,"30":0.005549875023906103,"31":0.0018499770046382633,"32":0.0006167429865668733,"33":0.4993834949711096,"34":0.0024666919962473225,"35":0.2518499980009613,"36":0.498766891959611,"37":0.0012333180031076853,"38":8.398508282462412e-08,"39":0.5012334439806737,"40":0.2506167079928812,"41":0.2518500539909235,"42":0.0024668319713155693,"43":0.002466691996317116,"44":0.5006168409691751,"45":0.25123325501432464,"46":0.9963001299758528,"47":0.001850004999689136,"48":8.398508282462412e-08,"49":0.49999993001244264,"50":8.398505955998634e-08,"51":0.0018500889847254314,"52":0.2500001049814059,"53":0.0012334019882137746,"54":0.0018500889847719608,"55":0.002466691996317116,"56":0.00308340698794944,"57":0.2481500719866426,"58":0.49938332700096727,"59":0.2512332830093988,"60":0.5000000419926228,"61":0.0024666360062153706,"62":0.0018500329946469505,"63":0.2512333110044031,"64":0.25061670799281144,"65":0.49815012097801653,"66":0.2506168199729917,"67":0.002466636006238635,"68":0.2524666010124134,"69":0.0018500329946469505,"70":0.002466775981260353,"71":0.25184999800093805,"72":0.0012334019880974514,"73":0.0012333459981818228,"74":0.0036998980191980456,"75":0.2506166799978769,"76":0.0018501169797065103,"77":0.25000007698633175,"78":0.2512333949894627,"79":0.0018500049997124007,"80":0.7493833200021697,"81":0.4987668919594947,"82":0.0036998980193143688,"83":0.001850116979799569,"84":0.0024666360062153706,"85":0.0024666360061688414,"86":0.001233318003177479,"87":0.500616672999056,"88":0.251233338999454,"89":0.9963002139608426,"90":0.2518500259959424,"91":0.25184997000588716,"92":0.002466636006238635,"93":0.2530833160039294,"94":0.5000000979825384,"95":0.2506167359878158,"96":0.7487666610006624,"97":0.25000010498135933,"98":0.2512333669944118,"99":0.9975333919888122,"100":0.49938346697608205,"101":0.0012333739931629016,"102":0.0030832950077459486,"103":0.003083267012741605,"104":0.4981501769680485,"105":0.0018500889847254314,"106":0.4981501769680485,"107":0.0012333739932326956,"108":0.4987668079744584,"109":0.0018500329947167442,"110":0.0036999820042576057,"111":0.0018500329947632736,"112":0.25000007698633175,"113":0.0012334019880974514,"114":0.0012334019880974514,"115":0.2518500259960122,"116":0.49938338299104573,"117":0.250616791977871,"118":0.002466636006238635,"119":0.0012334579783620494,"120":0.0018501169797530397,"121":0.25185013797614586,"122":0.003699982004350664,"123":0.002466775981306882,"124":0.0024668039763344903,"125":0.002466691996317116,"126":0.003083295007839007,"127":0.0018502009649056582,"128":0.2506169039580047,"129":0.001850032994740009,"130":0.0030834069878563812,"131":0.0012334299833111767,"132":0.24999999300124892,"133":0.0012334579782922557,"134":0.5018499910022568,"135":0.25185019396608477,"136":0.25308326001401377,"137":0.003700065989410224,"138":0.2512334229846066,"139":0.0018500049996658715,"140":0.7500000629888063,"141":0.5006167849791199,"142":0.2500001609714146,"143":1.0,"144":0.002466775981306882,"145":0.7506167499853179,"146":0.003083462977888333,"147":0.0018500049996658715,"148":0.25061676398286664,"149":0.25308334399900356,"150":0.2536999750055996,"151":0.5012334719756548,"152":0.2493835019699538,"153":0.0006167989767384129,"154":0.0006167149915625298,"155":0.0012333180031076853,"156":0.4993835509611183,"157":0.25185008198604414,"158":0.00308340698794944,"159":0.5024665940137787,"160":0.2518499700060035,"161":0.4993835229660675,"162":0.0006167149915625298,"163":0.498766695994441,"164":0.25184997000598025,"165":0.2506169039579349,"166":0.0006167989767384129,"167":0.002466719991298195,"168":0.2530833439989803,"169":0.003083323002866615,"170":0.2524667689825791,"171":0.498766695994441,"172":0.5000001819675748,"173":0.25369997500552977,"174":0.25061681997301494,"175":0.25000018896639564,"176":0.49938335499599484,"177":0.003700037994289557,"178":0.2512335349644844,"179":0.001850144974827177},"ranked":{"7":0.0,"29":0.00558659217877095,"8":0.0111731843575419,"12":0.01675977653631285,"50":0.0223463687150838,"38":0.027932960893854747,"48":0.0335195530726257,"154":0.03910614525139665,"162":0.0446927374301676,"10":0.05027932960893855,"32":0.055865921787709494,"153":0.061452513966480445,"166":0.0670391061452514,"26":0.07262569832402235,"37":0.0782122905027933,"155":0.08379888268156424,"86":0.0893854748603352,"73":0.09497206703910614,"101":0.1005586592178771,"107":0.10614525139664804,"72":0.11173184357541899,"113":0.11731843575418995,"114":0.12290502793296089,"24":0.12849162011173185,"53":0.1340782122905028,"131":0.13966480446927373,"133":0.1452513966480447,"119":0.15083798882681565,"31":0.1564245810055866,"139":0.16201117318435754,"147":0.16759776536312848,"47":0.17318435754189945,"79":0.1787709497206704,"62":0.18435754189944134,"69":0.18994413407821228,"109":0.19553072625698323,"129":0.2011173184357542,"111":0.20670391061452514,"51":0.2122905027932961,"105":0.21787709497206703,"54":0.22346368715083798,"76":0.22905027932960895,"120":0.2346368715083799,"83":0.24022346368715083,"179":0.24581005586592178,"21":0.25139664804469275,"127":0.2569832402234637,"85":0.26256983240223464,"61":0.2681564245810056,"84":0.2737430167597765,"67":0.27932960893854747,"92":0.2849162011173184,"118":0.2905027932960894,"34":0.29608938547486036,"43":0.3016759776536313,"55":0.30726256983240224,"125":0.3128491620111732,"9":0.31843575418994413,"167":0.3240223463687151,"70":0.329608938547486,"123":0.33519553072625696,"144":0.3407821229050279,"124":0.3463687150837989,"42":0.35195530726256985,"103":0.3575418994413408,"28":0.36312849162011174,"102":0.3687150837988827,"126":0.3743016759776536,"169":0.37988826815642457,"130":0.3854748603351955,"56":0.39106145251396646,"158":0.39664804469273746,"146":0.4022346368715084,"74":0.40782122905027934,"82":0.4134078212290503,"110":0.41899441340782123,"0":0.4245810055865922,"122":0.4301675977653631,"177":0.43575418994413406,"137":0.441340782122905,"17":0.44692737430167595,"30":0.45251396648044695,"1":0.4581005586592179,"6":0.46368715083798884,"57":0.4692737430167598,"152":0.4748603351955307,"132":0.48044692737430167,"16":0.4860335195530726,"5":0.49162011173184356,"14":0.4972067039106145,"77":0.5027932960893855,"112":0.5083798882681564,"97":0.5139664804469274,"52":0.5195530726256983,"20":0.5251396648044693,"142":0.5307262569832403,"175":0.5363128491620112,"15":0.5418994413407822,"75":0.547486033519553,"18":0.553072625698324,"64":0.5586592178770949,"40":0.5642458100558659,"95":0.5698324022346368,"148":0.5754189944134078,"117":0.5810055865921788,"66":0.5865921787709497,"174":0.5921787709497207,"165":0.5977653631284916,"128":0.6033519553072626,"3":0.6089385474860335,"45":0.6145251396648045,"59":0.6201117318435754,"63":0.6256983240223464,"88":0.6312849162011173,"98":0.6368715083798883,"78":0.6424581005586593,"138":0.6480446927374302,"19":0.6536312849162011,"22":0.659217877094972,"178":0.664804469273743,"91":0.6703910614525139,"164":0.6759776536312849,"160":0.6815642458100558,"71":0.6871508379888268,"35":0.6927374301675978,"90":0.6983240223463687,"115":0.7039106145251397,"41":0.7094972067039106,"157":0.7150837988826816,"121":0.7206703910614525,"135":0.7262569832402235,"68":0.7318435754189944,"25":0.7374301675977654,