{"name":"density","eps":0.5,"weight":"value","num_of_nodes":126,"num_of_edges":239,"process_time":0.015106916427612305,"data":{"0":0.002475908456353573,"1":0.25092850079505036,"2":0.003094885570617099,"3":0.0012379542282935417,"4":0.24969057466574623,"5":0.0012380104264125085,"6":0.25402318967260135,"7":0.5006190754607032,"8":0.0024758522585848716,"9":0.004332558808946285,"10":0.25464225108352956,"11":0.2509285007948869,"12":2.8099012781314172e-08,"13":0.24969057466574623,"14":0.0012380104264125085,"15":0.002475796060559309,"16":0.0018568751443213457,"17":0.25278515114740957,"18":0.0012379542281767866,"19":0.24969057466574623,"20":0.0018569594414063917,"21":0.2509284726958741,"22":0.2515474498100676,"23":0.2521663988252483,"24":0.2527852354444012,"25":0.0012379542281767866,"26":0.25216637072630554,"27":0.2540232177716608,"28":0.25154747790903365,"29":0.2521664831221465,"30":0.002475908456353573,"31":0.002475880357410845,"32":0.501237968277905,"33":0.0012380666241578588,"34":0.0012379542283869457,"35":0.7509283462505151,"36":0.5018568891938862,"37":0.7515472671667297,"38":0.2515473374140865,"39":0.2515474779089636,"40":0.0012379542282935417,"41":0.0012379542281767866,"42":0.5012379401788222,"43":0.0012378699312785488,"44":0.0030947450756699476,"45":0.2515473655131927,"46":0.0012381228220199642,"47":0.25154733741410984,"48":0.0024758241595253883,"49":0.499999985950552,"50":0.002475908456423626,"51":0.0018568189464592403,"52":0.003713637892871779,"53":0.004332643105844522,"54":0.25154739361204204,"55":0.0024758241595487394,"56":0.25154733741410984,"57":0.2521664269240509,"58":0.5018568610949434,"59":0.0024758241595487394,"60":0.499999985950552,"61":0.7509284867454622,"62":0.0024758241595253883,"63":0.002475880357410845,"64":0.2503094955819141,"65":0.5043325166604622,"66":0.0012378699312785488,"67":0.0012379542282468397,"68":0.5024757820110646,"69":0.0018569313423936105,"70":0.25092850079495693,"71":0.0024757960605126072,"72":0.5006189349656627,"73":0.003713665991814507,"74":0.0012379542282935417,"75":0.251547365513146,"76":0.00185690324340418,"77":0.0012379542282234886,"78":0.251547365513146,"79":0.2509284726959675,"80":0.7521662723797958,"81":0.2521663426272461,"82":0.2509284726959909,"83":0.002475824159502037,"84":0.0024757960605126072,"85":1.0,"86":0.2515473374141332,"87":0.2515473936121588,"88":0.500618934965686,"89":0.5006190754605164,"90":0.25216631452816324,"91":0.0,"92":0.0,"93":0.0006189490151573406,"94":0.2515473936121588,"95":0.2503095236807635,"96":0.0024757398625804487,"97":0.0006189490151573406,"98":0.24907159755155275,"99":0.0024758241594786865,"100":0.2503095236807635,"101":0.5018567767979751,"102":0.4993810931334202,"103":0.25402302107868807,"104":0.000619005213089499,"105":0.25154733741410984,"106":0.500618934965686,"107":0.0018568470453786175,"108":0.24907159755155275,"109":0.2515473374141332,"110":0.25154733741410984,"111":0.0030947731745192717,"112":0.49938109313337353,"113":0.25154739361206535,"114":0.24907159755155275,"115":0.5012378277828411,"116":0.2496905465667101,"117":0.2515473093151204,"118":0.0024757398625570976,"119":0.25030949558186744,"120":0.0024757398625570976,"121":0.0006189490151573406,"122":0.0012379542283168926,"123":0.25030949558182075,"124":0.2496905465667101,"125":0.25154739361204204},"ranked":{"91":0.0,"92":0.008,"12":0.016,"93":0.024,"97":0.032,"121":0.04,"104":0.048,"43":0.056,"66":0.064,"18":0.072,"25":0.08,"41":0.088,"77":0.096,"67":0.104,"3":0.112,"40":0.12,"74":0.128,"122":0.136,"34":0.144,"5":0.152,"14":0.16,"33":0.168,"46":0.176,"51":0.184,"107":0.192,"16":0.2,"76":0.208,"69":0.216,"20":0.224,"118":0.232,"120":0.24,"96":0.248,"71":0.256,"84":0.264,"15":0.272,"99":0.28,"83":0.288,"48":0.296,"62":0.304,"55":0.312,"59":0.32,"8":0.328,"31":0.336,"63":0.344,"0":0.352,"30":0.36,"50":0.368,"44":0.376,"111":0.384,"2":0.392,"52":0.4,"73":0.408,"9":0.416,"53":0.424,"98":0.432,"108":0.44,"114":0.448,"116":0.456,"124":0.464,"4":0.472,"13":0.48,"19":0.488,"123":0.496,"119":0.504,"64":0.512,"95":0.52,"100":0.528,"21":0.536,"79":0.544,"82":0.552,"11":0.56,"70":0.568,"1":0.576,"117":0.584,"38":0.592,"47":0.6,"56":0.608,"105":0.616,"110":0.624,"86":0.632,"109":0.64,"75":0.648,"78":0.656,"45":0.664,"54":0.672,"125":0.68,"113":0.688,"87":0.696,"94":0.704,"22":0.712,"39":0.72,"28":0.728,"90":0.736,"81":0.744,"26":0.752,"23":0.76,"57":0.768,"29":0.776,"17":0.784,"24":0.792,"103":0.8,"6":0.808,"27":0.816,"10":0.824,"112":0.832,"102":0.84,"49":0.848,"60":0.856,"72":0.864,"88":0.872,"106":0.88,"89":0.888,"7":0.896,"115":0.904,"42":0.912,"32":0.92,"101":0.928,"58":0.936,"36":0.944,"68":0.952,"65":0.96,"35":0.968,"61":0.976,"37":0.984,"80":0.992,"85":1.0}}