{"name":"fiedler","normalized":false,"weight":"value","num_of_nodes":123,"num_of_edges":384,"process_time":0.043142080307006836,"data":{"0":0.09954586220635463,"1":0.05017483003433756,"2":0.061060546856670166,"3":0.018275343458049757,"4":0.06536367350180573,"5":0.17662487787840342,"6":0.023932202073702943,"7":0.022691076612996457,"8":0.22193744565711404,"9":0.023046637331426187,"10":0.018032003628634965,"11":0.05304524311606449,"12":0.20326655063548463,"13":0.07345646934757975,"14":0.019660215015219192,"15":0.09954586220635425,"16":0.060873088245262844,"17":0.15306526430390244,"18":0.06721204055797854,"19":0.018275343458049882,"20":0.25672944123507313,"21":0.18595167943289892,"22":0.0326694793071704,"23":0.018032003628634965,"24":0.07345646934757982,"25":0.01829726158985318,"26":0.16716663848903154,"27":0.10145807000283712,"28":0.027683692877149994,"29":0.07387222295645192,"30":0.16253720640841332,"31":0.1917938892628516,"32":0.21863996808141695,"33":0.038902467922256496,"34":0.023932202073702884,"35":0.05447203642048469,"36":0.06593577001373792,"37":0.16716663848903154,"38":0.19891375559746569,"39":0.24275999331996118,"40":0.019709135877668454,"41":0.9012421353179098,"42":0.9946981050236016,"43":1.0,"44":0.8680052999637792,"45":0.9993908298727952,"46":0.8976018551981354,"47":0.989062679756741,"48":0.9231900622792569,"49":0.8892916463835308,"50":0.9411781432571621,"51":0.9395130794979121,"52":0.8770020846271779,"53":0.9203412980213441,"54":0.8246956506991047,"55":0.991053919549244,"56":0.9496689149872823,"57":0.9999999999999998,"58":0.8357958719714129,"59":0.9710679423109169,"60":0.9955741722976024,"61":0.699259958900722,"62":1.0,"63":0.9727700355151039,"64":0.8617720430059306,"65":0.9513665869955152,"66":0.9232059644060387,"67":0.891408705293948,"68":0.9612852376239353,"69":0.8626229631834887,"70":0.9881551510889167,"71":0.983496329863652,"72":0.8182501157949247,"73":0.8689720973646302,"74":0.9122308645477306,"75":0.9241608501952177,"76":0.9875486951141147,"77":0.8718841317108779,"78":0.9117835661813996,"79":0.9369761305496355,"80":0.8926883073576012,"81":0.9826131571536011,"82":0.8783397982786323,"83":0.036211520540705665,"84":0.5444154939016232,"85":0.013343127710271942,"86":0.019784844956290397,"87":0.003829300958879929,"88":0.5452392620269759,"89":0.4577426966198574,"90":0.0,"91":0.5344445315242285,"92":0.022428206360027604,"93":0.5455002858402396,"94":0.5461032176754977,"95":0.5548278597026854,"96":0.5456816221063742,"97":0.5463906133848017,"98":0.032045693557628735,"99":0.029316193166594843,"100":0.919850294909185,"101":0.017766519637272625,"102":0.017267054335096736,"103":0.012266315922182327,"104":0.012379728770544099,"105":0.05306114775128753,"106":0.5443365611191386,"107":0.545575820232091,"108":0.000257599815467169,"109":0.02820820681339616,"110":0.011855744969303866,"111":0.01330743093598606,"112":0.00415849169548892,"113":0.5455002858402396,"114":0.029929144903561283,"115":0.001983125298118393,"116":0.5487177123409186,"117":0.5487177123409186,"118":0.0021278075554256627,"119":0.01305818850412117,"120":0.0007462978749699875,"121":0.012266315922182264,"122":0.0003047468865530648},"ranked":{"90":0.0,"108":0.00819672131147541,"122":0.01639344262295082,"120":0.02459016393442623,"115":0.03278688524590164,"118":0.040983606557377046,"87":0.04918032786885246,"112":0.05737704918032787,"110":0.06557377049180328,"121":0.07377049180327869,"103":0.08196721311475409,"104":0.09016393442622951,"119":0.09836065573770492,"111":0.10655737704918032,"85":0.11475409836065574,"102":0.12295081967213115,"101":0.13114754098360656,"10":0.13934426229508196,"23":0.14754098360655737,"3":0.1557377049180328,"19":0.16393442622950818,"25":0.1721311475409836,"14":0.18032786885245902,"40":0.1885245901639344,"86":0.19672131147540983,"92":0.20491803278688525,"7":0.21311475409836064,"9":0.22131147540983606,"34":0.22950819672131148,"6":0.23770491803278687,"28":0.2459016393442623,"109":0.2540983606557377,"99":0.26229508196721313,"114":0.27049180327868855,"98":0.2786885245901639,"22":0.28688524590163933,"83":0.29508196721311475,"33":0.30327868852459017,"1":0.3114754098360656,"11":0.319672131147541,"105":0.32786885245901637,"35":0.3360655737704918,"16":0.3442622950819672,"2":0.3524590163934426,"4":0.36065573770491804,"36":0.36885245901639346,"18":0.3770491803278688,"13":0.38524590163934425,"24":0.39344262295081966,"29":0.4016393442622951,"15":0.4098360655737705,"0":0.4180327868852459,"27":0.4262295081967213,"17":0.4344262295081967,"30":0.4426229508196721,"26":0.45081967213114754,"37":0.45901639344262296,"5":0.4672131147540984,"21":0.47540983606557374,"31":0.48360655737704916,"38":0.4918032786885246,"12":0.5,"32":0.5081967213114754,"8":0.5163934426229508,"39":0.5245901639344263,"20":0.5327868852459017,"89":0.5409836065573771,"91":0.5491803278688525,"106":0.5573770491803278,"84":0.5655737704918032,"88":0.5737704918032787,"93":0.5819672131147541,"113":0.5901639344262295,"107":0.5983606557377049,"96":0.6065573770491803,"94":0.6147540983606558,"97":0.6229508196721312,"117":0.6311475409836066,"116":0.639344262295082,"95":0.6475409836065574,"61":0.6557377049180327,"72":0.6639344262295082,"54":0.6721311475409836,"58":0.680327868852459,"64":0.6885245901639344,"69":0.6967213114754098,"44":0.7049180327868853,"73":0.7131147540983607,"77":0.7213114754098361,"52":0.7295081967213115,"82":0.7377049180327869,"49":0.7459016393442623,"67":0.7540983606557377,"80":0.7622950819672131,"46":0.7704918032786885,"41":0.7786885245901639,"78":0.7868852459016393,"74":0.7950819672131147,"100":0.8032786885245902,"53":0.8114754098360656,"48":0.819672131147541,"66":0.8278688524590164,"75":0.8360655737704918,"79":0.8442622950819673,"51":0.8524590163934426,"50":0.860655737704918,"56":0.8688524590163934,"65":0.8770491803278688,"68":0.8852459016393442,"59":0.8934426229508197,"63":0.9016393442622951,"81":0.9098360655737705,"71":0.9180327868852459,"76":0.9262295081967213,"70":0.9344262295081968,"47":0.9426229508196722,"55":0.9508196721311475,"42":0.9590163934426229,"60":0.9672131147540983,"45":0.9754098360655737,"57":0.9836065573770492,"43":0.9918032786885246,"62":1.0}}