{"name":"pagerank","alpha":0.85,"weight":"value","num_of_nodes":72,"num_of_edges":140,"process_time":0.024600744247436523,"data":{"0":0.12611158301245717,"1":0.1196566360580615,"2":0.565318923977343,"3":0.565318923977343,"4":0.10652821443845702,"5":0.047032441954994356,"6":0.1196566360580615,"7":0.047032441954994356,"8":0.047032441954994356,"9":0.42260915640837493,"10":0.40566079696885926,"11":0.565318923977343,"12":0.565318923977343,"13":1.0,"14":0.1391779525877024,"15":0.42260915640837493,"16":0.6952526223936306,"17":0.047032441954994356,"18":0.1196566360580615,"19":0.1196566360580615,"20":0.4318709421993583,"21":0.12552520925267105,"22":0.40566079696885954,"23":0.1391779525877024,"24":0.8933110217238096,"25":0.0946535983045568,"26":0.5236717121066603,"27":0.3702752897667882,"28":0.2804182349928959,"29":0.6250626347153384,"30":0.09015751417181582,"31":0.33867408236891317,"32":0.27206000871594094,"33":0.018444327782131613,"34":0.7843529431340566,"35":0.34393303433422384,"36":0.10358726937586815,"37":0.2787862905219032,"38":0.09015751417181582,"39":0.37993139192676456,"40":0.10358726937586815,"41":0.07481627752666684,"42":0.34393303433422384,"43":0.2769061048028685,"44":0.03539574368614916,"45":0.10358726937586815,"46":0.6630033193071168,"47":0.37993139192676456,"48":0.021305141547584904,"49":0.09102432600500743,"50":0.5058711517030057,"51":0.09140773663875673,"52":0.5112312023124911,"53":0.38307429940586635,"54":0.38149240115846356,"55":0.27878421185402436,"56":0.08021292316047834,"57":0.3848484769185492,"58":0.2780091078411816,"59":0.5112312023124911,"60":0.2529825333499494,"61":0.0,"62":0.565927764341279,"63":0.2596473000276473,"64":0.5068747826335175,"65":0.10548621847773682,"66":0.0,"67":0.5124267862808876,"68":0.5112312023124911,"69":0.08021292316047834,"70":0.25298253334994975,"71":0.6615312791352427},"ranked":{"61":0.0,"66":0.014084507042253521,"33":0.028169014084507043,"48":0.04225352112676056,"44":0.056338028169014086,"5":0.07042253521126761,"7":0.08450704225352113,"8":0.09859154929577464,"17":0.11267605633802817,"41":0.1267605633802817,"56":0.14084507042253522,"69":0.15492957746478872,"30":0.16901408450704225,"38":0.18309859154929578,"49":0.19718309859154928,"51":0.2112676056338028,"25":0.22535211267605634,"36":0.23943661971830985,"40":0.2535211267605634,"45":0.2676056338028169,"65":0.28169014084507044,"4":0.29577464788732394,"1":0.30985915492957744,"6":0.323943661971831,"18":0.3380281690140845,"19":0.352112676056338,"21":0.36619718309859156,"0":0.38028169014084506,"14":0.39436619718309857,"23":0.4084507042253521,"60":0.4225352112676056,"70":0.43661971830985913,"63":0.4507042253521127,"32":0.4647887323943662,"43":0.4788732394366197,"58":0.49295774647887325,"55":0.5070422535211268,"37":0.5211267605633803,"28":0.5352112676056338,"31":0.5492957746478874,"35":0.5633802816901409,"42":0.5774647887323944,"27":0.5915492957746479,"39":0.6056338028169014,"47":0.6197183098591549,"54":0.6338028169014085,"53":0.647887323943662,"57":0.6619718309859155,"10":0.676056338028169,"22":0.6901408450704225,"9":0.704225352112676,"15":0.7183098591549296,"20":0.7323943661971831,"50":0.7464788732394366,"64":0.7605633802816901,"52":0.7746478873239436,"59":0.7887323943661971,"68":0.8028169014084507,"67":0.8169014084507042,"26":0.8309859154929577,"2":0.8450704225352113,"3":0.8591549295774648,"11":0.8732394366197183,"12":0.8873239436619719,"62":0.9014084507042254,"29":0.9154929577464789,"71":0.9295774647887324,"46":0.9436619718309859,"16":0.9577464788732394,"34":0.971830985915493,"24":0.9859154929577465,"13":1.0}}