{"name":"density","eps":0.5,"weight":"value","num_of_nodes":177,"num_of_edges":546,"process_time":0.08719897270202637,"data":{"0":0.6009891525614682,"1":0.20445090588342302,"2":0.4039564081826198,"3":0.0004944348368002852,"4":0.20445092833475104,"5":0.6009890403042238,"6":0.20445088343192705,"7":0.0004944348368002852,"8":0.6004945381132735,"9":0.0024728252747717415,"10":0.001978121021008979,"11":0.19999993713610903,"12":0.202967287053329,"13":0.004450968747202034,"14":0.20445095078613504,"15":0.40049457852579423,"16":0.6019780671377366,"17":0.8009892244058818,"18":0.004451058552700712,"19":0.004450923844620615,"20":0.2019782602197046,"21":0.6009891525614682,"22":0.5985163946407865,"23":0.20296737685895827,"24":0.8014839062080207,"25":0.20247262770237154,"26":0.003461739851196282,"27":0.4014836951647867,"28":0.2014835784174751,"29":0.40346183863745955,"30":0.20296737685869706,"31":0.40296724664080336,"32":0.20197812551138195,"33":0.20346185659867583,"34":0.0034618970109962168,"35":0.001978165923870264,"36":0.0024727579205078,"37":0.0064291122196883,"38":0.20543995516809557,"39":0.0024729150803637083,"40":0.6009890403042238,"41":0.40445097772778005,"42":0.005439883323738521,"43":0.20197817041433652,"44":0.004450946295799378,"45":0.20346187904996654,"46":0.4019781300018109,"47":0.0029672152087107414,"48":0.2049454978799113,"49":0.003956331847908449,"50":0.2014835559661284,"51":0.20247280731364878,"52":0.20148371312592833,"53":0.20296735440746233,"54":0.0034618521082841933,"55":0.6014835873980757,"56":0.20197821531701124,"57":0.2019782377683206,"58":0.0024729150803637083,"59":0.0,"60":0.40445086547076675,"61":0.20000007184445034,"62":0.20494536317153267,"63":0.20445095078604175,"64":0.003461874559574903,"65":0.0019783455349422514,"66":0.40296729154359,"67":0.6019783141030591,"68":0.20593470432447705,"69":0.0024728477260251356,"70":0.6049453721521562,"71":0.20494538562297263,"72":0.2029672870533663,"73":0.003956421653407126,"74":0.2029673095048436,"75":0.40445073076248145,"76":0.004945426035442291,"77":0.8029672331699109,"78":0.20494545297732986,"79":0.6019783365544434,"80":0.2039564036923401,"81":0.20346181169566527,"82":0.4049453901131777,"83":0.4039563408284678,"84":0.6039563453186434,"85":0.0034618072053669347,"86":0.003956489007577779,"87":0.004450878941740672,"88":0.20543986536261555,"89":0.20445099568888436,"90":0.0,"91":0.0024728477260251356,"92":0.003956376750620472,"93":0.2044508160778497,"94":0.2039563587894975,"95":0.003956376750732418,"96":0.602472861196892,"97":0.2044509732374817,"98":0.004451013649970031,"99":0.0019783455349422514,"100":0.8024727758816723,"101":0.0,"102":0.20000007184445034,"103":0.40098912561955186,"104":0.2044508834318711,"105":0.4024727893525258,"106":0.003956399202191048,"107":0.6014838792664137,"108":0.20346187904977994,"109":0.20395640369222817,"110":0.6034617982250383,"111":0.40346181618603827,"112":0.20445083852912174,"113":0.6029673184851116,"114":0.003956489007465833,"115":0.20346185659843327,"116":0.0024728028232944544,"117":0.8019781614336675,"118":0.006428977511328337,"119":0.4029672241893447,"120":0.4014836053592134,"121":0.6034617982248485,"122":0.004450834038972675,"123":0.0004945919966188779,"124":0.6039563453187573,"125":0.004450744233231447,"126":0.20148375802864038,"127":0.20148375802864038,"128":0.8000001751208708,"129":0.0014836412814220393,"130":0.4014836053592134,"131":0.20445072627220176,"132":0.00840721078940657,"133":0.002472668114953149,"134":0.19999993713610903,"135":0.004945515841034258,"136":0.0019782557293129693,"137":0.003956399201855208,"138":0.0004945919966188779,"139":0.40247260974130455,"140":0.4034617712831583,"141":0.00197816592390758,"142":0.6024726366830108,"143":0.20445072627220176,"144":0.20000018410133302,"145":0.004450744233231447,"146":0.003956331847908449,"147":0.004945268875586383,"148":0.8029672107185836,"149":0.0054399282265251755,"150":0.4034618610885637,"151":0.00197816592390758,"152":0.20296724215041173,"153":0.8024727085275384,"154":0.003956511458812516,"155":0.0004945919966188779,"156":0.003461694948502916,"157":0.40296733644630206,"158":0.002472870177465107,"159":0.4034617712831583,"160":0.20098914358061884,"161":1.0,"162":0.0004945695451229332,"163":0.6014839017176841,"164":0.003956399201855208,"165":0.6019782242975787,"166":0.0029673274657986528,"167":0.3995056639492391,"168":0.0029673274657986528,"169":0.20296735440740635,"170":0.0014836637328246953,"171":0.4014836053592134,"172":0.000988981930688482,"173":0.40296733644630206,"174":0.20296728705327302,"175":0.20148373557727503,"176":0.002472825274678453},"ranked":{"59":0.0,"90":0.005681818181818182,"101":0.011363636363636364,"3":0.017045454545454544,"7":0.022727272727272728,"162":0.028409090909090908,"123":0.03409090909090909,"138":0.03977272727272727,"155":0.045454545454545456,"172":0.05113636363636364,"129":0.056818181818181816,"170":0.0625,"10":0.06818181818181818,"35":0.07386363636363637,"141":0.07954545454545454,"151":0.08522727272727272,"136":0.09090909090909091,"65":0.09659090909090909,"99":0.10227272727272728,"133":0.10795454545454546,"36":0.11363636363636363,"116":0.11931818181818182,"176":0.125,"9":0.13068181818181818,"69":0.13636363636363635,"91":0.14204545454545456,"158":0.14772727272727273,"39":0.1534090909090909,"58":0.1590909090909091,"47":0.16477272727272727,"166":0.17045454545454544,"168":0.17613636363636365,"156":0.18181818181818182,"26":0.1875,"85":0.19318181818181818,"54":0.19886363636363635,"64":0.20454545454545456,"34":0.21022727272727273,"49":0.2159090909090909,"146":0.2215909090909091,"92":0.22727272727272727,"95":0.23295454545454544,"137":0.23863636363636365,"164":0.24431818181818182,"106":0.25,"73":0.2556818181818182,"114":0.26136363636363635,"86":0.26704545454545453,"154":0.2727272727272727,"125":0.2784090909090909,"145":0.2840909090909091,"122":0.2897727272727273,"87":0.29545454545454547,"19":0.30113636363636365,"44":0.3068181818181818,"13":0.3125,"98":0.3181818181818182,"18":0.32386363636363635,"147":0.32954545454545453,"76":0.3352272727272727,"135":0.3409090909090909,"42":0.3465909090909091,"149":0.3522727272727273,"118":0.35795454545454547,"37":0.36363636363636365,"132":0.3693181818181818,"11":0.375,"134":0.3806818181818182,"61":0.38636363636363635,"102":0.39204545454545453,"144":0.3977272727272727,"160":0.4034090909090909,"50":0.4090909090909091,"28":0.4147727272727273,"52":0.42045454545454547,"175":0.42613636363636365,"126":0.4318181818181818,"127":0.4375,"32":0.4431818181818182,"43":0.44886363636363635,"56":0.45454545454545453,"57":0.4602272727272727,"20":0.4659090909090909,"25":0.4715909090909091,"51":0.4772727272727273,"152":0.48295454545454547,"174":0.48863636363636365,"12":0.4943181818181818,"72":0.5,"74":0.5056818181818182,"169":0.5113636363636364,"53":0.5170454545454546,"30":0.5227272727272727,"23":0.5284090909090909,"81":0.5340909090909091,"115":0.5397727272727273,"33":0.5454545454545454,"108":0.5511363636363636,"45":0.5568181818181818,"94":0.5625,"109":0.5681818181818182,"80":0.5738636363636364,"131":0.5795454545454546,"143":0.5852272727272727,"93":0.5909090909090909,"112":0.5965909090909091,"104":0.6022727272727273,"6":0.6079545454545454,"1":0.6136363636363636,"4":0.6193181818181818,"63":0.625,"14":0.6306818181818182,"97":0.6363636363636364,"89":0.6420454545454546,"62":0.6477272727272727,"71":0.6534090909090909,"78":0.6590909090909091,"48":0.6647727272727273,"88":0.6704545454545454,"38":0.6761363636363636,"68":0.6818181818181818,"167":0.6875,"15":0.6931818181818182,"103":0.6988636363636364,"120":0.7045454545454546,"130":0.7102272727272727,"171":0.7159090909090909,"27":0.7215909090909091,"46":0.7272727272727273,"139":0.7329545454545454,"105":0.7386363636363636,"119":0.7443181818181818,"31":0.75,"66":0.7556818181818182,"157":0.7613636363636364,"173":0.7670454545454546,"140":0.7727272727272727,"159":0.7784090909090909,"111":0.7840909090909091,"29":0.7897727272727273,"150":0.7954545454545454,"83":0.8011363636363636,"2":0.8068181818181818,"75":0.8125,"60":0.8181818181818182,