{"name":"pagerank","alpha":0.85,"weight":"value","num_of_nodes":135,"num_of_edges":262,"process_time":0.0402679443359375,"data":{"0":0.41692834561636033,"1":0.13785869335652623,"2":0.3857340961145025,"3":0.03552401055943138,"4":0.15913526155142116,"5":0.21270437237439405,"6":0.3270682643806061,"7":0.13785869335652623,"8":0.13377961218547554,"9":0.1498769657941849,"10":0.13377961218547554,"11":0.47916366485498796,"12":0.3270682643806061,"13":0.043645281453224855,"14":0.48730139825026947,"15":0.10786535647511122,"16":0.7236422193927756,"17":0.6808212799921438,"18":0.6756205823397617,"19":0.07175801647626902,"20":0.9245121707893118,"21":0.33151278289213887,"22":0.5527540522454566,"23":0.154484613509887,"24":0.3857340961145025,"25":0.35595742104005273,"26":0.2793383255473458,"27":0.32493708626390244,"28":0.3972968679756222,"29":0.7534188560216671,"30":0.14174202853536666,"31":0.0,"32":0.3270682643806061,"33":0.5077615236779194,"34":0.5072509862894262,"35":0.35595742104005273,"36":0.21270437237439405,"37":0.6568920373212773,"38":0.0886261917547043,"39":0.3522051582407832,"40":0.3420745320160994,"41":0.34158628340141206,"42":0.10960129731957394,"43":0.3270682643806061,"44":0.21270437237439405,"45":0.39760115400106755,"46":0.1503390447481736,"47":0.04399915144201432,"48":0.1394134467628809,"49":0.5793772506567945,"50":0.4250965707859294,"51":0.5164531444993584,"52":0.6007970415434305,"53":0.5137939923687195,"54":0.07770011988470453,"55":0.3696953274219572,"56":0.40477562188211186,"57":0.08356593470133619,"58":0.13504852161239475,"59":0.5458173074212339,"60":0.5652774950304329,"61":0.1461914645519649,"62":0.06559735207660916,"63":0.05002973891942703,"64":0.8002816042370586,"65":0.4459300761096911,"66":1.0,"67":0.12649912470854996,"68":0.2625828940774364,"69":0.3281476709873213,"70":0.15018715203396124,"71":0.2791585826099585,"72":0.2966784289899558,"73":0.10510691936124562,"74":0.2856272133876857,"75":0.025220749976567335,"76":0.3299871933356373,"77":0.5740228383600489,"78":0.07199364895499916,"79":0.1014976668877726,"80":0.14673717047621987,"81":0.6264609890621774,"82":0.3560869321881516,"83":0.11613966603665307,"84":0.3394865093993324,"85":0.884745643281971,"86":0.13083438736199982,"87":0.07935261585249888,"88":0.5465553635608575,"89":0.4459300761096911,"90":0.488241357276147,"91":0.1032855098457802,"92":0.15589356733023962,"93":0.35890385797704727,"94":0.004231846618529523,"95":0.03443356533961571,"96":0.15589356733023962,"97":0.026477867507574002,"98":0.13328518600796635,"99":0.995945922077126,"100":0.04798434048517229,"101":0.17252016476025764,"102":0.5466760135583887,"103":0.3507186183831726,"104":0.2419744415088807,"105":0.8882647380178623,"106":0.7501182440618962,"107":0.2745240514124192,"108":0.3077509481227912,"109":0.11425262393723379,"110":0.2419744415088807,"111":0.17252016476025764,"112":0.4903377587036349,"113":0.1282836727935793,"114":0.7561523412306621,"115":0.027361942348179374,"116":0.06277407547865192,"117":0.41515226847890113,"118":0.09942881719939672,"119":0.49122670305699095,"120":0.4100135523795313,"121":0.7351108228574056,"122":0.7482818031135501,"123":0.023758345528981584,"124":0.004231846618529523,"125":0.42975471546208355,"126":0.409136133562607,"127":0.488241357276147,"128":0.543871872193177,"129":0.173072075711737,"130":0.3394408386770897,"131":0.409136133562607,"132":0.3747407231742959,"133":0.2419744415088807,"134":0.3507186183831726},"ranked":{"31":0.0,"94":0.007462686567164179,"124":0.014925373134328358,"123":0.022388059701492536,"75":0.029850746268656716,"97":0.03731343283582089,"115":0.04477611940298507,"95":0.05223880597014925,"3":0.05970149253731343,"13":0.06716417910447761,"47":0.07462686567164178,"100":0.08208955223880597,"63":0.08955223880597014,"116":0.09701492537313433,"62":0.1044776119402985,"19":0.11194029850746269,"78":0.11940298507462686,"54":0.12686567164179105,"87":0.13432835820895522,"57":0.1417910447761194,"38":0.14925373134328357,"118":0.15671641791044777,"79":0.16417910447761194,"91":0.17164179104477612,"73":0.1791044776119403,"15":0.1865671641791045,"42":0.19402985074626866,"109":0.20149253731343283,"83":0.208955223880597,"67":0.21641791044776118,"113":0.22388059701492538,"86":0.23134328358208955,"98":0.23880597014925373,"8":0.2462686567164179,"10":0.2537313432835821,"58":0.26119402985074625,"1":0.26865671641791045,"7":0.27611940298507465,"48":0.2835820895522388,"30":0.291044776119403,"61":0.29850746268656714,"80":0.30597014925373134,"9":0.31343283582089554,"70":0.3208955223880597,"46":0.3283582089552239,"23":0.3358208955223881,"92":0.34328358208955223,"96":0.35074626865671643,"4":0.3582089552238806,"101":0.3656716417910448,"111":0.373134328358209,"129":0.3805970149253731,"5":0.3880597014925373,"36":0.39552238805970147,"44":0.40298507462686567,"104":0.41044776119402987,"110":0.417910447761194,"133":0.4253731343283582,"68":0.43283582089552236,"107":0.44029850746268656,"71":0.44776119402985076,"26":0.4552238805970149,"74":0.4626865671641791,"72":0.4701492537313433,"108":0.47761194029850745,"27":0.48507462686567165,"6":0.4925373134328358,"12":0.5,"32":0.5074626865671642,"43":0.5149253731343284,"69":0.5223880597014925,"76":0.5298507462686567,"21":0.5373134328358209,"130":0.5447761194029851,"84":0.5522388059701493,"41":0.5597014925373134,"40":0.5671641791044776,"103":0.5746268656716418,"134":0.582089552238806,"39":0.5895522388059702,"25":0.5970149253731343,"35":0.6044776119402985,"82":0.6119402985074627,"93":0.6194029850746269,"55":0.6268656716417911,"132":0.6343283582089553,"2":0.6417910447761194,"24":0.6492537313432836,"28":0.6567164179104478,"45":0.664179104477612,"56":0.6716417910447762,"126":0.6791044776119403,"131":0.6865671641791045,"120":0.6940298507462687,"117":0.7014925373134329,"0":0.7089552238805971,"50":0.7164179104477612,"125":0.7238805970149254,"65":0.7313432835820896,"89":0.7388059701492538,"11":0.746268656716418,"14":0.753731343283582,"90":0.7611940298507462,"127":0.7686567164179104,"112":0.7761194029850746,"119":0.7835820895522388,"34":0.7910447761194029,"33":0.7985074626865671,"53":0.8059701492537313,"51":0.8134328358208955,"128":0.8208955223880597,"59":0.8283582089552238,"88":0.835820895522388,"102":0.8432835820895522,"22":0.8507462686567164,"60":0.8582089552238806,"77":0.8656716417910447,"49":0.8731343283582089,"52":0.8805970149253731,"81":0.8880597014925373,"37":0.8955223880597015,"18":0.9029850746268657,"17":0.9104477611940298,"16":0.917910447761194,"121":0.9253731343283582,"122":0.9328358208955224,"106":0.9402985074626866,"29":0.9477611940298507,"114":0.9552238805970149,"64":0.9626865671641791,"85":0.9701492537313433,"105":0.9776119402985075,"20":0.9850746268656716,"99":0.9925373134328358,"66":1.0}}