{"name":"agd","num_of_nodes":114,"num_of_edges":358,"weight":"value","process_time":0.03495502471923828,"data":{"0":0.21482889733840302,"1":0.5190114068441065,"2":0.2357414448669203,"3":0.2338403041825096,"4":0.7224334600760455,"5":0.7224334600760455,"6":0.494296577946768,"7":0.317490494296578,"8":0.8307984790874525,"9":1.0,"10":0.05323193916349817,"11":1.0,"12":0.17870722433460073,"13":0.2186311787072244,"14":0.12927756653992395,"15":0.6806083650190113,"16":0.10646387832699634,"17":0.14448669201520914,"18":0.2604562737642586,"19":0.14068441064638793,"20":0.644486692015209,"21":0.505703422053232,"22":0.5779467680608366,"23":0.35551330798479097,"24":0.43916349809885935,"25":0.8346007604562736,"26":0.09315589353612166,"27":0.11216730038022825,"28":0.865019011406844,"29":0.8098859315589353,"30":0.27186311787072237,"31":0.33460076045627385,"32":0.570342205323194,"33":0.16539923954372623,"34":0.6825095057034221,"35":0.2604562737642586,"36":0.8136882129277567,"37":0.5760456273764258,"38":0.2243346007604563,"39":0.0,"40":0.07034220532319406,"41":0.11977186311787084,"42":0.40494296577946776,"43":0.09125475285171115,"44":0.024714828897338486,"45":0.007604562737642597,"46":0.11406844106463894,"47":0.34980988593155904,"48":0.5627376425855514,"49":0.4068441064638784,"50":0.11026615969581756,"51":0.6368821292775666,"52":0.14638783269961983,"53":0.5152091254752853,"54":0.252851711026616,"55":0.5988593155893537,"56":0.11977186311787084,"57":0.15969581749049433,"58":0.5646387832699621,"59":0.02851711026615969,"60":0.4011406844106463,"61":0.04372623574144488,"62":0.27186311787072237,"63":0.27946768060836497,"64":0.35171102661596954,"65":0.04942965779467697,"66":0.0,"67":0.2813688212927757,"68":0.024714828897338486,"69":0.11216730038022825,"70":0.11596958174904945,"71":0.5988593155893537,"72":0.4581749049429657,"73":0.40304182509505704,"74":0.40304182509505704,"75":0.5019011406844106,"76":0.2281368821292777,"77":0.18250950570342211,"78":0.18250950570342211,"79":0.5874524714828897,"80":0.6901140684410648,"81":0.7490494296577945,"82":0.3479087452471484,"83":0.3079847908745247,"84":0.3479087452471484,"85":0.4600760456273764,"86":0.6901140684410648,"87":0.09505703422053235,"88":0.34600760456273766,"89":0.09315589353612166,"90":0.5836501901140685,"91":0.6901140684410648,"92":0.4657794676806083,"93":0.2433460076045627,"94":0.09695817490494306,"95":0.35171102661596954,"96":0.7452471482889735,"97":0.06273764258555146,"98":0.5456273764258555,"99":0.34600760456273766,"100":0.43916349809885935,"101":0.7015209125475286,"102":0.2490494296577948,"103":0.04372623574144488,"104":0.42775665399239554,"105":0.2053231939163499,"106":0.6539923954372623,"107":0.2604562737642586,"108":0.12357414448669204,"109":0.09505703422053235,"110":0.2965779467680609,"111":0.19201520912547543,"112":0.1901140684410647,"113":0.4448669201520912},"ranked":{"39":0.0,"66":0.008849557522123894,"45":0.017699115044247787,"44":0.02654867256637168,"68":0.035398230088495575,"59":0.04424778761061947,"61":0.05309734513274336,"103":0.061946902654867256,"65":0.07079646017699115,"10":0.07964601769911504,"97":0.08849557522123894,"40":0.09734513274336283,"43":0.10619469026548672,"26":0.11504424778761062,"89":0.12389380530973451,"87":0.13274336283185842,"109":0.1415929203539823,"94":0.1504424778761062,"16":0.1592920353982301,"50":0.168141592920354,"27":0.17699115044247787,"69":0.18584070796460178,"46":0.19469026548672566,"70":0.20353982300884957,"41":0.21238938053097345,"56":0.22123893805309736,"108":0.23008849557522124,"14":0.23893805309734514,"19":0.24778761061946902,"17":0.25663716814159293,"52":0.26548672566371684,"57":0.2743362831858407,"33":0.2831858407079646,"12":0.2920353982300885,"77":0.3008849557522124,"78":0.30973451327433627,"112":0.3185840707964602,"111":0.3274336283185841,"105":0.336283185840708,"0":0.34513274336283184,"13":0.35398230088495575,"38":0.36283185840707965,"76":0.37168141592920356,"3":0.3805309734513274,"2":0.3893805309734513,"93":0.39823008849557523,"102":0.40707964601769914,"54":0.415929203539823,"18":0.4247787610619469,"35":0.4336283185840708,"107":0.4424778761061947,"30":0.45132743362831856,"62":0.46017699115044247,"63":0.4690265486725664,"67":0.4778761061946903,"110":0.48672566371681414,"83":0.49557522123893805,"7":0.504424778761062,"31":0.5132743362831859,"88":0.5221238938053098,"99":0.5309734513274337,"82":0.5398230088495575,"84":0.5486725663716814,"47":0.5575221238938053,"64":0.5663716814159292,"95":0.5752212389380531,"23":0.584070796460177,"60":0.5929203539823009,"73":0.6017699115044248,"74":0.6106194690265486,"42":0.6194690265486725,"49":0.6283185840707964,"104":0.6371681415929203,"24":0.6460176991150443,"100":0.6548672566371682,"113":0.6637168141592921,"72":0.672566371681416,"85":0.6814159292035398,"92":0.6902654867256637,"6":0.6991150442477876,"75":0.7079646017699115,"21":0.7168141592920354,"53":0.7256637168141593,"1":0.7345132743362832,"98":0.7433628318584071,"48":0.7522123893805309,"58":0.7610619469026548,"32":0.7699115044247787,"37":0.7787610619469026,"22":0.7876106194690266,"90":0.7964601769911505,"79":0.8053097345132744,"55":0.8141592920353983,"71":0.8230088495575221,"51":0.831858407079646,"20":0.8407079646017699,"106":0.8495575221238938,"15":0.8584070796460177,"34":0.8672566371681416,"80":0.8761061946902655,"86":0.8849557522123894,"91":0.8938053097345132,"101":0.9026548672566371,"4":0.911504424778761,"5":0.9203539823008849,"96":0.9292035398230089,"81":0.9380530973451328,"29":0.9469026548672567,"36":0.9557522123893806,"8":0.9646017699115044,"25":0.9734513274336283,"28":0.9823008849557522,"9":0.9911504424778761,"11":1.0}}