{"name":"density","eps":0.5,"weight":"value","num_of_nodes":141,"num_of_edges":436,"process_time":0.04756498336791992,"data":{"0":0.16783688332838612,"1":0.0008260033084904236,"2":0.6688692984104463,"3":0.1686627366517755,"4":0.004129679076185074,"5":0.1699016759961443,"6":0.8342281530650978,"7":0.33649950749148383,"8":0.33649946999507613,"9":0.0012388830999208757,"10":0.16990171349247413,"11":0.1711404653553342,"12":0.002064905156529456,"13":0.0020649801490955646,"14":0.1682496506309986,"15":0.1690758039244966,"16":0.000826003308661806,"17":0.000412973532099137,"18":0.5002065805067547,"19":0.16866269915561707,"20":0.0008260033084904236,"21":0.33526049315458006,"22":0.33443454609050643,"23":0.1703144807949931,"24":0.17072784803777605,"25":0.16990169474441827,"26":0.16990163849989243,"27":0.3352606806361511,"28":0.004129697824209749,"29":0.1682496506309986,"30":0.17072747307516364,"31":0.16742377855941315,"32":0.002890889717073105,"33":0.3369124997715609,"34":0.3364994137507528,"35":0.1699017697369844,"36":0.000412973532099137,"37":0.1703147057723798,"38":0.0004129547839809802,"39":0.0016519503725952165,"40":0.338564318907329,"41":0.0016519503725952165,"42":0.0024778786885662723,"43":0.5002065805067547,"44":0.0020648114158763513,"45":0.00412969782424091,"46":0.3348476321112678,"47":0.5010325463189632,"48":0.0066075765128695025,"49":0.16948853373091946,"50":0.16907584142077964,"51":0.6696951517338332,"52":0.16948873996037497,"53":0.8362929832291415,"54":0.3336086740189833,"55":0.669282196949851,"56":0.002890795976170717,"57":0.17114067158474297,"58":0.17031455578745014,"59":0.5006194602981838,"60":0.001651931624586121,"61":0.16907578517642516,"62":0.003716743040368991,"63":0.0024779536811479607,"64":0.3336086740189833,"65":0.16659783149529278,"66":0.3364994512469424,"67":0.002064923904725514,"68":0.0028907022356266738,"69":0.17031451829124497,"70":0.3364994324989333,"71":0.33567367291596334,"72":0.17072775429721643,"73":0.1694888337010125,"74":0.5026843842027879,"75":0.503097376482991,"76":0.0024777849479754883,"77":0.002064905156498296,"78":0.334021591306541,"79":0.16866275539997155,"80":0.0016519316244926398,"81":0.33732543580740815,"82":0.33567361667170237,"83":0.002064905156498296,"84":0.002064923904725514,"85":0.0,"86":0.33608649646302374,"87":0.3373254733037691,"88":0.33484757586696,"89":0.0004130672727210815,"90":0.16659783149529278,"91":0.17196631867886378,"92":0.001651950372579636,"93":0.0016521003576806927,"94":0.5030972639940585,"95":0.005781460715561077,"96":0.3369124435272532,"97":0.1674238160557741,"98":0.002890702235517612,"99":0.002890627243044985,"100":0.0012389768404960793,"101":0.16948858997522717,"102":0.3369123497864443,"103":0.33526041816202956,"104":0.002890627243044985,"105":0.0008259658123475913,"106":0.16948862747143234,"107":0.0012389955887388779,"108":0.1682499506009514,"109":0.17072747307514805,"110":0.00206475517144398,"111":0.0016519128763121621,"112":0.6684561373969712,"113":0.0020649051565761966,"114":0.16866283039238186,"115":0.0008259658123475913,"116":0.16783667709888386,"117":0.16866275539987807,"118":0.0016519128763589027,"119":0.16824976311975426,"120":0.3352605493989345,"121":0.5014453136215232,"122":0.0004130672727210815,"123":0.33484768835562223,"124":0.3344347523198373,"125":0.004955794873446759,"126":0.16907557894689174,"127":0.1694885712270467,"128":0.16783667709888386,"129":0.0016517816393915833,"130":0.3340217412915642,"131":0.0016517816393915833,"132":0.3340217412915642,"133":0.5026843467064085,"134":0.16907569143569415,"135":0.16907552270253726,"136":1.0,"137":0.8346410328564635,"138":0.33567361667156215,"139":0.0008260033084904236,"140":0.16824978186785683},"ranked":{"85":0.0,"38":0.007142857142857143,"17":0.014285714285714285,"36":0.02142857142857143,"89":0.02857142857142857,"122":0.03571428571428571,"105":0.04285714285714286,"115":0.05,"1":0.05714285714285714,"20":0.06428571428571428,"139":0.07142857142857142,"16":0.07857142857142857,"9":0.08571428571428572,"100":0.09285714285714286,"107":0.1,"129":0.10714285714285714,"131":0.11428571428571428,"111":0.12142857142857143,"118":0.12857142857142856,"80":0.1357142857142857,"60":0.14285714285714285,"92":0.15,"39":0.15714285714285714,"41":0.16428571428571428,"93":0.17142857142857143,"110":0.17857142857142858,"44":0.18571428571428572,"77":0.19285714285714287,"83":0.2,"12":0.20714285714285716,"113":0.21428571428571427,"67":0.22142857142857142,"84":0.22857142857142856,"13":0.2357142857142857,"76":0.24285714285714285,"42":0.25,"63":0.2571428571428571,"99":0.2642857142857143,"104":0.2714285714285714,"98":0.2785714285714286,"68":0.2857142857142857,"56":0.29285714285714287,"32":0.3,"62":0.30714285714285716,"4":0.3142857142857143,"28":0.32142857142857145,"45":0.32857142857142857,"125":0.3357142857142857,"95":0.34285714285714286,"48":0.35,"65":0.35714285714285715,"90":0.36428571428571427,"31":0.37142857142857144,"97":0.37857142857142856,"116":0.38571428571428573,"128":0.39285714285714285,"0":0.4,"14":0.40714285714285714,"29":0.4142857142857143,"119":0.42142857142857143,"140":0.42857142857142855,"108":0.4357142857142857,"19":0.44285714285714284,"3":0.45,"117":0.45714285714285713,"79":0.4642857142857143,"114":0.4714285714285714,"135":0.4785714285714286,"126":0.4857142857142857,"134":0.4928571428571429,"61":0.5,"15":0.5071428571428571,"50":0.5142857142857142,"49":0.5214285714285715,"127":0.5285714285714286,"101":0.5357142857142857,"106":0.5428571428571428,"52":0.55,"73":0.5571428571428572,"26":0.5642857142857143,"5":0.5714285714285714,"25":0.5785714285714286,"10":0.5857142857142857,"35":0.5928571428571429,"23":0.6,"69":0.6071428571428571,"58":0.6142857142857143,"37":0.6214285714285714,"109":0.6285714285714286,"30":0.6357142857142857,"72":0.6428571428571429,"24":0.65,"11":0.6571428571428571,"57":0.6642857142857143,"91":0.6714285714285714,"54":0.6785714285714286,"64":0.6857142857142857,"78":0.6928571428571428,"130":0.7,"132":0.7071428571428572,"22":0.7142857142857143,"124":0.7214285714285714,"88":0.7285714285714285,"46":0.7357142857142858,"123":0.7428571428571429,"103":0.75,"21":0.7571428571428571,"120":0.7642857142857142,"27":0.7714285714285715,"138":0.7785714285714286,"82":0.7857142857142857,"71":0.7928571428571428,"86":0.8,"34":0.8071428571428572,"70":0.8142857142857143,"66":0.8214285714285714,"8":0.8285714285714286,"7":0.8357142857142857,"102":0.8428571428571429,"96":0.85,"33":0.8571428571428571,"81":0.8642857142857143,"87":0.8714285714285714,"40":0.8785714285714286,"18":0.8857142857142857,"43":0.8928571428571429,"59":0.9,"47":0.9071428571428571,"121":0.9142857142857143,"133":0.9214285714285714,"74":0.9285714285714286,"94":0.9357142857142857,"75":0.9428571428571428,"112":0.95,"2":0.9571428571428572,"55":0.9642857142857143,"51":0.9714285714285714,"6":0.9785714285714285,"137":0.9857142857142858,"53":0.9928571428571429,"136":1.0}}