{"name":"fiedler","normalized":false,"weight":"value","num_of_nodes":132,"num_of_edges":408,"process_time":0.05623507499694824,"data":{"0":0.023886099988763478,"1":0.001304426976288136,"2":0.044510981847738204,"3":0.009092904642375865,"4":0.09310617891855065,"5":0.1068539547212156,"6":0.05237732003853972,"7":0.10959467395811805,"8":0.08001298645361857,"9":0.23955714777653142,"10":0.004495507198740895,"11":0.23674362249923206,"12":0.09852028541557935,"13":0.026739901613728086,"14":0.21544714653902433,"15":0.2552445308673385,"16":0.13508138907435557,"17":0.16692309528146929,"18":0.13300929306635262,"19":0.0,"20":0.2271190674679595,"21":0.0,"22":0.10561946239638288,"23":0.008705137928063064,"24":0.11856511807281848,"25":0.19769720246492328,"26":0.2016223522936521,"27":0.1292160591219143,"28":0.0,"29":0.2603887344607238,"30":0.25383788539688545,"31":0.12921605912191425,"32":0.03733493225627665,"33":0.09122788873965713,"34":0.26112669863359433,"35":0.011167311280440169,"36":0.14358820455581162,"37":0.06775635743477833,"38":0.017164132568641896,"39":0.06402164928958334,"40":0.011167311280440169,"41":0.16434981994204464,"42":0.31527622608344624,"43":0.2678377646716779,"44":0.9139404989956186,"45":0.776925183736816,"46":0.7374022699018183,"47":0.9984701013964944,"48":0.8294144192371582,"49":1.0,"50":0.9448165298732604,"51":0.7676064543581047,"52":0.6846104232360717,"53":0.7486508051930439,"54":0.598521975791272,"55":0.47264023441487873,"56":0.9765182372291947,"57":0.9909927824374587,"58":0.8951207352173043,"59":0.9855668664941293,"60":0.7458851202772141,"61":0.8960379493836744,"62":0.998007125889496,"63":0.9809624122568636,"64":0.6943026286290596,"65":0.710344129022473,"66":0.710344129022473,"67":0.710344129022473,"68":0.9860332603090157,"69":0.9095522236955862,"70":0.9116944834315633,"71":0.9936637426771434,"72":0.9450732233774045,"73":0.7875392247263266,"74":0.6783226575142022,"75":0.8976106860335564,"76":0.9904514486910558,"77":0.9783341827027344,"78":0.9229078144006275,"79":0.9149676448226638,"80":0.9143913686433042,"81":0.9835216863889622,"82":0.9978389450993884,"83":0.9120887879296216,"84":0.9180675389004368,"85":1.0,"86":0.9831056495196634,"87":0.8641692696013575,"88":0.5094762487818714,"89":0.4935975879044714,"90":0.7137719169464414,"91":0.5042920233415246,"92":0.7716353081513126,"93":0.6232988321290598,"94":0.4417817750513825,"95":0.4415487222385095,"96":0.5373071170304203,"97":0.4444181919277467,"98":0.44212305752624825,"99":0.5857727114113026,"100":0.516023883269913,"101":0.44221924813971347,"102":0.18433354751170086,"103":0.4543135069514085,"104":0.5970988222307869,"105":0.4414992708021502,"106":0.516023883269913,"107":0.442116456039558,"108":0.5937442186927747,"109":0.4668871100197791,"110":0.4516039347113458,"111":0.4552040110504213,"112":0.4418376742621512,"113":0.4655618650314182,"114":0.9720616205552901,"115":0.4417483423442872,"116":0.4432354995936375,"117":0.4552040110504213,"118":0.44187007122008204,"119":0.46184237831214864,"120":0.45280741474174574,"121":0.5124593324427046,"122":0.4489964819881912,"123":0.6224136644941493,"124":0.5068206143296525,"125":0.4633060875703878,"126":0.44216247366424494,"127":0.48236826824910967,"128":0.4774503779291412,"129":0.6171285018836463,"130":0.4709637876398822,"131":0.516023883269913},"ranked":{"19":0.0,"21":0.007633587786259542,"28":0.015267175572519083,"1":0.022900763358778626,"10":0.030534351145038167,"23":0.03816793893129771,"3":0.04580152671755725,"35":0.05343511450381679,"40":0.061068702290076333,"38":0.06870229007633588,"0":0.07633587786259542,"13":0.08396946564885496,"32":0.0916030534351145,"2":0.09923664122137404,"6":0.10687022900763359,"39":0.11450381679389313,"37":0.12213740458015267,"8":0.1297709923664122,"33":0.13740458015267176,"4":0.1450381679389313,"12":0.15267175572519084,"22":0.16030534351145037,"5":0.16793893129770993,"7":0.17557251908396945,"24":0.183206106870229,"31":0.19083969465648856,"27":0.1984732824427481,"18":0.20610687022900764,"16":0.21374045801526717,"36":0.22137404580152673,"41":0.22900763358778625,"17":0.2366412213740458,"102":0.24427480916030533,"25":0.25190839694656486,"26":0.2595419847328244,"14":0.26717557251908397,"20":0.2748091603053435,"11":0.2824427480916031,"9":0.2900763358778626,"30":0.29770992366412213,"15":0.3053435114503817,"29":0.31297709923664124,"34":0.32061068702290074,"43":0.3282442748091603,"42":0.33587786259541985,"105":0.3435114503816794,"95":0.3511450381679389,"115":0.35877862595419846,"94":0.366412213740458,"112":0.37404580152671757,"118":0.3816793893129771,"107":0.3893129770992366,"98":0.3969465648854962,"126":0.40458015267175573,"101":0.4122137404580153,"116":0.4198473282442748,"97":0.42748091603053434,"122":0.4351145038167939,"110":0.44274809160305345,"120":0.45038167938931295,"103":0.4580152671755725,"111":0.46564885496183206,"117":0.4732824427480916,"119":0.48091603053435117,"125":0.48854961832061067,"113":0.4961832061068702,"109":0.5038167938931297,"130":0.5114503816793893,"55":0.5190839694656488,"128":0.5267175572519084,"127":0.5343511450381679,"89":0.5419847328244275,"91":0.549618320610687,"124":0.5572519083969466,"88":0.5648854961832062,"121":0.5725190839694656,"100":0.5801526717557252,"106":0.5877862595419847,"131":0.5954198473282443,"96":0.6030534351145038,"99":0.6106870229007634,"108":0.6183206106870229,"104":0.6259541984732825,"54":0.6335877862595419,"129":0.6412213740458015,"123":0.648854961832061,"93":0.6564885496183206,"74":0.6641221374045801,"52":0.6717557251908397,"64":0.6793893129770993,"65":0.6870229007633588,"66":0.6946564885496184,"67":0.7022900763358778,"90":0.7099236641221374,"46":0.7175572519083969,"60":0.7251908396946565,"53":0.732824427480916,"51":0.7404580152671756,"92":0.7480916030534351,"45":0.7557251908396947,"73":0.7633587786259542,"48":0.7709923664122137,"87":0.7786259541984732,"58":0.7862595419847328,"61":0.7938931297709924,"75":0.8015267175572519,"69":0.8091603053435115,"70":0.816793893129771,"83":0.8244274809160306,"44":0.8320610687022901,"80":0.8396946564885496,"79":0.8473282442748091,"84":0.8549618320610687,"78":0.8625954198473282,"50":0.8702290076335878,"72":0.8778625954198473,"114":0.8854961832061069,"56":0.8931297709923665,"77":0.9007633587786259,"63":0.9083969465648855,"86":0.916030534351145,"81":0.9236641221374046,"59":0.9312977099236641,"68":0.9389312977099237,"76":0.9465648854961832,"57":0.9541984732824428,"71":0.9618320610687023,"82":0.9694656488549618,"62":0.9770992366412213,"47":0.9847328244274809,"85":0.9923664122137404,"49":1.0}}