{"name":"agd","num_of_nodes":42,"num_of_edges":79,"weight":"value","process_time":0.0006349086761474609,"data":{"0":0.04255319148936171,"1":0.06382978723404255,"2":0.06382978723404255,"3":0.04255319148936171,"4":0.06382978723404255,"5":0.04255319148936171,"6":0.06382978723404255,"7":0.021276595744680868,"8":0.021276595744680868,"9":0.04255319148936171,"10":0.04255319148936171,"11":0.06382978723404255,"12":0.0,"13":0.06382978723404255,"14":0.7872340425531914,"15":0.6808510638297872,"16":0.8936170212765957,"17":1.0,"18":0.5319148936170212,"19":0.8936170212765957,"20":0.7872340425531914,"21":0.6382978723404255,"22":0.553191489361702,"23":0.5957446808510637,"24":1.0,"25":0.5744680851063829,"26":0.553191489361702,"27":0.8936170212765957,"28":0.851063829787234,"29":0.5106382978723404,"30":0.7234042553191489,"31":0.6382978723404255,"32":0.6382978723404255,"33":0.4680851063829787,"34":0.44680851063829785,"35":0.7234042553191489,"36":0.42553191489361697,"37":0.5744680851063829,"38":0.42553191489361697,"39":0.4042553191489361,"40":0.6382978723404255,"41":0.5744680851063829},"ranked":{"12":0.0,"7":0.024390243902439025,"8":0.04878048780487805,"0":0.07317073170731707,"3":0.0975609756097561,"5":0.12195121951219512,"9":0.14634146341463414,"10":0.17073170731707318,"1":0.1951219512195122,"2":0.21951219512195122,"4":0.24390243902439024,"6":0.2682926829268293,"11":0.2926829268292683,"13":0.3170731707317073,"39":0.34146341463414637,"36":0.36585365853658536,"38":0.3902439024390244,"34":0.4146341463414634,"33":0.43902439024390244,"29":0.4634146341463415,"18":0.4878048780487805,"22":0.5121951219512195,"26":0.5365853658536586,"25":0.5609756097560976,"37":0.5853658536585366,"41":0.6097560975609756,"23":0.6341463414634146,"21":0.6585365853658537,"31":0.6829268292682927,"32":0.7073170731707317,"40":0.7317073170731707,"15":0.7560975609756098,"30":0.7804878048780488,"35":0.8048780487804879,"14":0.8292682926829268,"20":0.8536585365853658,"28":0.8780487804878049,"16":0.9024390243902439,"19":0.926829268292683,"27":0.9512195121951219,"17":0.975609756097561,"24":1.0}}