{"name":"density","eps":0.5,"weight":"value","num_of_nodes":162,"num_of_edges":511,"process_time":0.058879852294921875,"data":{"0":0.33374546207716954,"1":0.3341576220034701,"2":0.16872727296651818,"3":0.3349817921797528,"4":0.16872736651382655,"5":0.16749086802583005,"6":0.0016485274479907295,"7":0.33580603719432695,"8":0.16790300924241397,"9":0.00247267891496104,"10":0.6662545940515632,"11":0.49958787749269795,"12":0.16831515045916892,"13":0.33498182959870415,"14":0.33333337698892707,"15":0.0016484526100880462,"16":0.3345697632199763,"17":0.4995880271686468,"18":0.0016484900290393877,"19":0.0016484339006667937,"20":0.002884764003234562,"21":0.002884838841354919,"22":0.8320970281767264,"23":0.0020605751172662655,"24":0.16831518787830685,"25":0.0032970361863891772,"26":0.1683152252971649,"27":0.16872723554747354,"28":0.0016485087386005732,"29":0.0016484713194471062,"30":0.0020606125363108957,"31":0.3337454433675772,"32":0.16996362177863159,"33":0.6674907931876469,"34":0.33456970709168143,"35":0.1687273290947664,"36":0.33456978192961523,"37":0.16913943289267883,"38":0.0016484526099481132,"39":0.33374544336759276,"40":0.004945413958434607,"41":0.16955140572402058,"42":0.33539382113960714,"43":0.33456968838199586,"44":0.1695515366903425,"45":0.0016484900289927434,"46":0.33663020737082733,"47":0.49958791491180776,"48":0.16749094286376384,"49":0.0028848201318403778,"50":0.3337454433675306,"51":0.3349817734703316,"52":0.3337454994961675,"53":0.1674910738300391,"54":0.001648415190934579,"55":0.002472735043473567,"56":0.5037089715987979,"57":0.0037091025651637063,"58":0.336630338337227,"59":0.002884838841246082,"60":0.33456966967262125,"61":0.334157603293769,"62":0.16872729167590833,"63":0.0028849323885855663,"64":0.33498166121338424,"65":0.003296998767360095,"66":0.1683152065876659,"67":0.16872712329046405,"68":0.8341575284558377,"69":0.667490811897194,"70":0.1683151317496233,"71":0.16996369661656535,"72":0.16955144314303414,"73":0.16872714199994748,"74":0.33539382113965377,"75":0.3345696509630601,"76":0.5020605376983021,"77":0.17284827352491883,"78":0.002472753752925916,"79":0.001236461069154008,"80":0.0024726414960096984,"81":0.16790312149934575,"82":0.16872729167590833,"83":0.5020605938266741,"84":0.0028847265843298647,"85":0.6670786332615337,"86":0.16913933934515277,"87":0.5024726789150107,"88":0.33374544336759276,"89":0.0020605751172196214,"90":0.834981679922853,"91":0.33498166121338424,"92":0.3358059623564087,"93":0.0020604815697868486,"94":0.002472660205570884,"95":0.5024725853676396,"96":0.5008242075955001,"97":0.002060687374182483,"98":0.0020605938267497102,"99":0.5004120850882277,"100":0.0037091025651637063,"101":0.0061816505136784395,"102":0.33580609332263733,"103":0.0016486397048758508,"104":0.16996362177861604,"105":0.33374557433396135,"106":0.33498167992292993,"107":0.6654303303275031,"108":0.0032968678010692697,"109":0.6687270858715448,"110":0.6670787455184677,"111":0.1695515554000281,"112":0.0016484526099636613,"113":0.0024728285908441473,"114":0.0024728098814073467,"115":0.3358060371942803,"116":0.0016484526099636613,"117":0.0012364423596550151,"118":0.337454321418893,"119":0.3349817173419279,"120":0.1666667165586576,"121":0.1683152252971649,"122":0.17119980220545616,"123":0.16996365919762957,"124":0.3362181597016451,"125":0.16831518787812028,"126":0.0,"127":0.33539398952495814,"128":0.0,"129":1.0,"130":0.0016485087383828997,"131":0.499587896202324,"132":0.0012364236501093777,"133":0.16749109253952255,"134":0.004121112815612286,"135":0.33333326473193314,"136":0.3345696509631378,"137":0.0016484526099636613,"138":0.0024727163340367664,"139":0.16913935805463623,"140":0.6674910364110144,"141":0.16749109253952255,"142":0.001236423650156022,"143":0.16831526271605404,"144":0.004533272741819587,"145":0.0024727911720016423,"146":0.6687270858715448,"147":0.0,"148":0.001236423650156022,"149":0.16749109253952255,"150":0.16955138701450606,"151":0.002060668664854519,"152":0.5016483403531107,"153":0.66790295311395,"154":0.0012364423597172075,"155":0.004945470086962682,"156":0.001236423650156022,"157":0.16913935805468286,"158":0.33415760329387784,"159":0.16790315891837482,"160":0.0008243946904261233,"161":0.0032969239295196043},"ranked":{"126":0.0,"128":0.006211180124223602,"147":0.012422360248447204,"160":0.018633540372670808,"132":0.024844720496894408,"142":0.031055900621118012,"148":0.037267080745341616,"156":0.043478260869565216,"117":0.049689440993788817,"154":0.055900621118012424,"79":0.062111801242236024,"54":0.06832298136645963,"19":0.07453416149068323,"38":0.08074534161490683,"112":0.08695652173913043,"116":0.09316770186335403,"137":0.09937888198757763,"15":0.10559006211180125,"29":0.11180124223602485,"45":0.11801242236024845,"18":0.12422360248447205,"130":0.13043478260869565,"28":0.13664596273291926,"6":0.14285714285714285,"103":0.14906832298136646,"93":0.15527950310559005,"89":0.16149068322981366,"23":0.16770186335403728,"98":0.17391304347826086,"30":0.18012422360248448,"151":0.18633540372670807,"97":0.19254658385093168,"80":0.19875776397515527,"94":0.20496894409937888,"9":0.2111801242236025,"138":0.21739130434782608,"55":0.2236024844720497,"78":0.22981366459627328,"145":0.2360248447204969,"114":0.2422360248447205,"113":0.2484472049689441,"84":0.2546583850931677,"20":0.2608695652173913,"49":0.2670807453416149,"59":0.2732919254658385,"21":0.2795031055900621,"63":0.2857142857142857,"108":0.2919254658385093,"161":0.2981366459627329,"65":0.30434782608695654,"25":0.3105590062111801,"57":0.3167701863354037,"100":0.32298136645962733,"134":0.32919254658385094,"144":0.33540372670807456,"40":0.3416149068322981,"155":0.34782608695652173,"101":0.35403726708074534,"120":0.36024844720496896,"5":0.36645962732919257,"48":0.37267080745341613,"53":0.37888198757763975,"133":0.38509316770186336,"141":0.391304347826087,"149":0.39751552795031053,"8":0.40372670807453415,"81":0.40993788819875776,"159":0.4161490683229814,"70":0.422360248447205,"12":0.42857142857142855,"125":0.43478260869565216,"24":0.4409937888198758,"66":0.4472049689440994,"26":0.453416149068323,"121":0.45962732919254656,"143":0.4658385093167702,"67":0.4720496894409938,"73":0.4782608695652174,"27":0.484472049689441,"2":0.4906832298136646,"62":0.4968944099378882,"82":0.5031055900621118,"35":0.5093167701863354,"4":0.515527950310559,"86":0.5217391304347826,"139":0.5279503105590062,"157":0.5341614906832298,"37":0.5403726708074534,"150":0.546583850931677,"41":0.5527950310559007,"72":0.5590062111801242,"44":0.5652173913043478,"111":0.5714285714285714,"104":0.577639751552795,"32":0.5838509316770186,"123":0.5900621118012422,"71":0.5962732919254659,"122":0.6024844720496895,"77":0.6086956521739131,"135":0.6149068322981367,"14":0.6211180124223602,"50":0.6273291925465838,"31":0.6335403726708074,"39":0.639751552795031,"88":0.6459627329192547,"0":0.6521739130434783,"52":0.6583850931677019,"105":0.6645962732919255,"61":0.6708074534161491,"158":0.6770186335403726,"1":0.6832298136645962,"75":0.6894409937888198,"136":0.6956521739130435,"60":0.7018633540372671,"43":0.7080745341614907,"34":0.7142857142857143,"16":0.7204968944099379,"36":0.7267080745341615,"64":0.7329192546583851,"91":0.7391304347826086,"106":0.7453416149068323,"119":0.7515527950310559,"51":0.7577639751552795,"3":0.7639751552795031,"13":0.7701863354037267,"42":0.7763975155279503,"74":0.782608695652174,"127":0.7888198757763976,"92":0.7950310559006211,"115":0.8012422360248447,"7":0.8074534161490683,"102":0.8136645962732919,"124":0.8198757763975155,"46":0.8260869565217391,"58":0.8322981366459627,"118":0.8385093167701864,"11":0.84472049689441,"131":0.8509316770186336,"47":0.8571428571428571,"17":0.8633540372670807,"99":0.8695652173913043,"96":0.8757763975155279,"152":0.8819875776397516,"76":0.8881987577639752,"83":0.8944099378881988,"95":0.9006211180124224,"87":0.906832298136646,"56":0.9130434782608695,"107":0.9192546583850931,"10":0.9254658385093167,"85":0.9316770186335404,"110":0.937888198757764,"33":0.9440993788819876,"69":0.9503105590062112,