{"name":"density","eps":0.5,"weight":"value","num_of_nodes":165,"num_of_edges":516,"process_time":0.02974987030029297,"data":{"0":0.0012384277206909252,"1":0.1673545842005618,"2":0.0024768554412416864,"3":0.3351221775388128,"4":0.49958712204503575,"5":0.1694186366485469,"6":0.0008256434676702359,"7":0.001651324415968015,"8":0.1673545842005618,"9":0.3347093932857454,"10":0.3371860613231953,"11":0.16859297444053173,"12":0.16735460294093785,"13":0.16900590861657652,"14":0.3363605302978905,"15":0.33429660903270914,"16":0.002476836700974636,"17":0.8330580313890726,"18":0.3351220463561959,"19":0.5024767804797083,"20":0.16818030262982975,"21":0.5004127092915321,"22":0.16900588987624718,"23":0.0012383152783255085,"24":0.5016511182717858,"25":0.16735460294093785,"26":0.16818026514899972,"27":0.6673545842006728,"28":0.6669417624668363,"29":0.0020641836304618236,"30":0.16776755585753003,"31":0.0028895459924131897,"32":0.16735460294093785,"33":0.33429659029241093,"34":0.0016512307141655503,"35":0.0033023115050733864,"36":0.3342964403692934,"37":0.33470937454547833,"38":0.1673545842005618,"39":0.000825549765665312,"40":0.0004127842530051156,"41":0.8326452471360047,"42":0.0012385026822419136,"43":0.000825549765665312,"44":0.001651324415968015,"45":0.001651286935262603,"46":0.0028896771751235257,"47":0.33388380603928125,"48":0.3351221775388128,"49":0.3338836748566332,"50":0.0012384652014586326,"51":0.0033023115051045338,"52":0.1673545842005618,"53":0.0020641836304618236,"54":0.5012383902399102,"55":1.1244228754793884e-07,"56":0.9987614973178488,"57":0.1677674996363707,"58":0.16983147712263347,"59":0.003715114498470142,"60":0.3342964965904839,"61":0.5012383152783415,"62":0.16818034011048844,"63":0.3342965902923642,"64":0.0033023677261860124,"65":0.1677674996362928,"66":0.3347093183242411,"67":0.00247683670086562,"68":0.33388371233747877,"69":0.0008256622079995813,"70":0.1677673684536292,"71":0.8326452283956125,"72":0.33553486808996874,"73":0.1694185991677013,"74":0.1690059273568903,"75":0.16941865538886067,"76":0.33512210257735525,"77":0.33388363737586546,"78":0.002063883784429182,"79":0.1677674996362928,"80":0.16983147712263347,"81":0.5024767429990349,"82":0.0024768179605829956,"83":0.16776753711704495,"84":0.0028896771750768044,"85":0.16941859916773247,"86":0.16694196861100358,"87":0.002476874181695622,"88":0.0008256247272785954,"89":0.16735467790261344,"90":0.0033023864666866694,"91":0.33470943076649756,"92":0.16776738719400527,"93":0.0016512494544326005,"94":0.16735467790261344,"95":0.6673545842005778,"96":1.1244231869550044e-07,"97":0.334709412026137,"98":0.3342965340711893,"99":0.5012384464610234,"100":0.3342964216289018,"101":0.002476780479830862,"102":0.16818015270666548,"103":0.8330580688697778,"104":0.33677320210867034,"105":0.0012384839418035517,"106":0.16818030262972072,"107":0.0008255497656497382,"108":0.0012383152783099346,"109":0.5024767429989715,"110":0.5004128966954382,"111":0.16818020892784039,"112":0.33264532209754,"113":0.3347092995838962,"114":0.16776746215557184,"115":0.3351221400579984,"116":0.0024767804797529934,"117":1.1244231869550044e-07,"118":0.33594770856411765,"119":0.0,"120":0.16818026514898415,"121":0.16983138342075316,"122":0.16818024640856138,"123":0.16941861790807738,"124":0.16776749963632395,"125":0.16941859916763902,"126":0.16776742467477299,"127":0.17065691444601125,"128":0.0008256059868869548,"129":0.16900588987620047,"130":0.0016511557525989882,"131":0.16818026514898415,"132":0.0008256996887984361,"133":0.003715170719645064,"134":0.0037151144985168635,"135":0.5008255685061213,"136":0.0020640524479227994,"137":0.0016511557525989882,"138":0.0033023115049955172,"139":0.1685930494020204,"140":0.003715170719613916,"141":0.33429651533075094,"142":0.0008255685060413788,"143":0.0012383902399076443,"144":0.16859304940191142,"145":0.0016512119736337458,"146":0.16694194987061192,"147":0.0016511932332888266,"148":0.16694194987061192,"149":0.9995871970066191,"150":0.5012383527591575,"151":0.16735465916214393,"152":0.16652910939644747,"153":0.16983138342069085,"154":0.0016511744929283336,"155":0.0028895834731497492,"156":0.16694183742835553,"157":0.6661162314414848,"158":0.16611626892223627,"159":0.1685930494020204,"160":0.33347096556513234,"161":0.16694183742835553,"162":1.0,"163":0.0016512307141655503,"164":0.33636047407671554},"ranked":{"119":0.0,"55":0.006097560975609756,"96":0.012195121951219513,"117":0.018292682926829267,"40":0.024390243902439025,"107":0.03048780487804878,"39":0.036585365853658534,"43":0.042682926829268296,"142":0.04878048780487805,"128":0.054878048780487805,"88":0.06097560975609756,"6":0.06707317073170732,"69":0.07317073170731707,"132":0.07926829268292683,"108":0.08536585365853659,"23":0.09146341463414634,"143":0.0975609756097561,"0":0.10365853658536585,"50":0.10975609756097561,"105":0.11585365853658537,"42":0.12195121951219512,"130":0.12804878048780488,"137":0.13414634146341464,"154":0.1402439024390244,"147":0.14634146341463414,"145":0.1524390243902439,"34":0.15853658536585366,"163":0.16463414634146342,"93":0.17073170731707318,"45":0.17682926829268292,"7":0.18292682926829268,"44":0.18902439024390244,"78":0.1951219512195122,"136":0.20121951219512196,"29":0.2073170731707317,"53":0.21341463414634146,"116":0.21951219512195122,"101":0.22560975609756098,"82":0.23170731707317074,"67":0.23780487804878048,"16":0.24390243902439024,"2":0.25,"87":0.25609756097560976,"31":0.2621951219512195,"155":0.2682926829268293,"84":0.27439024390243905,"46":0.2804878048780488,"138":0.2865853658536585,"35":0.2926829268292683,"51":0.29878048780487804,"64":0.3048780487804878,"90":0.31097560975609756,"59":0.3170731707317073,"134":0.3231707317073171,"140":0.32926829268292684,"133":0.3353658536585366,"158":0.34146341463414637,"152":0.3475609756097561,"156":0.35365853658536583,"161":0.3597560975609756,"146":0.36585365853658536,"148":0.3719512195121951,"86":0.3780487804878049,"1":0.38414634146341464,"8":0.3902439024390244,"38":0.39634146341463417,"52":0.4024390243902439,"12":0.40853658536585363,"25":0.4146341463414634,"32":0.42073170731707316,"151":0.4268292682926829,"89":0.4329268292682927,"94":0.43902439024390244,"70":0.4451219512195122,"92":0.45121951219512196,"126":0.4573170731707317,"114":0.4634146341463415,"65":0.4695121951219512,"79":0.47560975609756095,"124":0.4817073170731707,"57":0.4878048780487805,"83":0.49390243902439024,"30":0.5,"102":0.5060975609756098,"111":0.5121951219512195,"122":0.5182926829268293,"120":0.524390243902439,"131":0.5304878048780488,"26":0.5365853658536586,"106":0.5426829268292683,"20":0.5487804878048781,"62":0.5548780487804879,"11":0.5609756097560976,"144":0.5670731707317073,"139":0.573170731707317,"159":0.5792682926829268,"129":0.5853658536585366,"22":0.5914634146341463,"13":0.5975609756097561,"74":0.6036585365853658,"125":0.6097560975609756,"73":0.6158536585365854,"85":0.6219512195121951,"123":0.6280487804878049,"5":0.6341463414634146,"75":0.6402439024390244,"153":0.6463414634146342,"121":0.6524390243902439,"58":0.6585365853658537,"80":0.6646341463414634,"127":0.6707317073170732,"112":0.676829268292683,"160":0.6829268292682927,"77":0.6890243902439024,"49":0.6951219512195121,"68":0.7012195121951219,"47":0.7073170731707317,"100":0.7134146341463414,"36":0.7195121951219512,"60":0.725609756097561,"141":0.7317073170731707,"98":0.7378048780487805,"63":0.7439024390243902,"33":0.75,"15":0.7560975609756098,"113":0.7621951219512195,"66":0.7682926829268293,"37":0.774390243902439,"9":0.7804878048780488,"97":0.7865853658536586,"91":0.7926829268292683,"18":0.7987804878048781,"76":0.8048780487804879,"115":0.8109756097560976,"3":0.8170731707317073,"48":0.823170731707317,"72":0.8292682926829268,"118":0.8353658536585366,"164":0.8414634146341463,"14":0.8475609756097561,"104":0.8536585365853658,"10":0.8597560975609756,"4":0.8658536585365854,"21":0.8719512195121951,"110":0.8780487804878049,"135":0.8841463414634146,"61":0.8902439024390244,"150":0.8963414634146342,"54":0.9024390243902439,"99":0.9085365853658537,"24":0.9146341463414634,