{"name":"agd","num_of_nodes":162,"num_of_edges":508,"weight":"value","process_time":0.05737876892089844,"data":{"0":0.2813822284908321,"1":0.4252468265162201,"2":0.27080394922425943,"3":0.37165021156558525,"4":0.2087447108603666,"5":0.19746121297602265,"6":0.12200282087447106,"7":0.41325811001410445,"8":0.26868829337094496,"9":0.4322990126939351,"10":0.29830747531734847,"11":0.3610719322990128,"12":0.09520451339915373,"13":0.22355430183356848,"14":0.32863187588152326,"15":0.2968970380818053,"16":0.42454160789844864,"17":0.26163610719323,"18":0.37094499294781375,"19":0.2172073342736248,"20":0.10155148095909731,"21":0.27080394922425943,"22":0.0345557122708039,"23":0.27926657263751764,"24":0.2221438645980255,"25":0.2115655853314528,"26":0.09238363892806764,"27":0.2136812411847673,"28":0.15444287729196046,"29":0.15373765867418898,"30":0.2588152327221438,"31":0.5345557122708039,"32":0.41255289139633294,"33":0.19393511988716497,"34":0.45557122708039494,"35":0.3956276445698166,"36":0.30324400564174897,"37":0.41255289139633294,"38":0.30747531734837796,"39":0.29055007052186177,"40":0.4252468265162201,"41":0.3180535966149506,"42":0.30606488011283495,"43":0.30606488011283495,"44":0.41255289139633294,"45":0.4576868829337094,"46":0.27433004231311714,"47":0.16290550070521864,"48":0.2179125528913963,"49":0.38222849083215793,"50":0.1861777150916785,"51":0.16854724964739062,"52":0.31382228490832165,"53":0.22566995768688297,"54":0.32863187588152326,"55":0.13963328631875882,"56":0.3843441466854724,"57":0.20310296191819463,"58":0.30959097320169243,"59":0.032440056417489406,"60":0.3300423131170663,"61":0.27150916784203094,"62":0.4224259520451339,"63":0.19040902679830746,"64":0.4224259520451339,"65":0.06135401974612133,"66":0.12905500705218614,"67":0.0712270803949224,"68":0.16784203102961914,"69":0.08885754583921016,"70":0.41607898448519043,"71":0.05077574047954866,"72":0.15232722143864597,"73":0.3300423131170663,"74":0.10366713681241181,"75":0.2489421720733428,"76":0.2700987306064879,"77":0.3272214386459803,"78":0.03314527503526091,"79":0.3504936530324401,"80":0.3504936530324401,"81":0.12764456981664316,"82":0.37940761636107195,"83":0.15444287729196046,"84":0.23483779971791263,"85":0.18688293370944997,"86":0.15232722143864597,"87":0.26868829337094496,"88":0.37940761636107195,"89":0.032440056417489406,"90":0.059943582510578235,"91":0.08603667136812405,"92":0.12059238363892806,"93":0.3039492242595204,"94":0.05430183356840615,"95":0.2764456981664316,"96":0.10084626234132582,"97":0.19040902679830746,"98":0.14880112834978837,"99":0.09732016925246822,"100":0.011283497884344169,"101":0.09732016925246822,"102":0.06276445698166433,"103":0.2489421720733428,"104":0.14880112834978837,"105":0.09238363892806764,"106":0.12976022566995762,"107":0.19393511988716497,"108":0.2172073342736248,"109":0.18899858956276447,"110":0.0,"111":0.5409026798307476,"112":0.3236953455571228,"113":0.4421720733427363,"114":0.26657263751763044,"115":0.6107193229901269,"116":1.0,"117":1.0,"118":0.886459802538787,"119":0.3258110014104373,"120":0.6967559943582511,"121":0.1382228490832158,"122":0.6057827926657264,"123":0.0035260930888574896,"124":0.32440056417489427,"125":0.6100141043723554,"126":0.3251057827926658,"127":0.06629055007052181,"128":0.36741889985895626,"129":0.24188998589562763,"130":0.7905500705218619,"131":0.4576868829337094,"132":0.8928067700987307,"133":0.26586741889985893,"134":0.2193229901269393,"135":0.6198871650211566,"136":0.6946403385049366,"137":0.7891396332863186,"138":0.889280677009873,"139":0.616361071932299,"140":0.26445698166431597,"141":0.24330042313117062,"142":0.4569816643159379,"143":0.2193229901269393,"144":0.5190409026798307,"145":0.30465444287729193,"146":1.0,"147":0.5204513399153737,"148":0.5324400564174894,"149":0.7898448519040904,"150":0.8928067700987307,"151":0.44005641748942176,"152":0.6093088857545839,"153":0.994358251057828,"154":0.7898448519040904,"155":0.9908321579689703,"156":0.994358251057828,"157":0.09379407616361074,"158":0.30183356840620595,"159":0.18758815232722148,"160":0.2172073342736248,"161":0.994358251057828},"ranked":{"110":0.0,"123":0.006211180124223602,"100":0.012422360248447204,"59":0.018633540372670808,"89":0.024844720496894408,"78":0.031055900621118012,"22":0.037267080745341616,"71":0.043478260869565216,"94":0.049689440993788817,"90":0.055900621118012424,"65":0.062111801242236024,"102":0.06832298136645963,"127":0.07453416149068323,"67":0.08074534161490683,"91":0.08695652173913043,"69":0.09316770186335403,"26":0.09937888198757763,"105":0.10559006211180125,"157":0.11180124223602485,"12":0.11801242236024845,"99":0.12422360248447205,"101":0.13043478260869565,"96":0.13664596273291926,"20":0.14285714285714285,"74":0.14906832298136646,"92":0.15527950310559005,"6":0.16149068322981366,"81":0.16770186335403728,"66":0.17391304347826086,"106":0.18012422360248448,"121":0.18633540372670807,"55":0.19254658385093168,"98":0.19875776397515527,"104":0.20496894409937888,"72":0.2111801242236025,"86":0.21739130434782608,"29":0.2236024844720497,"28":0.22981366459627328,"83":0.2360248447204969,"47":0.2422360248447205,"68":0.2484472049689441,"51":0.2546583850931677,"50":0.2608695652173913,"85":0.2670807453416149,"159":0.2732919254658385,"109":0.2795031055900621,"63":0.2857142857142857,"97":0.2919254658385093,"33":0.2981366459627329,"107":0.30434782608695654,"5":0.3105590062111801,"57":0.3167701863354037,"4":0.32298136645962733,"25":0.32919254658385094,"27":0.33540372670807456,"19":0.3416149068322981,"108":0.34782608695652173,"160":0.35403726708074534,"48":0.36024844720496896,"134":0.36645962732919257,"143":0.37267080745341613,"24":0.37888198757763975,"13":0.38509316770186336,"53":0.391304347826087,"84":0.39751552795031053,"129":0.40372670807453415,"141":0.40993788819875776,"75":0.4161490683229814,"103":0.422360248447205,"30":0.42857142857142855,"17":0.43478260869565216,"140":0.4409937888198758,"133":0.4472049689440994,"114":0.453416149068323,"8":0.45962732919254656,"87":0.4658385093167702,"76":0.4720496894409938,"2":0.4782608695652174,"21":0.484472049689441,"61":0.4906832298136646,"46":0.4968944099378882,"95":0.5031055900621118,"23":0.5093167701863354,"0":0.515527950310559,"39":0.5217391304347826,"15":0.5279503105590062,"10":0.5341614906832298,"158":0.5403726708074534,"36":0.546583850931677,"93":0.5527950310559007,"145":0.5590062111801242,"42":0.5652173913043478,"43":0.5714285714285714,"38":0.577639751552795,"58":0.5838509316770186,"52":0.5900621118012422,"41":0.5962732919254659,"112":0.6024844720496895,"124":0.6086956521739131,"126":0.6149068322981367,"119":0.6211180124223602,"77":0.6273291925465838,"14":0.6335403726708074,"54":0.639751552795031,"60":0.6459627329192547,"73":0.6521739130434783,"79":0.6583850931677019,"80":0.6645962732919255,"11":0.6708074534161491,"128":0.6770186335403726,"18":0.6832298136645962,"3":0.6894409937888198,"82":0.6956521739130435,"88":0.7018633540372671,"49":0.7080745341614907,"56":0.7142857142857143,"35":0.7204968944099379,"32":0.7267080745341615,"37":0.7329192546583851,"44":0.7391304347826086,"7":0.7453416149068323,"70":0.7515527950310559,"62":0.7577639751552795,"64":0.7639751552795031,"16":0.7701863354037267,"1":0.7763975155279503,"40":0.782608695652174,"9":0.7888198757763976,"151":0.7950310559006211,"113":0.8012422360248447,"34":0.8074534161490683,"142":0.8136645962732919,"45":0.8198757763975155,"131":0.8260869565217391,"144":0.8322981366459627,"147":0.8385093167701864,"148":0.84472049689441,"31":0.8509316770186336,"111":0.8571428571428571,"122":0.8633540372670807,"152":0.8695652173913043,"125":0.8757763975155279,"115":0.8819875776397516,"139":0.8881987577639752,"135":0.8944099378881988,"136":0.9006211180124224,"120":0.906832298136646,"137":0.9130434782608695,"149":0.9192546583850931,"154":0.9254658385093167,"130":0.9316770186335404,"118":0.937888198757764,"138":0.9440993788819876,"132":0.9503105590062112,"150":0.9565217391304348,"155":0.9627329192546584,"153":0.968944099378882,"156":0.9751552795031055,"161":0.9813664596273292,