{"name":"fiedler","normalized":true,"weight":"value","num_of_nodes":183,"num_of_edges":568,"process_time":0.04585695266723633,"data":{"0":0.45138474614388774,"1":0.12905489435748294,"2":0.5191760734699256,"3":0.365286907965649,"4":0.22702359161487815,"5":0.3065907999068528,"6":0.395375348946066,"7":0.12715744911419508,"8":0.1164962419651515,"9":0.33260014216047845,"10":0.08662150563730413,"11":0.40414925024460385,"12":0.3773935529266361,"13":0.41583060062101057,"14":0.08697438314499546,"15":0.12378751361798304,"16":0.229417757814291,"17":0.15796058108770455,"18":0.32657916055124503,"19":0.41986833721692474,"20":0.10724753755802165,"21":0.29101649717341244,"22":0.0977877900403032,"23":0.36019176461740876,"24":0.15788625412382187,"25":0.3497168138135997,"26":0.38346156777934554,"27":0.4440985317149288,"28":0.20882110673008455,"29":0.0,"30":0.27623620957132883,"31":0.1190928424069904,"32":0.15797938232525396,"33":0.3956315806140423,"34":0.3834615677789652,"35":0.22702359161489913,"36":0.3258657791384748,"37":0.3834615677787561,"38":0.352038697466473,"39":0.3265791605512247,"40":0.1291671009894841,"41":0.38603459419758185,"42":0.34760204188320953,"43":0.20882110672946466,"44":0.18989935336752126,"45":0.21939312257338797,"46":0.22573421237555016,"47":0.19984065381021032,"48":0.1948085015120189,"49":0.3065907999073616,"50":0.32586577913778675,"51":0.1898993533674465,"52":0.17860039430599586,"53":0.172065257361924,"54":0.1662351552511868,"55":0.24141883565705793,"56":0.17453656493416292,"57":0.15594082599252562,"58":0.12837060647222728,"59":0.1800184710642092,"60":0.3998220063498398,"61":0.8694754963527777,"62":0.6078008750755426,"63":0.8908390031125316,"64":0.7471333852098782,"65":0.919374056138329,"66":0.8625498164857083,"67":0.7531756845125226,"68":0.8770206521744179,"69":0.9651879469116001,"70":0.6120373590328568,"71":0.9044487344449128,"72":0.8937333961087642,"73":0.6536234692269511,"74":0.91136427013765,"75":0.8682337328459824,"76":0.7315299813488325,"77":0.7275392465107164,"78":0.7847318142850266,"79":0.9238600008737109,"80":0.7315299813490068,"81":0.6078008750752011,"82":0.9405987516378753,"83":0.8339582810819178,"84":0.9042741923020748,"85":0.9029821116379351,"86":0.8932420745956311,"87":0.8916821974008078,"88":0.889230934450157,"89":0.8124522443397736,"90":0.8296936256100338,"91":0.8494715190660955,"92":0.8114169322722491,"93":0.9681173761891736,"94":0.8912093240336451,"95":0.9062989489623942,"96":0.7281812158618234,"97":0.8591658065754972,"98":0.8461303459926323,"99":0.9506630494610641,"100":0.8118850553941256,"101":0.7306273979498674,"102":0.9407433445357797,"103":0.8799080175896016,"104":0.9218732596600608,"105":0.9396501553197718,"106":0.895432102130434,"107":0.7947645310199929,"108":0.923665129134962,"109":0.5959704276247471,"110":0.6799084943964,"111":0.916136015250143,"112":0.8320239979184505,"113":1.0,"114":0.9722616899227471,"115":0.892923192277192,"116":0.739264946689135,"117":0.6350598975570213,"118":0.9499142796245386,"119":0.8124522443395819,"120":0.9363589800153453,"121":0.8694754963527854,"122":0.4021070746920545,"123":0.38007053530055207,"124":0.48276133018484135,"125":0.44412510656363496,"126":0.48438516427165157,"127":0.4992319308039916,"128":0.383645722030669,"129":0.7297666146893755,"130":0.45739632149553655,"131":0.5190763390210845,"132":0.41190937214026896,"133":0.6667845132176041,"134":0.4521329171166665,"135":0.4834957504351501,"136":0.6628842361779919,"137":0.3978657054045458,"138":0.5298065092382884,"139":0.5938696240260456,"140":0.7079884994714005,"141":0.6839582958666327,"142":0.7046577502011877,"143":0.512011393368749,"144":0.6312220954356523,"145":0.43043804231432,"146":0.7006341627194889,"147":0.4027942604913697,"148":0.3922122609452333,"149":0.6223906953940946,"150":0.5845562334569526,"151":0.7129530019877324,"152":0.42291906994175293,"153":0.7125769062231506,"154":0.38470624643906337,"155":0.42063603569714836,"156":0.6270882493543934,"157":0.48906822821013024,"158":0.698090611540557,"159":0.6630310110671449,"160":0.6190078580539092,"161":0.48342232221911985,"162":0.3329663226979951,"163":0.4584604703820508,"164":0.4446649006095053,"165":0.4179738931718838,"166":0.41040685328164817,"167":0.40808397332924745,"168":0.42063603569802077,"169":0.5381070418017593,"170":0.41623857895583116,"171":0.4212835376842892,"172":0.4784838041403454,"173":0.6250419568097304,"174":0.4894708646143993,"175":0.6690582074441659,"176":0.6603542197185537,"177":0.5161152869790736,"178":0.7141177349569129,"179":0.3987683886017639,"180":0.6223906953939656,"181":0.440939269745224,"182":0.4788283175585718},"ranked":{"29":0.0,"10":0.005494505494505495,"14":0.01098901098901099,"22":0.016483516483516484,"20":0.02197802197802198,"8":0.027472527472527472,"31":0.03296703296703297,"15":0.038461538461538464,"7":0.04395604395604396,"58":0.04945054945054945,"1":0.054945054945054944,"40":0.06043956043956044,"57":0.06593406593406594,"24":0.07142857142857142,"17":0.07692307692307693,"32":0.08241758241758242,"54":0.08791208791208792,"53":0.09340659340659341,"56":0.0989010989010989,"52":0.1043956043956044,"59":0.10989010989010989,"51":0.11538461538461539,"44":0.12087912087912088,"48":0.12637362637362637,"47":0.13186813186813187,"43":0.13736263736263737,"28":0.14285714285714285,"45":0.14835164835164835,"46":0.15384615384615385,"4":0.15934065934065933,"35":0.16483516483516483,"16":0.17032967032967034,"55":0.17582417582417584,"30":0.1813186813186813,"21":0.18681318681318682,"5":0.19230769230769232,"49":0.1978021978021978,"50":0.2032967032967033,"36":0.2087912087912088,"39":0.21428571428571427,"18":0.21978021978021978,"9":0.22527472527472528,"162":0.23076923076923078,"42":0.23626373626373626,"25":0.24175824175824176,"38":0.24725274725274726,"23":0.25274725274725274,"3":0.25824175824175827,"12":0.26373626373626374,"123":0.2692307692307692,"37":0.27472527472527475,"34":0.2802197802197802,"26":0.2857142857142857,"128":0.29120879120879123,"154":0.2967032967032967,"41":0.3021978021978022,"148":0.3076923076923077,"6":0.3131868131868132,"33":0.31868131868131866,"137":0.3241758241758242,"179":0.32967032967032966,"60":0.33516483516483514,"122":0.34065934065934067,"147":0.34615384615384615,"11":0.3516483516483517,"167":0.35714285714285715,"166":0.3626373626373626,"132":0.36813186813186816,"13":0.37362637362637363,"170":0.3791208791208791,"165":0.38461538461538464,"19":0.3901098901098901,"155":0.3956043956043956,"168":0.4010989010989011,"171":0.4065934065934066,"152":0.41208791208791207,"145":0.4175824175824176,"181":0.4230769230769231,"27":0.42857142857142855,"125":0.4340659340659341,"164":0.43956043956043955,"0":0.44505494505494503,"134":0.45054945054945056,"130":0.45604395604395603,"163":0.46153846153846156,"172":0.46703296703296704,"182":0.4725274725274725,"124":0.47802197802197804,"161":0.4835164835164835,"135":0.489010989010989,"126":0.4945054945054945,"157":0.5,"174":0.5054945054945055,"127":0.510989010989011,"143":0.5164835164835165,"177":0.521978021978022,"131":0.5274725274725275,"2":0.532967032967033,"138":0.5384615384615384,"169":0.5439560439560439,"150":0.5494505494505495,"139":0.554945054945055,"109":0.5604395604395604,"81":0.5659340659340659,"62":0.5714285714285714,"70":0.5769230769230769,"160":0.5824175824175825,"180":0.5879120879120879,"149":0.5934065934065934,"173":0.5989010989010989,"156":0.6043956043956044,"144":0.6098901098901099,"117":0.6153846153846154,"73":0.6208791208791209,"176":0.6263736263736264,"136":0.6318681318681318,"159":0.6373626373626373,"133":0.6428571428571429,"175":0.6483516483516484,"110":0.6538461538461539,"141":0.6593406593406593,"158":0.6648351648351648,"146":0.6703296703296703,"142":0.6758241758241759,"140":0.6813186813186813,"153":0.6868131868131868,"151":0.6923076923076923,"178":0.6978021978021978,"77":0.7032967032967034,"96":0.7087912087912088,"129":0.7142857142857143,"101":0.7197802197802198,"76":0.7252747252747253,"80":0.7307692307692307,"116":0.7362637362637363,"64":0.7417582417582418,"67":0.7472527472527473,