{"name":"pagerank","alpha":0.85,"weight":"value","num_of_nodes":147,"num_of_edges":459,"process_time":0.03650212287902832,"data":{"0":0.11985943185142665,"1":0.30926171841461836,"2":0.16624612491901086,"3":0.11190127290821733,"4":0.6769310344579551,"5":0.36021160859156687,"6":0.1129153657446993,"7":0.46478329275660507,"8":0.16624612491901086,"9":0.08453113061825178,"10":0.13444092455772083,"11":0.6498568545986438,"12":0.12721749860444226,"13":0.08538459876660523,"14":0.2991753722577984,"15":0.6289376851867508,"16":1.0,"17":0.460290823971984,"18":0.10522604583350126,"19":0.08979820266675395,"20":0.08453113061825178,"21":0.13943619953605532,"22":0.5383883491273862,"23":0.32776062573303527,"24":0.6498568545986438,"25":0.3108324109437977,"26":0.4651022599190095,"27":0.12881390360161704,"28":0.4564516587574087,"29":0.6684372932567861,"30":0.4523052239751401,"31":0.10841550665655206,"32":0.3020538244061207,"33":0.13444092455772083,"34":0.2856085665749607,"35":0.1377638159395267,"36":0.12404401920470992,"37":0.10841550665655221,"38":0.30926171841461836,"39":0.3249208149056858,"40":0.12721749860444226,"41":0.687929391027684,"42":0.3041699791133763,"43":0.35399794625122216,"44":0.2686111864696213,"45":0.11916999471410816,"46":0.11760779083499609,"47":0.16624612491901086,"48":0.4964393830055405,"49":0.11624254543190464,"50":0.2715937137955704,"51":0.30246544996993785,"52":0.29104410424606963,"53":0.35643648558986074,"54":0.5417845167649167,"55":0.1781062904920325,"56":0.02193246333484504,"57":0.11624919817521716,"58":0.28722810205162036,"59":0.2615888080479711,"60":0.6645647204915552,"61":0.35980741667195476,"62":0.4466848603564313,"63":0.6580654006593543,"64":0.29104410424606963,"65":0.45757785287039804,"66":0.29104410424606963,"67":0.1172010339548113,"68":0.2656835962228628,"69":0.042520363249506775,"70":0.29104410424606963,"71":0.5308647604307438,"72":0.3240354318408988,"73":0.08640709236944555,"74":0.09706364680579807,"75":0.27906356449460185,"76":0.4676749390245953,"77":0.04175047284420137,"78":0.281908766749296,"79":0.11377992696357407,"80":0.1172010339548113,"81":0.2858750678371121,"82":0.2901530777420449,"83":0.2822905714588337,"84":0.4464177471980903,"85":0.09557525145927087,"86":0.27327796219574824,"87":0.4783307117941679,"88":0.5100968817880343,"89":0.09761944970058051,"90":0.9885724722500154,"91":0.02301590291133614,"92":0.6778545196918336,"93":0.04512866355316887,"94":0.6778545196918336,"95":0.09706364680579839,"96":0.29922994106252576,"97":0.27361152934142263,"98":0.06661710927889691,"99":0.5389661084410156,"100":0.5996511037817898,"101":0.6436036506228757,"102":0.5632625476215497,"103":0.13850571674877374,"104":0.036521350182639245,"105":0.3940810763925157,"106":0.05950571337134149,"107":0.41162960124115233,"108":0.2765828164598005,"109":0.13850571674877374,"110":0.20361796352429182,"111":0.6766889242121046,"112":0.481714715563022,"113":0.2306292929482103,"114":0.15507084637860444,"115":0.053417489377057,"116":0.0459621962346272,"117":0.2525777937996665,"118":0.8082462458002976,"119":0.02831618139768539,"120":0.03584462642722531,"121":0.01290114664229093,"122":0.2197961377680199,"123":0.5584512608212236,"124":0.9316685209109931,"125":0.17569157185720397,"126":0.09493990683848137,"127":0.9055134805369522,"128":0.08362365211885774,"129":0.0,"130":0.8005410305139496,"131":0.180682543630628,"132":0.08794930317844205,"133":0.4218639734940834,"134":0.13850571674877374,"135":0.09493990683848137,"136":0.43144452326191385,"137":0.3940810763925157,"138":0.3214025566927466,"139":0.0459621962346272,"140":0.2306292929482103,"141":0.19043772352602134,"142":0.633075663010294,"143":0.19401017306650162,"144":0.3214025566927466,"145":0.43253357637617196,"146":0.14969696416942033},"ranked":{"129":0.0,"121":0.00684931506849315,"56":0.0136986301369863,"91":0.02054794520547945,"119":0.0273972602739726,"120":0.03424657534246575,"104":0.0410958904109589,"77":0.04794520547945205,"69":0.0547945205479452,"93":0.06164383561643835,"116":0.0684931506849315,"139":0.07534246575342465,"115":0.0821917808219178,"106":0.08904109589041095,"98":0.0958904109589041,"128":0.10273972602739725,"9":0.1095890410958904,"20":0.11643835616438356,"13":0.1232876712328767,"73":0.13013698630136986,"132":0.136986301369863,"19":0.14383561643835616,"126":0.1506849315068493,"135":0.15753424657534246,"85":0.1643835616438356,"74":0.17123287671232876,"95":0.1780821917808219,"89":0.18493150684931506,"18":0.1917808219178082,"31":0.19863013698630136,"37":0.2054794520547945,"3":0.21232876712328766,"6":0.2191780821917808,"79":0.22602739726027396,"49":0.2328767123287671,"57":0.23972602739726026,"67":0.2465753424657534,"80":0.2534246575342466,"46":0.2602739726027397,"45":0.2671232876712329,"0":0.273972602739726,"36":0.2808219178082192,"12":0.2876712328767123,"40":0.2945205479452055,"27":0.3013698630136986,"10":0.3082191780821918,"33":0.3150684931506849,"35":0.3219178082191781,"103":0.3287671232876712,"109":0.3356164383561644,"134":0.3424657534246575,"21":0.3493150684931507,"146":0.3561643835616438,"114":0.363013698630137,"2":0.3698630136986301,"8":0.3767123287671233,"47":0.3835616438356164,"125":0.3904109589041096,"55":0.3972602739726027,"131":0.4041095890410959,"141":0.410958904109589,"143":0.4178082191780822,"110":0.4246575342465753,"122":0.4315068493150685,"113":0.4383561643835616,"140":0.4452054794520548,"117":0.4520547945205479,"59":0.4589041095890411,"68":0.4657534246575342,"44":0.4726027397260274,"50":0.4794520547945205,"86":0.4863013698630137,"97":0.4931506849315068,"108":0.5,"75":0.5068493150684932,"78":0.5136986301369864,"83":0.5205479452054794,"34":0.5273972602739726,"81":0.5342465753424658,"58":0.541095890410959,"82":0.547945205479452,"52":0.5547945205479452,"64":0.5616438356164384,"66":0.5684931506849316,"70":0.5753424657534246,"14":0.5821917808219178,"96":0.589041095890411,"32":0.5958904109589042,"51":0.6027397260273972,"42":0.6095890410958904,"1":0.6164383561643836,"38":0.6232876712328768,"25":0.6301369863013698,"138":0.636986301369863,"144":0.6438356164383562,"72":0.6506849315068494,"39":0.6575342465753424,"23":0.6643835616438356,"43":0.6712328767123288,"53":0.678082191780822,"61":0.684931506849315,"5":0.6917808219178082,"105":0.6986301369863014,"137":0.7054794520547946,"107":0.7123287671232876,"133":0.7191780821917808,"136":0.726027397260274,"145":0.7328767123287672,"84":0.7397260273972602,"62":0.7465753424657534,"30":0.7534246575342466,"28":0.7602739726027398,"65":0.7671232876712328,"17":0.773972602739726,"7":0.7808219178082192,"26":0.7876712328767124,"76":0.7945205479452054,"87":0.8013698630136986,"112":0.8082191780821918,"48":0.815068493150685,"88":0.821917808219178,"71":0.8287671232876712,"22":0.8356164383561644,"99":0.8424657534246576,"54":0.8493150684931506,"123":0.8561643835616438,"102":0.863013698630137,"100":0.8698630136986302,"15":0.8767123287671232,"142":0.8835616438356164,"101":0.8904109589041096,"11":0.8972602739726028,"24":0.9041095890410958,"63":0.910958904109589,"60":0.9178082191780822,"29":0.9246575342465754,"111":0.9315068493150684,"4":0.9383561643835616,"92":0.9452054794520548,"94":0.952054794520548,"41":0.958904109589041,"130":0.9657534246575342,"118":0.9726027397260274,"127":0.9794520547945206,"124":0.9863013698630136,"90":0.9931506849315068,"16":1.0}}