{"name":"fiedler","normalized":true,"weight":"value","num_of_nodes":111,"num_of_edges":343,"process_time":0.03763294219970703,"data":{"0":0.10119137895043681,"1":0.10164821476611846,"2":0.11199787149270968,"3":0.18322020527662466,"4":0.07290789032526482,"5":0.15484595403807516,"6":0.10696517437956621,"7":0.10619219771979617,"8":0.09501974847137684,"9":0.18388687833139228,"10":0.20138706558237185,"11":0.033466987688463234,"12":0.16675610704413404,"13":0.17704946394548968,"14":0.15386897518126574,"15":0.10809360327548867,"16":0.10036898504565912,"17":0.03346698768806816,"18":0.1472277633849186,"19":0.15869529354236206,"20":0.09119912477810595,"21":0.10646815096458595,"22":0.0,"23":0.03484461981420986,"24":0.07490133888435963,"25":0.0877473716881423,"26":0.12306646893429261,"27":0.09346591694373356,"28":0.08471641182866674,"29":0.10642621664257206,"30":0.09471879525245487,"31":0.07467033353099331,"32":0.212061377311691,"33":0.1770494639444083,"34":0.2707132926702283,"35":0.0770277450065681,"36":0.1685562702848316,"37":0.7219603617714372,"38":0.7188750317348823,"39":0.822716350559508,"40":0.9450940731852571,"41":0.621586568875471,"42":0.819335182080147,"43":0.8611646341095108,"44":0.8827072937358912,"45":0.8836605956295928,"46":0.7087140685924037,"47":1.0,"48":0.8910555141096069,"49":0.9334064958259318,"50":0.9436616022941888,"51":0.691879251099406,"52":0.737334769089139,"53":0.8730167051523867,"54":0.8193351820804075,"55":0.8179787258076079,"56":0.9131074726835253,"57":0.913734489732095,"58":0.8192362493685807,"59":0.6890711338038724,"60":0.7219603617704855,"61":0.8638150915871039,"62":0.8408208473207468,"63":0.8477156325207482,"64":0.8010932439403669,"65":0.6692037715524323,"66":0.7480119797301568,"67":0.8367176546002437,"68":0.8825245912162817,"69":0.8816464072046396,"70":0.855571220691225,"71":0.9041838408233909,"72":0.8507725066087133,"73":0.6936273287189323,"74":0.17901525219842593,"75":0.3955789012636844,"76":0.6722288989012611,"77":0.4302425769554715,"78":0.6364442857543772,"79":0.6694582974678986,"80":0.32121080329847673,"81":0.32417332535752885,"82":0.3029352380957334,"83":0.20491127263550263,"84":0.802104609970498,"85":0.3424734213290693,"86":0.3783726067243204,"87":0.6364442857529834,"88":0.7434748244682299,"89":0.7951316915946678,"90":0.18723880025842346,"91":0.7215282471877262,"92":0.6543690819582453,"93":0.6543690819582633,"94":0.7642188180888296,"95":0.33550925822581457,"96":0.3558088973072823,"97":0.7174829533043783,"98":0.6905280345617798,"99":0.6032909622954634,"100":0.7633529432637823,"101":0.3783726067266414,"102":0.3642340891729853,"103":0.5655463810785453,"104":0.38469586807493306,"105":0.3275024957678853,"106":0.7311627855246489,"107":0.3513379665920018,"108":0.5875424054752988,"109":0.3885876355230903,"110":0.38858763551800624},"ranked":{"22":0.0,"17":0.00909090909090909,"11":0.01818181818181818,"23":0.02727272727272727,"4":0.03636363636363636,"31":0.045454545454545456,"24":0.05454545454545454,"35":0.06363636363636363,"28":0.07272727272727272,"25":0.08181818181818182,"20":0.09090909090909091,"27":0.1,"30":0.10909090909090909,"8":0.11818181818181818,"16":0.12727272727272726,"0":0.13636363636363635,"1":0.14545454545454545,"7":0.15454545454545454,"29":0.16363636363636364,"21":0.17272727272727273,"6":0.18181818181818182,"15":0.19090909090909092,"2":0.2,"26":0.20909090909090908,"18":0.21818181818181817,"14":0.22727272727272727,"5":0.23636363636363636,"19":0.24545454545454545,"12":0.2545454545454545,"36":0.2636363636363636,"33":0.2727272727272727,"13":0.2818181818181818,"74":0.2909090909090909,"3":0.3,"9":0.3090909090909091,"90":0.3181818181818182,"10":0.32727272727272727,"83":0.33636363636363636,"32":0.34545454545454546,"34":0.35454545454545455,"82":0.36363636363636365,"80":0.37272727272727274,"81":0.38181818181818183,"105":0.39090909090909093,"95":0.4,"85":0.4090909090909091,"107":0.41818181818181815,"96":0.42727272727272725,"102":0.43636363636363634,"86":0.44545454545454544,"101":0.45454545454545453,"104":0.4636363636363636,"110":0.4727272727272727,"109":0.4818181818181818,"75":0.4909090909090909,"77":0.5,"103":0.509090909090909,"108":0.5181818181818182,"99":0.5272727272727272,"41":0.5363636363636364,"87":0.5454545454545454,"78":0.5545454545454546,"92":0.5636363636363636,"93":0.5727272727272728,"65":0.5818181818181818,"79":0.5909090909090909,"76":0.6,"59":0.6090909090909091,"98":0.6181818181818182,"51":0.6272727272727273,"73":0.6363636363636364,"46":0.6454545454545455,"97":0.6545454545454545,"38":0.6636363636363637,"91":0.6727272727272727,"60":0.6818181818181818,"37":0.6909090909090909,"106":0.7,"52":0.7090909090909091,"88":0.7181818181818181,"66":0.7272727272727273,"100":0.7363636363636363,"94":0.7454545454545455,"89":0.7545454545454545,"64":0.7636363636363637,"84":0.7727272727272727,"55":0.7818181818181819,"58":0.7909090909090909,"42":0.8,"54":0.8090909090909091,"39":0.8181818181818182,"67":0.8272727272727273,"62":0.8363636363636363,"63":0.8454545454545455,"72":0.8545454545454545,"70":0.8636363636363636,"43":0.8727272727272727,"61":0.8818181818181818,"53":0.8909090909090909,"69":0.9,"68":0.9090909090909091,"44":0.9181818181818182,"45":0.9272727272727272,"48":0.9363636363636364,"71":0.9454545454545454,"56":0.9545454545454546,"57":0.9636363636363636,"49":0.9727272727272728,"50":0.9818181818181818,"40":0.990909090909091,"47":1.0}}