{"name":"fiedler","normalized":false,"weight":"value","num_of_nodes":153,"num_of_edges":305,"process_time":0.055348873138427734,"data":{"0":0.12156829731219454,"1":0.017717248025288977,"2":0.022738325760168234,"3":0.20666709219271978,"4":0.020903656094325273,"5":0.21045502066167565,"6":0.08500267518701239,"7":0.025811541607736237,"8":0.012625487043396355,"9":2.6738928874811775e-05,"10":0.03190660330548182,"11":0.004967140151777514,"12":0.00043620419713790294,"13":0.24636706352244894,"14":0.033136406683289,"15":0.026880425098640786,"16":0.24711948233992476,"17":0.0,"18":0.04498855018826969,"19":0.005961172122490417,"20":0.03171042307567346,"21":0.09001816251791281,"22":0.009441977600269075,"23":0.0003951474654581377,"24":0.009522738607986388,"25":0.25811934539654086,"26":0.0018809365259295358,"27":0.20947042458528817,"28":0.015166343932280113,"29":0.2021129483683947,"30":0.006836156778646179,"31":0.15630232977681333,"32":0.009845308477851217,"33":0.0024008863133197084,"34":0.0011277044547936034,"35":0.15630232977681333,"36":0.0013414823602846935,"37":0.008188308735811795,"38":0.02371617360672186,"39":0.025568626357879307,"40":0.21212539647789266,"41":0.028100746408524002,"42":0.19218474709454483,"43":0.20002436478206206,"44":0.04951894605402507,"45":0.021552279356741904,"46":0.22272969671915485,"47":0.0004753876817567047,"48":0.06502105328684384,"49":0.25811934539654086,"50":0.05721034673198244,"51":0.9656811456071168,"52":0.602318439163393,"53":0.9639947858317434,"54":0.9982080130342195,"55":0.9394666405576008,"56":0.9773682649660271,"57":0.9603913946237481,"58":0.9355797307136503,"59":0.9932657018977747,"60":0.852475354188078,"61":1.0,"62":0.9299948602937753,"63":0.5515129037849821,"64":0.9436776335970833,"65":0.9609385465884281,"66":0.9988964279057975,"67":0.602318439163393,"68":0.5786384462305032,"69":0.9950519731549238,"70":0.5989607091815538,"71":0.7777148156741797,"72":0.986857267673638,"73":0.9886121637882616,"74":0.9338509534241005,"75":0.9575796334303781,"76":0.9891816359259693,"77":0.9126687013335588,"78":0.36274406936491566,"79":0.9507804669313211,"80":0.9471381929969195,"81":0.9767402762676509,"82":0.9997790261138231,"83":0.8377080523907938,"84":0.9587074502865547,"85":0.9402576357602107,"86":0.9676055908190858,"87":0.8800818518949924,"88":0.9114578628763953,"89":0.9961410943696184,"90":0.6404611240044482,"91":0.9262251646748921,"92":0.2814221086224882,"93":0.5137147544777637,"94":0.6016880181988221,"95":0.9908635871714465,"96":0.99820801303422,"97":0.9470703707689685,"98":0.9143743885992199,"99":0.6048364218104647,"100":0.9980598157026792,"101":0.5610136205697805,"102":0.1701104327802359,"103":0.11688103010270338,"104":0.06605037771402601,"105":0.22088227524069134,"106":0.11756893797398946,"107":0.06692149513960581,"108":0.07417078988178986,"109":0.12402875537780328,"110":0.06983396758699327,"111":0.20629086738912866,"112":0.29303171274616546,"113":0.07908148889613242,"114":0.06887714553182861,"115":0.19014532531432068,"116":0.0738440088198933,"117":0.19014532531432068,"118":0.054311490736851695,"119":0.0959881255472904,"120":0.1592591290811578,"121":0.12402875537780328,"122":0.11756893797398946,"123":0.055577729331039834,"124":0.11825682975741872,"125":0.18570104255091133,"126":0.2585724161107478,"127":0.06329201892457995,"128":0.05882119218596202,"129":0.2755780060562157,"130":0.12324183836249819,"131":0.05410164839814121,"132":0.12402875537486734,"133":0.1910950146444198,"134":0.22834003646795462,"135":0.07188524099542158,"136":0.09681767676441248,"137":0.05534023976301972,"138":0.07662983472769026,"139":0.17628363701675706,"140":0.11825682975741848,"141":0.05439167566512382,"142":0.1392806543178929,"143":0.05605836805295293,"144":0.07309522349951347,"145":0.11601934970862866,"146":0.05418504158844455,"147":0.0538099358396027,"148":0.2755780060562157,"149":0.19014532531432068,"150":0.13251433890587733,"151":0.0658322782286508,"152":0.12573800639974791},"ranked":{"17":0.0,"9":0.006578947368421052,"23":0.013157894736842105,"12":0.019736842105263157,"47":0.02631578947368421,"34":0.03289473684210526,"36":0.039473684210526314,"26":0.046052631578947366,"33":0.05263157894736842,"11":0.05921052631578947,"19":0.06578947368421052,"30":0.07236842105263158,"37":0.07894736842105263,"22":0.08552631578947369,"24":0.09210526315789473,"32":0.09868421052631579,"8":0.10526315789473684,"28":0.1118421052631579,"1":0.11842105263157894,"4":0.125,"45":0.13157894736842105,"2":0.13815789473684212,"38":0.14473684210526316,"39":0.1513157894736842,"7":0.15789473684210525,"15":0.16447368421052633,"41":0.17105263157894737,"20":0.17763157894736842,"10":0.18421052631578946,"14":0.19078947368421054,"18":0.19736842105263158,"44":0.20394736842105263,"147":0.21052631578947367,"131":0.21710526315789475,"146":0.2236842105263158,"118":0.23026315789473684,"141":0.23684210526315788,"137":0.24342105263157895,"123":0.25,"143":0.2565789473684211,"50":0.2631578947368421,"128":0.26973684210526316,"127":0.27631578947368424,"48":0.28289473684210525,"151":0.2894736842105263,"104":0.29605263157894735,"107":0.3026315789473684,"114":0.3092105263157895,"110":0.3157894736842105,"135":0.3223684210526316,"144":0.32894736842105265,"116":0.3355263157894737,"108":0.34210526315789475,"138":0.34868421052631576,"113":0.35526315789473684,"6":0.3618421052631579,"21":0.3684210526315789,"119":0.375,"136":0.3815789473684211,"145":0.3881578947368421,"103":0.39473684210526316,"106":0.40131578947368424,"122":0.40789473684210525,"140":0.4144736842105263,"124":0.42105263157894735,"0":0.4276315789473684,"130":0.4342105263157895,"132":0.4407894736842105,"109":0.4473684210526316,"121":0.45394736842105265,"152":0.4605263157894737,"150":0.46710526315789475,"142":0.47368421052631576,"31":0.48026315789473684,"35":0.4868421052631579,"120":0.4934210526315789,"102":0.5,"139":0.506578947368421,"125":0.5131578947368421,"115":0.5197368421052632,"117":0.5263157894736842,"149":0.5328947368421053,"133":0.5394736842105263,"42":0.5460526315789473,"43":0.5526315789473685,"29":0.5592105263157895,"111":0.5657894736842105,"3":0.5723684210526315,"27":0.5789473684210527,"5":0.5855263157894737,"40":0.5921052631578947,"105":0.5986842105263158,"46":0.6052631578947368,"134":0.6118421052631579,"13":0.618421052631579,"16":0.625,"25":0.631578947368421,"49":0.6381578947368421,"126":0.6447368421052632,"129":0.6513157894736842,"148":0.6578947368421053,"92":0.6644736842105263,"112":0.6710526315789473,"78":0.6776315789473685,"93":0.6842105263157895,"63":0.6907894736842105,"101":0.6973684210526315,"68":0.7039473684210527,"70":0.7105263157894737,"94":0.7171052631578947,"52":0.7236842105263158,"67":0.7302631578947368,"99":0.7368421052631579,"90":0.743421052631579,"71":0.75,"83":0.756578947368421,"60":0.7631578947368421,"87":0.7697368421052632,"88":0.7763157894736842,"77":0.7828947368421053,"98":0.7894736842105263,"91":0.7960526315789473,"62":0.8026315789473685,"74":0.8092105263157895,"58":0.8157894736842105,"55":0.8223684210526315,"85":0.8289473684210527,"64":0.8355263157894737,"97":0.8421052631578947,"80":0.8486842105263158,"79":0.8552631578947368,"75":0.8618421052631579,"84":0.868421052631579,"57":0.875,"65":0.881578947368421,"53":0.8881578947368421,"51":0.8947368421052632,"86":0.9013157894736842,"81":0.9078947368421053,"56":0.9144736842105263,"72":0.9210526315789473,"73":0.9276315789473685,"76":0.9342105263157895,"95":0.9407894736842105,"59":0.9473684210526315,"69":0.9539473684210527,"89":0.9605263157894737,"100":0.9671052631578947,"54":0.9736842105263158,"96":0.9802631578947368,"66":0.9868421052631579,"82":0.993421052631579,"61":1.0}}