{"name":"pagerank","alpha":0.85,"weight":"value","num_of_nodes":111,"num_of_edges":213,"process_time":0.03547406196594238,"data":{"0":0.3056994122514846,"1":0.15503226573515752,"2":0.08407667280606727,"3":0.26014681736984857,"4":0.2391876807771397,"5":0.3219603283175923,"6":0.38096974979483766,"7":0.04484656084187553,"8":0.026480586896977194,"9":0.5586927208648502,"10":0.15503226573515752,"11":0.4685509269233586,"12":0.8129683170935068,"13":0.27833667286793434,"14":0.08609031903287775,"15":0.10012451202605183,"16":0.7409421514525485,"17":0.5665561952391684,"18":0.15503226573515752,"19":0.12867527586044303,"20":0.09965930506428061,"21":0.03838465032100398,"22":0.11180477013715874,"23":0.6201912378231622,"24":0.6073592300174144,"25":0.23031373603297342,"26":0.03838465032100398,"27":0.7087566122319541,"28":0.0843110650244444,"29":0.3464577037776464,"30":0.13131930693296012,"31":0.49404181513642415,"32":0.6240292246390088,"33":0.08489768465706414,"34":0.11340142355101564,"35":0.38224063135876385,"36":0.08407667280606727,"37":0.3543029355095013,"38":0.19407096292783055,"39":0.5775643498446382,"40":0.42784736517195837,"41":0.21656449757311758,"42":0.06226144308396508,"43":0.05393199788945045,"44":0.0806701573161872,"45":0.48158614315154585,"46":0.10324600452527116,"47":0.0,"48":0.2803884756118381,"49":0.09099176707366642,"50":0.21656449757311758,"51":0.06608758256991144,"52":0.5649920635178828,"53":0.43967299286061223,"54":0.1857113875544262,"55":0.01064139476170892,"56":0.16115152176949973,"57":0.4944239974645187,"58":0.3211134344691784,"59":0.19407096292783055,"60":0.30740414629210855,"61":0.3260676263006067,"62":0.37291697145696234,"63":0.31734035549986983,"64":0.10787048547999074,"65":0.3390132655121117,"66":0.05778816924619121,"67":0.18571138755442598,"68":0.18219547574582085,"69":0.8520593809957386,"70":0.056665519599487804,"71":0.20968624986412346,"72":0.03166532824427632,"73":0.8970842294173176,"74":0.25116375070736846,"75":0.0701665567702986,"76":0.28088030507921996,"77":0.28280460703889154,"78":0.09308108996240538,"79":0.33834620701991064,"80":0.5259500524464454,"81":0.37718405607232003,"82":0.34471225928187743,"83":0.34029433923929187,"84":0.10233159781813402,"85":0.08261036403432695,"86":0.09547556362806625,"87":0.4692899643363889,"88":0.2985543019537966,"89":0.25116375070736846,"90":0.46928996433638914,"91":0.33834620701991064,"92":0.10312058277359683,"93":0.232602497690892,"94":0.04369096006629381,"95":0.09308108996240527,"96":0.04369096006629381,"97":0.33050281696939837,"98":0.9151101405018818,"99":0.09547556362806625,"100":0.232602497690892,"101":0.3223887884924057,"102":0.04511412017909611,"103":0.1051358847778505,"104":0.4899924306010675,"105":0.2613928091133918,"106":0.31963968976739915,"107":1.0,"108":0.48177054353126475,"109":0.015890060822796363,"110":0.10233159781813392},"ranked":{"47":0.0,"55":0.00909090909090909,"109":0.01818181818181818,"8":0.02727272727272727,"72":0.03636363636363636,"21":0.045454545454545456,"26":0.05454545454545454,"94":0.06363636363636363,"96":0.07272727272727272,"7":0.08181818181818182,"102":0.09090909090909091,"43":0.1,"70":0.10909090909090909,"66":0.11818181818181818,"42":0.12727272727272726,"51":0.13636363636363635,"75":0.14545454545454545,"44":0.15454545454545454,"85":0.16363636363636364,"2":0.17272727272727273,"36":0.18181818181818182,"28":0.19090909090909092,"33":0.2,"14":0.20909090909090908,"49":0.21818181818181817,"95":0.22727272727272727,"78":0.23636363636363636,"86":0.24545454545454545,"99":0.2545454545454545,"20":0.2636363636363636,"15":0.2727272727272727,"110":0.2818181818181818,"84":0.2909090909090909,"92":0.3,"46":0.3090909090909091,"103":0.3181818181818182,"64":0.32727272727272727,"22":0.33636363636363636,"34":0.34545454545454546,"19":0.35454545454545455,"30":0.36363636363636365,"1":0.37272727272727274,"10":0.38181818181818183,"18":0.39090909090909093,"56":0.4,"68":0.4090909090909091,"67":0.41818181818181815,"54":0.42727272727272725,"38":0.43636363636363634,"59":0.44545454545454544,"71":0.45454545454545453,"41":0.4636363636363636,"50":0.4727272727272727,"25":0.4818181818181818,"93":0.4909090909090909,"100":0.5,"4":0.509090909090909,"74":0.5181818181818182,"89":0.5272727272727272,"3":0.5363636363636364,"105":0.5454545454545454,"13":0.5545454545454546,"48":0.5636363636363636,"76":0.5727272727272728,"77":0.5818181818181818,"88":0.5909090909090909,"0":0.6,"60":0.6090909090909091,"63":0.6181818181818182,"106":0.6272727272727273,"58":0.6363636363636364,"5":0.6454545454545455,"101":0.6545454545454545,"61":0.6636363636363637,"97":0.6727272727272727,"79":0.6818181818181818,"91":0.6909090909090909,"65":0.7,"83":0.7090909090909091,"82":0.7181818181818181,"29":0.7272727272727273,"37":0.7363636363636363,"62":0.7454545454545455,"81":0.7545454545454545,"6":0.7636363636363637,"35":0.7727272727272727,"40":0.7818181818181819,"53":0.7909090909090909,"11":0.8,"87":0.8090909090909091,"90":0.8181818181818182,"45":0.8272727272727273,"108":0.8363636363636363,"104":0.8454545454545455,"31":0.8545454545454545,"57":0.8636363636363636,"80":0.8727272727272727,"9":0.8818181818181818,"52":0.8909090909090909,"17":0.9,"39":0.9090909090909091,"24":0.9181818181818182,"23":0.9272727272727272,"32":0.9363636363636364,"27":0.9454545454545454,"16":0.9545454545454546,"12":0.9636363636363636,"69":0.9727272727272728,"73":0.9818181818181818,"98":0.990909090909091,"107":1.0}}