{"name":"fiedler","normalized":true,"weight":"value","num_of_nodes":135,"num_of_edges":423,"process_time":0.03558492660522461,"data":{"0":0.08698952016078632,"1":0.17333686444953342,"2":0.08883045504963794,"3":0.1775360095360403,"4":0.17754503315428288,"5":0.08883045505346403,"6":0.11580099554127525,"7":0.1033387865975266,"8":0.15419816534220954,"9":0.10414370499702122,"10":0.037371804622811845,"11":0.10650174246235813,"12":0.1048051813695239,"13":0.1043879175779947,"14":0.057292709739776,"15":0.15643903908512186,"16":0.14812432834828876,"17":0.13943109107550788,"18":0.1481243283482934,"19":0.13939819286714103,"20":0.1328889610776208,"21":0.12698404461683996,"22":0.17179619931819173,"23":0.1287970817771287,"24":0.0,"25":0.11981374059890555,"26":0.05790005174472364,"27":0.13266211952366144,"28":0.0373718046219537,"29":0.16868387245658162,"30":0.08294439003901986,"31":0.12455706096934596,"32":0.12886403100757213,"33":0.09853306112391998,"34":0.1342708125832495,"35":0.10737298218773836,"36":0.15481313460420423,"37":0.1775450331542762,"38":0.15704201822148348,"39":0.1299694207583157,"40":0.10824150111780471,"41":0.11815475688127745,"42":0.05790005174997698,"43":0.15805328590813575,"44":0.14445416157045532,"45":0.13598182715238638,"46":0.9202306406892644,"47":0.13770388860688382,"48":0.12793121077436695,"49":0.8626695761059882,"50":0.8248867095608402,"51":0.9633943264074981,"52":0.17659211321970367,"53":0.9644253915433846,"54":0.8312267636242596,"55":1.0,"56":0.8752398204169407,"57":0.17177372987982928,"58":0.13486141729132184,"59":0.8794649722817235,"60":0.1274241982201968,"61":0.16531019762613136,"62":0.7821364332862701,"63":0.8312267636249164,"64":0.7943593927815429,"65":0.18241401863183515,"66":0.8714456833086466,"67":0.8826903490027974,"68":0.14571606844733015,"69":0.15517227037533823,"70":0.1748466541227297,"71":0.19318631543905193,"72":0.8379458747482345,"73":0.17817056522866104,"74":0.8051331745239023,"75":0.8051331745240008,"76":0.8626695761064654,"77":0.15254027710271353,"78":0.6989247726286262,"79":0.8158350784264176,"80":0.17251638443102035,"81":0.882251798645928,"82":0.9256484123713884,"83":0.8635338209880093,"84":0.18253348844316683,"85":0.9802750710517174,"86":0.17659211321981091,"87":0.9488513001917751,"88":0.15815848409551542,"89":0.10641663262922767,"90":0.23882134063021898,"91":0.3543725365005729,"92":0.5132171073575186,"93":0.46299167911944134,"94":0.6334242170837282,"95":0.3103805101012395,"96":0.31038051010122963,"97":0.16486320597270013,"98":0.1985650293886464,"99":0.21144070753968025,"100":0.44700343012395094,"101":0.5942814764174877,"102":0.2491169749955788,"103":0.280550578690155,"104":0.44862072651148244,"105":0.21810080044406302,"106":0.5558138409238209,"107":0.6109825166589203,"108":0.3103805101012373,"109":0.2754706728155521,"110":0.4711078079442113,"111":0.2561340190528266,"112":0.23345224085673374,"113":0.25133987003873814,"114":0.34276129321877036,"115":0.3100267668378042,"116":0.44372935591316653,"117":0.4396304566305912,"118":0.6109825166590536,"119":0.40477506489250853,"120":0.4543287185269774,"121":0.45164763167422467,"122":0.3604534713547602,"123":0.22631419199753705,"124":0.3243301975564681,"125":0.6334242170836483,"126":0.35463564821394666,"127":0.44079334324155117,"128":0.34276129321861715,"129":0.33321132415478244,"130":0.4838181907728986,"131":0.4644374819143142,"132":0.21144070753968117,"133":0.6291706535007464,"134":0.5135889816423912},"ranked":{"24":0.0,"28":0.007462686567164179,"10":0.014925373134328358,"14":0.022388059701492536,"26":0.029850746268656716,"42":0.03731343283582089,"30":0.04477611940298507,"0":0.05223880597014925,"2":0.05970149253731343,"5":0.06716417910447761,"33":0.07462686567164178,"7":0.08208955223880597,"9":0.08955223880597014,"13":0.09701492537313433,"12":0.1044776119402985,"89":0.11194029850746269,"11":0.11940298507462686,"35":0.12686567164179105,"40":0.13432835820895522,"6":0.1417910447761194,"41":0.14925373134328357,"25":0.15671641791044777,"31":0.16417910447761194,"21":0.17164179104477612,"60":0.1791044776119403,"48":0.1865671641791045,"23":0.19402985074626866,"32":0.20149253731343283,"39":0.208955223880597,"27":0.21641791044776118,"20":0.22388059701492538,"34":0.23134328358208955,"58":0.23880597014925373,"45":0.2462686567164179,"47":0.2537313432835821,"19":0.26119402985074625,"17":0.26865671641791045,"44":0.27611940298507465,"68":0.2835820895522388,"16":0.291044776119403,"18":0.29850746268656714,"77":0.30597014925373134,"8":0.31343283582089554,"36":0.3208955223880597,"69":0.3283582089552239,"15":0.3358208955223881,"38":0.34328358208955223,"43":0.35074626865671643,"88":0.3582089552238806,"97":0.3656716417910448,"61":0.373134328358209,"29":0.3805970149253731,"57":0.3880597014925373,"22":0.39552238805970147,"80":0.40298507462686567,"1":0.41044776119402987,"70":0.417910447761194,"52":0.4253731343283582,"86":0.43283582089552236,"3":0.44029850746268656,"37":0.44776119402985076,"4":0.4552238805970149,"73":0.4626865671641791,"65":0.4701492537313433,"84":0.47761194029850745,"71":0.48507462686567165,"98":0.4925373134328358,"99":0.5,"132":0.5074626865671642,"105":0.5149253731343284,"123":0.5223880597014925,"112":0.5298507462686567,"90":0.5373134328358209,"102":0.5447761194029851,"113":0.5522388059701493,"111":0.5597014925373134,"109":0.5671641791044776,"103":0.5746268656716418,"115":0.582089552238806,"96":0.5895522388059702,"108":0.5970149253731343,"95":0.6044776119402985,"124":0.6119402985074627,"129":0.6194029850746269,"128":0.6268656716417911,"114":0.6343283582089553,"91":0.6417910447761194,"126":0.6492537313432836,"122":0.6567164179104478,"119":0.664179104477612,"117":0.6716417910447762,"127":0.6791044776119403,"116":0.6865671641791045,"100":0.6940298507462687,"104":0.7014925373134329,"121":0.7089552238805971,"120":0.7164179104477612,"93":0.7238805970149254,"131":0.7313432835820896,"110":0.7388059701492538,"130":0.746268656716418,"92":0.753731343283582,"134":0.7611940298507462,"106":0.7686567164179104,"101":0.7761194029850746,"107":0.7835820895522388,"118":0.7910447761194029,"133":0.7985074626865671,"125":0.8059701492537313,"94":0.8134328358208955,"78":0.8208955223880597,"62":0.8283582089552238,"64":0.835820895522388,"74":0.8432835820895522,"75":0.8507462686567164,"79":0.8582089552238806,"50":0.8656716417910447,"54":0.8731343283582089,"63":0.8805970149253731,"72":0.8880597014925373,"49":0.8955223880597015,"76":0.9029850746268657,"83":0.9104477611940298,"66":0.917910447761194,"56":0.9253731343283582,"59":0.9328358208955224,"81":0.9402985074626866,"67":0.9477611940298507,"46":0.9552238805970149,"82":0.9626865671641791,"87":0.9701492537313433,"51":0.9776119402985075,"53":0.9850746268656716,"85":0.9925373134328358,"55":1.0}}