{"name":"eccentricity","num_of_nodes":159,"num_of_edges":493,"process_time":0.018620014190673828,"data":{"0":0.5454545454545454,"1":0.18181818181818182,"2":0.36363636363636365,"3":0.45454545454545453,"4":0.6363636363636364,"5":0.6363636363636364,"6":0.8181818181818182,"7":0.18181818181818182,"8":0.7272727272727273,"9":0.2727272727272727,"10":1.0,"11":0.2727272727272727,"12":0.9090909090909091,"13":0.8181818181818182,"14":0.18181818181818182,"15":0.8181818181818182,"16":0.5454545454545454,"17":0.2727272727272727,"18":0.6363636363636364,"19":0.9090909090909091,"20":0.36363636363636365,"21":0.5454545454545454,"22":0.8181818181818182,"23":0.7272727272727273,"24":0.7272727272727273,"25":0.7272727272727273,"26":0.8181818181818182,"27":0.9090909090909091,"28":0.6363636363636364,"29":0.8181818181818182,"30":0.5454545454545454,"31":0.18181818181818182,"32":0.6363636363636364,"33":0.09090909090909091,"34":0.2727272727272727,"35":0.6363636363636364,"36":0.9090909090909091,"37":0.09090909090909091,"38":0.45454545454545453,"39":0.36363636363636365,"40":0.45454545454545453,"41":0.18181818181818182,"42":0.6363636363636364,"43":0.7272727272727273,"44":0.2727272727272727,"45":0.18181818181818182,"46":0.5454545454545454,"47":0.09090909090909091,"48":0.6363636363636364,"49":1.0,"50":0.9090909090909091,"51":0.5454545454545454,"52":0.2727272727272727,"53":0.2727272727272727,"54":0.36363636363636365,"55":0.36363636363636365,"56":0.2727272727272727,"57":0.7272727272727273,"58":0.8181818181818182,"59":0.8181818181818182,"60":0.45454545454545453,"61":0.45454545454545453,"62":0.6363636363636364,"63":0.2727272727272727,"64":0.45454545454545453,"65":0.7272727272727273,"66":0.2727272727272727,"67":0.2727272727272727,"68":0.0,"69":0.7272727272727273,"70":0.18181818181818182,"71":1.0,"72":0.7272727272727273,"73":0.8181818181818182,"74":0.5454545454545454,"75":0.8181818181818182,"76":0.9090909090909091,"77":0.45454545454545453,"78":0.45454545454545453,"79":0.36363636363636365,"80":0.7272727272727273,"81":0.36363636363636365,"82":0.45454545454545453,"83":0.9090909090909091,"84":0.9090909090909091,"85":0.5454545454545454,"86":0.8181818181818182,"87":0.09090909090909091,"88":0.09090909090909091,"89":0.9090909090909091,"90":0.7272727272727273,"91":0.45454545454545453,"92":1.0,"93":0.8181818181818182,"94":0.7272727272727273,"95":0.6363636363636364,"96":0.5454545454545454,"97":0.9090909090909091,"98":0.6363636363636364,"99":0.8181818181818182,"100":0.5454545454545454,"101":0.6363636363636364,"102":0.2727272727272727,"103":0.18181818181818182,"104":0.5454545454545454,"105":0.45454545454545453,"106":0.36363636363636365,"107":0.09090909090909091,"108":0.5454545454545454,"109":0.6363636363636364,"110":0.36363636363636365,"111":0.18181818181818182,"112":0.45454545454545453,"113":0.6363636363636364,"114":0.2727272727272727,"115":0.2727272727272727,"116":0.2727272727272727,"117":0.45454545454545453,"118":0.2727272727272727,"119":0.45454545454545453,"120":0.2727272727272727,"121":0.45454545454545453,"122":0.18181818181818182,"123":0.18181818181818182,"124":0.45454545454545453,"125":0.8181818181818182,"126":0.7272727272727273,"127":0.5454545454545454,"128":0.18181818181818182,"129":0.8181818181818182,"130":0.36363636363636365,"131":0.8181818181818182,"132":0.18181818181818182,"133":0.7272727272727273,"134":0.45454545454545453,"135":0.8181818181818182,"136":0.36363636363636365,"137":0.5454545454545454,"138":0.09090909090909091,"139":0.5454545454545454,"140":0.7272727272727273,"141":0.8181818181818182,"142":0.18181818181818182,"143":0.45454545454545453,"144":0.7272727272727273,"145":0.2727272727272727,"146":0.45454545454545453,"147":0.09090909090909091,"148":0.2727272727272727,"149":0.6363636363636364,"150":0.18181818181818182,"151":0.45454545454545453,"152":0.5454545454545454,"153":0.09090909090909091,"154":0.09090909090909091,"155":0.2727272727272727,"156":0.5454545454545454,"157":0.36363636363636365,"158":0.6363636363636364},"ranked":{"68":0.0,"33":0.006329113924050633,"37":0.012658227848101266,"47":0.0189873417721519,"87":0.02531645569620253,"88":0.03164556962025317,"107":0.0379746835443038,"138":0.04430379746835443,"147":0.05063291139240506,"153":0.056962025316455694,"154":0.06329113924050633,"1":0.06962025316455696,"7":0.0759493670886076,"14":0.08227848101265822,"31":0.08860759493670886,"41":0.0949367088607595,"45":0.10126582278481013,"70":0.10759493670886076,"103":0.11392405063291139,"111":0.12025316455696203,"122":0.12658227848101267,"123":0.13291139240506328,"128":0.13924050632911392,"132":0.14556962025316456,"142":0.1518987341772152,"150":0.15822784810126583,"9":0.16455696202531644,"11":0.17088607594936708,"17":0.17721518987341772,"34":0.18354430379746836,"44":0.189873417721519,"52":0.1962025316455696,"53":0.20253164556962025,"56":0.2088607594936709,"63":0.21518987341772153,"66":0.22151898734177214,"67":0.22784810126582278,"102":0.23417721518987342,"114":0.24050632911392406,"115":0.2468354430379747,"116":0.25316455696202533,"118":0.25949367088607594,"120":0.26582278481012656,"145":0.2721518987341772,"148":0.27848101265822783,"155":0.2848101265822785,"2":0.2911392405063291,"20":0.2974683544303797,"39":0.3037974683544304,"54":0.310126582278481,"55":0.31645569620253167,"79":0.3227848101265823,"81":0.3291139240506329,"106":0.33544303797468356,"110":0.34177215189873417,"130":0.34810126582278483,"136":0.35443037974683544,"157":0.36075949367088606,"3":0.3670886075949367,"38":0.37341772151898733,"40":0.379746835443038,"60":0.3860759493670886,"61":0.3924050632911392,"64":0.3987341772151899,"77":0.4050632911392405,"78":0.41139240506329117,"82":0.4177215189873418,"91":0.4240506329113924,"105":0.43037974683544306,"112":0.43670886075949367,"117":0.4430379746835443,"119":0.44936708860759494,"121":0.45569620253164556,"124":0.4620253164556962,"134":0.46835443037974683,"143":0.47468354430379744,"146":0.4810126582278481,"151":0.4873417721518987,"0":0.4936708860759494,"16":0.5,"21":0.5063291139240507,"30":0.5126582278481012,"46":0.5189873417721519,"51":0.5253164556962026,"74":0.5316455696202531,"85":0.5379746835443038,"96":0.5443037974683544,"100":0.5506329113924051,"104":0.5569620253164557,"108":0.5632911392405063,"127":0.569620253164557,"137":0.5759493670886076,"139":0.5822784810126582,"152":0.5886075949367089,"156":0.5949367088607594,"4":0.6012658227848101,"5":0.6075949367088608,"18":0.6139240506329114,"28":0.620253164556962,"32":0.6265822784810127,"35":0.6329113924050633,"42":0.6392405063291139,"48":0.6455696202531646,"62":0.6518987341772152,"95":0.6582278481012658,"98":0.6645569620253164,"101":0.6708860759493671,"109":0.6772151898734177,"113":0.6835443037974683,"149":0.689873417721519,"158":0.6962025316455697,"8":0.7025316455696202,"23":0.7088607594936709,"24":0.7151898734177216,"25":0.7215189873417721,"43":0.7278481012658228,"57":0.7341772151898734,"65":0.740506329113924,"69":0.7468354430379747,"72":0.7531645569620253,"80":0.759493670886076,"90":0.7658227848101266,"94":0.7721518987341772,"126":0.7784810126582279,"133":0.7848101265822784,"140":0.7911392405063291,"144":0.7974683544303798,"6":0.8037974683544303,"13":0.810126582278481,"15":0.8164556962025317,"22":0.8227848101265823,"26":0.8291139240506329,"29":0.8354430379746836,"58":0.8417721518987342,"59":0.8481012658227848,"73":0.8544303797468354,"75":0.8607594936708861,"86":0.8670886075949367,"93":0.8734177215189873,"99":0.879746835443038,"125":0.8860759493670886,"129":0.8924050632911392,"131":0.8987341772151899,"135":0.9050632911392406,"141":0.9113924050632911,"12":0.9177215189873418,"19":0.9240506329113924,"27":0.930379746835443,"36":0.9367088607594937,"50":0.9430379746835443,"76":0.9493670886075949,"83":0.9556962025316456,"84":0.9620253164556962,"89":0.9683544303797469,"97":0.9746835443037974,"10":0.9810126582278481,"49":0.9873417721518988,"71":0.9936708860759493,"92":1.0}}