{"name":"fiedler","normalized":true,"weight":"value","num_of_nodes":63,"num_of_edges":197,"process_time":0.04279518127441406,"data":{"0":0.16079680362872126,"1":0.04220140893554077,"2":0.06748031105796623,"3":0.16342388993663237,"4":0.11654459786486983,"5":0.1760291237610557,"6":0.1432185635784929,"7":0.043165404656408175,"8":0.09918895549783877,"9":0.019015843995172733,"10":0.1352495208861368,"11":0.071639210332969,"12":0.12165015589668277,"13":0.16468934172149388,"14":0.08553529066686885,"15":0.08639634951113019,"16":0.193845038291161,"17":0.12165015589631153,"18":0.0,"19":0.06884326929206623,"20":0.06748031105796762,"21":0.873041320363297,"22":1.0,"23":0.2846268598051677,"24":0.8459226302596901,"25":0.7496434196139494,"26":0.674782684727241,"27":0.6431866507092092,"28":0.8233595311367414,"29":0.8825605366371633,"30":0.8825605366371426,"31":0.5405487029175623,"32":0.764014291150935,"33":0.7034307914928494,"34":0.7374136829838708,"35":0.1935679063870044,"36":0.8825605366371662,"37":0.9643645965716586,"38":0.8200706049799494,"39":0.8825605366370415,"40":0.769689225496272,"41":0.6043815980661064,"42":0.7085502553063153,"43":0.09559204346948565,"44":0.30342547309546736,"45":0.4331595097528601,"46":0.07929364538869231,"47":0.11351239645008784,"48":0.1190870301869136,"49":0.3869378430275711,"50":0.09163600903623198,"51":0.29884983763974293,"52":0.3510598778582784,"53":0.05225698717414056,"54":0.8730413203643858,"55":0.32590139368876225,"56":0.0955920434695109,"57":0.0757713432891525,"58":0.04774678753874911,"59":0.138814308274997,"60":0.17999178777969038,"61":0.02891838583263714,"62":0.0522569871722359},"ranked":{"18":0.0,"9":0.016129032258064516,"61":0.03225806451612903,"1":0.04838709677419355,"7":0.06451612903225806,"58":0.08064516129032258,"62":0.0967741935483871,"53":0.11290322580645161,"2":0.12903225806451613,"20":0.14516129032258066,"19":0.16129032258064516,"11":0.1774193548387097,"57":0.1935483870967742,"46":0.20967741935483872,"14":0.22580645161290322,"15":0.24193548387096775,"50":0.25806451612903225,"43":0.27419354838709675,"56":0.2903225806451613,"8":0.3064516129032258,"47":0.3225806451612903,"4":0.3387096774193548,"48":0.3548387096774194,"17":0.3709677419354839,"12":0.3870967741935484,"10":0.4032258064516129,"59":0.41935483870967744,"6":0.43548387096774194,"0":0.45161290322580644,"3":0.46774193548387094,"13":0.4838709677419355,"5":0.5,"60":0.5161290322580645,"35":0.532258064516129,"16":0.5483870967741935,"23":0.5645161290322581,"51":0.5806451612903226,"44":0.5967741935483871,"55":0.6129032258064516,"52":0.6290322580645161,"49":0.6451612903225806,"45":0.6612903225806451,"31":0.6774193548387096,"41":0.6935483870967742,"27":0.7096774193548387,"26":0.7258064516129032,"33":0.7419354838709677,"42":0.7580645161290323,"34":0.7741935483870968,"25":0.7903225806451613,"32":0.8064516129032258,"40":0.8225806451612904,"38":0.8387096774193549,"28":0.8548387096774194,"24":0.8709677419354839,"21":0.8870967741935484,"54":0.9032258064516129,"39":0.9193548387096774,"30":0.9354838709677419,"29":0.9516129032258065,"36":0.967741935483871,"37":0.9838709677419355,"22":1.0}}