{"name":"fiedler","normalized":true,"weight":"value","num_of_nodes":171,"num_of_edges":332,"process_time":0.04841923713684082,"data":{"0":0.11808189003672186,"1":0.0,"2":0.13535608704221364,"3":0.11959374381573569,"4":0.04109222261832794,"5":0.1638253261143573,"6":0.18279503772348968,"7":0.056741643392898986,"8":0.08331345942797312,"9":0.17826120676286414,"10":0.04868880294298313,"11":0.09039821951232427,"12":0.04434866914473319,"13":0.2006149425088014,"14":0.12248119310793204,"15":0.2573818550257532,"16":0.1854912637739377,"17":0.14634897244570527,"18":0.16704530436531725,"19":0.11278971757239989,"20":0.16579260066026394,"21":0.25738185502601324,"22":0.16382532611455394,"23":0.09573165739985175,"24":0.09039821951201765,"25":0.18525815457123188,"26":0.1555502663188451,"27":0.18429192414957107,"28":0.029604225991079924,"29":0.18634265604041936,"30":0.09278123978798196,"31":0.09501443429279562,"32":0.14684864057369942,"33":0.18634232359460223,"34":0.13526402265966045,"35":0.09524909253384928,"36":0.2596477586431816,"37":0.18471204891610274,"38":0.14637103135171026,"39":0.04581707136471294,"40":0.2311411670745805,"41":0.08207522079474557,"42":0.04103799504210563,"43":0.14831031103070802,"44":0.14234521249917167,"45":0.1670453043652254,"46":0.20297860708473897,"47":0.08122922282452076,"48":0.1897316690095996,"49":0.09278123978809169,"50":0.25738185502602867,"51":0.16842262626167057,"52":0.15170583579580776,"53":0.11716938379467048,"54":0.05398965421569747,"55":0.10208585401242777,"56":0.14710223632404976,"57":0.7909991530328525,"58":0.8339068104436799,"59":0.6347560246301519,"60":0.6256834551826485,"61":0.866561643379774,"62":0.6865926286631534,"63":0.7541103025854665,"64":0.6979162419400978,"65":0.8179346935268087,"66":0.8261015802126879,"67":0.8889932920285338,"68":0.7388157575241387,"69":0.8617400411821724,"70":0.9194109188063015,"71":0.7203555727953759,"72":0.8961453733958942,"73":0.7420080354438806,"74":0.6962862134980528,"75":0.7745253561308748,"76":0.7329017649107638,"77":0.9481450068127305,"78":0.7482524067006264,"79":0.8657504662687123,"80":0.8935934097749099,"81":0.8261015802126165,"82":0.8463662182048244,"83":0.6396950117059471,"84":0.7252385805045789,"85":0.9396198781537748,"86":0.7882267137918164,"87":0.8956386090769651,"88":0.7724901187184984,"89":0.6266480649133491,"90":1.0,"91":0.7737480914225647,"92":0.6784625061451492,"93":0.8930999500144425,"94":0.8153321563564325,"95":0.6572076549573048,"96":0.7743600457554692,"97":0.6993087130158758,"98":0.8339068104438233,"99":0.63084007008954,"100":0.7944677037640857,"101":0.6999109597744686,"102":0.8948894378770442,"103":0.6673167135547331,"104":0.6439520806033269,"105":0.7033600579319432,"106":0.8929906429221914,"107":0.8094280230753381,"108":0.6819615335913474,"109":0.7842536974017315,"110":0.8467963360310256,"111":0.8024674973727338,"112":0.6053655332540936,"113":0.7537722253352365,"114":0.4933099510640378,"115":0.3533837310904313,"116":0.3132024978304842,"117":0.317184848506981,"118":0.4400458562028111,"119":0.3536754149307935,"120":0.33773283716409874,"121":0.44092867127709956,"122":0.26646676479573594,"123":0.25315182144664716,"124":0.588770083536866,"125":0.26347010526937664,"126":0.3970834387608838,"127":0.4707526244898866,"128":0.31377095015195894,"129":0.2870171795071884,"130":0.4445455114232909,"131":0.5194519810303346,"132":0.2729100532471637,"133":0.46390329296794464,"134":0.27098947979405275,"135":0.43554521820454156,"136":0.2827355863040383,"137":0.47175411821551677,"138":0.3284869429371099,"139":0.31473103191087554,"140":0.28352478213931037,"141":0.45973371561001,"142":0.4740954971765923,"143":0.4478405590803538,"144":0.34493100038921054,"145":0.4896629078853795,"146":0.43638578717709625,"147":0.2888055148510536,"148":0.49058970057421236,"149":0.41561608212344253,"150":0.31119310101845005,"151":0.3131751124358237,"152":0.33085423098446337,"153":0.33347633654883885,"154":0.39861731138238016,"155":0.4409286712770125,"156":0.31577363063050395,"157":0.4402483154253738,"158":0.4708190589156768,"159":0.30132083161186396,"160":0.3152453665076886,"161":0.31423414718859144,"162":0.2803914033511147,"163":0.4435347709379754,"164":0.2958599894750517,"165":0.4259023274446942,"166":0.2958599894749344,"167":0.2863484108748506,"168":0.2800497077615078,"169":0.29650936662742655,"170":0.5641192144650419},"ranked":{"1":0.0,"28":0.0058823529411764705,"42":0.011764705882352941,"4":0.01764705882352941,"12":0.023529411764705882,"39":0.029411764705882353,"10":0.03529411764705882,"54":0.041176470588235294,"7":0.047058823529411764,"47":0.052941176470588235,"41":0.058823529411764705,"8":0.06470588235294118,"24":0.07058823529411765,"11":0.07647058823529412,"30":0.08235294117647059,"49":0.08823529411764706,"31":0.09411764705882353,"35":0.1,"23":0.10588235294117647,"55":0.11176470588235295,"19":0.11764705882352941,"53":0.12352941176470589,"0":0.12941176470588237,"3":0.13529411764705881,"14":0.1411764705882353,"34":0.14705882352941177,"2":0.15294117647058825,"44":0.1588235294117647,"17":0.16470588235294117,"38":0.17058823529411765,"32":0.17647058823529413,"56":0.18235294117647058,"43":0.18823529411764706,"52":0.19411764705882353,"26":0.2,"5":0.20588235294117646,"22":0.21176470588235294,"20":0.21764705882352942,"45":0.2235294117647059,"18":0.22941176470588234,"51":0.23529411764705882,"9":0.2411764705882353,"6":0.24705882352941178,"27":0.2529411764705882,"37":0.25882352941176473,"25":0.2647058823529412,"16":0.27058823529411763,"33":0.27647058823529413,"29":0.2823529411764706,"48":0.28823529411764703,"13":0.29411764705882354,"46":0.3,"40":0.3058823529411765,"123":0.31176470588235294,"15":0.3176470588235294,"21":0.3235294117647059,"50":0.32941176470588235,"36":0.3352941176470588,"125":0.3411764705882353,"122":0.34705882352941175,"134":0.35294117647058826,"132":0.3588235294117647,"168":0.36470588235294116,"162":0.37058823529411766,"136":0.3764705882352941,"140":0.38235294117647056,"167":0.38823529411764707,"129":0.3941176470588235,"147":0.4,"166":0.40588235294117647,"164":0.4117647058823529,"169":0.4176470588235294,"159":0.4235294117647059,"150":0.4294117647058823,"151":0.43529411764705883,"116":0.4411764705882353,"128":0.4470588235294118,"161":0.45294117647058824,"139":0.4588235294117647,"160":0.4647058823529412,"156":0.47058823529411764,"117":0.4764705882352941,"138":0.4823529411764706,"152":0.48823529411764705,"153":0.49411764705882355,"120":0.5,"144":0.5058823529411764,"115":0.5117647058823529,"119":0.5176470588235295,"126":0.5235294117647059,"154":0.5294117647058824,"149":0.5352941176470588,"165":0.5411764705882353,"135":0.5470588235294118,"146":0.5529411764705883,"118":0.5588235294117647,"157":0.5647058823529412,"155":0.5705882352941176,"121":0.5764705882352941,"163":0.5823529411764706,"130":0.5882352941176471,"143":0.5941176470588235,"141":0.6,"133":0.6058823529411764,"127":0.611764705882353,"158":0.6176470588235294,"137":0.6235294117647059,"142":0.6294117647058823,"145":0.6352941176470588,"148":0.6411764705882353,"114":0.6470588235294118,"131":0.6529411764705882,"170":0.6588235294117647,"124":0.6647058823529411,"112":0.6705882352941176,"60":0.6764705882352942,"89":0.6823529411764706,"99":0.6882352941176471,"59":0.6941176470588235,"83":0.7,"104":0.7058823529411765,"95":0.711764705882353,"103":0.7176470588235294,"92":0.7235294117647059,"108":0.7294117647058823,"62":0.7352941176470589,"74":0.7411764705882353,"64":0.7470588235294118,"97":0.7529411764705882,"101":0.7588235294117647,"105":0.7647058823529411,"71":0.7705882352941177,"84":0.7764705882352941,"76":0.7823529411764706,"68":0.788235294117647,"73":0.7941176470588235,"78":0.8,"113":0.8058823529411765,"63":0.8117647058823529,"88":0.8176470588235294,"91":0.8235294117647058,"96":0.8294117647058824,"75":0.8352941176470589,"109":0.8411764705882353,"86":0.8470588235294118,"57":0.8529411764705882,"100":0.8588235294117647,"111":0.8647058823529412,"107":0.8705882352941177,"94":0.8764705882352941,"65":0.8823529411764706,"81":0.888235294117647,