{"name":"fiedler","normalized":true,"weight":"value","num_of_nodes":177,"num_of_edges":552,"process_time":0.03456425666809082,"data":{"0":0.06954728264162549,"1":0.08079387626576941,"2":0.07791066486625121,"3":0.10117045611026909,"4":0.10683837312940189,"5":0.07537261581107421,"6":0.07109625706421795,"7":0.07537261581106662,"8":0.11585913550561366,"9":0.10353904108619853,"10":0.12292566967625931,"11":0.11339981494272507,"12":0.0986296473758603,"13":0.11139874371959739,"14":0.09987044709503988,"15":0.08597759291956453,"16":0.10198734436687203,"17":0.12292566967955909,"18":0.07904431473614637,"19":0.1237762795612867,"20":0.11647640804347623,"21":0.09553113573220533,"22":0.10847110802400069,"23":0.10477852376594503,"24":0.10145350367733993,"25":0.07193753872111139,"26":0.09149135918154148,"27":0.07216716162358991,"28":0.08965759953309678,"29":0.07109625706430009,"30":0.13403428581725488,"31":0.10892312794971837,"32":0.07733603708751711,"33":0.079044314736149,"34":0.13766091466813926,"35":0.0712196846234553,"36":0.08044474291151857,"37":0.0903607064706806,"38":0.07206462333931189,"39":0.07121968462349128,"40":0.06202371111079384,"41":0.07263625231954852,"42":0.13345322701884252,"43":0.09817259371696421,"44":0.09377617296366625,"45":0.09549619154538255,"46":0.12948597848984716,"47":0.057927659956960524,"48":0.0,"49":0.07885343119908365,"50":0.07143156940757245,"51":0.12292566967924698,"52":0.0682603813232041,"53":0.04792345135339873,"54":0.11887191315470323,"55":0.09650235565883905,"56":0.08400214010806668,"57":0.12300201295818895,"58":0.130061140317082,"59":0.07418080551659244,"60":0.12586643093342245,"61":0.10038575266999022,"62":0.03436503206767744,"63":0.07493152624168162,"64":0.11648700912948377,"65":0.12635273524306198,"66":0.14058947253699797,"67":0.11235902733754866,"68":0.035423295025846645,"69":0.09825752499171568,"70":0.09466122358535932,"71":0.17277594371550237,"72":0.02047287541012159,"73":0.05929779186745043,"74":0.1505591993762477,"75":0.17567890801463668,"76":0.6481291965262612,"77":0.07099117899676925,"78":0.057743367446173345,"79":0.15569218182287203,"80":0.14896930802017724,"81":0.17277594371073152,"82":0.12508049628103984,"83":0.14405155063264974,"84":0.07762510383786841,"85":0.056028847931370605,"86":0.05363139050468653,"87":0.18097604844216805,"88":0.12440913281826342,"89":0.09533107978111037,"90":0.11648700912938935,"91":0.11151811097581296,"92":0.09533107977932233,"93":0.09992575420342004,"94":0.12199294097471167,"95":0.10069031071603285,"96":0.11137553247637158,"97":0.07418080551655427,"98":0.05496995030246993,"99":0.09561460848072531,"100":0.19637663003818553,"101":0.0820606355227065,"102":0.05804914861472191,"103":0.0999257542060004,"104":0.12205795262756301,"105":0.11850270435179648,"106":0.16305549397906766,"107":0.18097604844217027,"108":0.11908874760187854,"109":0.13465661011333505,"110":0.023885997059907377,"111":0.14353845901532122,"112":0.14405155063424774,"113":0.06015110191120495,"114":0.01767988895097818,"115":0.1716744769305805,"116":0.11476421786421395,"117":0.0956146084833679,"118":0.8320799544858776,"119":0.8848477724356524,"120":0.7902200365664236,"121":0.8363273100358792,"122":0.17154659474619305,"123":0.8554204929199603,"124":0.7634192872807761,"125":0.6900738607135323,"126":0.7757790936617937,"127":0.7274625023015652,"128":0.9388441109726947,"129":0.7796999915225306,"130":0.2786578057283331,"131":0.7820707973204456,"132":0.7820707973193748,"133":0.8607272133733614,"134":0.9116035291344562,"135":0.9698043257152921,"136":0.8607470935302501,"137":0.8839847401229659,"138":0.20719214915136333,"139":0.9354816188304336,"140":0.7751099473880597,"141":0.7580510315901249,"142":0.9466385812145859,"143":0.9030480295689278,"144":0.7175238320323288,"145":0.8224381452560467,"146":0.8513646840246022,"147":0.9560186181121345,"148":0.9192998347080377,"149":0.5824989052918367,"150":0.8340401815612657,"151":0.8877823023723669,"152":0.8267873257572468,"153":0.8220884023620408,"154":1.0,"155":0.19621551097255177,"156":0.726625456926116,"157":0.69265990329999,"158":0.9094055858694653,"159":0.1582911189438482,"160":0.7586894727875397,"161":0.8226812139485796,"162":0.781428737214268,"163":0.8006923417827237,"164":0.9653851039220078,"165":0.9284906824940531,"166":0.9464599711365916,"167":0.7562067402444181,"168":0.6841439939888884,"169":0.8325753775201827,"170":0.6900738607108545,"171":0.1579556168628528,"172":0.844553304481316,"173":0.6926599032974378,"174":0.9575343056294412,"175":0.8718044985529192,"176":0.8964162677297641},"ranked":{"48":0.0,"114":0.005681818181818182,"72":0.011363636363636364,"110":0.017045454545454544,"62":0.022727272727272728,"68":0.028409090909090908,"53":0.03409090909090909,"86":0.03977272727272727,"98":0.045454545454545456,"85":0.05113636363636364,"78":0.056818181818181816,"47":0.0625,"102":0.06818181818181818,"73":0.07386363636363637,"113":0.07954545454545454,"40":0.08522727272727272,"52":0.09090909090909091,"0":0.09659090909090909,"77":0.10227272727272728,"6":0.10795454545454546,"29":0.11363636363636363,"35":0.11931818181818182,"39":0.125,"50":0.13068181818181818,"25":0.13636363636363635,"38":0.14204545454545456,"27":0.14772727272727273,"41":0.1534090909090909,"97":0.1590909090909091,"59":0.16477272727272727,"63":0.17045454545454544,"7":0.17613636363636365,"5":0.18181818181818182,"32":0.1875,"84":0.19318181818181818,"2":0.19886363636363635,"49":0.20454545454545456,"18":0.21022727272727273,"33":0.2159090909090909,"36":0.2215909090909091,"1":0.22727272727272727,"101":0.23295454545454544,"56":0.23863636363636365,"15":0.24431818181818182,"28":0.25,"37":0.2556818181818182,"26":0.26136363636363635,"44":0.26704545454545453,"70":0.2727272727272727,"92":0.2784090909090909,"89":0.2840909090909091,"45":0.2897727272727273,"21":0.29545454545454547,"99":0.30113636363636365,"117":0.3068181818181818,"55":0.3125,"43":0.3181818181818182,"69":0.32386363636363635,"12":0.32954545454545453,"14":0.3352272727272727,"93":0.3409090909090909,"103":0.3465909090909091,"61":0.3522727272727273,"95":0.35795454545454547,"3":0.36363636363636365,"24":0.3693181818181818,"16":0.375,"9":0.3806818181818182,"23":0.38636363636363635,"4":0.39204545454545453,"22":0.3977272727272727,"31":0.4034090909090909,"96":0.4090909090909091,"13":0.4147727272727273,"91":0.42045454545454547,"67":0.42613636363636365,"11":0.4318181818181818,"116":0.4375,"8":0.4431818181818182,"20":0.44886363636363635,"90":0.45454545454545453,"64":0.4602272727272727,"105":0.4659090909090909,"54":0.4715909090909091,"108":0.4772727272727273,"94":0.48295454545454547,"104":0.48863636363636365,"10":0.4943181818181818,"51":0.5,"17":0.5056818181818182,"57":0.5113636363636364,"19":0.5170454545454546,"88":0.5227272727272727,"82":0.5284090909090909,"60":0.5340909090909091,"65":0.5397727272727273,"46":0.5454545454545454,"58":0.5511363636363636,"42":0.5568181818181818,"30":0.5625,"109":0.5681818181818182,"34":0.5738636363636364,"66":0.5795454545454546,"111":0.5852272727272727,"83":0.5909090909090909,"112":0.5965909090909091,"80":0.6022727272727273,"74":0.6079545454545454,"79":0.6136363636363636,"171":0.6193181818181818,"159":0.625,"106":0.6306818181818182,"122":0.6363636363636364,"115":0.6420454545454546,"81":0.6477272727272727,"71":0.6534090909090909,"75":0.6590909090909091,"87":0.6647727272727273,"107":0.6704545454545454,"155":0.6761363636363636,"100":0.6818181818181818,"138":0.6875,"130":0.6931818181818182,"149":0.6988636363636364,"76":0.7045454545454546,"168":0.7102272727272727,"170":0.7159090909090909,"125":0.7215909090909091,"173":0.7272727272727273,"157":0.7329545454545454,"144":0.7386363636363636,"156":0.7443181818181818,"127":0.75,"167":0.7556818181818182,"141":0.7613636363636364,"160":0.7670454545454546,"124":0.7727272727272727,"140":0.7784090909090909,"126":0.7840909090909091,"129":0.7897727272727273,"162":0.7954545454545454,"132":0.8011363636363636,"131":0.8068181818181818,"120":0.8125,"163":0.8181818181818182,"153":0.8238636363636364,"145":0.8295454545454546,