{"name":"fiedler","normalized":true,"weight":"value","num_of_nodes":189,"num_of_edges":591,"process_time":0.04392290115356445,"data":{"0":0.06765735542146364,"1":0.06305429826896107,"2":0.0,"3":0.1145725951782178,"4":0.14315523463933627,"5":0.09726045458681679,"6":0.059003392514452656,"7":0.16980689151900194,"8":0.08664941694861525,"9":0.07884423318907885,"10":0.1302430370837394,"11":0.1257926277166944,"12":0.11510204060548994,"13":0.06689683581839061,"14":0.14549887213546434,"15":0.07772371143247717,"16":0.19277332691860638,"17":0.06689683581756102,"18":0.11590081674402294,"19":0.22643865305752262,"20":0.16220029270166936,"21":0.22488388253805552,"22":0.05592466400963406,"23":0.06765735542273396,"24":0.22643865305787245,"25":0.12522791051779247,"26":0.1159008167440299,"27":0.1244447338552406,"28":0.19310653436182576,"29":0.12462966195237013,"30":0.1325493257538784,"31":0.190938507485395,"32":0.19310653438632586,"33":0.02315540012509137,"34":0.1974615071749122,"35":0.11084180757323904,"36":0.06689683581893782,"37":0.20598102589790748,"38":0.09537935738724311,"39":0.06765735542205074,"40":0.19746150717466687,"41":0.09214881360431203,"42":0.09398182243031418,"43":0.08670357694455563,"44":0.1039437918144757,"45":0.11326832401230565,"46":0.10394379181592468,"47":0.06844922089272937,"48":0.11464986781972564,"49":0.1874060515412181,"50":0.21414476655101072,"51":0.22488388253555797,"52":0.22488388253738878,"53":2.0645585065509824e-16,"54":0.15911634996603466,"55":0.10394379181702491,"56":0.14315523463753974,"57":0.15594338575730132,"58":0.0590033925147866,"59":0.027808457216902883,"60":0.10828582418571638,"61":0.004802364514239799,"62":0.2590177486071462,"63":0.1215554846707972,"64":0.18596679631975813,"65":0.10926021647101021,"66":0.059544856732719066,"67":0.11260885296196474,"68":0.099109185227565,"69":0.28977178655469854,"70":0.17961391049662004,"71":0.2953588348807296,"72":0.2696164426843569,"73":0.12161852434749183,"74":0.08728525094773777,"75":0.23479449282252293,"76":0.09402396815228421,"77":0.12833170844750297,"78":0.08097061343174722,"79":0.15802295756019738,"80":0.22637837970473837,"81":0.23631587179503227,"82":0.10418073131573918,"83":0.2993411136232153,"84":0.2644426833192741,"85":0.29856546882657964,"86":0.13014815729947535,"87":0.1237099106214315,"88":0.30244905500871305,"89":0.07797724050767642,"90":0.22637837970473634,"91":0.22570913717504607,"92":0.1810787185645357,"93":0.13329843412703302,"94":0.22448156375400574,"95":0.2933911648531202,"96":0.0434639671197579,"97":0.11896329820250587,"98":0.23631587179564809,"99":0.10583510042952525,"100":0.12946069578524028,"101":0.07484851718951738,"102":0.23631587179196814,"103":0.09910918522491792,"104":0.0595448567328161,"105":0.12277612774655725,"106":0.09499880732530971,"107":0.1189632982043195,"108":0.19287532753917686,"109":0.07797724050779488,"110":0.2970381370587036,"111":0.0942294199884124,"112":0.09914369962401072,"113":0.29243556711430896,"114":0.27965548719660993,"115":0.2045715870617588,"116":0.28664716898641973,"117":0.149643567101346,"118":0.13176329279830856,"119":0.10543520038929925,"120":0.10011131627363533,"121":0.08468268753022752,"122":0.11807865720726203,"123":0.1270830493015055,"124":0.28716299416720326,"125":0.08332109456949728,"126":0.6030654257564945,"127":0.7242238964842893,"128":0.6015316069140962,"129":0.913684807816974,"130":0.6279012362282359,"131":0.6017502535113414,"132":0.5305669218896231,"133":0.14210257537266704,"134":0.48547184616301947,"135":0.686706398282839,"136":0.5854762706066141,"137":0.6340159462424062,"138":0.6616697695858859,"139":0.9956719149149895,"140":0.877798696418474,"141":0.21470404340768068,"142":0.6281379037481962,"143":0.7953585066536987,"144":0.34476697967921893,"145":0.9049479381795843,"146":0.6767965528490821,"147":0.1584828933791348,"148":0.5538938109959641,"149":0.5480289804931984,"150":0.5815891921907034,"151":0.4269447313238734,"152":0.9482554560552728,"153":0.6891038840646456,"154":0.6936017921248965,"155":0.6239505473653716,"156":0.6535308463895472,"157":0.7264514945438579,"158":0.5769580568280295,"159":0.6714164331603785,"160":0.6334468407743227,"161":0.6867063982827394,"162":0.8298406859788776,"163":0.6950839623983454,"164":0.7595489300781626,"165":0.7259768224440046,"166":0.7100416699737327,"167":0.8603580732093105,"168":0.7247372300586137,"169":0.8679528877504017,"170":0.8448999983209109,"171":0.5769580568281997,"172":0.5614313431557933,"173":0.7131643096740556,"174":0.9999999999958554,"175":0.6478664181507489,"176":0.6075990286078935,"177":0.6324551864580303,"178":0.48157271265144974,"179":0.5985622515978757,"180":0.8298406859806963,"181":0.8777986964186807,"182":0.5889156011872247,"183":0.5491992763801761,"184":0.7092099032885527,"185":0.44209578653234255,"186":0.7269993079426148,"187":0.5286017004337388,"188":1.0},"ranked":{"2":0.0,"53":0.005319148936170213,"61":0.010638297872340425,"33":0.015957446808510637,"59":0.02127659574468085,"96":0.026595744680851064,"22":0.031914893617021274,"6":0.03723404255319149,"58":0.0425531914893617,"66":0.047872340425531915,"104":0.05319148936170213,"1":0.05851063829787234,"17":0.06382978723404255,"13":0.06914893617021277,"36":0.07446808510638298,"0":0.0797872340425532,"39":0.0851063829787234,"23":0.09042553191489362,"47":0.09574468085106383,"101":0.10106382978723404,"15":0.10638297872340426,"89":0.11170212765957446,"109":0.11702127659574468,"9":0.12234042553191489,"78":0.1276595744680851,"125":0.13297872340425532,"121":0.13829787234042554,"8":0.14361702127659576,"43":0.14893617021276595,"74":0.15425531914893617,"41":0.1595744680851064,"42":0.16489361702127658,"76":0.1702127659574468,"111":0.17553191489361702,"106":0.18085106382978725,"38":0.18617021276595744,"5":0.19148936170212766,"103":0.19680851063829788,"68":0.20212765957446807,"112":0.2074468085106383,"120":0.2127659574468085,"44":0.21808510638297873,"46":0.22340425531914893,"55":0.22872340425531915,"82":0.23404255319148937,"119":0.2393617021276596,"99":0.24468085106382978,"60":0.25,"65":0.2553191489361702,"35":0.26063829787234044,"67":0.26595744680851063,"45":0.2712765957446808,"3":0.2765957446808511,"48":0.28191489361702127,"12":0.2872340425531915,"18":0.2925531914893617,"26":0.2978723404255319,"122":0.30319148936170215,"97":0.30851063829787234,"107":0.31382978723404253,"63":0.3191489361702128,"73":0.324468085106383,"105":0.32978723404255317,"87":0.3351063829787234,"27":0.3404255319148936,"29":0.34574468085106386,"25":0.35106382978723405,"11":0.35638297872340424,"123":0.3617021276595745,"77":0.3670212765957447,"100":0.3723404255319149,"86":0.3776595744680851,"10":0.3829787234042553,"118":0.3882978723404255,"30":0.39361702127659576,"93":0.39893617021276595,"133":0.40425531914893614,"56":0.4095744680851064,"4":0.4148936170212766,"14":0.42021276595744683,"117":0.425531914893617,"57":0.4308510638297872,"79":0.43617021276595747,"147":0.44148936170212766,"54":0.44680851063829785,"20":0.4521276595744681,"7":0.4574468085106383,"70":0.4627659574468085,"92":0.46808510638297873,"64":0.4734042553191489,"49":0.4787234042553192,"31":0.48404255319148937,"16":0.48936170212765956,"108":0.4946808510638298,"28":0.5,"32":0.5053191489361702,"40":0.5106382978723404,"34":0.5159574468085106,"115":0.5212765957446809,"37":0.526595744680851,"50":0.5319148936170213,"141":0.5372340425531915,"94":0.5425531914893617,"51":0.5478723404255319,"52":0.5531914893617021,"21":0.5585106382978723,"91":0.5638297872340425,"90":0.5691489361702128,"80":0.574468085106383,"19":0.5797872340425532,"24":0.5851063829787234,"75":0.5904255319148937,"102":0.5957446808510638,"81":0.601063829787234,"98":0.6063829787234043,"62":0.6117021276595744,"84":0.6170212765957447,"72":0.6223404255319149,"114":0.6276595744680851,"116":0.6329787234042553,"124":0.6382978723404256,"69":0.6436170212765957,"113":0.648936170212766,"95":0.6542553191489362,"71":0.6595744680851063,"110":0.6648936170212766,"85":0.6702127659574468,"83":0.675531914893617,"88":0.6808510638297872,"144":0.6861702127659575,