{"name":"density","eps":0.5,"weight":"value","num_of_nodes":198,"num_of_edges":379,"process_time":0.012634754180908203,"data":{"0":0.0006173644354544563,"1":0.0006173924650289634,"2":0.25277842025547065,"3":0.0012347569005300065,"4":0.25030873827687045,"5":0.2527782801075748,"6":0.0018522614840433453,"7":0.00246954183063452,"8":0.0024696819785769357,"9":0.001234840989253528,"10":0.2527783922259194,"11":0.0030871305027782067,"12":0.0018522334543057846,"13":0.4993826075349594,"14":0.003704494938186076,"15":0.49876515901071156,"16":0.0037044669087047425,"17":0.0018522334544455448,"18":0.2521609156720971,"19":0.2521609717312461,"20":0.49876515901068824,"21":0.7509261307420508,"22":0.0018522614839268784,"23":0.001852233454329078,"24":0.25092607468282024,"25":0.0018522614840433453,"26":0.7503087943360777,"27":0.0006174204946733506,"28":0.25216102779048827,"29":0.2521609717312461,"30":0.0012348409893001146,"31":0.4993826355645572,"32":0.0012348690188280348,"33":0.0037044669087513294,"34":0.0006173924650289634,"35":0.0037044669087513294,"36":0.2509261868011416,"37":0.0006173924650289634,"38":0.00246954183063452,"39":0.0030871865619505143,"40":0.0018521773951567704,"41":0.0006174765538223649,"42":0.24969126172309464,"43":0.25216102779048827,"44":0.24969128975264585,"45":0.0006174204946733506,"46":0.5018522334543407,"47":0.2503088223656638,"48":0.0018522334543523713,"49":0.0030871865619505143,"50":0.25154369138456173,"51":0.2503086822177913,"52":0.5000000560591606,"53":0.25092607468282024,"54":0.25216091567207377,"55":0.0006173924650289634,"56":0.2503086822177214,"57":0.25092610271239474,"58":0.0012348409893001146,"59":0.4993826075349594,"60":0.0006173644354544563,"61":0.0006173924650289634,"62":0.5030871024731455,"63":0.4993827476829251,"64":0.0018521773952266504,"65":0.49938263556467366,"66":0.0018522614839268784,"67":0.001234812959632434,"68":2.3293366566864858e-14,"69":0.5012348409891952,"70":0.7484565048225763,"71":0.003704410849602315,"72":0.4981478226047617,"73":0.9981477945752222,"74":0.25277828010752823,"75":0.002469794096874964,"76":0.25154363532534285,"77":0.001234812959702314,"78":0.001234812959702314,"79":0.0012348690188280348,"80":0.7484566169408045,"81":0.004939195779543775,"82":0.0012347849301278069,"83":0.2509261027123715,"84":0.0006174485242711512,"85":0.24907386925806568,"86":0.0024697380376327766,"87":0.0012348129597954875,"88":0.24969131778219708,"89":0.0024695978898068276,"90":0.0024695978898068276,"91":0.25216091567212034,"92":0.2509261587715438,"93":0.24969128975264585,"94":0.24969131778226694,"95":0.5018522334543407,"96":0.7509261027122667,"97":0.5000000560591373,"98":0.7509261027123831,"99":0.0012349531076214363,"100":0.25092610271234816,"101":0.003086990354882378,"102":0.2503087382769403,"103":0.0006174485242711512,"104":0.49938255147576377,"105":0.002469681978646816,"106":0.0030872145915250213,"107":0.0006174485242711512,"108":0.25216091567205046,"109":0.003086906266065683,"110":0.003087046414031392,"111":0.0043218874033548,"112":1.0,"113":0.24969128975264585,"114":2.3293366566864858e-14,"115":0.5018523175431341,"116":0.0024697380376327766,"117":0.0006174204946034705,"118":0.252160943701625,"119":0.0012348129597954875,"120":0.49999997197039053,"121":0.000617364435501043,"122":0.49938255147576377,"123":0.0030872145915250213,"124":0.0012348970484491288,"125":0.0037044669086348627,"126":0.2521608876424993,"127":0.000617364435501043,"128":0.4993826075349361,"129":2.3293366566864858e-14,"130":0.0037044669086348627,"131":0.25401303700803496,"132":0.002469766067230577,"133":0.0006174765538223649,"134":0.7496913458118764,"135":0.5000000560592073,"136":0.5012348409893118,"137":0.25277836419622846,"138":0.25154349517740043,"139":0.5012348129596906,"140":0.0012349531077379032,"141":0.0030870183845034716,"142":0.0006174485242711512,"143":0.2496912897527623,"144":0.003087186561857341,"145":0.7490738972876285,"146":0.2496912897527623,"147":0.5006174204945918,"148":0.002469710008174736,"149":0.7490738692581006,"150":0.0,"151":0.25154355123659605,"152":0.2521609997608439,"153":0.25030873827705674,"154":0.0012348409892768211,"155":0.0006174204947665241,"156":0.5000000560592073,"157":0.24969142990063486,"158":0.2503087943361592,"159":0.2503087943361592,"160":0.2521610277904184,"161":0.004321859373710412,"162":0.7490738972876752,"163":0.25154346714789577,"164":0.2509261307419693,"165":0.25401306503763277,"166":0.0030870183844335917,"167":0.25092610271239474,"168":0.25216099976089046,"169":0.0018522614839268784,"170":0.002469710008174736,"171":0.0037044669086348627,"172":0.2515436072957916,"173":0.0012348409892768211,"174":0.002469710008174736,"175":0.0006174485242711512,"176":0.25092610271239474,"177":0.2521609437016949,"178":0.2533958127204297,"179":0.002469597889900001,"180":0.25154355123659605,"181":0.002469710008174736,"182":0.4993827476829251,"183":0.003087158532376007,"184":0.5012348970484142,"185":0.0024696819785536422,"186":0.25154360729569847,"187":0.2503087102473192,"188":0.5000001121182864,"189":0.4993826916236363,"190":0.2527783361667471,"191":0.2515435792662171,"192":0.001852317543099186,"193":0.7503087663064333,"194":0.5018522054248361,"195":0.2496912897527623,"196":0.002469710008174736,"197":0.7503086541881353},"ranked":{"150":0.0,"68":0.005076142131979695,"114":0.01015228426395939,"129":0.015228426395939087,"0":0.02030456852791878,"60":0.025380710659898477,"121":0.030456852791878174,"127":0.03553299492385787,"1":0.04060913705583756,"34":0.04568527918781726,"37":0.050761421319796954,"55":0.05583756345177665,"61":0.06091370558375635,"117":0.06598984771573604,"27":0.07106598984771574,"45":0.07614213197969544,"155":0.08121827411167512,"84":0.08629441624365482,"103":0.09137055837563451,"107":0.09644670050761421,"142":0.10152284263959391,"175":0.1065989847715736,"41":0.1116751269035533,"133":0.116751269035533,"3":0.1218274111675127,"82":0.12690355329949238,"67":0.1319796954314721,"77":0.13705583756345177,"78":0.14213197969543148,"87":0.14720812182741116,"119":0.15228426395939088,"9":0.15736040609137056,"154":0.16243654822335024,"173":0.16751269035532995,"30":0.17258883248730963,"58":0.17766497461928935,"32":0.18274111675126903,"79":0.18781725888324874,"124":0.19289340101522842,"99":0.19796954314720813,"140":0.20304568527918782,"40":0.20812182741116753,"64":0.2131979695431472,"12":0.2182741116751269,"23":0.2233502538071066,"48":0.22842639593908629,"17":0.233502538071066,"22":0.23857868020304568,"66":0.2436548223350254,"169":0.24873096446700507,"6":0.25380710659898476,"25":0.25888324873096447,"192":0.2639593908629442,"7":0.26903553299492383,"38":0.27411167512690354,"89":0.27918781725888325,"90":0.28426395939086296,"179":0.2893401015228426,"185":0.29441624365482233,"8":0.29949238578680204,"105":0.30456852791878175,"148":0.3096446700507614,"170":0.3147208121827411,"174":0.3197969543147208,"181":0.3248730964467005,"196":0.3299492385786802,"86":0.3350253807106599,"116":0.3401015228426396,"132":0.34517766497461927,"75":0.350253807106599,"109":0.3553299492385787,"101":0.3604060913705584,"166":0.36548223350253806,"141":0.37055837563451777,"110":0.3756345177664975,"11":0.38071065989847713,"183":0.38578680203045684,"144":0.39086294416243655,"39":0.39593908629441626,"49":0.4010152284263959,"106":0.40609137055837563,"123":0.41116751269035534,"71":0.41624365482233505,"125":0.4213197969543147,"130":0.4263959390862944,"171":0.43147208121827413,"16":0.4365482233502538,"33":0.4416243654822335,"35":0.4467005076142132,"14":0.4517766497461929,"161":0.45685279187817257,"111":0.4619289340101523,"81":0.467005076142132,"85":0.4720812182741117,"42":0.47715736040609136,"44":0.48223350253807107,"93":0.4873096446700508,"113":0.49238578680203043,"143":0.49746192893401014,"146":0.5025380710659898,"195":0.5076142131979695,"88":0.5126903553299492,"94":0.5177664974619289,"157":0.5228426395939086,"56":0.5279187817258884,"51":0.5329949238578681,"187":0.5380710659898477,"4":0.5431472081218274,"102":0.5482233502538071,"153":0.5532994923857868,"158":0.5583756345177665,