{"name":"fiedler","normalized":false,"weight":"value","num_of_nodes":141,"num_of_edges":272,"process_time":0.04732179641723633,"data":{"0":0.41526357895171,"1":0.4223557464179942,"2":0.4098083123467028,"3":0.40458070139417834,"4":0.3997590985527666,"5":0.41195576732954375,"6":0.41395551559992627,"7":0.40612360450283314,"8":0.47319285974158853,"9":0.4076748268223222,"10":0.4006838447999867,"11":0.411960542655407,"12":0.43119822322375173,"13":0.4076748268223222,"14":0.4139599591757239,"15":0.3998867382686341,"16":0.3997590985527666,"17":0.411960542655407,"18":0.4005242523129979,"19":0.4365020447783756,"20":0.4122480630161779,"21":0.40798055612686185,"22":0.4076748268223222,"23":0.3788546881315652,"24":0.4099554560873687,"25":0.416683535533324,"26":0.4098083123467028,"27":0.4153799835962614,"28":0.40541790888635665,"29":0.4104695712717554,"30":0.39968545301514447,"31":0.4206688192868252,"32":0.40181721828319966,"33":0.41410865729051527,"34":0.4365527116904695,"35":0.4152635789517099,"36":0.4156642934343919,"37":0.4365527116904695,"38":0.41239201620408694,"39":0.40995545608917733,"40":0.4000532857648663,"41":0.41239201620408694,"42":0.412816400412235,"43":0.4129157369629657,"44":0.4100291267329879,"45":0.4122289873129229,"46":0.40612360450283314,"47":0.9368052710976026,"48":0.9241900595778071,"49":0.9614838416180467,"50":0.9071663135627596,"51":0.9880331604741189,"52":0.6331857305161522,"53":0.8672211971436051,"54":0.9990429968489412,"55":0.9851656274022661,"56":0.9932308214734541,"57":0.9990429968489412,"58":0.6892165975482117,"59":0.9900823543036436,"60":0.9071663135627596,"61":0.9792315389160916,"62":0.9375524344203685,"63":0.9418527713292888,"64":0.9907138243424377,"65":0.9798925357309338,"66":0.6766222429211277,"67":0.6731939805969053,"68":0.8606269523891836,"69":0.6766222429211277,"70":0.6423411703059377,"71":0.5831183202342783,"72":0.9884641470696844,"73":1.0,"74":0.9990429968489409,"75":0.9859778009576902,"76":0.6789138272559551,"77":0.9405370805545268,"78":0.9767000753999735,"79":0.9571854940733421,"80":0.9884641470696844,"81":0.9363698871696451,"82":0.9571854940733421,"83":0.9890536984264602,"84":0.8146876859132678,"85":0.9909238180647939,"86":0.9952201168178741,"87":0.914111054286909,"88":0.9831953354230143,"89":0.9893091754590294,"90":0.9461412342060239,"91":0.7143377610658758,"92":0.9698768290285482,"93":0.8978484466579484,"94":0.03151290600424507,"95":0.0881524286721171,"96":0.03452657180651206,"97":0.0019710205560816364,"98":0.3700293628887451,"99":0.13967683996863833,"100":0.09807910198831503,"101":0.1943025361657384,"102":0.00021027854752916748,"103":0.18593286400062164,"104":0.02419485581265745,"105":0.001150861117170803,"106":0.03314978772733886,"107":0.07112720479076848,"108":0.004896730971552129,"109":0.12035777499990911,"110":0.02937906648527941,"111":0.11967835721746974,"112":0.0,"113":0.3263231261515157,"114":0.004289784237954649,"115":0.2308273669885835,"116":0.010675848078410799,"117":0.20901660139830922,"118":0.030685767101654476,"119":0.06698710590982956,"120":0.12516405471011152,"121":0.008907501718869523,"122":0.0677002768272901,"123":0.053146484953723726,"124":0.1804196926037627,"125":0.0619390906012501,"126":0.02937906647677347,"127":0.12035777499990917,"128":0.025056494452616256,"129":0.12757042101371133,"130":0.08372516570844131,"131":0.030958824798877654,"132":0.03896759324959513,"133":0.001569599008867756,"134":0.005080531997442483,"135":0.004509235972070666,"136":0.07216361913617018,"137":0.053289871466182755,"138":0.07976852207070156,"139":0.001131034128118468,"140":0.20329107821936754},"ranked":{"112":0.0,"102":0.007142857142857143,"139":0.014285714285714285,"105":0.02142857142857143,"133":0.02857142857142857,"97":0.03571428571428571,"114":0.04285714285714286,"135":0.05,"108":0.05714285714285714,"134":0.06428571428571428,"121":0.07142857142857142,"116":0.07857142857142857,"104":0.08571428571428572,"128":0.09285714285714286,"126":0.1,"110":0.10714285714285714,"118":0.11428571428571428,"131":0.12142857142857143,"94":0.12857142857142856,"106":0.1357142857142857,"96":0.14285714285714285,"132":0.15,"123":0.15714285714285714,"137":0.16428571428571428,"125":0.17142857142857143,"119":0.17857142857142858,"122":0.18571428571428572,"107":0.19285714285714287,"136":0.2,"138":0.20714285714285716,"130":0.21428571428571427,"95":0.22142857142857142,"100":0.22857142857142856,"111":0.2357142857142857,"109":0.24285714285714285,"127":0.25,"120":0.2571428571428571,"129":0.2642857142857143,"99":0.2714285714285714,"124":0.2785714285714286,"103":0.2857142857142857,"101":0.29285714285714287,"140":0.3,"117":0.30714285714285716,"115":0.3142857142857143,"113":0.32142857142857145,"98":0.32857142857142857,"23":0.3357142857142857,"30":0.34285714285714286,"4":0.35,"16":0.35714285714285715,"15":0.36428571428571427,"40":0.37142857142857144,"18":0.37857142857142856,"10":0.38571428571428573,"32":0.39285714285714285,"3":0.4,"28":0.40714285714285714,"46":0.4142857142857143,"7":0.42142857142857143,"9":0.42857142857142855,"13":0.4357142857142857,"22":0.44285714285714284,"21":0.45,"26":0.45714285714285713,"2":0.4642857142857143,"24":0.4714285714285714,"39":0.4785714285714286,"44":0.4857142857142857,"29":0.4928571428571429,"5":0.5,"11":0.5071428571428571,"17":0.5142857142857142,"45":0.5214285714285715,"20":0.5285714285714286,"38":0.5357142857142857,"41":0.5428571428571428,"42":0.55,"43":0.5571428571428572,"6":0.5642857142857143,"14":0.5714285714285714,"33":0.5785714285714286,"35":0.5857142857142857,"0":0.5928571428571429,"27":0.6,"36":0.6071428571428571,"25":0.6142857142857143,"31":0.6214285714285714,"1":0.6285714285714286,"12":0.6357142857142857,"19":0.6428571428571429,"34":0.65,"37":0.6571428571428571,"8":0.6642857142857143,"71":0.6714285714285714,"52":0.6785714285714286,"70":0.6857142857142857,"67":0.6928571428571428,"66":0.7,"69":0.7071428571428572,"76":0.7142857142857143,"58":0.7214285714285714,"91":0.7285714285714285,"84":0.7357142857142858,"68":0.7428571428571429,"53":0.75,"93":0.7571428571428571,"50":0.7642857142857142,"60":0.7714285714285715,"87":0.7785714285714286,"48":0.7857142857142857,"81":0.7928571428571428,"47":0.8,"62":0.8071428571428572,"77":0.8142857142857143,"63":0.8214285714285714,"90":0.8285714285714286,"79":0.8357142857142857,"82":0.8428571428571429,"49":0.85,"92":0.8571428571428571,"78":0.8642857142857143,"61":0.8714285714285714,"65":0.8785714285714286,"88":0.8857142857142857,"55":0.8928571428571429,"75":0.9,"51":0.9071428571428571,"72":0.9142857142857143,"80":0.9214285714285714,"83":0.9285714285714286,"89":0.9357142857142857,"59":0.9428571428571428,"64":0.95,"85":0.9571428571428572,"56":0.9642857142857143,"86":0.9714285714285714,"74":0.9785714285714285,"54":0.9857142857142858,"57":0.9928571428571429,"73":1.0}}