{"name":"pagerank","alpha":0.85,"weight":"value","num_of_nodes":126,"num_of_edges":245,"process_time":0.034707069396972656,"data":{"0":0.34499744401535204,"1":0.42791855297727815,"2":0.4252580033885628,"3":0.08591189825007371,"4":0.20896354669377515,"5":0.42658970271077185,"6":0.08123877640445457,"7":0.3149442110982697,"8":0.1572133130139772,"9":0.3841988837921338,"10":0.31317392141411304,"11":0.6515273499534471,"12":0.08153106580764392,"13":0.3149442110982697,"14":0.3621548559459814,"15":0.3149442110982697,"16":0.03700079344441588,"17":0.3131739214141133,"18":0.20896354669377515,"19":0.07650149995234382,"20":0.6384190830322778,"21":0.5150648635469308,"22":0.6560813998534624,"23":0.0740693287171051,"24":0.1572133130139772,"25":0.11900552899326354,"26":0.3721470035840774,"27":0.5946579184362804,"28":0.058352809918499914,"29":0.3658631256875398,"30":0.42791855297727815,"31":0.03700079344441588,"32":0.12025630160987272,"33":0.3149442110982697,"34":0.1572133130139772,"35":0.11067238755360188,"36":0.419652549261336,"37":0.6373320107720878,"38":0.2089635466937753,"39":0.37013459317180086,"40":0.7468866041441876,"41":0.5946579184362804,"42":0.4505675717717615,"43":0.20891143067887485,"44":0.3308994368885073,"45":0.31835992986529044,"46":0.19692284976099084,"47":0.052167990891315054,"48":0.24804976414847763,"49":0.03457431899423955,"50":0.24986872120321166,"51":0.5739397986415784,"52":0.2936001072177637,"53":0.006136855038042711,"54":0.3308994368885073,"55":0.30388697313099594,"56":0.017679084964327418,"57":0.6212460668666383,"58":0.042743643159236525,"59":0.3201532754961014,"60":0.49437007017017187,"61":0.258422610321207,"62":0.5926094071320227,"63":0.07068851905027036,"64":0.217005341393491,"65":0.4463231212834527,"66":0.4463231212834527,"67":0.24804976414847763,"68":0.07068851905027036,"69":0.3141118859722863,"70":0.32669535364425156,"71":0.05046325858064677,"72":0.2109189743620064,"73":0.28760443003412894,"74":0.0,"75":0.7589101732653957,"76":0.5780574285158925,"77":0.03834867015805662,"78":0.5147344837126061,"79":0.5893025763664588,"80":0.33352565229118764,"81":1.0,"82":0.057752939640967574,"83":0.7221433101447639,"84":0.4227326776115823,"85":0.11633713284940453,"86":0.10850534709202944,"87":0.29199843221284666,"88":0.82178295554601,"89":0.4185329499615139,"90":0.9876899632990382,"91":0.6100721245410653,"92":0.33804175578981926,"93":0.28906228940150797,"94":0.08787223952509184,"95":0.07606582139198036,"96":0.8093840849685012,"97":0.08787223952509184,"98":0.3576696112597694,"99":0.5852332334626795,"100":0.019109590971274508,"101":0.03810427249895344,"102":0.36487585576596987,"103":0.48803962653098276,"104":0.09197059746305802,"105":0.6758880238992855,"106":0.25953244820594057,"107":0.170201645351599,"108":0.04486669228947926,"109":0.5458904183555704,"110":0.10850534709202958,"111":0.3048107373046615,"112":0.2935668970157116,"113":0.5699403625394985,"114":0.07738078487515442,"115":0.11633713284940453,"116":0.28833632187495434,"117":0.14535717999172693,"118":0.4880396265309822,"119":0.07822326269989113,"120":0.7041081660544579,"121":0.6003435099734958,"122":0.05073855147946251,"123":0.0844197482221248,"124":0.04001556250212014,"125":0.170201645351599},"ranked":{"74":0.0,"53":0.008,"56":0.016,"100":0.024,"49":0.032,"16":0.04,"31":0.048,"101":0.056,"77":0.064,"124":0.072,"58":0.08,"108":0.088,"71":0.096,"122":0.104,"47":0.112,"82":0.12,"28":0.128,"63":0.136,"68":0.144,"23":0.152,"95":0.16,"19":0.168,"114":0.176,"119":0.184,"6":0.192,"12":0.2,"123":0.208,"3":0.216,"94":0.224,"97":0.232,"104":0.24,"86":0.248,"110":0.256,"35":0.264,"85":0.272,"115":0.28,"25":0.288,"32":0.296,"117":0.304,"8":0.312,"24":0.32,"34":0.328,"107":0.336,"125":0.344,"46":0.352,"43":0.36,"4":0.368,"18":0.376,"38":0.384,"72":0.392,"64":0.4,"48":0.408,"67":0.416,"50":0.424,"61":0.432,"106":0.44,"73":0.448,"116":0.456,"93":0.464,"87":0.472,"112":0.48,"52":0.488,"55":0.496,"111":0.504,"10":0.512,"17":0.52,"69":0.528,"7":0.536,"13":0.544,"15":0.552,"33":0.56,"45":0.568,"59":0.576,"70":0.584,"44":0.592,"54":0.6,"80":0.608,"92":0.616,"0":0.624,"98":0.632,"14":0.64,"102":0.648,"29":0.656,"39":0.664,"26":0.672,"9":0.68,"89":0.688,"36":0.696,"84":0.704,"2":0.712,"5":0.72,"1":0.728,"30":0.736,"65":0.744,"66":0.752,"42":0.76,"118":0.768,"103":0.776,"60":0.784,"78":0.792,"21":0.8,"109":0.808,"113":0.816,"51":0.824,"76":0.832,"99":0.84,"79":0.848,"62":0.856,"27":0.864,"41":0.872,"121":0.88,"91":0.888,"57":0.896,"37":0.904,"20":0.912,"11":0.92,"22":0.928,"105":0.936,"120":0.944,"83":0.952,"40":0.96,"75":0.968,"96":0.976,"88":0.984,"90":0.992,"81":1.0}}