{"name":"fiedler","normalized":true,"weight":"value","num_of_nodes":186,"num_of_edges":583,"process_time":0.02802300453186035,"data":{"0":0.054228740543661405,"1":0.07561044586311409,"2":0.10885313931086936,"3":0.019564019319936166,"4":0.09107460020705022,"5":0.10023711353456743,"6":0.11793160105879005,"7":0.05098383416828786,"8":0.0,"9":0.12450131289337303,"10":0.14073074108535674,"11":0.08628640590992043,"12":0.10995929361235522,"13":0.1327078947500426,"14":0.14234853850112414,"15":0.09322357302713556,"16":0.1038232892165841,"17":0.1205583762472889,"18":0.05690927809964107,"19":0.09926398423878517,"20":0.07847052443830792,"21":0.08993698307822837,"22":0.05962495794578124,"23":0.05225879381476216,"24":0.13517197273286752,"25":0.07976307373233585,"26":0.054534396277249465,"27":0.08440887521195635,"28":0.0634514163948878,"29":0.11594423053397505,"30":0.024400752893137437,"31":0.01956401932242864,"32":0.058035973651158854,"33":0.1460651263649398,"34":0.058372668473064035,"35":0.055214600074807656,"36":0.08285715378674045,"37":0.07287974683809884,"38":0.0483160880072136,"39":0.05530097694014492,"40":0.08935920683205698,"41":0.1257676496854466,"42":0.13121870818251918,"43":0.0736866753299422,"44":0.08396565473002979,"45":0.09800743017355841,"46":0.0891514652300579,"47":0.12849640302969567,"48":0.01863259753394289,"49":0.10324214083447249,"50":0.11341112158541611,"51":0.018782950216851158,"52":0.09926398423896243,"53":0.04095573578794855,"54":0.050363006254793924,"55":0.12823716737897936,"56":0.10715147241775172,"57":0.14234853850122337,"58":0.11587472430295384,"59":0.08833156494873226,"60":0.09678113864449811,"61":0.07368667530928293,"62":0.9115970089534523,"63":0.8295467831804167,"64":0.8096314045234293,"65":0.8601905176426314,"66":0.9540732487737404,"67":0.8476880557480085,"68":0.8275016667238267,"69":0.8969401630328138,"70":0.8641289352153021,"71":0.9161767571804982,"72":0.9253126031904437,"73":0.9254866177670129,"74":0.86472426797216,"75":0.862827093744342,"76":0.8531999400161978,"77":0.9156834445267701,"78":0.8949212144913171,"79":0.916176757180736,"80":0.8901226619920108,"81":0.8265424684600032,"82":0.8847788615104507,"83":0.9287156882443565,"84":0.8443627320595477,"85":0.06787776361748879,"86":0.9584085123727991,"87":0.9569056921795274,"88":0.9251236221818733,"89":0.8862104299822152,"90":0.9260494524829908,"91":0.8501081964042513,"92":0.8443627320595329,"93":0.949876823867395,"94":0.9586442482470114,"95":0.9666071412091657,"96":1.0,"97":0.8275016667238492,"98":0.8641245449932835,"99":0.8850540834604912,"100":0.9644599674619646,"101":0.8577514798217443,"102":0.8899709098437647,"103":0.8847788615103165,"104":0.9168607681119679,"105":0.844362732059573,"106":0.8758621790184551,"107":0.9287156882445088,"108":0.8880073303166106,"109":0.974481889131559,"110":0.09655650844941355,"111":0.0952992580333746,"112":0.0965565084494832,"113":0.8934710902389071,"114":0.8160659666593112,"115":0.8826633599377914,"116":0.8693635053032315,"117":0.8523310333016071,"118":0.9019070855398374,"119":0.924291019925681,"120":0.957016866104811,"121":0.8877461794544212,"122":0.9489618744698153,"123":0.061681044992408396,"124":0.1497885092139151,"125":0.5216581326142973,"126":0.525686468895463,"127":0.3857826756340394,"128":0.3953224786215881,"129":0.4029756372074258,"130":0.3966058928609188,"131":0.5147097494676267,"132":0.39250527738246116,"133":0.508926681496175,"134":0.5296831238027749,"135":0.5078636267952341,"136":0.5128800381044655,"137":0.0642100028506577,"138":0.4939832471535934,"139":0.4958853122551165,"140":0.4170184756293864,"141":0.5173354028618141,"142":0.516073398204163,"143":0.42544968930136956,"144":0.5173354028620515,"145":0.48326283529750297,"146":0.5615179320860834,"147":0.4897025970216488,"148":0.5346431579744781,"149":0.4170184756293977,"150":0.35701719801581305,"151":0.43397282129356735,"152":0.48473946384495875,"153":0.5173354028619367,"154":0.49511045579982016,"155":0.37956418142321435,"156":0.518032448749249,"157":0.5011135117401287,"158":0.49023554187496965,"159":0.5227211402851886,"160":0.5072285536752754,"161":0.5089266814959669,"162":0.14623502669780314,"163":0.5182032732090845,"164":0.3814747846072503,"165":0.4487893195119733,"166":0.4538719505532176,"167":0.5186068687439286,"168":0.48744468553040815,"169":0.4057476336003132,"170":0.44521683647883703,"171":0.4416136059853642,"172":0.3911822341975692,"173":0.5220747112664224,"174":0.5100915397703782,"175":0.4770162108895898,"176":0.3630477925807313,"177":0.5155433419256031,"178":0.25119751092220977,"179":0.48694052475460087,"180":0.471265294577222,"181":0.1522947260263011,"182":0.5265230964260613,"183":0.5078463704430943,"184":0.5248103524221531,"185":0.4872664407304724},"ranked":{"8":0.0,"48":0.005405405405405406,"51":0.010810810810810811,"3":0.016216216216216217,"31":0.021621621621621623,"30":0.02702702702702703,"53":0.032432432432432434,"38":0.03783783783783784,"54":0.043243243243243246,"7":0.04864864864864865,"23":0.05405405405405406,"0":0.05945945945945946,"26":0.06486486486486487,"35":0.07027027027027027,"39":0.07567567567567568,"18":0.08108108108108109,"32":0.08648648648648649,"34":0.0918918918918919,"22":0.0972972972972973,"123":0.10270270270270271,"28":0.10810810810810811,"137":0.11351351351351352,"85":0.11891891891891893,"37":0.12432432432432433,"61":0.12972972972972974,"43":0.13513513513513514,"1":0.14054054054054055,"20":0.14594594594594595,"25":0.15135135135135136,"36":0.15675675675675677,"44":0.16216216216216217,"27":0.16756756756756758,"11":0.17297297297297298,"59":0.1783783783783784,"46":0.1837837837837838,"40":0.1891891891891892,"21":0.1945945945945946,"4":0.2,"15":0.20540540540540542,"111":0.21081081081081082,"110":0.21621621621621623,"112":0.22162162162162163,"60":0.22702702702702704,"45":0.23243243243243245,"19":0.23783783783783785,"52":0.24324324324324326,"5":0.24864864864864866,"49":0.25405405405405407,"16":0.2594594594594595,"56":0.2648648648648649,"2":0.2702702702702703,"12":0.2756756756756757,"50":0.2810810810810811,"58":0.2864864864864865,"29":0.2918918918918919,"6":0.2972972972972973,"17":0.3027027027027027,"9":0.3081081081081081,"41":0.31351351351351353,"55":0.31891891891891894,"47":0.32432432432432434,"42":0.32972972972972975,"13":0.33513513513513515,"24":0.34054054054054056,"10":0.34594594594594597,"14":0.35135135135135137,"57":0.3567567567567568,"33":0.3621621621621622,"162":0.3675675675675676,"124":0.372972972972973,"181":0.3783783783783784,"178":0.3837837837837838,"150":0.3891891891891892,"176":0.3945945945945946,"155":0.4,"164":0.40540540540540543,"127":0.41081081081081083,"172":0.41621621621621624,"132":0.42162162162162165,"128":0.42702702702702705,"130":0.43243243243243246,"129":0.43783783783783786,"169":0.44324324324324327,"140":0.4486486486486487,"149":0.4540540540540541,"143":0.4594594594594595,"151":0.4648648648648649,"171":0.4702702702702703,"170":0.4756756756756757,"165":0.4810810810810811,"166":0.4864864864864865,"180":0.4918918918918919,"175":0.4972972972972973,"145":0.5027027027027027,"152":0.5081081081081081,"179":0.5135135135135135,"185":0.518918918918919,"168":0.5243243243243243,"147":0.5297297297297298,"158":0.5351351351351351,"138":0.5405405405405406,"154":0.5459459459459459,"139":0.5513513513513514,"157":0.5567567567567567,"160":0.5621621621621622,"183":0.5675675675675675,"135":0.572972972972973,"161":0.5783783783783784,"133":0.5837837837837838,"174":0.5891891891891892,"136":0.5945945945945946,"131":0.6,"177":0.6054054054054054,"142":0.6108108108108108,"141":0.6162162162162163,"153":0.6216216216216216,"144":0.6270270270270271,"156":0.6324324324324324,"163":0.6378378378378379,"167":0.6432432432432432,"125":0.6486486486486487,"173":0.654054054054054,"159":0.6594594594594595,"184":0.6648648648648648,"126":0.6702702702702703,"182":0.6756756756756757,"134":0.6810810810810811,"148":0.6864864864864865,"146":0.6918918918918919,"64":0.6972972972972973,"114":0.7027027027027027,"81":0.7081081081081081,"68":0.7135135135135136,"97":0.7189189189189189,