{"name":"fiedler","normalized":true,"weight":"value","num_of_nodes":129,"num_of_edges":402,"process_time":0.03962898254394531,"data":{"0":0.15665693889692492,"1":0.3339365057179264,"2":0.1617742150316108,"3":0.09182364587626589,"4":0.3065367353080311,"5":0.4058828288300659,"6":0.2817063868882236,"7":0.5098422265022988,"8":0.2728791323110272,"9":0.35864204744009304,"10":0.19110019022722383,"11":0.2159314127150981,"12":0.43520712678568346,"13":0.3317256714303139,"14":0.14301176462410925,"15":0.45209808197367607,"16":0.3374471254325745,"17":0.2575893937701013,"18":0.29240979401939665,"19":0.15325059303428207,"20":0.4675946654950492,"21":0.34289671339933187,"22":0.09182364587337027,"23":0.4166461811286293,"24":0.19595660402841944,"25":0.3768314330291848,"26":0.4877553916526792,"27":0.2638740914813567,"28":0.49516574991586193,"29":0.3547448554257086,"30":0.41227636123364997,"31":0.15665693889685683,"32":0.5048377444572447,"33":0.28757511043646855,"34":0.3576587151044245,"35":0.08532615906983174,"36":0.28170638688817395,"37":0.47512703963198083,"38":0.25781903088887614,"39":0.21660378981688608,"40":0.0,"41":0.4808008439923922,"42":0.3191338333545696,"43":0.7602338033114365,"44":0.803359285666416,"45":0.900918045655393,"46":0.33968882108787735,"47":0.8630707663879319,"48":0.9999999999944155,"49":1.0,"50":0.9467361781829814,"51":0.8621982242164432,"52":0.7744889747886243,"53":0.7059383284238477,"54":0.9621127680674795,"55":0.7771510904250033,"56":0.7633677809433369,"57":0.9365999443443689,"58":0.8770619688155594,"59":0.8687957708785677,"60":0.9231073514790942,"61":0.7287196075877872,"62":0.85233821734482,"63":0.8352279332516506,"64":0.865323533639871,"65":0.7983773670705452,"66":0.8632078871832695,"67":0.5610387792713616,"68":0.3580127627616907,"69":0.9999999999983913,"70":0.8240801036221129,"71":0.9400272254433663,"72":0.715937573798395,"73":0.7304236116927982,"74":0.9674570801283697,"75":0.9999999999923129,"76":0.7014492876053586,"77":0.9400272254369539,"78":0.779980229680611,"79":0.9849540037004401,"80":0.8770619688227244,"81":0.9118399081768921,"82":0.7886050856735793,"83":0.8326483294511623,"84":0.8921391616620934,"85":0.6743589000927994,"86":0.7469529923750903,"87":0.6356342465841036,"88":0.7799802296910715,"89":0.6377147430172581,"90":0.7590385136795313,"91":0.781308964133098,"92":0.6396510982529274,"93":0.4178518336114898,"94":0.6677782328877638,"95":0.7711321683356055,"96":0.5972971395358163,"97":0.7781270154451047,"98":0.5117236494586921,"99":0.8013108594444068,"100":0.7254811177592679,"101":0.7663821631542759,"102":0.47336705414875396,"103":0.5370125489056805,"104":0.759038513684094,"105":0.8013108594350129,"106":0.5685191525625292,"107":0.77709042369522,"108":0.7641614997892874,"109":0.6374072238260522,"110":0.7873470369327669,"111":0.5995320833279707,"112":0.8174893112373562,"113":0.6899391042630859,"114":0.568519152562583,"115":0.817489311237315,"116":0.8013108594508045,"117":0.7316882156188553,"118":0.8013108594314973,"119":0.3701730382550208,"120":0.5550569025001586,"121":0.7327329858870076,"122":0.3701730382551062,"123":0.5550569025002279,"124":0.639651098276253,"125":0.19356421901530102,"126":0.7415650695942538,"127":0.6396510982856032,"128":0.7111145195764014},"ranked":{"40":0.0,"35":0.0078125,"22":0.015625,"3":0.0234375,"14":0.03125,"19":0.0390625,"31":0.046875,"0":0.0546875,"2":0.0625,"10":0.0703125,"125":0.078125,"24":0.0859375,"11":0.09375,"39":0.1015625,"17":0.109375,"38":0.1171875,"27":0.125,"8":0.1328125,"36":0.140625,"6":0.1484375,"33":0.15625,"18":0.1640625,"4":0.171875,"42":0.1796875,"13":0.1875,"1":0.1953125,"16":0.203125,"46":0.2109375,"21":0.21875,"29":0.2265625,"34":0.234375,"68":0.2421875,"9":0.25,"119":0.2578125,"122":0.265625,"25":0.2734375,"5":0.28125,"30":0.2890625,"23":0.296875,"93":0.3046875,"12":0.3125,"15":0.3203125,"20":0.328125,"102":0.3359375,"37":0.34375,"41":0.3515625,"26":0.359375,"28":0.3671875,"32":0.375,"7":0.3828125,"98":0.390625,"103":0.3984375,"120":0.40625,"123":0.4140625,"67":0.421875,"106":0.4296875,"114":0.4375,"96":0.4453125,"111":0.453125,"87":0.4609375,"109":0.46875,"89":0.4765625,"92":0.484375,"124":0.4921875,"127":0.5,"94":0.5078125,"85":0.515625,"113":0.5234375,"76":0.53125,"53":0.5390625,"128":0.546875,"72":0.5546875,"100":0.5625,"61":0.5703125,"73":0.578125,"117":0.5859375,"121":0.59375,"126":0.6015625,"86":0.609375,"90":0.6171875,"104":0.625,"43":0.6328125,"56":0.640625,"108":0.6484375,"101":0.65625,"95":0.6640625,"52":0.671875,"107":0.6796875,"55":0.6875,"97":0.6953125,"78":0.703125,"88":0.7109375,"91":0.71875,"110":0.7265625,"82":0.734375,"65":0.7421875,"118":0.75,"105":0.7578125,"99":0.765625,"116":0.7734375,"44":0.78125,"115":0.7890625,"112":0.796875,"70":0.8046875,"83":0.8125,"63":0.8203125,"62":0.828125,"51":0.8359375,"47":0.84375,"66":0.8515625,"64":0.859375,"59":0.8671875,"58":0.875,"80":0.8828125,"84":0.890625,"45":0.8984375,"81":0.90625,"60":0.9140625,"57":0.921875,"77":0.9296875,"71":0.9375,"50":0.9453125,"54":0.953125,"74":0.9609375,"79":0.96875,"75":0.9765625,"48":0.984375,"69":0.9921875,"49":1.0}}