{"name":"agd","num_of_nodes":135,"num_of_edges":250,"weight":"value","process_time":0.007524013519287109,"data":{"0":0.24888888888888894,"1":0.03555555555555553,"2":0.6444444444444445,"3":0.11555555555555548,"4":0.0977777777777778,"5":0.471111111111111,"6":0.20888888888888887,"7":0.8133333333333332,"8":0.05777777777777774,"9":0.1466666666666666,"10":0.04888888888888883,"11":0.3555555555555555,"12":0.6355555555555554,"13":0.013333333333333305,"14":0.031111111111111135,"15":0.6799999999999999,"16":0.07555555555555557,"17":0.831111111111111,"18":0.31111111111111106,"19":0.8133333333333332,"20":0.18666666666666668,"21":0.4977777777777779,"22":0.49333333333333335,"23":0.351111111111111,"24":0.6799999999999999,"25":0.4844444444444443,"26":0.831111111111111,"27":0.6488888888888887,"28":0.09333333333333327,"29":0.08888888888888888,"30":0.19999999999999998,"31":0.24888888888888894,"32":0.12000000000000001,"33":0.2266666666666667,"34":0.471111111111111,"35":0.3333333333333334,"36":0.05777777777777774,"37":0.32444444444444437,"38":0.6799999999999999,"39":0.11555555555555548,"40":0.12888888888888891,"41":0.831111111111111,"42":0.1333333333333333,"43":0.17777777777777776,"44":0.32444444444444437,"45":0.3911111111111112,"46":0.5822222222222222,"47":0.12888888888888891,"48":0.4488888888888889,"49":0.28888888888888886,"50":0.19999999999999998,"51":0.2799999999999999,"52":0.9822222222222222,"53":0.19999999999999998,"54":0.9822222222222222,"55":0.2177777777777778,"56":0.39555555555555544,"57":0.36444444444444457,"58":0.19999999999999998,"59":0.6000000000000001,"60":0.6133333333333334,"61":0.4622222222222222,"62":0.3288888888888889,"63":0.28444444444444444,"64":0.15555555555555553,"65":0.24000000000000002,"66":0.5022222222222221,"67":0.11111111111111109,"68":0.4488888888888889,"69":0.7644444444444445,"70":0.43111111111111106,"71":0.591111111111111,"72":0.3377777777777777,"73":0.1466666666666666,"74":0.6577777777777778,"75":0.5066666666666666,"76":0.08444444444444449,"77":0.4622222222222222,"78":0.3377777777777777,"79":0.07111111111111106,"80":0.4266666666666666,"81":0.11111111111111109,"82":0.6488888888888887,"83":0.32444444444444437,"84":0.2311111111111111,"85":0.08888888888888888,"86":0.9911111111111109,"87":0.808888888888889,"88":0.808888888888889,"89":0.5022222222222221,"90":0.15555555555555553,"91":0.2355555555555555,"92":0.031111111111111135,"93":0.43111111111111106,"94":1.0,"95":0.10222222222222219,"96":0.8266666666666665,"97":0.8222222222222223,"98":0.1066666666666667,"99":0.07999999999999996,"100":0.07111111111111106,"101":0.2799999999999999,"102":0.16888888888888884,"103":0.02666666666666661,"104":0.10222222222222219,"105":0.26222222222222225,"106":0.3777777777777779,"107":0.16000000000000006,"108":0.16000000000000006,"109":0.11111111111111109,"110":0.0,"111":0.6533333333333333,"112":0.15555555555555553,"113":0.7155555555555555,"114":0.26222222222222225,"115":0.6666666666666666,"116":0.8222222222222223,"117":0.10222222222222219,"118":0.4488888888888889,"119":0.031111111111111135,"120":0.08888888888888888,"121":0.06222222222222227,"122":0.6488888888888887,"123":0.1333333333333333,"124":0.5866666666666668,"125":0.07999999999999996,"126":0.5066666666666666,"127":0.34666666666666673,"128":0.8177777777777777,"129":0.4488888888888889,"130":0.6711111111111111,"131":0.12000000000000001,"132":0.5022222222222221,"133":0.18222222222222229,"134":0.17777777777777776},"ranked":{"110":0.0,"13":0.007462686567164179,"103":0.014925373134328358,"14":0.022388059701492536,"92":0.029850746268656716,"119":0.03731343283582089,"1":0.04477611940298507,"10":0.05223880597014925,"8":0.05970149253731343,"36":0.06716417910447761,"121":0.07462686567164178,"79":0.08208955223880597,"100":0.08955223880597014,"16":0.09701492537313433,"99":0.1044776119402985,"125":0.11194029850746269,"76":0.11940298507462686,"29":0.12686567164179105,"85":0.13432835820895522,"120":0.1417910447761194,"28":0.14925373134328357,"4":0.15671641791044777,"95":0.16417910447761194,"104":0.17164179104477612,"117":0.1791044776119403,"98":0.1865671641791045,"67":0.19402985074626866,"81":0.20149253731343283,"109":0.208955223880597,"3":0.21641791044776118,"39":0.22388059701492538,"32":0.23134328358208955,"131":0.23880597014925373,"40":0.2462686567164179,"47":0.2537313432835821,"42":0.26119402985074625,"123":0.26865671641791045,"9":0.27611940298507465,"73":0.2835820895522388,"64":0.291044776119403,"90":0.29850746268656714,"112":0.30597014925373134,"107":0.31343283582089554,"108":0.3208955223880597,"102":0.3283582089552239,"43":0.3358208955223881,"134":0.34328358208955223,"133":0.35074626865671643,"20":0.3582089552238806,"30":0.3656716417910448,"50":0.373134328358209,"53":0.3805970149253731,"58":0.3880597014925373,"6":0.39552238805970147,"55":0.40298507462686567,"33":0.41044776119402987,"84":0.417910447761194,"91":0.4253731343283582,"65":0.43283582089552236,"0":0.44029850746268656,"31":0.44776119402985076,"105":0.4552238805970149,"114":0.4626865671641791,"51":0.4701492537313433,"101":0.47761194029850745,"63":0.48507462686567165,"49":0.4925373134328358,"18":0.5,"37":0.5074626865671642,"44":0.5149253731343284,"83":0.5223880597014925,"62":0.5298507462686567,"35":0.5373134328358209,"72":0.5447761194029851,"78":0.5522388059701493,"127":0.5597014925373134,"23":0.5671641791044776,"11":0.5746268656716418,"57":0.582089552238806,"106":0.5895522388059702,"45":0.5970149253731343,"56":0.6044776119402985,"80":0.6119402985074627,"70":0.6194029850746269,"93":0.6268656716417911,"48":0.6343283582089553,"68":0.6417910447761194,"118":0.6492537313432836,"129":0.6567164179104478,"61":0.664179104477612,"77":0.6716417910447762,"5":0.6791044776119403,"34":0.6865671641791045,"25":0.6940298507462687,"22":0.7014925373134329,"21":0.7089552238805971,"66":0.7164179104477612,"89":0.7238805970149254,"132":0.7313432835820896,"75":0.7388059701492538,"126":0.746268656716418,"46":0.753731343283582,"124":0.7611940298507462,"71":0.7686567164179104,"59":0.7761194029850746,"60":0.7835820895522388,"12":0.7910447761194029,"2":0.7985074626865671,"27":0.8059701492537313,"82":0.8134328358208955,"122":0.8208955223880597,"111":0.8283582089552238,"74":0.835820895522388,"115":0.8432835820895522,"130":0.8507462686567164,"15":0.8582089552238806,"24":0.8656716417910447,"38":0.8731343283582089,"113":0.8805970149253731,"69":0.8880597014925373,"87":0.8955223880597015,"88":0.9029850746268657,"7":0.9104477611940298,"19":0.917910447761194,"128":0.9253731343283582,"97":0.9328358208955224,"116":0.9402985074626866,"96":0.9477611940298507,"17":0.9552238805970149,"26":0.9626865671641791,"41":0.9701492537313433,"52":0.9776119402985075,"54":0.9850746268656716,"86":0.9925373134328358,"94":1.0}}