{"name":"pagerank","alpha":0.85,"weight":"value","num_of_nodes":192,"num_of_edges":374,"process_time":0.029674291610717773,"data":{"0":0.0788801120243982,"1":0.4061338838032304,"2":0.5237793694990155,"3":0.3061549071410689,"4":0.27258696243039454,"5":0.18927617449398484,"6":0.07163635295617916,"7":0.5589876900470644,"8":0.060748041989260225,"9":0.3367180035753576,"10":0.10436279717348772,"11":0.5703545216814422,"12":0.13908957443126077,"13":0.267172058990804,"14":0.7349616208718517,"15":0.32595576565738105,"16":0.13598556108729776,"17":0.08321571957791997,"18":0.16856614942456916,"19":0.09638035714595879,"20":0.11477745545190329,"21":0.4998956206561068,"22":0.0788801120243982,"23":0.4159887369358646,"24":0.3344835511607713,"25":0.07877135668376337,"26":0.33414029915060034,"27":0.31515158513668634,"28":0.15825217871455763,"29":0.848591417093525,"30":0.3021155758698542,"31":0.29286375715586077,"32":0.07554295296017724,"33":0.313947621452162,"34":0.4623085811543461,"35":0.27495100876919465,"36":0.32634024843706466,"37":0.2827788935383109,"38":0.2989803380752518,"39":0.06005061593774503,"40":0.7137128027774725,"41":0.20082565880439282,"42":0.5169357961308976,"43":0.13598556108729776,"44":0.44027782413165045,"45":0.5590003864839482,"46":0.13598556108729776,"47":0.10677155112683347,"48":0.20082565880439282,"49":0.3920950690779541,"50":0.15825217871455763,"51":0.10183531813056504,"52":0.8033444227847767,"53":0.2815712675178658,"54":0.5536303081089425,"55":0.10707798312032049,"56":0.17849460942878279,"57":0.7760788964438239,"58":0.08504702905159967,"59":0.3026027491371364,"60":0.7884602629842554,"61":0.07602915334898208,"62":0.04969113145079232,"63":0.09844443056879865,"64":0.16349549398308427,"65":0.4114407720105986,"66":0.34409333663867786,"67":0.337295876700849,"68":0.17754929554773732,"69":0.0,"70":0.3542226366888811,"71":0.06151782785548875,"72":0.456267822351537,"73":0.16564794462799215,"74":0.16564794462799215,"75":0.12679337564109944,"76":0.3542226366888811,"77":0.3819696648444438,"78":0.2885882904197649,"79":0.3276163101516155,"80":0.765060117475905,"81":0.14056185515034259,"82":0.13567707106380225,"83":0.02452252425831731,"84":0.6628580133445221,"85":0.03950806284403523,"86":0.36148306565457394,"87":0.112046472692334,"88":1.0,"89":0.26496962917915884,"90":0.6350147723134812,"91":0.44555092310570943,"92":0.2409961703367131,"93":0.17754929554773732,"94":0.32294263987704586,"95":0.37362848245004276,"96":0.5670256322751606,"97":0.18436413049383307,"98":0.17060228050215961,"99":0.16349549398308427,"100":0.030749773648439453,"101":0.3495070729008822,"102":0.5364925054390337,"103":0.1258326805865698,"104":0.20480462045833694,"105":0.37506439526067237,"106":0.16899481672865987,"107":0.2769081598908416,"108":0.3809883977985628,"109":0.6055202799819897,"110":0.46063548020904754,"111":0.1843641304938329,"112":0.112046472692334,"113":0.2885882904197651,"114":0.3941146560024114,"115":0.15505122399764876,"116":0.3192113041310583,"117":0.609827628276468,"118":0.14056185515034242,"119":0.5419703708082326,"120":0.11526417700368387,"121":0.41241355956906,"122":0.4796458557039305,"123":0.16899481672865987,"124":0.12879790485544407,"125":0.4147950807277334,"126":0.1258326805865698,"127":0.22082507967912277,"128":0.3137023935849361,"129":0.10085591704161168,"130":0.34301355231120895,"131":0.13360337738259778,"132":0.3449932820411594,"133":0.5224686440001002,"134":0.38342863557933177,"135":0.2756550848539268,"136":0.34301355231120895,"137":0.2222848065257222,"138":0.1305728731809826,"139":0.2222848065257222,"140":0.051565746602742026,"141":0.15768022525746853,"142":0.13679375572089086,"143":0.5080648087176605,"144":0.3724970252822311,"145":0.11049752711923036,"146":0.36225536174050665,"147":0.32942059213400676,"148":0.8450398958743469,"149":0.08504268070589077,"150":0.13679375572089086,"151":0.06395218453973653,"152":0.5519209468507634,"153":0.5343858533752132,"154":0.747522410046193,"155":0.354696332342822,"156":0.31981994333629654,"157":0.2952433144076312,"158":0.2841452716767833,"159":0.08954172667091165,"160":0.057555865478996916,"161":0.5175982441812865,"162":0.3613484220313356,"163":0.5269729611998497,"164":0.6405423557564506,"165":0.11174883622429392,"166":0.32674123223499507,"167":0.10384561532439485,"168":0.5152823021204909,"169":0.38694376893432314,"170":0.5141606232361897,"171":0.13736695688922526,"172":0.30731227819331913,"173":0.09670819533853398,"174":0.5234751535883612,"175":0.12797467514180147,"176":0.06317637896552138,"177":0.5447175974886365,"178":0.3080799342852276,"179":0.32082699021117617,"180":0.11396622848790834,"181":0.4908383147728997,"182":0.3399803986174618,"183":0.3231445398849133,"184":0.10037125488204812,"185":0.12532008569599354,"186":0.0777183681536444,"187":0.2222848065257222,"188":0.1190180822636101,"189":0.31913640350484807,"190":0.3940319716333093,"191":0.10249202556339619},"ranked":{"69":0.0,"83":0.005235602094240838,"100":0.010471204188481676,"85":0.015706806282722512,"62":0.020942408376963352,"140":0.02617801047120419,"160":0.031413612565445025,"39":0.03664921465968586,"8":0.041884816753926704,"71":0.04712041884816754,"176":0.05235602094240838,"151":0.05759162303664921,"6":0.06282722513089005,"32":0.06806282722513089,"61":0.07329842931937172,"186":0.07853403141361257,"25":0.08376963350785341,"0":0.08900523560209424,"22":0.09424083769633508,"17":0.09947643979057591,"149":0.10471204188481675,"58":0.1099476439790576,"159":0.11518324607329843,"19":0.12041884816753927,"173":0.1256544502617801,"63":0.13089005235602094,"184":0.13612565445026178,"129":0.14136125654450263,"51":0.14659685863874344,"191":0.1518324607329843,"167":0.15706806282722513,"10":0.16230366492146597,"47":0.16753926701570682,"55":0.17277486910994763,"145":0.17801047120418848,"165":0.18324607329842932,"87":0.18848167539267016,"112":0.193717277486911,"180":0.19895287958115182,"20":0.20418848167539266,"120":0.2094240837696335,"188":0.21465968586387435,"185":0.2198952879581152,"103":0.225130890052356,"126":0.23036649214659685,"75":0.2356020942408377,"175":0.24083769633507854,"124":0.24607329842931938,"138":0.2513089005235602,"131":0.25654450261780104,"82":0.2617801047120419,"16":0.2670157068062827,"43":0.27225130890052357,"46":0.2774869109947644,"142":0.28272251308900526,"150":0.2879581151832461,"171":0.2931937172774869,"12":0.29842931937172773,"118":0.3036649214659686,"81":0.3089005235602094,"115":0.31413612565445026,"141":0.3193717277486911,"28":0.32460732984293195,"50":0.3298429319371728,"64":0.33507853403141363,"99":0.3403141361256545,"73":0.34554973821989526,"74":0.3507853403141361,"18":0.35602094240837695,"106":0.3612565445026178,"123":0.36649214659685864,"98":0.3717277486910995,"68":0.3769633507853403,"93":0.38219895287958117,"56":0.387434554973822,"111":0.39267015706806285,"97":0.39790575916230364,"5":0.4031413612565445,"41":0.4083769633507853,"48":0.41361256544502617,"104":0.418848167539267,"127":0.42408376963350786,"137":0.4293193717277487,"139":0.43455497382198954,"187":0.4397905759162304,"92":0.44502617801047123,"89":0.450261780104712,"13":0.45549738219895286,"4":0.4607329842931937,"35":0.46596858638743455,"135":0.4712041884816754,"107":0.47643979057591623,"53":0.4816753926701571,"37":0.4869109947643979,"158":0.49214659685863876,"78":0.4973821989528796,"113":0.5026178010471204,"31":0.5078534031413613,"157":0.5130890052356021,"38":0.518324607329843,"30":0.5235602094240838,"59":0.5287958115183246,"3":0.5340314136125655,"172":0.5392670157068062,"178":0.5445026178010471,"128":0.5497382198952879,"33":0.5549738219895288,"27":0.5602094240837696,"189":0.5654450261780105,"116":0.5706806282722513,"156":0.5759162303664922,"179":0.581151832460733,"94":0.5863874345549738,"183":0.5916230366492147,"15":0.5968586387434555,"36":0.6020942408376964,"166":0.6073298429319371,"79":0.612565445026178,"147":0.6178010471204188,"26":0.6230366492146597,"24":0.6282722513089005,"9":0.6335078534031413,"67":0.6387434554973822,"182":0.643979057591623,"130":0.6492146596858639,