{"name":"agd","num_of_nodes":147,"num_of_edges":446,"weight":"value","process_time":0.026157140731811523,"data":{"0":0.021956087824351288,"1":0.05988023952095806,"2":0.01796407185628743,"3":0.014970059880239516,"4":0.021956087824351288,"5":0.01796407185628743,"6":0.007984031936127744,"7":0.05389221556886226,"8":0.039920159680638716,"9":0.004990019960079827,"10":0.0039920159680638554,"11":0.0998003992015968,"12":0.11077844311377244,"13":0.10678642714570859,"14":0.08083832335329341,"15":0.0998003992015968,"16":0.009980039920159688,"17":0.09780439121756487,"18":0.014970059880239516,"19":0.009980039920159688,"20":0.08882235528942116,"21":0.0558882235528942,"22":0.012974051896207572,"23":0.0369261477045908,"24":0.04291417165668664,"25":0.11876247504990019,"26":0.019960079840319344,"27":0.06886227544910177,"28":0.06986027944111775,"29":0.01796407185628743,"30":0.0678642714570858,"31":0.0,"32":0.05289421157684629,"33":0.016966067864271458,"34":0.04491017964071855,"35":0.05089820359281438,"36":0.02994011976047903,"37":0.018962075848303405,"38":0.04091816367265469,"39":0.05089820359281438,"40":0.11077844311377244,"41":0.027944111776447088,"42":0.0059880239520958,"43":0.020958083832335314,"44":0.006986027944111772,"45":0.01097804391217566,"46":0.0778443113772455,"47":0.04690618762475049,"48":0.04291417165668664,"49":0.5199600798403193,"50":0.624750499001996,"51":0.8642714570858283,"52":0.5558882235528941,"53":0.9391217564870259,"54":0.6786427145708582,"55":0.5748502994011976,"56":0.5548902195608783,"57":0.47305389221556887,"58":0.5169660678642715,"59":0.8642714570858283,"60":0.5668662674650699,"61":0.5109780439121756,"62":0.4810379241516966,"63":0.5698602794411177,"64":0.6826347305389221,"65":0.4980039920159681,"66":0.5019960079840319,"67":0.5269461077844312,"68":0.5179640718562875,"69":0.41017964071856283,"70":0.5169660678642715,"71":0.9391217564870259,"72":0.6187624750499002,"73":0.6826347305389221,"74":0.8473053892215568,"75":0.6966067864271457,"76":0.6966067864271457,"77":0.7624750499001997,"78":0.562874251497006,"79":0.6177644710578842,"80":0.6836327345309381,"81":0.4221556886227545,"82":0.5259481037924152,"83":0.6167664670658684,"84":0.6147704590818363,"85":0.41017964071856283,"86":0.6137724550898204,"87":0.4630738522954092,"88":0.7754491017964072,"89":0.4610778443113772,"90":0.8642714570858283,"91":0.42115768463073844,"92":0.5658682634730539,"93":0.6177644710578842,"94":0.48602794411177647,"95":0.563872255489022,"96":0.4610778443113772,"97":0.5668662674650699,"98":0.9121756487025948,"99":1.0,"100":0.6307385229540918,"101":0.9131736526946108,"102":0.8293413173652694,"103":0.4950099800399202,"104":0.7495009980039921,"105":0.5748502994011976,"106":0.40618762475049897,"107":0.4740518962075848,"108":0.5778443113772455,"109":0.4221556886227545,"110":0.624750499001996,"111":1.0,"112":0.6167664670658684,"113":0.5588822355289421,"114":0.39720558882235524,"115":0.7554890219560878,"116":0.530938123752495,"117":0.6227544910179641,"118":0.44311377245508987,"119":0.4441117764471058,"120":0.4950099800399202,"121":0.7495009980039921,"122":0.908183632734531,"123":0.46407185628742514,"124":0.3982035928143712,"125":0.3992015968063872,"126":0.44011976047904194,"127":0.530938123752495,"128":0.7455089820359282,"129":0.5748502994011976,"130":0.5119760479041917,"131":0.4950099800399202,"132":0.6337325349301397,"133":0.4361277445109781,"134":0.5698602794411177,"135":0.8253493013972055,"136":0.4071856287425149,"137":0.4151696606786427,"138":0.5708582834331338,"139":0.8243512974051895,"140":0.9131736526946108,"141":0.5688622754491017,"142":0.908183632734531,"143":0.8283433133732535,"144":0.4441117764471058,"145":0.6746506986027944,"146":0.6087824351297405},"ranked":{"31":0.0,"10":0.00684931506849315,"9":0.0136986301369863,"42":0.02054794520547945,"44":0.0273972602739726,"6":0.03424657534246575,"16":0.0410958904109589,"19":0.04794520547945205,"45":0.0547945205479452,"22":0.06164383561643835,"3":0.0684931506849315,"18":0.07534246575342465,"33":0.0821917808219178,"2":0.08904109589041095,"5":0.0958904109589041,"29":0.10273972602739725,"37":0.1095890410958904,"26":0.11643835616438356,"43":0.1232876712328767,"0":0.13013698630136986,"4":0.136986301369863,"41":0.14383561643835616,"36":0.1506849315068493,"23":0.15753424657534246,"8":0.1643835616438356,"38":0.17123287671232876,"24":0.1780821917808219,"48":0.18493150684931506,"34":0.1917808219178082,"47":0.19863013698630136,"35":0.2054794520547945,"39":0.21232876712328766,"32":0.2191780821917808,"7":0.22602739726027396,"21":0.2328767123287671,"1":0.23972602739726026,"30":0.2465753424657534,"27":0.2534246575342466,"28":0.2602739726027397,"46":0.2671232876712329,"14":0.273972602739726,"20":0.2808219178082192,"17":0.2876712328767123,"11":0.2945205479452055,"15":0.3013698630136986,"13":0.3082191780821918,"12":0.3150684931506849,"40":0.3219178082191781,"25":0.3287671232876712,"114":0.3356164383561644,"124":0.3424657534246575,"125":0.3493150684931507,"106":0.3561643835616438,"136":0.363013698630137,"69":0.3698630136986301,"85":0.3767123287671233,"137":0.3835616438356164,"91":0.3904109589041096,"81":0.3972602739726027,"109":0.4041095890410959,"133":0.410958904109589,"126":0.4178082191780822,"118":0.4246575342465753,"119":0.4315068493150685,"144":0.4383561643835616,"89":0.4452054794520548,"96":0.4520547945205479,"87":0.4589041095890411,"123":0.4657534246575342,"57":0.4726027397260274,"107":0.4794520547945205,"62":0.4863013698630137,"94":0.4931506849315068,"103":0.5,"120":0.5068493150684932,"131":0.5136986301369864,"65":0.5205479452054794,"66":0.5273972602739726,"61":0.5342465753424658,"130":0.541095890410959,"58":0.547945205479452,"70":0.5547945205479452,"68":0.5616438356164384,"49":0.5684931506849316,"82":0.5753424657534246,"67":0.5821917808219178,"116":0.589041095890411,"127":0.5958904109589042,"56":0.6027397260273972,"52":0.6095890410958904,"113":0.6164383561643836,"78":0.6232876712328768,"95":0.6301369863013698,"92":0.636986301369863,"60":0.6438356164383562,"97":0.6506849315068494,"141":0.6575342465753424,"63":0.6643835616438356,"134":0.6712328767123288,"138":0.678082191780822,"55":0.684931506849315,"105":0.6917808219178082,"129":0.6986301369863014,"108":0.7054794520547946,"146":0.7123287671232876,"86":0.7191780821917808,"84":0.726027397260274,"83":0.7328767123287672,"112":0.7397260273972602,"79":0.7465753424657534,"93":0.7534246575342466,"72":0.7602739726027398,"117":0.7671232876712328,"50":0.773972602739726,"110":0.7808219178082192,"100":0.7876712328767124,"132":0.7945205479452054,"145":0.8013698630136986,"54":0.8082191780821918,"64":0.815068493150685,"73":0.821917808219178,"80":0.8287671232876712,"75":0.8356164383561644,"76":0.8424657534246576,"128":0.8493150684931506,"104":0.8561643835616438,"121":0.863013698630137,"115":0.8698630136986302,"77":0.8767123287671232,"88":0.8835616438356164,"139":0.8904109589041096,"135":0.8972602739726028,"143":0.9041095890410958,"102":0.910958904109589,"74":0.9178082191780822,"51":0.9246575342465754,"59":0.9315068493150684,"90":0.9383561643835616,"122":0.9452054794520548,"142":0.952054794520548,"98":0.958904109589041,"101":0.9657534246575342,"140":0.9726027397260274,"53":0.9794520547945206,"71":0.9863013698630136,"99":0.9931506849315068,"111":1.0}}