{"name":"eccentricity","num_of_nodes":54,"num_of_edges":168,"process_time":0.0050618648529052734,"data":{"0":0.8571428571428571,"1":1.0,"2":0.5714285714285714,"3":0.8571428571428571,"4":0.8571428571428571,"5":0.8571428571428571,"6":0.7142857142857143,"7":0.5714285714285714,"8":1.0,"9":0.7142857142857143,"10":0.5714285714285714,"11":0.8571428571428571,"12":0.7142857142857143,"13":0.7142857142857143,"14":0.5714285714285714,"15":0.5714285714285714,"16":0.8571428571428571,"17":0.5714285714285714,"18":0.7142857142857143,"19":0.8571428571428571,"20":0.7142857142857143,"21":0.42857142857142855,"22":0.8571428571428571,"23":0.5714285714285714,"24":0.42857142857142855,"25":0.8571428571428571,"26":0.7142857142857143,"27":1.0,"28":1.0,"29":0.5714285714285714,"30":0.8571428571428571,"31":1.0,"32":0.5714285714285714,"33":0.8571428571428571,"34":0.5714285714285714,"35":0.5714285714285714,"36":0.14285714285714285,"37":0.0,"38":0.14285714285714285,"39":0.2857142857142857,"40":0.2857142857142857,"41":0.14285714285714285,"42":0.14285714285714285,"43":0.2857142857142857,"44":0.14285714285714285,"45":0.14285714285714285,"46":0.2857142857142857,"47":0.0,"48":0.14285714285714285,"49":0.14285714285714285,"50":0.42857142857142855,"51":0.2857142857142857,"52":0.42857142857142855,"53":0.42857142857142855},"ranked":{"37":0.0,"47":0.018867924528301886,"36":0.03773584905660377,"38":0.05660377358490566,"41":0.07547169811320754,"42":0.09433962264150944,"44":0.11320754716981132,"45":0.1320754716981132,"48":0.1509433962264151,"49":0.16981132075471697,"39":0.18867924528301888,"40":0.20754716981132076,"43":0.22641509433962265,"46":0.24528301886792453,"51":0.2641509433962264,"21":0.2830188679245283,"24":0.3018867924528302,"50":0.32075471698113206,"52":0.33962264150943394,"53":0.3584905660377358,"2":0.37735849056603776,"7":0.39622641509433965,"10":0.41509433962264153,"14":0.4339622641509434,"15":0.4528301886792453,"17":0.4716981132075472,"23":0.49056603773584906,"29":0.5094339622641509,"32":0.5283018867924528,"34":0.5471698113207547,"35":0.5660377358490566,"6":0.5849056603773585,"9":0.6037735849056604,"12":0.6226415094339622,"13":0.6415094339622641,"18":0.660377358490566,"20":0.6792452830188679,"26":0.6981132075471698,"0":0.7169811320754716,"3":0.7358490566037735,"4":0.7547169811320755,"5":0.7735849056603774,"11":0.7924528301886793,"16":0.8113207547169812,"19":0.8301886792452831,"22":0.8490566037735849,"25":0.8679245283018868,"30":0.8867924528301887,"33":0.9056603773584906,"1":0.9245283018867925,"8":0.9433962264150944,"27":0.9622641509433962,"28":0.9811320754716981,"31":1.0}}