{"name":"density","eps":0.5,"weight":"value","num_of_nodes":117,"num_of_edges":225,"process_time":0.006150960922241211,"data":{"0":0.25154734448227173,"1":0.0018568470975306635,"2":0.2509284516476797,"3":0.25030944641722014,"4":0.0030945765687109745,"5":0.2509284516476797,"6":0.001856762800606706,"7":0.2509284235487361,"8":0.250928395449816,"9":0.0018567908995502237,"10":0.0006189490324557354,"11":0.7509282830538434,"12":0.0037134975021998412,"13":0.0006189490325491395,"14":0.0024756837341889768,"15":0.0012378699660613572,"16":0.0012379261639250416,"17":0.25216618111890665,"18":0.001856762800560004,"19":0.2509284235487361,"20":0.0012378137681276196,"21":0.2509284797466699,"22":0.5012377856691257,"23":0.5018567347016049,"24":0.2521661530198931,"25":0.001237869966038006,"26":0.0012378418671645415,"27":0.7496905254836496,"28":0.0030945484696974037,"29":0.25092842354882955,"30":0.0012378418671645415,"31":0.0006189490325491395,"32":0.0030946889646018007,"33":0.0037136098980673164,"34":0.002475739932076012,"35":0.0006189490324557354,"36":0.002475683734212328,"37":0.0012378137681276196,"38":0.4999999719009981,"39":0.0043324746337392,"40":0.001856734701593135,"41":0.2521662373168171,"42":0.0030946046677712475,"43":0.2503094464172668,"44":0.5006189209335472,"45":0.001856734701593135,"46":0.0006189209335822708,"47":0.0030945484697674566,"48":0.2509283673508958,"49":0.2503094464172668,"50":0.5018567628005717,"51":0.501237813768186,"52":0.5012379542629036,"53":0.0006188647356018311,"54":0.0030946046676311413,"55":0.501856847097589,"56":0.5006189209335472,"57":0.9993809666705502,"58":0.0030946046677945986,"59":0.001856762800653408,"60":0.001856734701593135,"61":0.0006189209335822708,"62":1.0,"63":0.001856762800653408,"64":0.00309477326157246,"65":0.24969046928579752,"66":0.5030946889645668,"67":0.0030945484697674566,"68":0.5006189490326075,"69":0.2509283673508491,"70":0.0006188647356018311,"71":0.7509283673507674,"72":0.001856762800653408,"73":0.25464192105105277,"74":0.004332530831649587,"75":0.0030946046677945986,"76":0.0012378699660613572,"77":0.25340416348090555,"78":0.5012378418670128,"79":0.5006190052303544,"80":0.2521663778116748,"81":0.0024757399321460654,"82":0.0006189490325257885,"83":0.5024757680310545,"84":0.2515473163833982,"85":0.7509283673507674,"86":0.0006190052305295792,"87":0.5037135817991121,"88":0.0012378699660847083,"89":0.2534040510849447,"90":0.25340402298595444,"91":0.001856762800653408,"92":0.5012378418670128,"93":0.5012378418670829,"94":0.25092836735082574,"95":0.2509283673508491,"96":0.0018568189985637947,"97":0.25092836735082574,"98":0.0006190052305295792,"99":0.0018568751966142874,"100":0.25216629351472747,"101":0.5024757680310545,"102":0.5024756275361502,"103":0.0018568751966142874,"104":0.250928451647703,"105":0.7509284235487245,"106":0.25154734448229504,"107":0.0030946608656349317,"108":0.0,"109":0.2546419210509827,"110":0.2521662373168871,"111":0.0037135817991471496,"112":0.5018567908996086,"113":0.252785158250376,"114":0.25092836735082574,"115":0.7503095026151189,"116":0.0018567628006767591},"ranked":{"108":0.0,"53":0.008620689655172414,"70":0.017241379310344827,"46":0.02586206896551724,"61":0.034482758620689655,"10":0.04310344827586207,"35":0.05172413793103448,"82":0.0603448275862069,"13":0.06896551724137931,"31":0.07758620689655173,"86":0.08620689655172414,"98":0.09482758620689655,"20":0.10344827586206896,"37":0.11206896551724138,"26":0.1206896551724138,"30":0.12931034482758622,"25":0.13793103448275862,"15":0.14655172413793102,"76":0.15517241379310345,"88":0.16379310344827586,"16":0.1724137931034483,"40":0.1810344827586207,"45":0.1896551724137931,"60":0.19827586206896552,"18":0.20689655172413793,"6":0.21551724137931033,"59":0.22413793103448276,"63":0.23275862068965517,"72":0.2413793103448276,"91":0.25,"116":0.25862068965517243,"9":0.2672413793103448,"96":0.27586206896551724,"1":0.28448275862068967,"99":0.29310344827586204,"103":0.3017241379310345,"14":0.3103448275862069,"36":0.31896551724137934,"34":0.3275862068965517,"81":0.33620689655172414,"28":0.3448275862068966,"47":0.35344827586206895,"67":0.3620689655172414,"4":0.3706896551724138,"54":0.3793103448275862,"42":0.3879310344827586,"58":0.39655172413793105,"75":0.4051724137931034,"107":0.41379310344827586,"32":0.4224137931034483,"64":0.43103448275862066,"12":0.4396551724137931,"111":0.4482758620689655,"33":0.45689655172413796,"39":0.46551724137931033,"74":0.47413793103448276,"65":0.4827586206896552,"3":0.49137931034482757,"43":0.5,"49":0.5086206896551724,"94":0.5172413793103449,"97":0.5258620689655172,"114":0.5344827586206896,"69":0.5431034482758621,"95":0.5517241379310345,"48":0.5603448275862069,"8":0.5689655172413793,"7":0.5775862068965517,"19":0.5862068965517241,"29":0.5948275862068966,"2":0.603448275862069,"5":0.6120689655172413,"104":0.6206896551724138,"21":0.6293103448275862,"84":0.6379310344827587,"0":0.646551724137931,"106":0.6551724137931034,"24":0.6637931034482759,"17":0.6724137931034483,"41":0.6810344827586207,"110":0.6896551724137931,"100":0.6982758620689655,"80":0.7068965517241379,"113":0.7155172413793104,"90":0.7241379310344828,"89":0.7327586206896551,"77":0.7413793103448276,"109":0.75,"73":0.7586206896551724,"38":0.7672413793103449,"44":0.7758620689655172,"56":0.7844827586206896,"68":0.7931034482758621,"79":0.8017241379310345,"22":0.8103448275862069,"51":0.8189655172413793,"78":0.8275862068965517,"92":0.8362068965517241,"93":0.8448275862068966,"52":0.853448275862069,"23":0.8620689655172413,"50":0.8706896551724138,"112":0.8793103448275862,"55":0.8879310344827587,"102":0.896551724137931,"83":0.9051724137931034,"101":0.9137931034482759,"66":0.9224137931034483,"87":0.9310344827586207,"27":0.9396551724137931,"115":0.9482758620689655,"11":0.9568965517241379,"71":0.9655172413793104,"85":0.9741379310344828,"105":0.9827586206896551,"57":0.9913793103448276,"62":1.0}}