{"name":"fiedler","normalized":false,"weight":"value","num_of_nodes":153,"num_of_edges":482,"process_time":0.0527191162109375,"data":{"0":0.13743620015870855,"1":0.029986305497889977,"2":0.2536355625430969,"3":0.05380020390474233,"4":0.0,"5":0.03127459115449883,"6":0.45163849238093356,"7":0.5153277277624847,"8":0.4849730397193875,"9":0.13743620015870803,"10":0.05380020390474233,"11":0.010503795309697035,"12":0.0,"13":0.5106852239636013,"14":0.529548377374239,"15":0.031090796317557408,"16":0.5041658418475133,"17":0.03106642307469492,"18":0.43893652306033953,"19":0.13743620015870794,"20":0.42366510260458307,"21":0.4849730397193875,"22":0.059193769843921926,"23":0.03158305474717739,"24":0.05380020390474233,"25":0.010503795309697035,"26":0.5411315209841303,"27":0.5348575342294069,"28":0.47751461678219603,"29":0.04164490523879507,"30":0.4906444586561309,"31":0.03902612723425255,"32":0.024475319994311594,"33":0.0,"34":0.5309181923870379,"35":0.11575981182272979,"36":0.43893652306033953,"37":0.5329809828141324,"38":0.42366510260458307,"39":0.5283892325014927,"40":0.48840746432746895,"41":0.5185033735756404,"42":0.5152394561245036,"43":0.02807397236823835,"44":0.43893652306033953,"45":0.03792713181734793,"46":2.028506701716747e-16,"47":0.4587474270660508,"48":0.5041658418475133,"49":0.5329809828141324,"50":0.029824574454242685,"51":0.8053416637837146,"52":0.8365395411271462,"53":0.8724702370980768,"54":0.9035917143369354,"55":0.8884072510386086,"56":0.9993779652650958,"57":0.7955849309899745,"58":0.96295509201179,"59":0.9289781221619655,"60":0.8802569779077244,"61":0.8751632889592466,"62":0.8217168707858106,"63":0.9446595317003529,"64":0.896709038644839,"65":0.8236808052126029,"66":0.8109869761476385,"67":0.9952967525592818,"68":0.9993779652650958,"69":0.9984551787361602,"70":0.9446595317003529,"71":0.994105236966234,"72":0.7990071407593382,"73":0.984937058463102,"74":0.8871577066119044,"75":0.9809501002656863,"76":0.8137045524347023,"77":0.8517565128152993,"78":0.9533714685124173,"79":0.8605202783977698,"80":0.9888689858595818,"81":0.8637163845361896,"82":0.8738364476276159,"83":0.8064384496587488,"84":0.896709038644839,"85":0.9956671514202202,"86":0.9228603609772299,"87":0.8428310064760262,"88":0.984937058463102,"89":0.9700270612013985,"90":0.9034185780881413,"91":0.8845881345577163,"92":0.7832610007107176,"93":0.6893031352047151,"94":0.8751632889592466,"95":0.8275706520603489,"96":0.9046245768928901,"97":0.9147779819171178,"98":1.0,"99":0.8973656410157884,"100":0.8629125346486356,"101":0.8828338956189332,"102":0.7234984561675969,"103":0.7205427155945554,"104":0.5561291403251521,"105":0.7052298656926234,"106":0.7018374331582039,"107":0.6718449647694782,"108":0.5979597601484024,"109":0.7037948594760223,"110":0.7046400243952788,"111":0.6216491609811448,"112":0.6802538402254967,"113":0.5945588496707175,"114":0.7815842331118502,"115":0.7247529441032304,"116":0.7031141389016276,"117":0.6766349472475164,"118":0.5153743966498475,"119":0.672494837627808,"120":0.6178064648130412,"121":0.539089968454144,"122":0.7178043796557368,"123":0.696763953467533,"124":0.7237713672372814,"125":0.6544001975576531,"126":0.7260563681979589,"127":0.7234984561675969,"128":0.5561291403251521,"129":0.5863814742461394,"130":0.6221266342814097,"131":0.7218687644245829,"132":0.6731620364903487,"133":0.6522192305876704,"134":0.6177600071772361,"135":0.6757911907651605,"136":0.6940860780277656,"137":0.6632674551215022,"138":0.7247529441032304,"139":0.7256232338487884,"140":0.6981286989214087,"141":0.6834573617616114,"142":0.7255199445665069,"143":0.6780592311247012,"144":0.6525428361091324,"145":0.7247529441032304,"146":0.4123342470872073,"147":0.7107304617354098,"148":0.7243875503466558,"149":0.6704544523718793,"150":0.7096140332902032,"151":0.664514199516064,"152":0.6665129957814312},"ranked":{"4":0.0,"12":0.006578947368421052,"33":0.013157894736842105,"46":0.019736842105263157,"11":0.02631578947368421,"25":0.03289473684210526,"32":0.039473684210526314,"43":0.046052631578947366,"50":0.05263157894736842,"1":0.05921052631578947,"17":0.06578947368421052,"15":0.07236842105263158,"5":0.07894736842105263,"23":0.08552631578947369,"45":0.09210526315789473,"31":0.09868421052631579,"29":0.10526315789473684,"3":0.1118421052631579,"10":0.11842105263157894,"24":0.125,"22":0.13157894736842105,"35":0.13815789473684212,"19":0.14473684210526316,"9":0.1513157894736842,"0":0.15789473684210525,"2":0.16447368421052633,"146":0.17105263157894737,"20":0.17763157894736842,"38":0.18421052631578946,"44":0.19078947368421054,"18":0.19736842105263158,"36":0.20394736842105263,"6":0.21052631578947367,"47":0.21710526315789475,"28":0.2236842105263158,"8":0.23026315789473684,"21":0.23684210526315788,"40":0.24342105263157895,"30":0.25,"48":0.2565789473684211,"16":0.2631578947368421,"13":0.26973684210526316,"42":0.27631578947368424,"7":0.28289473684210525,"118":0.2894736842105263,"41":0.29605263157894735,"39":0.3026315789473684,"14":0.3092105263157895,"34":0.3157894736842105,"37":0.3223684210526316,"49":0.32894736842105265,"27":0.3355263157894737,"121":0.34210526315789475,"26":0.34868421052631576,"104":0.35526315789473684,"128":0.3618421052631579,"129":0.3684210526315789,"113":0.375,"108":0.3815789473684211,"134":0.3881578947368421,"120":0.39473684210526316,"111":0.40131578947368424,"130":0.40789473684210525,"133":0.4144736842105263,"144":0.42105263157894735,"125":0.4276315789473684,"137":0.4342105263157895,"151":0.4407894736842105,"152":0.4473684210526316,"149":0.45394736842105265,"107":0.4605263157894737,"119":0.46710526315789475,"132":0.47368421052631576,"135":0.48026315789473684,"117":0.4868421052631579,"143":0.4934210526315789,"112":0.5,"141":0.506578947368421,"93":0.5131578947368421,"136":0.5197368421052632,"123":0.5263157894736842,"140":0.5328947368421053,"106":0.5394736842105263,"116":0.5460526315789473,"109":0.5526315789473685,"110":0.5592105263157895,"105":0.5657894736842105,"150":0.5723684210526315,"147":0.5789473684210527,"122":0.5855263157894737,"103":0.5921052631578947,"131":0.5986842105263158,"102":0.6052631578947368,"127":0.6118421052631579,"124":0.618421052631579,"148":0.625,"115":0.631578947368421,"138":0.6381578947368421,"145":0.6447368421052632,"142":0.6513157894736842,"139":0.6578947368421053,"126":0.6644736842105263,"114":0.6710526315789473,"92":0.6776315789473685,"57":0.6842105263157895,"72":0.6907894736842105,"51":0.6973684210526315,"83":0.7039473684210527,"66":0.7105263157894737,"76":0.7171052631578947,"62":0.7236842105263158,"65":0.7302631578947368,"95":0.7368421052631579,"52":0.743421052631579,"87":0.75,"77":0.756578947368421,"79":0.7631578947368421,"100":0.7697368421052632,"81":0.7763157894736842,"53":0.7828947368421053,"82":0.7894736842105263,"61":0.7960526315789473,"94":0.8026315789473685,"60":0.8092105263157895,"101":0.8157894736842105,"91":0.8223684210526315,"74":0.8289473684210527,"55":0.8355263157894737,"64":0.8421052631578947,"84":0.8486842105263158,"99":0.8552631578947368,"90":0.8618421052631579,"54":0.868421052631579,"96":0.875,"97":0.881578947368421,"86":0.8881578947368421,"59":0.8947368421052632,"70":0.9013157894736842,"63":0.9078947368421053,"78":0.9144736842105263,"58":0.9210526315789473,"89":0.9276315789473685,"75":0.9342105263157895,"73":0.9407894736842105,"88":0.9473684210526315,"80":0.9539473684210527,"71":0.9605263157894737,"67":0.9671052631578947,"85":0.9736842105263158,"69":0.9802631578947368,"56":0.9868421052631579,"68":0.993421052631579,"98":1.0}}