{"name":"fiedler","normalized":true,"weight":"value","num_of_nodes":117,"num_of_edges":372,"process_time":0.04287290573120117,"data":{"0":0.116099493434325,"1":0.06719269927297908,"2":0.12303190470783318,"3":0.07457521778674858,"4":0.22863035092283457,"5":0.15800415638194218,"6":0.17459161211584442,"7":0.2515419168594831,"8":0.05230605658054129,"9":0.14122400578757896,"10":0.06373119272066798,"11":0.136688089962712,"12":0.2242955973258518,"13":0.2541938100291568,"14":0.13285542153301658,"15":0.10035435955770403,"16":0.06545556608766796,"17":0.2522545353608961,"18":0.06318070687722264,"19":0.13285542153300267,"20":0.06809894095803647,"21":0.0,"22":0.22665680921565542,"23":0.21188941942687717,"24":0.17228279127433022,"25":0.1745875192219219,"26":0.07252610502950817,"27":0.09888824680751476,"28":0.10426462423740238,"29":0.06366781397781025,"30":0.08337186713421574,"31":0.22641396992446003,"32":0.03971310563860077,"33":0.2034342292901231,"34":0.155401442482077,"35":0.09511381227880933,"36":0.06751849552929745,"37":0.25117493589113166,"38":0.06373119272066574,"39":0.6891344395986878,"40":0.3755879398608245,"41":0.3732638460463308,"42":0.364060435502669,"43":0.6473974497418993,"44":0.6433576835809606,"45":0.5703662002851856,"46":0.6871073861874685,"47":0.3648176606636932,"48":0.6555255457321555,"49":0.3631779359402283,"50":0.5015727492369709,"51":0.4497667042837724,"52":0.4637310107718808,"53":0.48577341173542243,"54":0.35022930572062727,"55":0.3676952965391092,"56":0.570366200285229,"57":0.3915790205094708,"58":0.5233841972648554,"59":0.47487448384508757,"60":0.41844719253770124,"61":0.394884867454608,"62":0.6405009495109739,"63":0.3443848844589217,"64":0.6342034764705395,"65":0.6109795018918617,"66":0.6006424533082969,"67":0.3501237782555866,"68":0.4497667042837295,"69":0.5608935096771894,"70":0.4207938659312406,"71":0.5516415764231186,"72":0.4043182545284677,"73":0.363277255187537,"74":0.6100004129127999,"75":0.573361994104111,"76":0.4470645362641264,"77":0.6822142032842639,"78":0.9755424334415641,"79":0.6680091636184974,"80":0.8241371691036974,"81":0.975542433441251,"82":0.750438406743168,"83":0.8270661102437851,"84":0.8930596240844358,"85":0.796654047534242,"86":0.7441521854146826,"87":0.9088339343782043,"88":0.9041471360672394,"89":0.7223732231648023,"90":0.7812867861722899,"91":0.7523196388054307,"92":0.866171500385927,"93":0.6375261281177649,"94":0.7046421794624228,"95":0.9725307514942898,"96":0.10426462423735906,"97":0.8241371691036264,"98":0.8099294497267275,"99":0.7181325495247275,"100":0.8119895425321298,"101":0.6473400411533705,"102":0.9740621095976051,"103":0.8722180531719462,"104":0.8546203714912936,"105":0.7599946889275386,"106":0.788029503813023,"107":0.7597492844762218,"108":0.8589503673447566,"109":0.871527893304186,"110":0.8414173655705821,"111":0.9299842493468352,"112":0.7597492844763466,"113":0.4165606098921758,"114":1.0,"115":0.9088430855347058,"116":0.9415008352400037},"ranked":{"21":0.0,"32":0.008620689655172414,"8":0.017241379310344827,"18":0.02586206896551724,"29":0.034482758620689655,"38":0.04310344827586207,"10":0.05172413793103448,"16":0.0603448275862069,"1":0.06896551724137931,"36":0.07758620689655173,"20":0.08620689655172414,"26":0.09482758620689655,"3":0.10344827586206896,"30":0.11206896551724138,"35":0.1206896551724138,"27":0.12931034482758622,"15":0.13793103448275862,"96":0.14655172413793102,"28":0.15517241379310345,"0":0.16379310344827586,"2":0.1724137931034483,"19":0.1810344827586207,"14":0.1896551724137931,"11":0.19827586206896552,"9":0.20689655172413793,"34":0.21551724137931033,"5":0.22413793103448276,"24":0.23275862068965517,"25":0.2413793103448276,"6":0.25,"33":0.25862068965517243,"23":0.2672413793103448,"12":0.27586206896551724,"31":0.28448275862068967,"22":0.29310344827586204,"4":0.3017241379310345,"37":0.3103448275862069,"7":0.31896551724137934,"17":0.3275862068965517,"13":0.33620689655172414,"63":0.3448275862068966,"67":0.35344827586206895,"54":0.3620689655172414,"49":0.3706896551724138,"73":0.3793103448275862,"42":0.3879310344827586,"47":0.39655172413793105,"55":0.4051724137931034,"41":0.41379310344827586,"40":0.4224137931034483,"57":0.43103448275862066,"61":0.4396551724137931,"72":0.4482758620689655,"113":0.45689655172413796,"60":0.46551724137931033,"70":0.47413793103448276,"76":0.4827586206896552,"68":0.49137931034482757,"51":0.5,"52":0.5086206896551724,"59":0.5172413793103449,"53":0.5258620689655172,"50":0.5344827586206896,"58":0.5431034482758621,"71":0.5517241379310345,"69":0.5603448275862069,"45":0.5689655172413793,"56":0.5775862068965517,"75":0.5862068965517241,"66":0.5948275862068966,"74":0.603448275862069,"65":0.6120689655172413,"64":0.6206896551724138,"93":0.6293103448275862,"62":0.6379310344827587,"44":0.646551724137931,"101":0.6551724137931034,"43":0.6637931034482759,"48":0.6724137931034483,"79":0.6810344827586207,"77":0.6896551724137931,"46":0.6982758620689655,"39":0.7068965517241379,"94":0.7155172413793104,"99":0.7241379310344828,"89":0.7327586206896551,"86":0.7413793103448276,"82":0.75,"91":0.7586206896551724,"107":0.7672413793103449,"112":0.7758620689655172,"105":0.7844827586206896,"90":0.7931034482758621,"106":0.8017241379310345,"85":0.8103448275862069,"98":0.8189655172413793,"100":0.8275862068965517,"97":0.8362068965517241,"80":0.8448275862068966,"83":0.853448275862069,"110":0.8620689655172413,"104":0.8706896551724138,"108":0.8793103448275862,"92":0.8879310344827587,"109":0.896551724137931,"103":0.9051724137931034,"84":0.9137931034482759,"88":0.9224137931034483,"87":0.9310344827586207,"115":0.9396551724137931,"111":0.9482758620689655,"116":0.9568965517241379,"95":0.9655172413793104,"102":0.9741379310344828,"81":0.9827586206896551,"78":0.9913793103448276,"114":1.0}}