{"name":"density","eps":0.5,"weight":"value","num_of_nodes":78,"num_of_edges":149,"process_time":0.0021119117736816406,"data":{"0":0.0,"1":0.33470599361048986,"2":0.3347059188342156,"3":0.0032943397993987072,"4":0.3347059188342156,"5":0.002470848320062804,"6":0.0,"7":0.3380000343045428,"8":0.004117793890612991,"9":0.0049412853700421065,"10":0.3371766549895717,"11":0.3347059188342156,"12":0.6669411762893183,"13":0.9991764711325114,"14":0.3380001838571846,"15":0.0032941902467258084,"16":0.6669412136774088,"17":0.005764889013898219,"18":0.33552963464265406,"19":0.0,"20":0.0032943024112460175,"21":0.0,"22":0.3347059188342156,"23":0.002470736155449383,"24":0.0032943024112460175,"25":0.0032944145757351564,"26":0.6694117255038488,"27":0.6685881966362359,"28":0.0024706987672656225,"29":0.0032943024111217354,"30":0.9991764711324803,"31":0.33470595622236826,"32":0.33470595622230614,"33":0.0008236410321330843,"34":0.0032943024111838763,"35":0.9991764337442965,"36":0.6677647799332365,"37":0.3363529765694413,"38":0.004117831278858892,"39":0.33552944770182846,"40":0.0032942650229690457,"41":0.004117793890675132,"42":0.0032942276348784977,"43":0.0008236410321330843,"44":0.0008236410321330843,"45":0.3371764680487462,"46":0.33635308873383724,"47":0.6685883088007251,"48":0.3347060683867642,"49":0.0024706987672656225,"50":0.33717654282505155,"51":0.003294377187582467,"52":0.002470661379144004,"53":0.33635301395746975,"54":0.669411688115634,"55":0.0016472446760202675,"56":1.0,"57":0.6669412136773466,"58":0.333882464742877,"59":0.6669412136773466,"60":1.0,"61":0.004117756502429231,"62":0.0024706987672656225,"63":0.33635305134559135,"64":0.0016472072878675782,"65":0.0016472072878675782,"66":0.6669411762892872,"67":0.33717654282502046,"68":0.0016472072878365076,"69":0.004941247981796205,"70":0.005764814237530699,"71":0.0032942276348163564,"72":0.3355294477017974,"73":0.333882464742877,"74":0.6694117628919394,"75":0.6685881966362048,"76":0.6677647051567758,"77":0.003294265022937975},"ranked":{"0":0.0,"6":0.012987012987012988,"19":0.025974025974025976,"21":0.03896103896103896,"33":0.05194805194805195,"43":0.06493506493506493,"44":0.07792207792207792,"68":0.09090909090909091,"64":0.1038961038961039,"65":0.11688311688311688,"55":0.12987012987012986,"52":0.14285714285714285,"28":0.15584415584415584,"49":0.16883116883116883,"62":0.18181818181818182,"23":0.19480519480519481,"5":0.2077922077922078,"15":0.22077922077922077,"71":0.23376623376623376,"42":0.24675324675324675,"77":0.2597402597402597,"40":0.2727272727272727,"29":0.2857142857142857,"34":0.2987012987012987,"20":0.3116883116883117,"24":0.3246753246753247,"3":0.33766233766233766,"51":0.35064935064935066,"25":0.36363636363636365,"61":0.37662337662337664,"8":0.38961038961038963,"41":0.4025974025974026,"38":0.4155844155844156,"69":0.42857142857142855,"9":0.44155844155844154,"70":0.45454545454545453,"17":0.4675324675324675,"58":0.4805194805194805,"73":0.4935064935064935,"2":0.5064935064935064,"4":0.5194805194805194,"11":0.5324675324675324,"22":0.5454545454545454,"32":0.5584415584415584,"31":0.5714285714285714,"1":0.5844155844155844,"48":0.5974025974025974,"72":0.6103896103896104,"39":0.6233766233766234,"18":0.6363636363636364,"37":0.6493506493506493,"53":0.6623376623376623,"63":0.6753246753246753,"46":0.6883116883116883,"45":0.7012987012987013,"67":0.7142857142857143,"50":0.7272727272727273,"10":0.7402597402597403,"7":0.7532467532467533,"14":0.7662337662337663,"66":0.7792207792207793,"12":0.7922077922077922,"57":0.8051948051948052,"59":0.8181818181818182,"16":0.8311688311688312,"76":0.8441558441558441,"36":0.8571428571428571,"75":0.8701298701298701,"27":0.8831168831168831,"47":0.8961038961038961,"54":0.9090909090909091,"26":0.922077922077922,"74":0.935064935064935,"35":0.948051948051948,"30":0.961038961038961,"13":0.974025974025974,"56":0.987012987012987,"60":1.0}}