{"name":"eccentricity","num_of_nodes":48,"num_of_edges":152,"process_time":0.00403285026550293,"data":{"0":0.6,"1":0.4,"2":0.8,"3":0.8,"4":0.6,"5":0.6,"6":0.8,"7":0.6,"8":0.8,"9":0.4,"10":0.4,"11":0.2,"12":0.8,"13":0.6,"14":0.6,"15":0.4,"16":0.0,"17":0.6,"18":0.4,"19":0.0,"20":0.4,"21":0.6,"22":0.2,"23":0.2,"24":0.2,"25":0.4,"26":0.4,"27":0.0,"28":0.2,"29":0.2,"30":0.6,"31":0.2,"32":1.0,"33":0.8,"34":0.8,"35":1.0,"36":1.0,"37":1.0,"38":1.0,"39":0.8,"40":1.0,"41":0.8,"42":0.8,"43":1.0,"44":0.8,"45":1.0,"46":0.8,"47":0.8},"ranked":{"16":0.0,"19":0.02127659574468085,"27":0.0425531914893617,"11":0.06382978723404255,"22":0.0851063829787234,"23":0.10638297872340426,"24":0.1276595744680851,"28":0.14893617021276595,"29":0.1702127659574468,"31":0.19148936170212766,"1":0.2127659574468085,"9":0.23404255319148937,"10":0.2553191489361702,"15":0.2765957446808511,"18":0.2978723404255319,"20":0.3191489361702128,"25":0.3404255319148936,"26":0.3617021276595745,"0":0.3829787234042553,"4":0.40425531914893614,"5":0.425531914893617,"7":0.44680851063829785,"13":0.46808510638297873,"14":0.48936170212765956,"17":0.5106382978723404,"21":0.5319148936170213,"30":0.5531914893617021,"2":0.574468085106383,"3":0.5957446808510638,"6":0.6170212765957447,"8":0.6382978723404256,"12":0.6595744680851063,"33":0.6808510638297872,"34":0.7021276595744681,"39":0.723404255319149,"41":0.7446808510638298,"42":0.7659574468085106,"44":0.7872340425531915,"46":0.8085106382978723,"47":0.8297872340425532,"32":0.851063829787234,"35":0.8723404255319149,"36":0.8936170212765957,"37":0.9148936170212766,"38":0.9361702127659575,"40":0.9574468085106383,"43":0.9787234042553191,"45":1.0}}