{"name":"fiedler","normalized":false,"weight":"value","num_of_nodes":171,"num_of_edges":533,"process_time":0.03425478935241699,"data":{"0":0.14242137056249746,"1":0.046087504531269974,"2":0.18912230885353468,"3":0.12897839602694183,"4":0.17820307308236763,"5":0.0018548120480604792,"6":0.16071790046035123,"7":0.0005432376823119731,"8":0.21226873405616048,"9":0.03752399437671241,"10":0.057018322662729215,"11":0.12365832761070004,"12":0.0016312198806897975,"13":0.16643619267160228,"14":0.00420042251559005,"15":0.04302290902530838,"16":0.004718545108174549,"17":0.05459634426337233,"18":0.024688227921288435,"19":0.15386916095395248,"20":0.20444312222458055,"21":0.0179706723031921,"22":0.1948087496035688,"23":0.1919455149858033,"24":0.21024867945542974,"25":0.0034462398312985827,"26":0.0037932879011775772,"27":0.0,"28":0.018679819534484596,"29":0.20321938741705178,"30":0.21085404381810796,"31":0.002833513709586309,"32":0.10550252883376783,"33":0.19499600473624504,"34":0.10979876394603542,"35":0.12365832761070004,"36":0.2010984473053519,"37":0.11986452070974755,"38":0.21833253649420017,"39":0.18075189128702668,"40":0.12650683884869213,"41":0.12198140795706426,"42":0.07303479490598587,"43":0.050832504849133854,"44":0.11547246834593283,"45":0.2189255693169161,"46":0.1142439101653846,"47":0.1503655448225866,"48":0.00030337598885127646,"49":0.012983809204231396,"50":0.26782332209020965,"51":0.12099409326661688,"52":0.05083250484913412,"53":0.11547246834593283,"54":0.013976359013316043,"55":0.10259752917471757,"56":0.007076157926436088,"57":0.9194762249317053,"58":0.9453584420817652,"59":0.9640168886971308,"60":0.890140399678887,"61":0.8549765970419849,"62":0.8858433593552405,"63":0.9865922135772898,"64":0.8041989066927178,"65":0.9732189961507651,"66":0.9918273646146151,"67":0.7145474727961901,"68":0.9035063415652383,"69":0.6135965061859467,"70":0.9472942379765482,"71":0.8075533325071024,"72":0.8769249796379935,"73":0.9134358510585293,"74":0.5606898578169834,"75":0.785853265285084,"76":0.6405337158692477,"77":0.795657196067485,"78":1.0,"79":0.9412795771428487,"80":0.5388541770193546,"81":0.9310089356766554,"82":0.9355222810574884,"83":0.9065841962743282,"84":1.0,"85":0.7707584218621268,"86":0.9005131728405107,"87":0.9776287713169528,"88":0.9717569301019293,"89":0.951658906890329,"90":0.6009622782993996,"91":0.8382699600678315,"92":0.7887591367921678,"93":0.9170342133959716,"94":0.7867141648932268,"95":0.9731269184583293,"96":0.9670969744593116,"97":0.9730073680325054,"98":0.8613728789568036,"99":0.9980798677397874,"100":0.9824367819380504,"101":0.6231586217918287,"102":0.7668004303278014,"103":0.812412258141985,"104":1.0,"105":0.7667020057021331,"106":0.8431492836721507,"107":0.7871671169429504,"108":0.7840414534539897,"109":0.6268686843092631,"110":0.9655887133554033,"111":1.0,"112":0.9263829598229086,"113":0.9231067939303318,"114":0.21388716850967546,"115":0.07733083177029183,"116":0.39580901087786996,"117":0.12569924407707772,"118":0.43876252295136486,"119":0.10519475620344593,"120":0.07716840470260053,"121":0.39580901087786996,"122":0.18688047975340752,"123":0.07846501803796056,"124":0.7509852088355804,"125":0.537329306570661,"126":0.17387950479364073,"127":0.18699863724491997,"128":0.39580901087786996,"129":0.5433483404668625,"130":0.558886869663957,"131":0.5126414684651045,"132":0.16643619267160228,"133":0.08484325613120272,"134":0.20212201829742332,"135":0.10300354026848493,"136":0.20212201829742324,"137":0.4264138445830691,"138":0.11050935104482723,"139":0.10188837773372682,"140":0.09028127928052664,"141":0.3225855734977982,"142":0.10853897427629464,"143":0.10969792377450094,"144":0.07829341216826151,"145":0.07949427143085745,"146":0.10149962643455955,"147":0.10853897427629464,"148":0.7269497378339043,"149":0.8322213311186969,"150":0.21321233134789166,"151":0.549624928520902,"152":0.07830259095844942,"153":0.07935432669719589,"154":0.07720347368945198,"155":0.10448479954747543,"156":0.10916959508767345,"157":0.5056863698006201,"158":0.09785863588380106,"159":0.19041562558318112,"160":0.0969094184926882,"161":0.5301227225826177,"162":0.19762766848883306,"163":0.6477776951016408,"164":0.12891310308869816,"165":0.13290869492876675,"166":0.19852895229956,"167":0.20212201829742332,"168":0.788355027631296,"169":0.558886869663957,"170":0.7795611615748355},"ranked":{"27":0.0,"48":0.0058823529411764705,"7":0.011764705882352941,"12":0.01764705882352941,"5":0.023529411764705882,"31":0.029411764705882353,"25":0.03529411764705882,"26":0.041176470588235294,"14":0.047058823529411764,"16":0.052941176470588235,"56":0.058823529411764705,"49":0.06470588235294118,"54":0.07058823529411765,"21":0.07647058823529412,"28":0.08235294117647059,"18":0.08823529411764706,"9":0.09411764705882353,"15":0.1,"1":0.10588235294117647,"43":0.11176470588235295,"52":0.11764705882352941,"17":0.12352941176470589,"10":0.12941176470588237,"42":0.13529411764705881,"120":0.1411764705882353,"154":0.14705882352941177,"115":0.15294117647058825,"144":0.1588235294117647,"152":0.16470588235294117,"123":0.17058823529411765,"153":0.17647058823529413,"145":0.18235294117647058,"133":0.18823529411764706,"140":0.19411764705882353,"160":0.2,"158":0.20588235294117646,"146":0.21176470588235294,"139":0.21764705882352942,"55":0.2235294117647059,"135":0.22941176470588234,"155":0.23529411764705882,"119":0.2411764705882353,"32":0.24705882352941178,"142":0.2529411764705882,"147":0.25882352941176473,"156":0.2647058823529412,"143":0.27058823529411763,"34":0.27647058823529413,"138":0.2823529411764706,"46":0.28823529411764703,"44":0.29411764705882354,"53":0.3,"37":0.3058823529411765,"51":0.31176470588235294,"41":0.3176470588235294,"11":0.3235294117647059,"35":0.32941176470588235,"117":0.3352941176470588,"40":0.3411764705882353,"164":0.34705882352941175,"3":0.35294117647058826,"165":0.3588235294117647,"0":0.36470588235294116,"47":0.37058823529411766,"19":0.3764705882352941,"6":0.38235294117647056,"13":0.38823529411764707,"132":0.3941176470588235,"126":0.4,"4":0.40588235294117647,"39":0.4117647058823529,"122":0.4176470588235294,"127":0.4235294117647059,"2":0.4294117647058823,"159":0.43529411764705883,"23":0.4411764705882353,"22":0.4470588235294118,"33":0.45294117647058824,"162":0.4588235294117647,"166":0.4647058823529412,"36":0.47058823529411764,"136":0.4764705882352941,"134":0.4823529411764706,"167":0.48823529411764705,"29":0.49411764705882355,"20":0.5,"24":0.5058823529411764,"30":0.5117647058823529,"8":0.5176470588235295,"150":0.5235294117647059,"114":0.5294117647058824,"38":0.5352941176470588,"45":0.5411764705882353,"50":0.5470588235294118,"141":0.5529411764705883,"116":0.5588235294117647,"128":0.5647058823529412,"121":0.5705882352941176,"137":0.5764705882352941,"118":0.5823529411764706,"157":0.5882352941176471,"131":0.5941176470588235,"161":0.6,"125":0.6058823529411764,"80":0.611764705882353,"129":0.6176470588235294,"151":0.6235294117647059,"130":0.6294117647058823,"169":0.6352941176470588,"74":0.6411764705882353,"90":0.6470588235294118,"69":0.6529411764705882,"101":0.6588235294117647,"109":0.6647058823529411,"76":0.6705882352941176,"163":0.6764705882352942,"67":0.6823529411764706,"148":0.6882352941176471,"124":0.6941176470588235,"105":0.7,"102":0.7058823529411765,"85":0.711764705882353,"170":0.7176470588235294,"108":0.7235294117647059,"75":0.7294117647058823,"94":0.7352941176470589,"107":0.7411764705882353,"168":0.7470588235294118,"92":0.7529411764705882,"77":0.7588235294117647,"64":0.7647058823529411,"71":0.7705882352941177,"103":0.7764705882352941,"149":0.7823529411764706,"91":0.788235294117647,"106":0.7941176470588235,"61":0.8,"98":0.8058823529411765,"72":0.8117647058823529,"62":0.8176470588235294,"60":0.8235294117647058,"86":0.8294117647058824,"68":0.8352941176470589,"83":0.8411764705882353,"73":0.8470588235294118,"93":0.8529411764705882,"57":0.8588235294117647,"113":0.8647058823529412,"112":0.8705882352941177,"81":0.8764705882352941,"82":0.8823529411764706,"79":0.888235294117647,"58":0.8941176470588236,"70":0.9,