{"name":"pagerank","alpha":0.85,"weight":"value","num_of_nodes":99,"num_of_edges":190,"process_time":0.031160831451416016,"data":{"0":0.059616496167048574,"1":0.2818041192762164,"2":0.11623334279504915,"3":0.0987725141394166,"4":0.4920659967838377,"5":0.28756138001172543,"6":0.5355715649406823,"7":0.28908177840818317,"8":0.31566393432625267,"9":0.047154371309663504,"10":0.12415527436607218,"11":0.1148908558209725,"12":0.2741473330019665,"13":0.1103641677925627,"14":0.09133867334056701,"15":0.2987853701186198,"16":0.27881422736636513,"17":0.7310033787641353,"18":0.1103641677925627,"19":0.7153917105532215,"20":0.047154371309663504,"21":0.349341654391257,"22":0.5168725628144647,"23":0.09783191608970553,"24":0.06338628649678192,"25":0.11608028278274661,"26":0.836385019331634,"27":0.500776165696533,"28":0.0568652894182714,"29":0.1161662645197037,"30":0.314834486380322,"31":0.2721028853824661,"32":0.12415527436607218,"33":0.27442563187046226,"34":0.5683422798716243,"35":0.02386727743753017,"36":0.27442563187046226,"37":0.44281448843269106,"38":0.4703283644066558,"39":0.13099998441714542,"40":0.13099998441714542,"41":0.013621652719071675,"42":0.10897711915782184,"43":0.8706274182918016,"44":0.6321588373244782,"45":0.21497137910479794,"46":0.010955150479574448,"47":1.0,"48":0.06129030945542327,"49":0.31313219470334286,"50":0.032569764930571676,"51":0.4267600904315533,"52":0.5807427301104532,"53":0.08323240252514041,"54":0.08234350697844882,"55":0.2532584075677851,"56":0.2744256318704621,"57":0.08323240252514041,"58":0.4901995749038069,"59":0.08234350697844882,"60":0.13099998441714542,"61":0.012955683297331119,"62":0.032569764930571676,"63":0.4384872231897182,"64":0.11933736871906851,"65":0.11933736871906851,"66":0.17380302053347962,"67":0.07430573608615632,"68":0.202428438171764,"69":0.04497068085853801,"70":0.19657200583727752,"71":0.2990879626281773,"72":0.36454481532157323,"73":0.0045999299195903865,"74":0.5981959333862064,"75":0.0,"76":0.1474927080626105,"77":0.17500979402985845,"78":0.17380302053347962,"79":0.2990879626281773,"80":0.39265134694247655,"81":0.11720765227299176,"82":0.22653997636468465,"83":0.11869286156724226,"84":0.17380302053347962,"85":0.16600845807613535,"86":0.11869286156724226,"87":0.11604316719697201,"88":0.36454481532157323,"89":0.5393831008544281,"90":0.11720765227299176,"91":0.8023074511027282,"92":0.36454481532157323,"93":0.0799672804194292,"94":0.39265134694247655,"95":0.689028557844211,"96":0.202428438171764,"97":0.8446980348186706,"98":0.2044302704667832},"ranked":{"75":0.0,"73":0.01020408163265306,"46":0.02040816326530612,"61":0.030612244897959183,"41":0.04081632653061224,"35":0.05102040816326531,"50":0.061224489795918366,"62":0.07142857142857142,"69":0.08163265306122448,"9":0.09183673469387756,"20":0.10204081632653061,"28":0.11224489795918367,"0":0.12244897959183673,"48":0.1326530612244898,"24":0.14285714285714285,"67":0.15306122448979592,"93":0.16326530612244897,"54":0.17346938775510204,"59":0.1836734693877551,"53":0.19387755102040816,"57":0.20408163265306123,"14":0.21428571428571427,"23":0.22448979591836735,"3":0.23469387755102042,"42":0.24489795918367346,"13":0.25510204081632654,"18":0.2653061224489796,"11":0.2755102040816326,"87":0.2857142857142857,"25":0.29591836734693877,"29":0.30612244897959184,"2":0.3163265306122449,"81":0.32653061224489793,"90":0.336734693877551,"83":0.3469387755102041,"86":0.35714285714285715,"64":0.3673469387755102,"65":0.37755102040816324,"10":0.3877551020408163,"32":0.3979591836734694,"39":0.40816326530612246,"40":0.41836734693877553,"60":0.42857142857142855,"76":0.4387755102040816,"85":0.4489795918367347,"66":0.45918367346938777,"78":0.46938775510204084,"84":0.47959183673469385,"77":0.4897959183673469,"70":0.5,"68":0.5102040816326531,"96":0.5204081632653061,"98":0.5306122448979592,"45":0.5408163265306123,"82":0.5510204081632653,"55":0.5612244897959183,"31":0.5714285714285714,"12":0.5816326530612245,"56":0.5918367346938775,"33":0.6020408163265306,"36":0.6122448979591837,"16":0.6224489795918368,"1":0.6326530612244898,"5":0.6428571428571429,"7":0.6530612244897959,"15":0.6632653061224489,"71":0.673469387755102,"79":0.6836734693877551,"49":0.6938775510204082,"30":0.7040816326530612,"8":0.7142857142857143,"21":0.7244897959183674,"72":0.7346938775510204,"88":0.7448979591836735,"92":0.7551020408163265,"80":0.7653061224489796,"94":0.7755102040816326,"51":0.7857142857142857,"63":0.7959183673469388,"37":0.8061224489795918,"38":0.8163265306122449,"58":0.826530612244898,"4":0.8367346938775511,"27":0.8469387755102041,"22":0.8571428571428571,"6":0.8673469387755102,"89":0.8775510204081632,"34":0.8877551020408163,"52":0.8979591836734694,"74":0.9081632653061225,"44":0.9183673469387755,"95":0.9285714285714286,"19":0.9387755102040817,"17":0.9489795918367347,"91":0.9591836734693877,"26":0.9693877551020408,"97":0.9795918367346939,"43":0.9897959183673469,"47":1.0}}