{"name":"agd","num_of_nodes":189,"num_of_edges":593,"weight":"value","process_time":0.07283902168273926,"data":{"0":0.35089820359281443,"1":0.13712574850299394,"2":0.5047904191616767,"3":0.09221556886227542,"4":0.5407185628742515,"5":0.27065868263473053,"6":0.3143712574850299,"7":0.1550898203592815,"8":0.13473053892215564,"9":0.118562874251497,"10":0.40898203592814375,"11":0.18562874251497008,"12":0.33293413173652686,"13":0.23413173652694605,"14":0.23413173652694605,"15":0.21616766467065868,"16":0.17185628742514972,"17":0.2664670658682635,"18":0.6461077844311377,"19":0.30299401197604786,"20":0.12754491017964079,"21":0.4467065868263472,"22":0.20119760479041918,"23":0.17065868263473058,"24":0.13712574850299394,"25":0.19461077844311386,"26":0.411377245508982,"27":0.39760479041916164,"28":0.1508982035928143,"29":0.07724550898203592,"30":0.22874251497005987,"31":0.27065868263473053,"32":0.12814371257485035,"33":0.5089820359281437,"34":0.25449101796407186,"35":0.5053892215568863,"36":0.2089820359281438,"37":0.264071856287425,"38":0.148502994011976,"39":0.44550898203592804,"40":0.5089820359281437,"41":0.24850299401197598,"42":0.2532934131736527,"43":0.6467065868263473,"44":0.170059880239521,"45":0.21437125748502994,"46":0.541317365269461,"47":0.21736526946107781,"48":0.4467065868263472,"49":0.6125748502994011,"50":0.24730538922155682,"51":0.22395209580838332,"52":0.11077844311377257,"53":0.6083832335329341,"54":0.10179640718562878,"55":0.22335329341317373,"56":0.6101796407185628,"57":0.611377245508982,"58":0.22694610778443117,"59":0.2089820359281438,"60":0.17964071856287417,"61":0.3143712574850299,"62":0.21257485029940124,"63":0.42814371257485023,"64":0.06287425149700598,"65":1.0,"66":0.8958083832335327,"67":0.3305389221556886,"68":0.028143712574850294,"69":0.9994011976047904,"70":0.6874251497005988,"71":0.5916167664670658,"72":0.9994011976047904,"73":0.19940119760479044,"74":0.7862275449101797,"75":0.24610778443113768,"76":0.6868263473053893,"77":0.7868263473053891,"78":0.8910179640718562,"79":0.3137724550898203,"80":0.16227544910179637,"81":0.19940119760479044,"82":0.1850299401197605,"83":0.2628742514970059,"84":0.5071856287425149,"85":0.42574850299401196,"86":0.09640718562874262,"87":0.1790419161676646,"88":0.7844311377245508,"89":0.27544910179640714,"90":0.8904191616766466,"91":0.7928143712574849,"92":0.44071856287425143,"93":0.8958083832335327,"94":0.0970059880239522,"95":0.6898203592814371,"96":0.7820359281437124,"97":0.8904191616766466,"98":0.14311377245508985,"99":0.6958083832335328,"100":0.14311377245508985,"101":0.18443113772455094,"102":0.5209580838323353,"103":0.1676646706586827,"104":0.22754491017964074,"105":0.6892215568862275,"106":0.6862275449101795,"107":0.13652694610778437,"108":0.9994011976047904,"109":0.34850299401197593,"110":0.11616766467065871,"111":0.3640718562874252,"112":0.7946107784431137,"113":0.16886227544910187,"114":0.20838323353293423,"115":0.058083832335329405,"116":0.3497005988023953,"117":0.33233532934131726,"118":0.7856287425149701,"119":0.12155688622754486,"120":0.13652694610778437,"121":0.5209580838323353,"122":0.16287425149700593,"123":0.15389221556886237,"124":0.09041916167664671,"125":0.7880239520958083,"126":0.17065868263473058,"127":0.1467065868263473,"128":0.06946107784431138,"129":0.4173652694610777,"130":0.1377245508982037,"131":0.13652694610778437,"132":0.0,"133":0.05508982035928144,"134":0.08383233532934141,"135":0.10479041916167664,"136":0.33293413173652686,"137":0.08562874251497013,"138":0.18443113772455094,"139":0.10838323353293407,"140":0.09101796407185628,"141":0.13233532934131736,"142":0.15568862275449108,"143":0.07844311377245507,"144":0.1467065868263473,"145":0.0862275449101797,"146":0.11976047904191614,"147":0.09580838323353305,"148":0.1335329341317365,"149":0.3101796407185629,"150":0.29161676646706575,"151":0.08562874251497013,"152":0.0538922155688623,"153":0.022754491017964146,"154":0.24850299401197598,"155":0.04850299401197605,"156":0.3107784431137725,"157":0.12335329341317358,"158":0.4203592814371258,"159":0.19101796407185623,"160":0.13712574850299394,"161":0.092814371257485,"162":0.09940119760479049,"163":0.04910179640718562,"164":0.06526946107784437,"165":0.1850299401197605,"166":0.028143712574850294,"167":0.12874251497005992,"168":0.3107784431137725,"169":0.0431137724550899,"170":0.07485029940119763,"171":0.040119760479041935,"172":0.4203592814371258,"173":0.06646706586826352,"174":0.16526946107784424,"175":0.4203592814371258,"176":0.02994011976047911,"177":0.020958083832335328,"178":0.31197604790419164,"179":0.14071856287425158,"180":0.07664670658682635,"181":0.15149700598802388,"182":0.040119760479041935,"183":0.24850299401197598,"184":0.2047904191616766,"185":0.11976047904191614,"186":0.15868263473053892,"187":0.06766467065868266,"188":0.0071856287425149665},"ranked":{"132":0.0,"188":0.005319148936170213,"177":0.010638297872340425,"153":0.015957446808510637,"68":0.02127659574468085,"166":0.026595744680851064,"176":0.031914893617021274,"171":0.03723404255319149,"182":0.0425531914893617,"169":0.047872340425531915,"155":0.05319148936170213,"163":0.05851063829787234,"152":0.06382978723404255,"133":0.06914893617021277,"115":0.07446808510638298,"64":0.0797872340425532,"164":0.0851063829787234,"173":0.09042553191489362,"187":0.09574468085106383,"128":0.10106382978723404,"170":0.10638297872340426,"180":0.11170212765957446,"29":0.11702127659574468,"143":0.12234042553191489,"134":0.1276595744680851,"137":0.13297872340425532,"151":0.13829787234042554,"145":0.14361702127659576,"124":0.14893617021276595,"140":0.15425531914893617,"3":0.1595744680851064,"161":0.16489361702127658,"147":0.1702127659574468,"86":0.17553191489361702,"94":0.18085106382978725,"162":0.18617021276595744,"54":0.19148936170212766,"135":0.19680851063829788,"139":0.20212765957446807,"52":0.2074468085106383,"110":0.2127659574468085,"9":0.21808510638297873,"146":0.22340425531914893,"185":0.22872340425531915,"119":0.23404255319148937,"157":0.2393617021276596,"20":0.24468085106382978,"32":0.25,"167":0.2553191489361702,"141":0.26063829787234044,"148":0.26595744680851063,"8":0.2712765957446808,"107":0.2765957446808511,"120":0.28191489361702127,"131":0.2872340425531915,"1":0.2925531914893617,"24":0.2978723404255319,"160":0.30319148936170215,"130":0.30851063829787234,"179":0.31382978723404253,"98":0.3191489361702128,"100":0.324468085106383,"127":0.32978723404255317,"144":0.3351063829787234,"38":0.3404255319148936,"28":0.34574468085106386,"181":0.35106382978723405,"123":0.35638297872340424,"7":0.3617021276595745,"142":0.3670212765957447,"186":0.3723404255319149,"80":0.3776595744680851,"122":0.3829787234042553,"174":0.3882978723404255,"103":0.39361702127659576,"113":0.39893617021276595,"44":0.40425531914893614,"23":0.4095744680851064,"126":0.4148936170212766,"16":0.42021276595744683,"87":0.425531914893617,"60":0.4308510638297872,"101":0.43617021276595747,"138":0.44148936170212766,"82":0.44680851063829785,"165":0.4521276595744681,"11":0.4574468085106383,"159":0.4627659574468085,"25":0.46808510638297873,"73":0.4734042553191489,"81":0.4787234042553192,"22":0.48404255319148937,"184":0.48936170212765956,"114":0.4946808510638298,"36":0.5,"59":0.5053191489361702,"62":0.5106382978723404,"45":0.5159574468085106,"15":0.5212765957446809,"47":0.526595744680851,"55":0.5319148936170213,"51":0.5372340425531915,"58":0.5425531914893617,"104":0.5478723404255319,"30":0.5531914893617021,"13":0.5585106382978723,"14":0.5638297872340425,"75":0.5691489361702128,"50":0.574468085106383,"41":0.5797872340425532,"154":0.5851063829787234,"183":0.5904255319148937,"42":0.5957446808510638,"34":0.601063829787234,"83":0.6063829787234043,"37":0.6117021276595744,"17":0.6170212765957447,"5":0.6223404255319149,"31":0.6276595744680851,"89":0.6329787234042553,"150":0.6382978723404256,"19":0.6436170212765957,"149":0.648936170212766,"156":0.6542553191489362,"168":0.6595744680851063,"178":0.6648936170212766,"79":0.6702127659574468,"6":0.675531914893617,"61":0.6808510638297872,