{"name":"agd","num_of_nodes":129,"num_of_edges":408,"weight":"value","process_time":0.03783917427062988,"data":{"0":0.32941176470588235,"1":0.11550802139037433,"2":0.6684491978609626,"3":0.6491978609625668,"4":0.4310160427807487,"5":0.3572192513368984,"6":0.42566844919786095,"7":0.19037433155080213,"8":0.5347593582887701,"9":0.3572192513368984,"10":0.653475935828877,"11":0.4320855614973262,"12":0.0962566844919786,"13":0.7614973262032085,"14":0.3358288770053476,"15":0.1358288770053476,"16":0.6395721925133689,"17":0.3358288770053476,"18":0.18181818181818182,"19":0.6417112299465241,"20":0.6395721925133689,"21":0.3572192513368984,"22":0.4213903743315508,"23":0.04385026737967915,"24":0.253475935828877,"25":0.20855614973262032,"26":0.5454545454545454,"27":0.7775401069518717,"28":0.43422459893048126,"29":0.5229946524064171,"30":0.34759358288770054,"31":0.7786096256684492,"32":0.7614973262032085,"33":0.20427807486631017,"34":0.11122994652406418,"35":0.32834224598930484,"36":0.5358288770053476,"37":0.1754010695187166,"38":0.4235294117647059,"39":0.24705882352941178,"40":0.253475935828877,"41":0.5283422459893048,"42":0.11016042780748662,"43":0.73475935828877,"44":0.40748663101604277,"45":0.11550802139037433,"46":0.1786096256684492,"47":0.43315508021390375,"48":0.20427807486631017,"49":0.3839572192513369,"50":0.40748663101604277,"51":0.7315508021390374,"52":0.8620320855614974,"53":0.4106951871657754,"54":0.32192513368983955,"55":0.3037433155080214,"56":0.8577540106951872,"57":0.3839572192513369,"58":0.17219251336898395,"59":0.7304812834224599,"60":0.293048128342246,"61":0.7294117647058823,"62":0.19144385026737967,"63":0.22994652406417113,"64":0.20641711229946524,"65":0.3839572192513369,"66":0.8577540106951872,"67":0.3304812834224599,"68":0.73475935828877,"69":0.6053475935828877,"70":0.279144385026738,"71":0.3037433155080214,"72":0.19144385026737967,"73":0.4919786096256685,"74":0.732620320855615,"75":0.2288770053475936,"76":0.13368983957219252,"77":0.13155080213903744,"78":0.3037433155080214,"79":0.6096256684491979,"80":0.3037433155080214,"81":0.39358288770053473,"82":0.17219251336898395,"83":0.3037433155080214,"84":0.28449197860962566,"85":0.7304812834224599,"86":0.10802139037433155,"87":0.8705882352941177,"88":0.332620320855615,"89":0.5251336898395722,"90":0.05026737967914439,"91":0.43315508021390375,"92":0.8770053475935828,"93":0.6331550802139038,"94":0.746524064171123,"95":0.42459893048128344,"96":0.8695187165775401,"97":0.27700534759358286,"98":0.532620320855615,"99":1.0,"100":0.1443850267379679,"101":0.33796791443850266,"102":0.0,"103":0.17433155080213902,"104":0.045989304812834225,"105":0.5262032085561498,"106":0.8716577540106952,"107":0.3358288770053476,"108":0.1711229946524064,"109":0.37967914438502676,"110":0.8705882352941177,"111":0.5390374331550802,"112":1.0,"113":0.3754010695187166,"114":0.2695187165775401,"115":0.37967914438502676,"116":0.10695187165775401,"117":0.8727272727272727,"118":0.24705882352941178,"119":0.7475935828877005,"120":0.09732620320855614,"121":0.3572192513368984,"122":0.9967914438502674,"123":0.4406417112299465,"124":0.42780748663101603,"125":0.05026737967914439,"126":0.24919786096256685,"127":0.044919786096256686,"128":1.0},"ranked":{"102":0.0,"23":0.0078125,"127":0.015625,"104":0.0234375,"90":0.03125,"125":0.0390625,"12":0.046875,"120":0.0546875,"116":0.0625,"86":0.0703125,"42":0.078125,"34":0.0859375,"1":0.09375,"45":0.1015625,"77":0.109375,"76":0.1171875,"15":0.125,"100":0.1328125,"108":0.140625,"58":0.1484375,"82":0.15625,"103":0.1640625,"37":0.171875,"46":0.1796875,"18":0.1875,"7":0.1953125,"62":0.203125,"72":0.2109375,"33":0.21875,"48":0.2265625,"64":0.234375,"25":0.2421875,"75":0.25,"63":0.2578125,"39":0.265625,"118":0.2734375,"126":0.28125,"24":0.2890625,"40":0.296875,"114":0.3046875,"97":0.3125,"70":0.3203125,"84":0.328125,"60":0.3359375,"55":0.34375,"71":0.3515625,"78":0.359375,"80":0.3671875,"83":0.375,"54":0.3828125,"35":0.390625,"0":0.3984375,"67":0.40625,"88":0.4140625,"14":0.421875,"17":0.4296875,"107":0.4375,"101":0.4453125,"30":0.453125,"5":0.4609375,"9":0.46875,"21":0.4765625,"121":0.484375,"113":0.4921875,"109":0.5,"115":0.5078125,"49":0.515625,"57":0.5234375,"65":0.53125,"81":0.5390625,"44":0.546875,"50":0.5546875,"53":0.5625,"22":0.5703125,"38":0.578125,"95":0.5859375,"6":0.59375,"124":0.6015625,"4":0.609375,"11":0.6171875,"47":0.625,"91":0.6328125,"28":0.640625,"123":0.6484375,"73":0.65625,"29":0.6640625,"89":0.671875,"105":0.6796875,"41":0.6875,"98":0.6953125,"8":0.703125,"36":0.7109375,"111":0.71875,"26":0.7265625,"69":0.734375,"79":0.7421875,"93":0.75,"16":0.7578125,"20":0.765625,"19":0.7734375,"3":0.78125,"10":0.7890625,"2":0.796875,"61":0.8046875,"59":0.8125,"85":0.8203125,"51":0.828125,"74":0.8359375,"43":0.84375,"68":0.8515625,"94":0.859375,"119":0.8671875,"13":0.875,"32":0.8828125,"27":0.890625,"31":0.8984375,"56":0.90625,"66":0.9140625,"52":0.921875,"96":0.9296875,"87":0.9375,"110":0.9453125,"106":0.953125,"117":0.9609375,"92":0.96875,"122":0.9765625,"99":0.984375,"112":0.9921875,"128":1.0}}