{"name":"density","eps":0.5,"weight":"value","num_of_nodes":75,"num_of_edges":233,"process_time":0.016494035720825195,"data":{"0":0.20247273541372263,"1":0.20000002245140536,"2":0.6004946368884293,"3":0.0,"4":0.5990109731888756,"5":0.4009891166169598,"6":0.20296728249633963,"7":0.0019782332337574507,"8":0.00395639911310321,"9":0.40098913906834327,"10":0.8004947042424891,"11":0.00395639911310321,"12":0.40098913906834327,"13":0.001483708602411987,"14":0.002967349850486914,"15":0.0,"16":0.0,"17":0.40296728249634284,"18":0.001483708602411987,"19":0.0024727803163184887,"20":0.2024726680595535,"21":0.0024728027677579562,"22":0.0,"23":0.4029673273990912,"24":0.0029673049477199256,"25":0.20346169487065568,"26":0.0009890941653832846,"27":0.2004945470826762,"28":0.20445078903609495,"29":0.9990109282859626,"30":0.6014835514426091,"31":0.004450991098617814,"32":0.6009892288739266,"33":1.0,"34":0.40049454708269805,"35":0.6004946593396043,"36":0.20148359634534846,"37":0.4024727354136512,"38":0.40296712533658374,"39":0.20247271296237646,"40":0.40049454708269805,"41":0.0029671477879421766,"42":0.0034616499678668303,"43":0.20247278031628438,"44":0.4009892737766256,"45":0.0034618295789347847,"46":0.4029672151420804,"47":0.004945448375794137,"48":0.0019783454906376068,"49":0.8034618071276823,"50":0.20494533611899182,"51":0.0024728027678699027,"52":0.001483573893999075,"53":0.0019783454907122376,"54":0.7985164485574762,"55":0.8009891390683755,"56":0.20296721514218916,"57":0.0029673049478505294,"58":0.6019782556851584,"59":0.0009890492626536114,"60":0.201483775956603,"61":0.003956376661775689,"62":0.0009890492626536114,"63":0.002967170239381644,"64":0.0024728252192160816,"65":0.002967170239381644,"66":0.0039563766617383735,"67":0.001978300587945249,"68":0.20197825568520011,"69":0.4014836187969031,"70":0.600989318679405,"71":0.20098904926267547,"72":0.00445090129313981,"73":0.799010973188784,"74":0.20395637666183486},"ranked":{"3":0.0,"15":0.013513513513513514,"16":0.02702702702702703,"22":0.04054054054054054,"59":0.05405405405405406,"62":0.06756756756756757,"26":0.08108108108108109,"52":0.0945945945945946,"13":0.10810810810810811,"18":0.12162162162162163,"7":0.13513513513513514,"67":0.14864864864864866,"48":0.16216216216216217,"53":0.17567567567567569,"19":0.1891891891891892,"21":0.20270270270270271,"51":0.21621621621621623,"64":0.22972972972972974,"41":0.24324324324324326,"63":0.25675675675675674,"65":0.2702702702702703,"24":0.28378378378378377,"57":0.2972972972972973,"14":0.3108108108108108,"42":0.32432432432432434,"45":0.33783783783783783,"66":0.35135135135135137,"61":0.36486486486486486,"8":0.3783783783783784,"11":0.3918918918918919,"72":0.40540540540540543,"31":0.4189189189189189,"47":0.43243243243243246,"1":0.44594594594594594,"27":0.4594594594594595,"71":0.47297297297297297,"36":0.4864864864864865,"60":0.5,"68":0.5135135135135135,"20":0.527027027027027,"39":0.5405405405405406,"0":0.5540540540540541,"43":0.5675675675675675,"56":0.581081081081081,"6":0.5945945945945946,"25":0.6081081081081081,"74":0.6216216216216216,"28":0.6351351351351351,"50":0.6486486486486487,"34":0.6621621621621622,"40":0.6756756756756757,"5":0.6891891891891891,"9":0.7027027027027027,"12":0.7162162162162162,"44":0.7297297297297297,"69":0.7432432432432432,"37":0.7567567567567568,"38":0.7702702702702703,"46":0.7837837837837838,"17":0.7972972972972973,"23":0.8108108108108109,"4":0.8243243243243243,"2":0.8378378378378378,"35":0.8513513513513513,"32":0.8648648648648649,"70":0.8783783783783784,"30":0.8918918918918919,"58":0.9054054054054054,"54":0.918918918918919,"73":0.9324324324324325,"10":0.9459459459459459,"55":0.9594594594594594,"49":0.972972972972973,"29":0.9864864864864865,"33":1.0}}