{"name":"agd","num_of_nodes":153,"num_of_edges":305,"weight":"value","process_time":0.02159905433654785,"data":{"0":0.09147727272727271,"1":0.003977272727272725,"2":0.11193181818181817,"3":0.015340909090909086,"4":0.03409090909090908,"5":0.04545454545454544,"6":0.0875,"7":0.13693181818181815,"8":0.01477272727272727,"9":0.023295454545454536,"10":0.025568181818181816,"11":0.06647727272727273,"12":0.04147727272727272,"13":0.016477272727272715,"14":0.04147727272727272,"15":0.015340909090909086,"16":0.13693181818181815,"17":0.04886363636363637,"18":0.06363636363636364,"19":0.11193181818181817,"20":0.02159090909090909,"21":0.02954545454545454,"22":0.0659090909090909,"23":0.01704545454545453,"24":0.08863636363636362,"25":0.0,"26":0.00454545454545454,"27":0.11193181818181817,"28":0.09090909090909088,"29":0.01477272727272727,"30":0.08693181818181815,"31":0.018749999999999996,"32":0.0022727272727272605,"33":0.02954545454545454,"34":0.09034090909090908,"35":0.04147727272727272,"36":0.0659090909090909,"37":0.00454545454545454,"38":0.02272727272727272,"39":0.13693181818181815,"40":0.031249999999999986,"41":0.07045454545454546,"42":0.007386363636363635,"43":0.02272727272727272,"44":0.03409090909090908,"45":0.0318181818181818,"46":0.04886363636363637,"47":0.09147727272727271,"48":0.04659090909090907,"49":0.11022727272727272,"50":0.11534090909090906,"51":0.4795454545454545,"52":0.5914772727272727,"53":0.7704545454545454,"54":0.45568181818181813,"55":0.9749999999999999,"56":0.825,"57":0.47159090909090906,"58":0.8170454545454545,"59":0.734090909090909,"60":0.4318181818181818,"61":0.5340909090909091,"62":0.48863636363636365,"63":0.7761363636363636,"64":0.4375,"65":0.43295454545454537,"66":0.44715909090909084,"67":0.9749999999999999,"68":0.5022727272727273,"69":0.7732954545454546,"70":0.45681818181818185,"71":0.7272727272727272,"72":0.5198863636363635,"73":0.5494318181818181,"74":0.5812499999999999,"75":0.4698863636363636,"76":0.7749999999999999,"77":0.4926136363636363,"78":0.8670454545454545,"79":0.5818181818181818,"80":0.48579545454545453,"81":0.9210227272727272,"82":0.5914772727272727,"83":0.4437499999999999,"84":0.8198863636363636,"85":0.5812499999999999,"86":0.9193181818181818,"87":0.9749999999999999,"88":0.5056818181818182,"89":0.5340909090909091,"90":0.6505681818181818,"91":0.6153409090909091,"92":0.6471590909090909,"93":0.46874999999999994,"94":0.4596590909090909,"95":0.5085227272727272,"96":0.6880681818181817,"97":0.5375,"98":0.6471590909090909,"99":0.8210227272727273,"100":0.9210227272727272,"101":0.6159090909090909,"102":0.5721590909090909,"103":0.4727272727272727,"104":0.5221590909090909,"105":0.4727272727272727,"106":0.9443181818181817,"107":0.4357954545454545,"108":0.8386363636363636,"109":0.5994318181818181,"110":0.6670454545454545,"111":0.7068181818181818,"112":0.8875000000000001,"113":0.54375,"114":0.7051136363636363,"115":0.4982954545454545,"116":0.5011363636363636,"117":0.5721590909090909,"118":0.46136363636363636,"119":0.9443181818181817,"120":0.4659090909090909,"121":0.6323863636363636,"122":0.7170454545454545,"123":0.5204545454545454,"124":0.4323863636363636,"125":0.7556818181818181,"126":0.8431818181818181,"127":0.51875,"128":0.7556818181818181,"129":0.4511363636363636,"130":0.8897727272727272,"131":1.0,"132":0.5068181818181818,"133":0.5471590909090909,"134":0.5727272727272728,"135":0.4795454545454545,"136":0.5460227272727273,"137":0.5863636363636363,"138":0.9443181818181817,"139":0.7914772727272726,"140":0.45852272727272725,"141":0.4607954545454545,"142":0.6704545454545454,"143":0.7477272727272726,"144":0.4420454545454545,"145":0.4647727272727273,"146":0.8386363636363636,"147":0.4982954545454545,"148":0.5221590909090909,"149":0.8431818181818181,"150":0.4846590909090909,"151":0.7994318181818182,"152":0.8886363636363636},"ranked":{"25":0.0,"32":0.006578947368421052,"1":0.013157894736842105,"26":0.019736842105263157,"37":0.02631578947368421,"42":0.03289473684210526,"8":0.039473684210526314,"29":0.046052631578947366,"3":0.05263157894736842,"15":0.05921052631578947,"13":0.06578947368421052,"23":0.07236842105263158,"31":0.07894736842105263,"20":0.08552631578947369,"38":0.09210526315789473,"43":0.09868421052631579,"9":0.10526315789473684,"10":0.1118421052631579,"21":0.11842105263157894,"33":0.125,"40":0.13157894736842105,"45":0.13815789473684212,"4":0.14473684210526316,"44":0.1513157894736842,"12":0.15789473684210525,"14":0.16447368421052633,"35":0.17105263157894737,"5":0.17763157894736842,"48":0.18421052631578946,"17":0.19078947368421054,"46":0.19736842105263158,"18":0.20394736842105263,"22":0.21052631578947367,"36":0.21710526315789475,"11":0.2236842105263158,"41":0.23026315789473684,"30":0.23684210526315788,"6":0.24342105263157895,"24":0.25,"34":0.2565789473684211,"28":0.2631578947368421,"0":0.26973684210526316,"47":0.27631578947368424,"49":0.28289473684210525,"2":0.2894736842105263,"19":0.29605263157894735,"27":0.3026315789473684,"50":0.3092105263157895,"7":0.3157894736842105,"16":0.3223684210526316,"39":0.32894736842105265,"60":0.3355263157894737,"124":0.34210526315789475,"65":0.34868421052631576,"107":0.35526315789473684,"64":0.3618421052631579,"144":0.3684210526315789,"83":0.375,"66":0.3815789473684211,"129":0.3881578947368421,"54":0.39473684210526316,"70":0.40131578947368424,"140":0.40789473684210525,"94":0.4144736842105263,"141":0.42105263157894735,"118":0.4276315789473684,"145":0.4342105263157895,"120":0.4407894736842105,"93":0.4473684210526316,"75":0.45394736842105265,"57":0.4605263157894737,"103":0.46710526315789475,"105":0.47368421052631576,"51":0.48026315789473684,"135":0.4868421052631579,"150":0.4934210526315789,"80":0.5,"62":0.506578947368421,"77":0.5131578947368421,"115":0.5197368421052632,"147":0.5263157894736842,"116":0.5328947368421053,"68":0.5394736842105263,"88":0.5460526315789473,"132":0.5526315789473685,"95":0.5592105263157895,"127":0.5657894736842105,"72":0.5723684210526315,"123":0.5789473684210527,"104":0.5855263157894737,"148":0.5921052631578947,"61":0.5986842105263158,"89":0.6052631578947368,"97":0.6118421052631579,"113":0.618421052631579,"136":0.625,"133":0.631578947368421,"73":0.6381578947368421,"102":0.6447368421052632,"117":0.6513157894736842,"134":0.6578947368421053,"74":0.6644736842105263,"85":0.6710526315789473,"79":0.6776315789473685,"137":0.6842105263157895,"52":0.6907894736842105,"82":0.6973684210526315,"109":0.7039473684210527,"91":0.7105263157894737,"101":0.7171052631578947,"121":0.7236842105263158,"92":0.7302631578947368,"98":0.7368421052631579,"90":0.743421052631579,"110":0.75,"142":0.756578947368421,"96":0.7631578947368421,"114":0.7697368421052632,"111":0.7763157894736842,"122":0.7828947368421053,"71":0.7894736842105263,"59":0.7960526315789473,"143":0.8026315789473685,"125":0.8092105263157895,"128":0.8157894736842105,"53":0.8223684210526315,"69":0.8289473684210527,"76":0.8355263157894737,"63":0.8421052631578947,"139":0.8486842105263158,"151":0.8552631578947368,"58":0.8618421052631579,"84":0.868421052631579,"99":0.875,"56":0.881578947368421,"108":0.8881578947368421,"146":0.8947368421052632,"126":0.9013157894736842,"149":0.9078947368421053,"78":0.9144736842105263,"112":0.9210526315789473,"152":0.9276315789473685,"130":0.9342105263157895,"86":0.9407894736842105,"81":0.9473684210526315,"100":0.9539473684210527,"106":0.9605263157894737,"119":0.9671052631578947,"138":0.9736842105263158,"55":0.9802631578947368,"67":0.9868421052631579,"87":0.993421052631579,"131":1.0}}