{"name":"pagerank","alpha":0.85,"weight":"value","num_of_nodes":153,"num_of_edges":305,"process_time":0.04436516761779785,"data":{"0":0.02989462581547874,"1":1.0,"2":0.22552579972797193,"3":0.1297490509236333,"4":0.13675694901499522,"5":0.35492023591744104,"6":0.6328447803792148,"7":0.15893969908216934,"8":0.5510687279095908,"9":0.10843289599367106,"10":0.39740410253267083,"11":0.43516599673882905,"12":0.15151506252360963,"13":0.3511689251972553,"14":0.15151506252360963,"15":0.1297490509236333,"16":0.15893969908216934,"17":0.2988810352976077,"18":0.12938315244890244,"19":0.14032033033954316,"20":0.33141248338331314,"21":0.3305033910035079,"22":0.9096078083824143,"23":0.2943135331532081,"24":0.4556481963119392,"25":0.38353587501266717,"26":0.3023901864266136,"27":0.14032033033954316,"28":0.22204417711078095,"29":0.9164793909470665,"30":0.40385923774082655,"31":0.1258066598296321,"32":0.09147226822539666,"33":0.3326134971007058,"34":0.4375833481795424,"35":0.15151506252360963,"36":0.1375079679990965,"37":0.3023901864266136,"38":0.05696629237630942,"39":0.15893969908216934,"40":0.09819001726400944,"41":0.04930321771596133,"42":0.6480802934819817,"43":0.07830764218822278,"44":0.13675694901499522,"45":0.09829404608039052,"46":0.29836604252198773,"47":0.02989462581547874,"48":0.3734129270153899,"49":0.9398745663412912,"50":0.018432084780944557,"51":0.046777928000581726,"52":0.37709833136513815,"53":0.7850474668763034,"54":0.2559629398666045,"55":0.1438151378464369,"56":0.16920956986809274,"57":0.07317304750056967,"58":0.42392526545562614,"59":0.021216265783206102,"60":0.06459553272571905,"61":0.06159544159212872,"62":0.23993889528174875,"63":0.1925891703804425,"64":0.30531836476656377,"65":0.08885086280796387,"66":0.517030766412932,"67":0.1438151378464369,"68":0.44646607416261735,"69":0.0,"70":0.47391728607559513,"71":0.6510153128708809,"72":0.29173432690514556,"73":0.2738297051117565,"74":0.5134767394434175,"75":0.3115782520719155,"76":0.6005933147998745,"77":0.7108686316811929,"78":0.3252547252489705,"79":0.27368882914623766,"80":0.47904495017314286,"81":0.10775701864018375,"82":0.37709833136513815,"83":0.2666757516428258,"84":0.375704043461922,"85":0.5134767394434175,"86":0.8921866934061994,"87":0.1438151378464369,"88":0.05338837004711725,"89":0.06159544159212872,"90":0.08819594769441827,"91":0.29102991297494063,"92":0.13414923940209567,"93":0.8798398752892964,"94":0.32923582711824967,"95":0.008658653169485265,"96":0.05886975858457458,"97":0.32249472371080085,"98":0.13414923940209567,"99":0.1763547569747142,"100":0.10775701864018375,"101":0.07045009014825537,"102":0.4871353465000651,"103":0.43780003696979747,"104":0.25430903967587276,"105":0.43780003696979747,"106":0.30006661860188993,"107":0.4499783197806886,"108":0.5122325126458963,"109":0.30571505026920565,"110":0.591805933690264,"111":0.3389832423425472,"112":0.5225918994132402,"113":0.6847175389933154,"114":0.5752424051379176,"115":0.2580426490526532,"116":0.2707088110355767,"117":0.2734671234148361,"118":0.2377625921108183,"119":0.30006661860188993,"120":0.012742418766038752,"121":0.09823858254304191,"122":0.10041242573764925,"123":0.23694105131548066,"124":0.4748518568510232,"125":0.35427159477163284,"126":0.0576930940658736,"127":0.6812334039473914,"128":0.35427159477163284,"129":0.6721213780489963,"130":0.5084804891770978,"131":0.07276898975723532,"132":0.006477736051872692,"133":0.24936995310825855,"134":0.06106284396723472,"135":0.3007338596180525,"136":0.26576471727149903,"137":0.02767703903574465,"138":0.3000666186018898,"139":0.306923823219386,"140":0.26120261060976635,"141":0.4622828283785229,"142":0.10375942112728306,"143":0.08414381032022238,"144":0.4329731283703082,"145":0.059898060270221744,"146":0.5439781242470025,"147":0.0679683460919327,"148":0.2543090396758726,"149":0.10594827210222349,"150":0.24224731291064122,"151":0.11640106895295631,"152":0.08204226078324674},"ranked":{"69":0.0,"132":0.006578947368421052,"95":0.013157894736842105,"120":0.019736842105263157,"50":0.02631578947368421,"59":0.03289473684210526,"137":0.039473684210526314,"0":0.046052631578947366,"47":0.05263157894736842,"51":0.05921052631578947,"41":0.06578947368421052,"88":0.07236842105263158,"38":0.07894736842105263,"126":0.08552631578947369,"96":0.09210526315789473,"145":0.09868421052631579,"134":0.10526315789473684,"61":0.1118421052631579,"89":0.11842105263157894,"60":0.125,"147":0.13157894736842105,"101":0.13815789473684212,"131":0.14473684210526316,"57":0.1513157894736842,"43":0.15789473684210525,"152":0.16447368421052633,"143":0.17105263157894737,"90":0.17763157894736842,"65":0.18421052631578946,"32":0.19078947368421054,"40":0.19736842105263158,"121":0.20394736842105263,"45":0.21052631578947367,"122":0.21710526315789475,"142":0.2236842105263158,"149":0.23026315789473684,"81":0.23684210526315788,"100":0.24342105263157895,"9":0.25,"151":0.2565789473684211,"31":0.2631578947368421,"18":0.26973684210526316,"3":0.27631578947368424,"15":0.28289473684210525,"92":0.2894736842105263,"98":0.29605263157894735,"4":0.3026315789473684,"44":0.3092105263157895,"36":0.3157894736842105,"19":0.3223684210526316,"27":0.32894736842105265,"55":0.3355263157894737,"67":0.34210526315789475,"87":0.34868421052631576,"12":0.35526315789473684,"14":0.3618421052631579,"35":0.3684210526315789,"7":0.375,"16":0.3815789473684211,"39":0.3881578947368421,"56":0.39473684210526316,"99":0.40131578947368424,"63":0.40789473684210525,"28":0.4144736842105263,"2":0.42105263157894735,"123":0.4276315789473684,"118":0.4342105263157895,"62":0.4407894736842105,"150":0.4473684210526316,"133":0.45394736842105265,"148":0.4605263157894737,"104":0.46710526315789475,"54":0.47368421052631576,"115":0.48026315789473684,"140":0.4868421052631579,"136":0.4934210526315789,"83":0.5,"116":0.506578947368421,"117":0.5131578947368421,"79":0.5197368421052632,"73":0.5263157894736842,"91":0.5328947368421053,"72":0.5394736842105263,"23":0.5460526315789473,"46":0.5526315789473685,"17":0.5592105263157895,"138":0.5657894736842105,"106":0.5723684210526315,"119":0.5789473684210527,"135":0.5855263157894737,"26":0.5921052631578947,"37":0.5986842105263158,"64":0.6052631578947368,"109":0.6118421052631579,"139":0.618421052631579,"75":0.625,"97":0.631578947368421,"78":0.6381578947368421,"94":0.6447368421052632,"21":0.6513157894736842,"20":0.6578947368421053,"33":0.6644736842105263,"111":0.6710526315789473,"13":0.6776315789473685,"125":0.6842105263157895,"128":0.6907894736842105,"5":0.6973684210526315,"48":0.7039473684210527,"84":0.7105263157894737,"52":0.7171052631578947,"82":0.7236842105263158,"25":0.7302631578947368,"10":0.7368421052631579,"30":0.743421052631579,"58":0.75,"144":0.756578947368421,"11":0.7631578947368421,"34":0.7697368421052632,"103":0.7763157894736842,"105":0.7828947368421053,"68":0.7894736842105263,"107":0.7960526315789473,"24":0.8026315789473685,"141":0.8092105263157895,"70":0.8157894736842105,"124":0.8223684210526315,"80":0.8289473684210527,"102":0.8355263157894737,"130":0.8421052631578947,"108":0.8486842105263158,"74":0.8552631578947368,"85":0.8618421052631579,"66":0.868421052631579,"112":0.875,"146":0.881578947368421,"8":0.8881578947368421,"114":0.8947368421052632,"110":0.9013157894736842,"76":0.9078947368421053,"6":0.9144736842105263,"42":0.9210526315789473,"71":0.9276315789473685,"129":0.9342105263157895,"127":0.9407894736842105,"113":0.9473684210526315,"77":0.9539473684210527,"53":0.9605263157894737,"93":0.9671052631578947,"86":0.9736842105263158,"22":0.9802631578947368,"29":0.9868421052631579,"49":0.993421052631579,"1":1.0}}