{"name":"agd","num_of_nodes":153,"num_of_edges":478,"weight":"value","process_time":0.05547475814819336,"data":{"0":0.5004582951420716,"1":0.18698441796516957,"2":0.17781851512373967,"3":0.18606782768102656,"4":0.536205316223648,"5":0.20623281393217238,"6":0.5041246562786434,"7":0.3849679193400551,"8":0.1191567369385885,"9":0.12557286892758934,"10":0.47479376718606797,"11":0.19615032080659947,"12":0.47662694775435377,"13":0.11365719523373054,"14":0.2493125572868928,"15":0.20256645279560043,"16":0.18515123739688366,"17":0.383134738771769,"18":0.4692942254812099,"19":0.29697525206232817,"20":0.1888175985334556,"21":0.308890925756187,"22":0.16315307057745193,"23":0.11640696608615946,"24":0.12190650779101742,"25":0.1677360219981669,"26":0.1989000916590284,"27":0.40421631530705787,"28":0.17323556370302473,"29":0.26214482126489463,"30":0.16315307057745193,"31":0.536205316223648,"32":0.3400549954170486,"33":0.12190650779101742,"34":0.11732355637030248,"35":0.11732355637030248,"36":0.2795600366636114,"37":0.47387717690192493,"38":0.12465627864344633,"39":0.3748854262144822,"40":0.11732355637030248,"41":0.2071494042163154,"42":0.395967002749771,"43":0.5123739688359303,"44":0.17873510540788268,"45":0.5022914757103574,"46":0.1989000916590284,"47":0.17506874427131075,"48":0.2493125572868928,"49":0.14573785517873517,"50":0.40421631530705787,"51":0.07791017415215398,"52":0.6168652612282309,"53":0.4344637946837763,"54":0.9981668194317139,"55":0.12190650779101742,"56":1.0,"57":0.7378551787351054,"58":0.31622364802933084,"59":0.7406049495875344,"60":0.26397800183318054,"61":0.32447296058661784,"62":0.2493125572868928,"63":0.7406049495875344,"64":0.19431714023831342,"65":0.32355637030247486,"66":0.2493125572868928,"67":0.4097158570119157,"68":0.13198900091659033,"69":0.230980751604033,"70":0.8670944087992667,"71":0.5132905591200734,"72":0.41521539871677354,"73":0.5242896425297893,"74":0.4243813015582034,"75":0.7534372135655364,"76":0.24747937671860679,"77":0.09807516040329979,"78":0.15582034830430797,"79":0.1274060494958754,"80":0.05499541704857924,"81":0.5087076076993585,"82":0.18240146654445463,"83":0.4271310724106325,"84":0.23189734188817604,"85":0.09532538955087075,"86":0.8643446379468379,"87":0.1906507791017415,"88":0.5160403299725024,"89":0.2896425297891843,"90":0.6287809349220899,"91":0.8826764436296977,"92":0.6251145737855178,"93":0.11640696608615946,"94":0.16681943171402389,"95":0.2612282309807516,"96":0.8689275893675527,"97":0.41704857928505956,"98":0.32355637030247486,"99":0.8835930339138407,"100":0.11457378551787356,"101":0.5215398716773603,"102":0.2071494042163154,"103":0.0,"104":0.1374885426214483,"105":0.2887259395050413,"106":0.4179651695692026,"107":0.042163153070577414,"108":0.09532538955087075,"109":0.020164986251145694,"110":0.32172318973418884,"111":0.1594867094408799,"112":0.2071494042163154,"113":0.16406966086159483,"114":0.20256645279560043,"115":0.20256645279560043,"116":0.2098991750687443,"117":0.4179651695692026,"118":0.10265811182401474,"119":0.021081576535288707,"120":0.14848762603116408,"121":0.310724106324473,"122":0.03208065994500463,"123":0.06324472960586625,"124":0.0,"125":0.22364802933088915,"126":0.3336388634280476,"127":0.1814848762603116,"128":0.08615948670944086,"129":0.40421631530705787,"130":0.15307057745187905,"131":0.2483959670027498,"132":0.20348304307974333,"133":0.13382218148487623,"134":0.3620531622364802,"135":0.2520623281393217,"136":0.20348304307974333,"137":0.2410632447296059,"138":0.10724106324472957,"139":0.40604949587534367,"140":0.4225481209899177,"141":0.10907424381301559,"142":0.18056828597616872,"143":0.06324472960586625,"144":0.004582951420714947,"145":0.4179651695692026,"146":0.15307057745187905,"147":0.031164069660861615,"148":0.0889092575618699,"149":0.18331805682859764,"150":0.01649862511457376,"151":0.28505957836846935,"152":0.383134738771769},"ranked":{"103":0.0,"124":0.006578947368421052,"144":0.013157894736842105,"150":0.019736842105263157,"109":0.02631578947368421,"119":0.03289473684210526,"147":0.039473684210526314,"122":0.046052631578947366,"107":0.05263157894736842,"80":0.05921052631578947,"123":0.06578947368421052,"143":0.07236842105263158,"51":0.07894736842105263,"128":0.08552631578947369,"148":0.09210526315789473,"85":0.09868421052631579,"108":0.10526315789473684,"77":0.1118421052631579,"118":0.11842105263157894,"138":0.125,"141":0.13157894736842105,"13":0.13815789473684212,"100":0.14473684210526316,"23":0.1513157894736842,"93":0.15789473684210525,"34":0.16447368421052633,"35":0.17105263157894737,"40":0.17763157894736842,"8":0.18421052631578946,"24":0.19078947368421054,"33":0.19736842105263158,"55":0.20394736842105263,"38":0.21052631578947367,"9":0.21710526315789475,"79":0.2236842105263158,"68":0.23026315789473684,"133":0.23684210526315788,"104":0.24342105263157895,"49":0.25,"120":0.2565789473684211,"130":0.2631578947368421,"146":0.26973684210526316,"78":0.27631578947368424,"111":0.28289473684210525,"22":0.2894736842105263,"30":0.29605263157894735,"113":0.3026315789473684,"94":0.3092105263157895,"25":0.3157894736842105,"28":0.3223684210526316,"47":0.32894736842105265,"2":0.3355263157894737,"44":0.34210526315789475,"142":0.34868421052631576,"127":0.35526315789473684,"82":0.3618421052631579,"149":0.3684210526315789,"16":0.375,"3":0.3815789473684211,"1":0.3881578947368421,"20":0.39473684210526316,"87":0.40131578947368424,"64":0.40789473684210525,"11":0.4144736842105263,"26":0.42105263157894735,"46":0.4276315789473684,"15":0.4342105263157895,"114":0.4407894736842105,"115":0.4473684210526316,"132":0.45394736842105265,"136":0.4605263157894737,"5":0.46710526315789475,"41":0.47368421052631576,"102":0.48026315789473684,"112":0.4868421052631579,"116":0.4934210526315789,"125":0.5,"69":0.506578947368421,"84":0.5131578947368421,"137":0.5197368421052632,"76":0.5263157894736842,"131":0.5328947368421053,"14":0.5394736842105263,"48":0.5460526315789473,"62":0.5526315789473685,"66":0.5592105263157895,"135":0.5657894736842105,"95":0.5723684210526315,"29":0.5789473684210527,"60":0.5855263157894737,"36":0.5921052631578947,"151":0.5986842105263158,"105":0.6052631578947368,"89":0.6118421052631579,"19":0.618421052631579,"21":0.625,"121":0.631578947368421,"58":0.6381578947368421,"110":0.6447368421052632,"65":0.6513157894736842,"98":0.6578947368421053,"61":0.6644736842105263,"126":0.6710526315789473,"32":0.6776315789473685,"134":0.6842105263157895,"39":0.6907894736842105,"17":0.6973684210526315,"152":0.7039473684210527,"7":0.7105263157894737,"42":0.7171052631578947,"27":0.7236842105263158,"50":0.7302631578947368,"129":0.7368421052631579,"139":0.743421052631579,"67":0.75,"72":0.756578947368421,"97":0.7631578947368421,"106":0.7697368421052632,"117":0.7763157894736842,"145":0.7828947368421053,"140":0.7894736842105263,"74":0.7960526315789473,"83":0.8026315789473685,"53":0.8092105263157895,"18":0.8157894736842105,"37":0.8223684210526315,"10":0.8289473684210527,"12":0.8355263157894737,"0":0.8421052631578947,"45":0.8486842105263158,"6":0.8552631578947368,"81":0.8618421052631579,"43":0.868421052631579,"71":0.875,"88":0.881578947368421,"101":0.8881578947368421,"73":0.8947368421052632,"4":0.9013157894736842,"31":0.9078947368421053,"52":0.9144736842105263,"92":0.9210526315789473,"90":0.9276315789473685,"57":0.9342105263157895,"59":0.9407894736842105,"63":0.9473684210526315,"75":0.9539473684210527,"86":0.9605263157894737,"70":0.9671052631578947,"96":0.9736842105263158,"91":0.9802631578947368,"99":0.9868421052631579,"54":0.993421052631579,"56":1.0}}