{"name":"agd","num_of_nodes":165,"num_of_edges":321,"weight":"value","process_time":0.014194250106811523,"data":{"0":0.20384889522451888,"1":0.23877405559515327,"2":0.18888096935138987,"3":0.17605131860299358,"4":0.19885958660014252,"5":0.1774768353528154,"6":0.19030648610121167,"7":0.28225231646471843,"8":0.35780470420527444,"9":0.2815395580898076,"10":0.22523164647184601,"11":0.3257305773342837,"12":0.3257305773342837,"13":0.218104062722737,"14":0.24590163934426235,"15":0.23592302209550967,"16":0.1674982181040627,"17":0.1539558089807555,"18":0.3570919458303635,"19":0.21168923734853884,"20":0.15466856735566642,"21":0.1960085531004989,"22":0.2166785459729152,"23":0.210263720598717,"24":0.1660727013542409,"25":0.2466143977191732,"26":0.20598717034925157,"27":0.28225231646471843,"28":0.19458303635067709,"29":0.1895937277263008,"30":0.24732715609408415,"31":0.19672131147540983,"32":0.1810406272273699,"33":0.35780470420527444,"34":0.1774768353528154,"35":0.2066999287241625,"36":0.21596578759800428,"37":0.2794012829650749,"38":0.1539558089807555,"39":0.16250890947968638,"40":0.26300784034212404,"41":0.19885958660014252,"42":0.3257305773342837,"43":0.3570919458303635,"44":0.21454027084818245,"45":0.1674982181040627,"46":0.20384889522451888,"47":0.14540270848182466,"48":0.180327868852459,"49":0.2815395580898076,"50":0.19743406985032072,"51":0.1895937277263008,"52":0.32145402708481824,"53":0.23877405559515327,"54":0.28937990021382753,"55":0.9258731290092658,"56":0.6785459729151817,"57":0.7191732002851033,"58":0.49964362081254454,"59":0.5445473984319316,"60":0.812544547398432,"61":0.5566642908054169,"62":0.6129722024233784,"63":0.6400570206699929,"64":0.7633642195295794,"65":0.5039201710620099,"66":0.7120456165359943,"67":0.4975053456878118,"68":0.925160370634355,"69":0.6072701354240911,"70":0.5972915181753385,"71":0.8182466143977192,"72":0.5131860299358517,"73":0.8681397006414825,"74":0.503207412687099,"75":0.5787598004276551,"76":0.5473984319315752,"77":0.5288667141838916,"78":0.8688524590163934,"79":0.8674269422665716,"80":0.9850320741268709,"81":0.503207412687099,"82":0.826086956521739,"83":0.8688524590163934,"84":0.654312188168211,"85":0.49679258731290094,"86":0.6521739130434783,"87":0.5359942979330007,"88":0.7113328581610834,"89":0.5744832501781896,"90":0.548111190306486,"91":0.503207412687099,"92":0.5295794725588026,"93":0.9258731290092658,"94":0.5310049893086243,"95":0.8203848895224518,"96":0.4982181040627227,"97":0.5801853171774768,"98":0.721311475409836,"99":0.5381325730577334,"100":0.7113328581610834,"101":0.5381325730577334,"102":0.7113328581610834,"103":0.7676407697790448,"104":0.5473984319315752,"105":0.6058446186742694,"106":0.5260156806842481,"107":0.5117605131860299,"108":0.5374198146828225,"109":0.5253029223093371,"110":0.5801853171774768,"111":0.5588025659301497,"112":0.8816821097647897,"113":0.5409836065573771,"114":0.938702779757662,"115":0.5987170349251604,"116":0.691375623663578,"117":0.03563791874554526,"118":0.01568068424803991,"119":0.013542409123307198,"120":0.002851033499643617,"121":0.022808267997148968,"122":0.03563791874554526,"123":0.9415538132573058,"124":0.7840342124019957,"125":0.9379900213827511,"126":0.940128296507484,"127":0.6343549536707056,"128":0.009265858873841763,"129":0.5787598004276551,"130":0.7234497505345687,"131":0.7412687099073414,"132":0.013542409123307198,"133":0.002138275124732711,"134":0.6079828937990022,"135":0.002138275124732711,"136":0.0,"137":0.00784034212401995,"138":0.03563791874554526,"139":0.7512473271560941,"140":0.0014255167498218053,"141":0.00570206699928724,"142":0.940128296507484,"143":0.5987170349251604,"144":0.6792587312900926,"145":0.002851033499643617,"146":1.0,"147":0.940128296507484,"148":0.02066999287241625,"149":0.009265858873841763,"150":0.02066999287241625,"151":0.7925873129009265,"152":0.8296507483962937,"153":0.7013542409123308,"154":0.8852459016393442,"155":0.6329294369208838,"156":0.6785459729151817,"157":0.009265858873841763,"158":0.6642908054169636,"159":0.013542409123307198,"160":0.8866714183891661,"161":0.7426942266571632,"162":0.8873841767640769,"163":0.6051318602993585,"164":0.009265858873841763},"ranked":{"136":0.0,"140":0.006097560975609756,"133":0.012195121951219513,"135":0.018292682926829267,"120":0.024390243902439025,"145":0.03048780487804878,"141":0.036585365853658534,"137":0.042682926829268296,"128":0.04878048780487805,"149":0.054878048780487805,"157":0.06097560975609756,"164":0.06707317073170732,"119":0.07317073170731707,"132":0.07926829268292683,"159":0.08536585365853659,"118":0.09146341463414634,"148":0.0975609756097561,"150":0.10365853658536585,"121":0.10975609756097561,"117":0.11585365853658537,"122":0.12195121951219512,"138":0.12804878048780488,"47":0.13414634146341464,"17":0.1402439024390244,"38":0.14634146341463414,"20":0.1524390243902439,"39":0.15853658536585366,"24":0.16463414634146342,"16":0.17073170731707318,"45":0.17682926829268292,"3":0.18292682926829268,"5":0.18902439024390244,"34":0.1951219512195122,"48":0.20121951219512196,"32":0.2073170731707317,"2":0.21341463414634146,"29":0.21951219512195122,"51":0.22560975609756098,"6":0.23170731707317074,"28":0.23780487804878048,"21":0.24390243902439024,"31":0.25,"50":0.25609756097560976,"4":0.2621951219512195,"41":0.2682926829268293,"0":0.27439024390243905,"46":0.2804878048780488,"26":0.2865853658536585,"35":0.2926829268292683,"23":0.29878048780487804,"19":0.3048780487804878,"44":0.31097560975609756,"36":0.3170731707317073,"22":0.3231707317073171,"13":0.32926829268292684,"10":0.3353658536585366,"15":0.34146341463414637,"1":0.3475609756097561,"53":0.35365853658536583,"14":0.3597560975609756,"25":0.36585365853658536,"30":0.3719512195121951,"40":0.3780487804878049,"37":0.38414634146341464,"9":0.3902439024390244,"49":0.39634146341463417,"7":0.4024390243902439,"27":0.40853658536585363,"54":0.4146341463414634,"52":0.42073170731707316,"11":0.4268292682926829,"12":0.4329268292682927,"42":0.43902439024390244,"18":0.4451219512195122,"43":0.45121951219512196,"8":0.4573170731707317,"33":0.4634146341463415,"85":0.4695121951219512,"67":0.47560975609756095,"96":0.4817073170731707,"58":0.4878048780487805,"74":0.49390243902439024,"81":0.5,"91":0.5060975609756098,"65":0.5121951219512195,"107":0.5182926829268293,"72":0.524390243902439,"109":0.5304878048780488,"106":0.5365853658536586,"77":0.5426829268292683,"92":0.5487804878048781,"94":0.5548780487804879,"87":0.5609756097560976,"108":0.5670731707317073,"99":0.573170731707317,"101":0.5792682926829268,"113":0.5853658536585366,"59":0.5914634146341463,"76":0.5975609756097561,"104":0.6036585365853658,"90":0.6097560975609756,"61":0.6158536585365854,"111":0.6219512195121951,"89":0.6280487804878049,"75":0.6341463414634146,"129":0.6402439024390244,"97":0.6463414634146342,"110":0.6524390243902439,"70":0.6585365853658537,"115":0.6646341463414634,"143":0.6707317073170732,"163":0.676829268292683,"105":0.6829268292682927,"69":0.6890243902439024,"134":0.6951219512195121,"62":0.7012195121951219,"155":0.7073170731707317,"127":0.7134146341463414,"63":0.7195121951219512,"86":0.725609756097561,"84":0.7317073170731707,"158":0.7378048780487805,"56":0.7439024390243902,"156":0.75,"144":0.7560975609756098,"116":0.7621951219512195,"153":0.7682926829268293,"88":0.774390243902439,"100":0.7804878048780488,"102":0.7865853658536586,"66":0.7926829268292683,"57":0.7987804878048781,"98":0.8048780487804879,"130":0.8109756097560976,"131":0.8170731707317073,"161":0.823170731707317,"139":0.8292682926829268,"64":0.8353658536585366,"103":0.8414634146341463,"124":0.8475609756097561,"151":0.8536585365853658,"60":0.8597560975609756,"71":0.8658536585365854,"95":0.8719512195121951,"82":0.8780487804878049,"152":0.8841463414634146,"79":0.8902439024390244,"73":0.8963414634146342,"78":0.9024390243902439,"83":0.9085365853658537,"112":0.9146341463414634,"154":0.9207317073170732,"160":0.926829268292683,"162":0.9329268292682927,"68":0.9390243902439024,"55":0.9451219512195121,"93":0.9512195121951219,"125":0.9573170731707317,