{"name":"fiedler","normalized":true,"weight":"value","num_of_nodes":132,"num_of_edges":414,"process_time":0.0642399787902832,"data":{"0":0.12708708922407583,"1":0.13801994087046995,"2":0.0,"3":0.1388641641526853,"4":0.16674456286789693,"5":0.15529567243552342,"6":0.18145293574476398,"7":0.18145293574476326,"8":0.1073545500406773,"9":0.15823292789676574,"10":0.12116427145481705,"11":0.15616464472273223,"12":0.18914952703576235,"13":0.18831140018707448,"14":0.10308883520811069,"15":0.13562724016299055,"16":0.18831140018707448,"17":0.14004064691542362,"18":0.14291362486977316,"19":0.09701749484013625,"20":0.15855993890807724,"21":0.12900389362302372,"22":0.10821399983761214,"23":0.15722811393057257,"24":0.1270870892240787,"25":0.13492053655055541,"26":0.1057180903101003,"27":0.13298451192908103,"28":0.15891209066098436,"29":0.10958753063732939,"30":0.1904668898061546,"31":0.106522873860317,"32":0.0452553094704156,"33":0.14284781153451284,"34":0.1572281139305747,"35":0.15891209066030149,"36":0.07727600950380809,"37":0.1621387107859628,"38":0.1788876139208554,"39":0.1159198023590314,"40":0.16636798128235464,"41":0.1552956724355236,"42":0.15325726248286156,"43":0.07049448991891173,"44":0.34901905229438523,"45":0.2756333424983492,"46":0.38894846338076067,"47":0.389794367728627,"48":0.3246743457174726,"49":0.38106276728829486,"50":0.3246743457174726,"51":0.2592865008475545,"52":0.4082626879092141,"53":0.2801619141213796,"54":0.26739068482736167,"55":0.3939715213399612,"56":0.2866339155030706,"57":0.3122404070408664,"58":0.32467434571747233,"59":0.3859758313802012,"60":0.2967632749583769,"61":0.29971836639597593,"62":0.440851802615483,"63":0.25982612182413584,"64":0.3020744082114525,"65":0.40597879821316546,"66":0.29676327495837707,"67":0.4226309187739996,"68":0.3131230261542661,"69":0.32467434571747245,"70":0.43417517847713233,"71":0.2719114470361739,"72":0.29676327495837707,"73":0.4156642611568956,"74":0.27481184861507396,"75":0.3768810405017945,"76":0.2794222197248699,"77":0.7890023958713025,"78":0.296763274958377,"79":0.2915679739124055,"80":0.3773289224700647,"81":0.26592316187625076,"82":0.42234776865511336,"83":0.30915416659420764,"84":0.41920475427577997,"85":0.39249974982576075,"86":0.30625306182556794,"87":0.47293596473315264,"88":1.0,"89":0.9083917554624454,"90":0.46861680372993003,"91":0.8691721541641299,"92":0.8685256243489152,"93":0.9519537416849826,"94":0.937299437308797,"95":0.8839138093967721,"96":0.836189120558635,"97":0.8137714637922197,"98":0.8664553016294918,"99":0.91970498724532,"100":0.9457254583293073,"101":0.9366986146116486,"102":0.8870989076132125,"103":0.8338517916172143,"104":0.8133168150821519,"105":0.8793512091696355,"106":0.9685146999281312,"107":0.785407752312414,"108":0.956686885257267,"109":0.8272991332145394,"110":0.8808558051172896,"111":0.8883844340269287,"112":0.41833375581837323,"113":0.8913581868504299,"114":0.9426316904314032,"115":0.842941545928702,"116":0.8886615330183826,"117":0.8534766368979101,"118":0.8338517916176706,"119":0.84601681532405,"120":0.33531161691862055,"121":0.9202366514285021,"122":0.9181590328072822,"123":0.9566868852541119,"124":0.7890023958713025,"125":0.9912750393826035,"126":0.4690306853208146,"127":0.8793512091696339,"128":0.586850073965733,"129":0.9293918793146854,"130":0.8883844340222332,"131":0.4342012085171156},"ranked":{"2":0.0,"32":0.007633587786259542,"43":0.015267175572519083,"36":0.022900763358778626,"19":0.030534351145038167,"14":0.03816793893129771,"26":0.04580152671755725,"31":0.05343511450381679,"8":0.061068702290076333,"22":0.06870229007633588,"29":0.07633587786259542,"39":0.08396946564885496,"10":0.0916030534351145,"0":0.09923664122137404,"24":0.10687022900763359,"21":0.11450381679389313,"27":0.12213740458015267,"25":0.1297709923664122,"15":0.13740458015267176,"1":0.1450381679389313,"3":0.15267175572519084,"17":0.16030534351145037,"33":0.16793893129770993,"18":0.17557251908396945,"42":0.183206106870229,"5":0.19083969465648856,"41":0.1984732824427481,"11":0.20610687022900764,"23":0.21374045801526717,"34":0.22137404580152673,"9":0.22900763358778625,"20":0.2366412213740458,"35":0.24427480916030533,"28":0.25190839694656486,"37":0.2595419847328244,"40":0.26717557251908397,"4":0.2748091603053435,"38":0.2824427480916031,"7":0.2900763358778626,"6":0.29770992366412213,"13":0.3053435114503817,"16":0.31297709923664124,"12":0.32061068702290074,"30":0.3282442748091603,"51":0.33587786259541985,"63":0.3435114503816794,"81":0.3511450381679389,"54":0.35877862595419846,"71":0.366412213740458,"74":0.37404580152671757,"45":0.3816793893129771,"76":0.3893129770992366,"53":0.3969465648854962,"56":0.40458015267175573,"79":0.4122137404580153,"60":0.4198473282442748,"78":0.42748091603053434,"66":0.4351145038167939,"72":0.44274809160305345,"61":0.45038167938931295,"64":0.4580152671755725,"86":0.46564885496183206,"83":0.4732824427480916,"57":0.48091603053435117,"68":0.48854961832061067,"58":0.4961832061068702,"69":0.5038167938931297,"48":0.5114503816793893,"50":0.5190839694656488,"120":0.5267175572519084,"44":0.5343511450381679,"75":0.5419847328244275,"80":0.549618320610687,"49":0.5572519083969466,"59":0.5648854961832062,"46":0.5725190839694656,"47":0.5801526717557252,"85":0.5877862595419847,"55":0.5954198473282443,"65":0.6030534351145038,"52":0.6106870229007634,"73":0.6183206106870229,"112":0.6259541984732825,"84":0.6335877862595419,"82":0.6412213740458015,"67":0.648854961832061,"70":0.6564885496183206,"131":0.6641221374045801,"62":0.6717557251908397,"90":0.6793893129770993,"126":0.6870229007633588,"87":0.6946564885496184,"128":0.7022900763358778,"107":0.7099236641221374,"77":0.7175572519083969,"124":0.7251908396946565,"104":0.732824427480916,"97":0.7404580152671756,"109":0.7480916030534351,"103":0.7557251908396947,"118":0.7633587786259542,"96":0.7709923664122137,"115":0.7786259541984732,"119":0.7862595419847328,"117":0.7938931297709924,"98":0.8015267175572519,"92":0.8091603053435115,"91":0.816793893129771,"127":0.8244274809160306,"105":0.8320610687022901,"110":0.8396946564885496,"95":0.8473282442748091,"102":0.8549618320610687,"130":0.8625954198473282,"111":0.8702290076335878,"116":0.8778625954198473,"113":0.8854961832061069,"89":0.8931297709923665,"122":0.9007633587786259,"99":0.9083969465648855,"121":0.916030534351145,"129":0.9236641221374046,"101":0.9312977099236641,"94":0.9389312977099237,"114":0.9465648854961832,"100":0.9541984732824428,"93":0.9618320610687023,"123":0.9694656488549618,"108":0.9770992366412213,"106":0.9847328244274809,"125":0.9923664122137404,"88":1.0}}