{"name":"pagerank","alpha":0.85,"weight":"value","num_of_nodes":99,"num_of_edges":190,"process_time":0.031655311584472656,"data":{"0":0.29002711295409034,"1":0.39388996522601194,"2":0.37572692178253,"3":0.08023109876281015,"4":0.08342701044438884,"5":0.13682104141079446,"6":0.14387744175934677,"7":0.5097748598943855,"8":0.9130160878253162,"9":0.3164484210348363,"10":0.11174184666228754,"11":0.09702669864137542,"12":0.2911692673438568,"13":0.4020650103924189,"14":0.11174184666228754,"15":0.07357179877613679,"16":0.06892362120594571,"17":0.13371535134600646,"18":0.5876258453044292,"19":0.3164484210348363,"20":0.26906108046653904,"21":0.09387139476589454,"22":0.15160547233654204,"23":0.2923383546198784,"24":0.7865491177176603,"25":0.2838476082326472,"26":0.35660715149526023,"27":0.3499854255580678,"28":0.5539593666980519,"29":0.13371535134600646,"30":0.5980446853617696,"31":0.07357179877613679,"32":0.15160547233654204,"33":0.14264701612925484,"34":0.03682518675859834,"35":1.0,"36":0.7981008255967489,"37":0.4621596012950496,"38":0.03533433685545998,"39":0.9275977590316233,"40":0.06320201707713054,"41":0.1556368128767423,"42":0.2832766544114634,"43":0.0,"44":0.6198982348110035,"45":0.14628956536223764,"46":0.5382373773172409,"47":0.4683773240709951,"48":0.12185723265967073,"49":0.2419763190317746,"50":0.14264701612925484,"51":0.01024995774750995,"52":0.28917766048068466,"53":0.04354474409946343,"54":0.05771964347405304,"55":0.1556368128767423,"56":0.1556368128767423,"57":0.2832766544114634,"58":0.5183480131171195,"59":0.0,"60":0.23510439137544695,"61":0.3373540551500256,"62":0.15655444878236752,"63":0.23510439137544695,"64":0.5254246426917335,"65":0.168256852841692,"66":0.09215260404413965,"67":0.33748142946605514,"68":0.2912216047500142,"69":0.743265495613556,"70":0.27150176977706875,"71":0.08940075766594173,"72":0.027456383691873722,"73":0.09214253690016302,"74":0.085014127342158,"75":0.5472994496703312,"76":0.5392560166821105,"77":0.5635423477275892,"78":0.2593181912679267,"79":0.2680735072559022,"80":0.12338956140483964,"81":0.35814271394243885,"82":0.08997764256330307,"83":0.08997764256330307,"84":0.09100652338721615,"85":0.35825267792926646,"86":0.6060285901036618,"87":0.09100652338721615,"88":0.12954613983150695,"89":0.34415112960210703,"90":0.3133992194987971,"91":0.6671639889416363,"92":0.2680735072559022,"93":0.051865428609302,"94":0.2593181912679267,"95":0.6322320427529766,"96":0.11291955932303643,"97":0.36105444049512536,"98":0.34415112960210703},"ranked":{"43":0.0,"59":0.01020408163265306,"51":0.02040816326530612,"72":0.030612244897959183,"38":0.04081632653061224,"34":0.05102040816326531,"53":0.061224489795918366,"93":0.07142857142857142,"54":0.08163265306122448,"40":0.09183673469387756,"16":0.10204081632653061,"15":0.11224489795918367,"31":0.12244897959183673,"3":0.1326530612244898,"4":0.14285714285714285,"74":0.15306122448979592,"71":0.16326530612244897,"82":0.17346938775510204,"83":0.1836734693877551,"84":0.19387755102040816,"87":0.20408163265306123,"73":0.21428571428571427,"66":0.22448979591836735,"21":0.23469387755102042,"11":0.24489795918367346,"10":0.25510204081632654,"14":0.2653061224489796,"96":0.2755102040816326,"48":0.2857142857142857,"80":0.29591836734693877,"88":0.30612244897959184,"17":0.3163265306122449,"29":0.32653061224489793,"5":0.336734693877551,"33":0.3469387755102041,"50":0.35714285714285715,"6":0.3673469387755102,"45":0.37755102040816324,"22":0.3877551020408163,"32":0.3979591836734694,"41":0.40816326530612246,"55":0.41836734693877553,"56":0.42857142857142855,"62":0.4387755102040816,"65":0.4489795918367347,"60":0.45918367346938777,"63":0.46938775510204084,"49":0.47959183673469385,"78":0.4897959183673469,"94":0.5,"79":0.5102040816326531,"92":0.5204081632653061,"20":0.5306122448979592,"70":0.5408163265306123,"42":0.5510204081632653,"57":0.5612244897959183,"25":0.5714285714285714,"52":0.5816326530612245,"0":0.5918367346938775,"12":0.6020408163265306,"68":0.6122448979591837,"23":0.6224489795918368,"90":0.6326530612244898,"9":0.6428571428571429,"19":0.6530612244897959,"61":0.6632653061224489,"67":0.673469387755102,"89":0.6836734693877551,"98":0.6938775510204082,"27":0.7040816326530612,"26":0.7142857142857143,"81":0.7244897959183674,"85":0.7346938775510204,"97":0.7448979591836735,"2":0.7551020408163265,"1":0.7653061224489796,"13":0.7755102040816326,"37":0.7857142857142857,"47":0.7959183673469388,"7":0.8061224489795918,"58":0.8163265306122449,"64":0.826530612244898,"46":0.8367346938775511,"76":0.8469387755102041,"75":0.8571428571428571,"28":0.8673469387755102,"77":0.8775510204081632,"18":0.8877551020408163,"30":0.8979591836734694,"86":0.9081632653061225,"44":0.9183673469387755,"95":0.9285714285714286,"91":0.9387755102040817,"69":0.9489795918367347,"24":0.9591836734693877,"36":0.9693877551020408,"8":0.9795918367346939,"39":0.9897959183673469,"35":1.0}}