{"name":"pagerank","alpha":0.85,"weight":"value","num_of_nodes":123,"num_of_edges":235,"process_time":0.026810169219970703,"data":{"0":0.5131195075925998,"1":0.028881708627392495,"2":0.34705419536230503,"3":0.03921680666412488,"4":0.2578659661904252,"5":1.0,"6":0.5260045820252504,"7":0.014847923044876954,"8":0.4903740416000933,"9":0.25178555699120936,"10":0.5410999338963542,"11":0.5330511784582921,"12":0.05229708310990503,"13":0.28544079838540876,"14":0.2790115866652656,"15":0.14392339219530828,"16":0.024029749258075654,"17":0.051658950377830526,"18":0.2901428261157316,"19":0.29762834951020883,"20":0.028881708627392495,"21":0.34413116490383283,"22":0.2578659661904252,"23":0.3754984805223758,"24":0.7823352103359053,"25":0.3243341873019504,"26":0.045462326048182705,"27":0.03669343082005422,"28":0.5094756604288202,"29":0.33226475831806296,"30":0.12922182912302457,"31":0.03578677959775617,"32":0.015330332335220237,"33":0.03669343082005422,"34":0.3157706522325055,"35":0.0765580717269998,"36":0.04155236634327328,"37":0.09607052869226726,"38":0.13779196756363424,"39":0.788155525906988,"40":0.5063697100369086,"41":0.07040088463797162,"42":0.808856285402428,"43":0.30594804097936984,"44":0.7996809195695779,"45":0.6154771108550257,"46":0.35625068596305176,"47":0.3993173955358921,"48":0.7823919287594004,"49":0.3562688353611485,"50":0.07638399529818028,"51":0.2953490359311111,"52":0.29097332437306533,"53":0.5567956743567362,"54":0.6103827974255918,"55":0.039414745283073295,"56":0.02216951698225289,"57":0.5489180018319098,"58":0.2827828216913136,"59":0.3078002701715034,"60":0.3502324959074695,"61":0.051188938739256354,"62":0.3262399432564354,"63":0.07040088463797162,"64":0.086211423044211,"65":0.09222448199134557,"66":0.12191224133522305,"67":0.07986946874290488,"68":0.5258098669434104,"69":0.09229972749970296,"70":0.04939996416534912,"71":0.6299916807041888,"72":0.03391413825774071,"73":0.0745420821117725,"74":0.042429079661285736,"75":0.12191224133522305,"76":0.06663920382341011,"77":0.042429079661285736,"78":0.05065475563395014,"79":0.3435283090200408,"80":0.38935665702720507,"81":0.2616782977306035,"82":0.06858750160195021,"83":0.6762807737899361,"84":0.06858750160195021,"85":0.6025255270648099,"86":0.3901161756440944,"87":0.8503898420468656,"88":0.12171859444721336,"89":0.3988639806180698,"90":0.057486672229960165,"91":0.07219486364159754,"92":0.34166245812766344,"93":0.0804797279845314,"94":0.31848826532660424,"95":0.5324537208623894,"96":0.08878442837474353,"97":0.4714388476152009,"98":0.10094922611353675,"99":0.11528068714375495,"100":0.08878442837474353,"101":0.10320558325155044,"102":0.5284306771826168,"103":0.12171859444721336,"104":0.12338966062774434,"105":0.06369157096775421,"106":0.23612775423502486,"107":0.3901161756440944,"108":0.3345580138563644,"109":0.11587087643366013,"110":0.3981913264626976,"111":0.0804797279845314,"112":0.23612775423502486,"113":0.32848632677385875,"114":0.11162445808338459,"115":0.02802363191615208,"116":0.11528068714375495,"117":0.7168331280219532,"118":0.6711087792369407,"119":0.11587087643366013,"120":0.07219486364159754,"121":0.0,"122":0.6025255270648099},"ranked":{"121":0.0,"7":0.00819672131147541,"32":0.01639344262295082,"56":0.02459016393442623,"16":0.03278688524590164,"115":0.040983606557377046,"1":0.04918032786885246,"20":0.05737704918032787,"72":0.06557377049180328,"31":0.07377049180327869,"27":0.08196721311475409,"33":0.09016393442622951,"3":0.09836065573770492,"55":0.10655737704918032,"36":0.11475409836065574,"74":0.12295081967213115,"77":0.13114754098360656,"26":0.13934426229508196,"70":0.14754098360655737,"78":0.1557377049180328,"61":0.16393442622950818,"17":0.1721311475409836,"12":0.18032786885245902,"90":0.1885245901639344,"105":0.19672131147540983,"76":0.20491803278688525,"82":0.21311475409836064,"84":0.22131147540983606,"41":0.22950819672131148,"63":0.23770491803278687,"91":0.2459016393442623,"120":0.2540983606557377,"73":0.26229508196721313,"50":0.27049180327868855,"35":0.2786885245901639,"67":0.28688524590163933,"93":0.29508196721311475,"111":0.30327868852459017,"64":0.3114754098360656,"96":0.319672131147541,"100":0.32786885245901637,"65":0.3360655737704918,"69":0.3442622950819672,"37":0.3524590163934426,"98":0.36065573770491804,"101":0.36885245901639346,"114":0.3770491803278688,"99":0.38524590163934425,"116":0.39344262295081966,"109":0.4016393442622951,"119":0.4098360655737705,"88":0.4180327868852459,"103":0.4262295081967213,"66":0.4344262295081967,"75":0.4426229508196721,"104":0.45081967213114754,"30":0.45901639344262296,"38":0.4672131147540984,"15":0.47540983606557374,"106":0.48360655737704916,"112":0.4918032786885246,"9":0.5,"4":0.5081967213114754,"22":0.5163934426229508,"81":0.5245901639344263,"14":0.5327868852459017,"58":0.5409836065573771,"13":0.5491803278688525,"18":0.5573770491803278,"52":0.5655737704918032,"51":0.5737704918032787,"19":0.5819672131147541,"43":0.5901639344262295,"59":0.5983606557377049,"34":0.6065573770491803,"94":0.6147540983606558,"25":0.6229508196721312,"62":0.6311475409836066,"113":0.639344262295082,"29":0.6475409836065574,"108":0.6557377049180327,"92":0.6639344262295082,"79":0.6721311475409836,"21":0.680327868852459,"2":0.6885245901639344,"60":0.6967213114754098,"46":0.7049180327868853,"49":0.7131147540983607,"23":0.7213114754098361,"80":0.7295081967213115,"86":0.7377049180327869,"107":0.7459016393442623,"110":0.7540983606557377,"89":0.7622950819672131,"47":0.7704918032786885,"97":0.7786885245901639,"8":0.7868852459016393,"40":0.7950819672131147,"28":0.8032786885245902,"0":0.8114754098360656,"68":0.819672131147541,"6":0.8278688524590164,"102":0.8360655737704918,"95":0.8442622950819673,"11":0.8524590163934426,"10":0.860655737704918,"57":0.8688524590163934,"53":0.8770491803278688,"85":0.8852459016393442,"122":0.8934426229508197,"54":0.9016393442622951,"45":0.9098360655737705,"71":0.9180327868852459,"118":0.9262295081967213,"83":0.9344262295081968,"117":0.9426229508196722,"24":0.9508196721311475,"48":0.9590163934426229,"39":0.9672131147540983,"44":0.9754098360655737,"42":0.9836065573770492,"87":0.9918032786885246,"5":1.0}}