{"name":"fiedler","normalized":true,"weight":"value","num_of_nodes":195,"num_of_edges":607,"process_time":0.0607600212097168,"data":{"0":0.25133639937355956,"1":0.12109763775179713,"2":0.22081884729866186,"3":0.17534310508696926,"4":0.0,"5":0.17507805211885522,"6":0.1573328623269227,"7":0.194081211383962,"8":0.28671983681324603,"9":0.18582771588729108,"10":0.13727925068898464,"11":0.21653296174053432,"12":0.20639699519193608,"13":0.37991474398751834,"14":0.16848286867996753,"15":0.2526774080861166,"16":0.09065183253127061,"17":0.1398289351052603,"18":0.06978227394403472,"19":0.23519798914893122,"20":0.18582771589175204,"21":0.14727231615981146,"22":0.06856979564368554,"23":0.0880374462375145,"24":0.16501958483196713,"25":0.18261923873959876,"26":0.20859981216399412,"27":0.23317325036513073,"28":0.3494824497516877,"29":0.13444543430626496,"30":0.23317325036677305,"31":0.2526774080906347,"32":0.3014804918546817,"33":0.11737224490554876,"34":0.13444543431013103,"35":0.15494072380613536,"36":0.2054500452634737,"37":0.036814507068046814,"38":0.1249390151964654,"39":0.12997247556005392,"40":0.1280266511103504,"41":0.1746577244659634,"42":0.21416363350228868,"43":0.12905791296536892,"44":0.15494072380613502,"45":0.19986129932729987,"46":0.11700359787725628,"47":0.11829149491569933,"48":0.12871825432736012,"49":0.286719836818212,"50":0.2472808407523897,"51":0.11750421218231372,"52":0.14280215847778613,"53":0.2304578903444395,"54":0.1849938625427468,"55":0.17865888807445338,"56":0.014342573247718971,"57":0.11829149491821637,"58":0.25216950228206736,"59":0.25267740809041483,"60":0.06057858744443329,"61":0.07175309745794654,"62":0.35937169550390835,"63":0.39422188373420725,"64":0.155147174151595,"65":0.9263315955891572,"66":0.9718347688515159,"67":0.8727670185038322,"68":0.9191359788969529,"69":0.8788017386994652,"70":0.8593159976115435,"71":0.9406272456588125,"72":0.8534992730954445,"73":0.9791687545377092,"74":0.8834437684265305,"75":0.9791687545378714,"76":0.927106291014027,"77":0.9735551419107225,"78":0.8623554340587771,"79":0.8917554214700438,"80":0.8577543448317316,"81":0.8917554214713362,"82":0.9608516856460451,"83":0.8727670185038016,"84":0.8247055032849031,"85":0.8792043330539449,"86":0.9044198034708035,"87":0.9817703803279604,"88":0.9212535090535363,"89":0.8839326214540805,"90":0.924538310381598,"91":0.8783368679921307,"92":0.8692862075441798,"93":0.9115865976980955,"94":0.8312759075985702,"95":0.8727670185037377,"96":0.8577543448294549,"97":0.8836621309699044,"98":0.5196298773371126,"99":0.8577543448336371,"100":0.7711558961361797,"101":0.8860090198771698,"102":0.8835865546212185,"103":0.9356157333413968,"104":0.9213915944409788,"105":0.9655421629454741,"106":0.9279349898322846,"107":0.8878496072346286,"108":1.0,"109":0.729148537325612,"110":0.8994315703261198,"111":0.9546496590629489,"112":0.8618622717104482,"113":0.7293832019725764,"114":0.9375290918552157,"115":0.9147158680398293,"116":0.8434364635356146,"117":0.8760928649296782,"118":0.8845304109750556,"119":0.9276351487021571,"120":0.9276351487020001,"121":0.927680465735335,"122":0.9390530831066682,"123":0.8480301454807911,"124":0.3561165004708779,"125":0.9565593933214125,"126":0.28580162255794767,"127":0.8111558272043006,"128":0.8729413448184544,"129":0.8724410522811389,"130":0.19219702900140587,"131":0.08159803237129758,"132":0.10955765460375091,"133":0.20211435090702243,"134":0.2193123722186002,"135":0.22828722236682086,"136":0.32808937244901837,"137":0.17990613115448387,"138":0.0791298194207036,"139":0.2557424244501583,"140":0.22914169315269456,"141":0.334097847668757,"142":0.15428211851580242,"143":0.29558147160012427,"144":0.24594300806137043,"145":0.1261956610716876,"146":0.18169044308390608,"147":0.26579146863306113,"148":0.26624019101497376,"149":0.18909646939452582,"150":0.10959957171699322,"151":0.13348217658361183,"152":0.08512243449335331,"153":0.32808937245426467,"154":0.030158661865867856,"155":0.24241560684081087,"156":0.0792548619581061,"157":0.22462926889049983,"158":0.17655368958605627,"159":0.17473882627217174,"160":0.18169044308390822,"161":0.228682233120827,"162":0.08068176538794282,"163":0.13371003143345772,"164":0.19219702900116092,"165":0.05436443518391903,"166":0.15835464266708607,"167":0.15210960617499816,"168":0.3138413995890814,"169":0.11226020726845164,"170":0.32556691204774774,"171":0.08383259344345917,"172":0.11304690271526828,"173":0.3149002349084414,"174":0.17698508611470648,"175":0.020521059989150953,"176":0.23846268507438537,"177":0.16976943354917962,"178":0.4149671121169821,"179":0.10401418452846603,"180":0.24506074948644044,"181":0.14565749705041817,"182":0.2289689910438671,"183":0.05430158137470715,"184":0.13111238265627265,"185":0.08159803237129724,"186":0.10959957171658509,"187":0.15014322107941291,"188":0.20593787694731422,"189":0.14226692667224927,"190":0.13371003143185053,"191":0.10955765459249248,"192":0.15589196783044743,"193":0.20010484569537954,"194":0.17473882626471368},"ranked":{"4":0.0,"56":0.005154639175257732,"175":0.010309278350515464,"154":0.015463917525773196,"37":0.020618556701030927,"183":0.02577319587628866,"165":0.030927835051546393,"60":0.03608247422680412,"22":0.041237113402061855,"18":0.04639175257731959,"61":0.05154639175257732,"138":0.05670103092783505,"156":0.061855670103092786,"162":0.06701030927835051,"185":0.07216494845360824,"131":0.07731958762886598,"171":0.08247422680412371,"152":0.08762886597938144,"23":0.09278350515463918,"16":0.0979381443298969,"179":0.10309278350515463,"191":0.10824742268041238,"132":0.1134020618556701,"186":0.11855670103092783,"150":0.12371134020618557,"169":0.12886597938144329,"172":0.13402061855670103,"46":0.13917525773195877,"33":0.14432989690721648,"51":0.14948453608247422,"47":0.15463917525773196,"57":0.15979381443298968,"1":0.16494845360824742,"38":0.17010309278350516,"145":0.17525773195876287,"40":0.18041237113402062,"48":0.18556701030927836,"43":0.19072164948453607,"39":0.1958762886597938,"184":0.20103092783505155,"151":0.20618556701030927,"190":0.211340206185567,"163":0.21649484536082475,"29":0.22164948453608246,"34":0.2268041237113402,"10":0.23195876288659795,"17":0.23711340206185566,"189":0.2422680412371134,"52":0.24742268041237114,"181":0.25257731958762886,"21":0.25773195876288657,"187":0.26288659793814434,"167":0.26804123711340205,"142":0.27319587628865977,"44":0.27835051546391754,"35":0.28350515463917525,"64":0.28865979381443296,"192":0.29381443298969073,"6":0.29896907216494845,"166":0.30412371134020616,"24":0.30927835051546393,"14":0.31443298969072164,"177":0.31958762886597936,"41":0.3247422680412371,"194":0.32989690721649484,"159":0.33505154639175255,"5":0.3402061855670103,"3":0.34536082474226804,"158":0.35051546391752575,"174":0.3556701030927835,"55":0.36082474226804123,"137":0.36597938144329895,"146":0.3711340206185567,"160":0.37628865979381443,"25":0.38144329896907214,"54":0.3865979381443299,"9":0.3917525773195876,"20":0.39690721649484534,"149":0.4020618556701031,"164":0.4072164948453608,"130":0.41237113402061853,"7":0.4175257731958763,"45":0.422680412371134,"193":0.42783505154639173,"133":0.4329896907216495,"36":0.4381443298969072,"188":0.44329896907216493,"12":0.4484536082474227,"26":0.4536082474226804,"42":0.4587628865979381,"11":0.4639175257731959,"134":0.4690721649484536,"2":0.4742268041237113,"157":0.4793814432989691,"135":0.4845360824742268,"161":0.4896907216494845,"182":0.4948453608247423,"140":0.5,"53":0.5051546391752577,"27":0.5103092783505154,"30":0.5154639175257731,"19":0.520618556701031,"176":0.5257731958762887,"155":0.5309278350515464,"180":0.5360824742268041,"144":0.5412371134020618,"50":0.5463917525773195,"0":0.5515463917525774,"58":0.5567010309278351,"15":0.5618556701030928,"59":0.5670103092783505,"31":0.5721649484536082,"139":0.5773195876288659,"147":0.5824742268041238,"148":0.5876288659793815,"126":0.5927835051546392,"8":0.5979381443298969,"49":0.6030927835051546,"143":0.6082474226804123,"32":0.6134020618556701,"168":0.6185567010309279,"173":0.6237113402061856,