{"name":"fiedler","normalized":true,"weight":"value","num_of_nodes":108,"num_of_edges":340,"process_time":0.03963303565979004,"data":{"0":0.10541986417753034,"1":0.083185452258726,"2":0.14499069632277917,"3":0.10992871374773538,"4":0.08091451665038805,"5":0.11427462520934889,"6":0.09792051419600413,"7":0.10541986416450719,"8":0.07643187485641713,"9":0.06437584889793511,"10":0.10035834885679952,"11":0.0425583338147287,"12":0.09764384301562282,"13":0.06930605315223372,"14":0.0,"15":0.10290447864388691,"16":0.10163091605734674,"17":0.10290447864444457,"18":0.11356691452076773,"19":0.08435702002576148,"20":0.08435702002649148,"21":0.11048830683270328,"22":0.10132863479183257,"23":0.07975007607170091,"24":0.1199306663192553,"25":0.10117471087720598,"26":0.059176693261073235,"27":0.12055379363162104,"28":0.10823594837762467,"29":0.07746930249599233,"30":0.045936160402928645,"31":0.058069382095163324,"32":0.06821442323634351,"33":0.06808637503614381,"34":0.08435702002819823,"35":0.0908933784339117,"36":0.7281940394258422,"37":0.6569317085279809,"38":0.9955578697431692,"39":0.9997012294625909,"40":0.7257233087425629,"41":0.938111412340261,"42":0.830786205480111,"43":0.7007529250958007,"44":0.9039368319307729,"45":0.9039368319308343,"46":0.7456233152884378,"47":0.7625677073488109,"48":0.6290465305307188,"49":0.6421592648546907,"50":0.7999388703732822,"51":0.8286266485295911,"52":0.744868833735997,"53":0.6961635913157281,"54":0.7327592444496904,"55":0.8306354448709673,"56":0.9577273483708643,"57":0.7889805205656429,"58":0.8279197420688772,"59":0.8664444004213842,"60":0.9370346701182425,"61":0.6910420564782311,"62":0.8240902034546519,"63":0.7327592444584533,"64":0.9381114123401233,"65":0.9370346701184913,"66":0.8664444004183878,"67":1.0,"68":0.7757194144963148,"69":0.6519180046689065,"70":0.6835255559762076,"71":0.6296698217283269,"72":0.22656411307083194,"73":0.22884919596891046,"74":0.2651655590524381,"75":0.30474683553829285,"76":0.22241363393127853,"77":0.22737514766599615,"78":0.5003175544211628,"79":0.23811367170891268,"80":0.27557787770477554,"81":0.4236864921553683,"82":0.37862576428891465,"83":0.8219781264706244,"84":0.23935131320176284,"85":0.3408895656237999,"86":0.22213488069876952,"87":0.30740261739926056,"88":0.3418006502525785,"89":0.3132805274025733,"90":0.2872805999946306,"91":0.34088956562415973,"92":0.16707883064069012,"93":0.294975014753365,"94":0.29312469208653175,"95":0.2076906843753841,"96":0.24584612576584328,"97":0.34149909544472234,"98":0.36313103543992453,"99":0.18385498375374196,"100":0.23241184252930167,"101":0.3209781660214011,"102":0.37862576428879646,"103":0.2381136717030887,"104":0.42368649215773846,"105":0.30154528205801184,"106":0.4236864921588308,"107":0.29293782136607177},"ranked":{"14":0.0,"11":0.009345794392523364,"30":0.018691588785046728,"31":0.028037383177570093,"26":0.037383177570093455,"9":0.04672897196261682,"33":0.056074766355140186,"32":0.06542056074766354,"13":0.07476635514018691,"8":0.08411214953271028,"29":0.09345794392523364,"23":0.102803738317757,"4":0.11214953271028037,"1":0.12149532710280374,"19":0.1308411214953271,"20":0.14018691588785046,"34":0.14953271028037382,"35":0.1588785046728972,"12":0.16822429906542055,"6":0.17757009345794392,"10":0.18691588785046728,"25":0.19626168224299065,"22":0.205607476635514,"16":0.21495327102803738,"15":0.22429906542056074,"17":0.2336448598130841,"7":0.24299065420560748,"0":0.2523364485981308,"28":0.2616822429906542,"3":0.27102803738317754,"21":0.2803738317757009,"18":0.2897196261682243,"5":0.29906542056074764,"24":0.308411214953271,"27":0.3177570093457944,"2":0.32710280373831774,"92":0.3364485981308411,"99":0.34579439252336447,"95":0.35514018691588783,"86":0.3644859813084112,"76":0.37383177570093457,"72":0.38317757009345793,"77":0.3925233644859813,"73":0.40186915887850466,"100":0.411214953271028,"103":0.4205607476635514,"79":0.42990654205607476,"84":0.4392523364485981,"96":0.4485981308411215,"74":0.45794392523364486,"80":0.4672897196261682,"90":0.4766355140186916,"107":0.48598130841121495,"94":0.4953271028037383,"93":0.5046728971962616,"105":0.514018691588785,"75":0.5233644859813084,"87":0.5327102803738317,"89":0.5420560747663551,"101":0.5514018691588785,"85":0.5607476635514018,"91":0.5700934579439252,"97":0.5794392523364486,"88":0.5887850467289719,"98":0.5981308411214953,"102":0.6074766355140186,"82":0.616822429906542,"81":0.6261682242990654,"104":0.6355140186915887,"106":0.6448598130841121,"78":0.6542056074766355,"48":0.6635514018691588,"71":0.6728971962616822,"49":0.6822429906542056,"69":0.6915887850467289,"37":0.7009345794392523,"70":0.7102803738317757,"61":0.719626168224299,"53":0.7289719626168224,"43":0.7383177570093458,"40":0.7476635514018691,"36":0.7570093457943925,"54":0.7663551401869159,"63":0.7757009345794392,"52":0.7850467289719626,"46":0.794392523364486,"47":0.8037383177570093,"68":0.8130841121495327,"57":0.822429906542056,"50":0.8317757009345794,"83":0.8411214953271028,"62":0.8504672897196262,"58":0.8598130841121495,"51":0.8691588785046729,"55":0.8785046728971962,"42":0.8878504672897196,"66":0.897196261682243,"59":0.9065420560747663,"44":0.9158878504672897,"45":0.9252336448598131,"60":0.9345794392523364,"65":0.9439252336448598,"64":0.9532710280373832,"41":0.9626168224299065,"56":0.9719626168224299,"38":0.9813084112149533,"39":0.9906542056074766,"67":1.0}}