{"name":"agd","num_of_nodes":42,"num_of_edges":134,"weight":"value","process_time":0.0018711090087890625,"data":{"0":0.16923076923076924,"1":0.10769230769230771,"2":0.12307692307692311,"3":0.18461538461538463,"4":0.04615384615384619,"5":0.18461538461538463,"6":0.04615384615384619,"7":0.09230769230769231,"8":0.09230769230769231,"9":0.07692307692307691,"10":0.0,"11":0.030769230769230795,"12":0.015384615384615398,"13":0.015384615384615398,"14":0.16923076923076924,"15":0.06153846153846152,"16":0.523076923076923,"17":0.5384615384615384,"18":0.5846153846153846,"19":0.3846153846153846,"20":0.5846153846153846,"21":0.5692307692307692,"22":0.5846153846153846,"23":0.676923076923077,"24":0.5692307692307692,"25":0.7846153846153847,"26":0.7076923076923077,"27":0.6,"28":0.523076923076923,"29":1.0,"30":0.523076923076923,"31":0.33846153846153837,"32":0.4923076923076922,"33":0.47692307692307695,"34":0.7230769230769232,"35":0.4923076923076922,"36":0.4923076923076922,"37":1.0,"38":0.6923076923076923,"39":0.6923076923076923,"40":0.5076923076923077,"41":1.0},"ranked":{"10":0.0,"12":0.024390243902439025,"13":0.04878048780487805,"11":0.07317073170731707,"4":0.0975609756097561,"6":0.12195121951219512,"15":0.14634146341463414,"9":0.17073170731707318,"7":0.1951219512195122,"8":0.21951219512195122,"1":0.24390243902439024,"2":0.2682926829268293,"0":0.2926829268292683,"14":0.3170731707317073,"3":0.34146341463414637,"5":0.36585365853658536,"31":0.3902439024390244,"19":0.4146341463414634,"33":0.43902439024390244,"32":0.4634146341463415,"35":0.4878048780487805,"36":0.5121951219512195,"40":0.5365853658536586,"16":0.5609756097560976,"28":0.5853658536585366,"30":0.6097560975609756,"17":0.6341463414634146,"21":0.6585365853658537,"24":0.6829268292682927,"18":0.7073170731707317,"20":0.7317073170731707,"22":0.7560975609756098,"27":0.7804878048780488,"23":0.8048780487804879,"38":0.8292682926829268,"39":0.8536585365853658,"26":0.8780487804878049,"34":0.9024390243902439,"25":0.926829268292683,"29":0.9512195121951219,"37":0.975609756097561,"41":1.0}}