{"name":"fiedler","normalized":false,"weight":"value","num_of_nodes":195,"num_of_edges":592,"process_time":0.046266794204711914,"data":{"0":0.007995081801835845,"1":0.05572924314533061,"2":0.06874898293476606,"3":0.07274140424052881,"4":0.10821242855935287,"5":0.04871010212947496,"6":0.08949636962639884,"7":0.0230740205156614,"8":0.06967656071420564,"9":0.0009877009736621865,"10":0.0025867653183279274,"11":0.0018472972672651275,"12":0.06967656071420564,"13":0.1087255112234957,"14":0.09156849547519234,"15":0.009438760105325803,"16":0.17477561390967042,"17":0.044510495433705985,"18":0.029233029443376086,"19":0.04391775057090784,"20":0.029107368811476762,"21":0.00034880061508918105,"22":0.1256972729707404,"23":0.04558381215452196,"24":0.08162506229079025,"25":0.0006694955869645219,"26":0.0019403336986025983,"27":0.0,"28":0.1325245179833898,"29":0.04095756625410696,"30":0.1325245179833898,"31":0.07387691647127258,"32":0.03957424662904908,"33":0.0695158693091825,"34":0.05398372555221349,"35":0.1273146948052821,"36":0.17734834513970243,"37":0.0004971434810647493,"38":0.06932007307429838,"39":0.17117822408215758,"40":0.17811477090415367,"41":0.17811477090415423,"42":0.12912022347690932,"43":0.09426158952379454,"44":0.0387743051632265,"45":0.16869649001907092,"46":0.17477561390967042,"47":0.06967656071420564,"48":0.053983725552213556,"49":0.0230740205156612,"50":0.0010309681038747863,"51":0.0018472972672649937,"52":0.17477561390967042,"53":0.054037216535002215,"54":0.0711678798608705,"55":0.029107368811476762,"56":0.06967656071420564,"57":0.2292068147794597,"58":0.0025907399962892424,"59":0.18569998449424202,"60":0.14962670141508824,"61":0.12912022347690932,"62":0.029107368811476762,"63":0.00217213082676926,"64":0.007995081801835644,"65":0.581216943302412,"66":0.9911236340529194,"67":0.9932094705229055,"68":0.9788445460661493,"69":0.5885842324945663,"70":0.9710932312377838,"71":0.9612852653049584,"72":0.8760414204527928,"73":1.0,"74":0.953688528937727,"75":0.99755210492248,"76":0.6440787484365993,"77":0.9638286190436012,"78":0.5854141035462667,"79":0.5902544235566032,"80":0.6440382284702385,"81":0.5915989698379609,"82":0.9817385576105743,"83":0.8828003990403377,"84":0.9924672128111179,"85":0.9848417388664182,"86":0.9956474675788356,"87":0.8760414204527928,"88":0.9602018077213788,"89":0.9848417388664181,"90":0.8637466598450049,"91":0.8701850368519974,"92":0.9900330385620987,"93":0.9940301267379477,"94":0.9941179827038185,"95":0.8287830628394249,"96":0.9638286190436012,"97":0.8537003504938148,"98":0.9983084746213233,"99":0.9938626804035251,"100":0.5476687089821124,"101":1.0,"102":0.9827542991252168,"103":0.9660477082356002,"104":0.6511787425272809,"105":0.5860674754394619,"106":0.9989465777508689,"107":0.6015030321573678,"108":0.9454680258217371,"109":0.8828003990403377,"110":0.9936067817784308,"111":0.8229469235239011,"112":0.6616223577459932,"113":0.8929404891306,"114":0.9802476404689865,"115":0.9991489761496614,"116":0.5841308502337876,"117":0.6616223577459933,"118":0.8828003990403377,"119":0.9676325902987823,"120":0.5966403767564272,"121":0.8555636717114686,"122":0.9638286190436013,"123":0.6432670718305404,"124":0.9741642381496762,"125":0.8496668864940222,"126":0.9936067817784308,"127":0.896787376048617,"128":0.9809268823130722,"129":0.9991489761496615,"130":0.5951149804909573,"131":0.6046772382328013,"132":0.5394169470818767,"133":0.5953231781145806,"134":0.6007833854407368,"135":0.6051021920016075,"136":0.5837130166705097,"137":0.5396879638812414,"138":0.5715725375695667,"139":0.6050597670383792,"140":0.5714665209648712,"141":0.5904497608443241,"142":0.5949766580143363,"143":0.5729356697899038,"144":0.580084454302064,"145":0.6052491808049926,"146":0.5973637525979368,"147":0.58362024434108,"148":0.5993397581657223,"149":0.5965872642030283,"150":0.6049619301865798,"151":0.7241887794113849,"152":0.6052859699525323,"153":0.5847447223537007,"154":0.5953520240536386,"155":0.5958027854662669,"156":0.5645574295012817,"157":0.5958027854662669,"158":0.5842206759743755,"159":0.5866487396982585,"160":0.591650838222263,"161":0.5758330900861076,"162":0.6054253376233217,"163":0.9454680258217371,"164":0.585128924569675,"165":0.602767340303776,"166":0.5784545759828611,"167":0.5560722694300253,"168":0.6053567025528511,"169":0.5810810445447994,"170":0.6000235694176036,"171":0.6054253376233218,"172":0.5982153752902973,"173":0.601195564907248,"174":0.6051021920016075,"175":0.5612272173635121,"176":0.6038984983991154,"177":0.4898509161389194,"178":0.5418160070675516,"179":0.5758169382317891,"180":0.6014203972399473,"181":0.595425929984439,"182":0.5415157822226635,"183":0.5693573549828478,"184":0.5993397581657223,"185":0.6000235694176036,"186":0.9596481152257035,"187":0.5720446963463538,"188":0.5677369656771089,"189":0.5843054915304677,"190":0.5741942501735192,"191":0.5701775405791054,"192":0.5957979670682623,"193":0.5991267955194505,"194":0.6011704299957196},"ranked":{"27":0.0,"21":0.005154639175257732,"37":0.010309278350515464,"25":0.015463917525773196,"9":0.020618556701030927,"50":0.02577319587628866,"51":0.030927835051546393,"11":0.03608247422680412,"26":0.041237113402061855,"63":0.04639175257731959,"10":0.05154639175257732,"58":0.05670103092783505,"64":0.061855670103092786,"0":0.06701030927835051,"15":0.07216494845360824,"49":0.07731958762886598,"7":0.08247422680412371,"20":0.08762886597938144,"55":0.09278350515463918,"62":0.0979381443298969,"18":0.10309278350515463,"44":0.10824742268041238,"32":0.1134020618556701,"29":0.11855670103092783,"19":0.12371134020618557,"17":0.12886597938144329,"23":0.13402061855670103,"5":0.13917525773195877,"34":0.14432989690721648,"48":0.14948453608247422,"53":0.15463917525773196,"1":0.15979381443298968,"2":0.16494845360824742,"38":0.17010309278350516,"33":0.17525773195876287,"8":0.18041237113402062,"12":0.18556701030927836,"47":0.19072164948453607,"56":0.1958762886597938,"54":0.20103092783505155,"3":0.20618556701030927,"31":0.211340206185567,"24":0.21649484536082475,"6":0.22164948453608246,"14":0.2268041237113402,"43":0.23195876288659795,"4":0.23711340206185566,"13":0.2422680412371134,"22":0.24742268041237114,"35":0.25257731958762886,"42":0.25773195876288657,"61":0.26288659793814434,"28":0.26804123711340205,"30":0.27319587628865977,"60":0.27835051546391754,"45":0.28350515463917525,"39":0.28865979381443296,"16":0.29381443298969073,"46":0.29896907216494845,"52":0.30412371134020616,"36":0.30927835051546393,"40":0.31443298969072164,"41":0.31958762886597936,"59":0.3247422680412371,"57":0.32989690721649484,"177":0.33505154639175255,"132":0.3402061855670103,"137":0.34536082474226804,"182":0.35051546391752575,"178":0.3556701030927835,"100":0.36082474226804123,"167":0.36597938144329895,"175":0.3711340206185567,"156":0.37628865979381443,"188":0.38144329896907214,"183":0.3865979381443299,"191":0.3917525773195876,"140":0.39690721649484534,"138":0.4020618556701031,"187":0.4072164948453608,"143":0.41237113402061853,"190":0.4175257731958763,"179":0.422680412371134,"161":0.42783505154639173,"166":0.4329896907216495,"144":0.4381443298969072,"169":0.44329896907216493,"65":0.4484536082474227,"147":0.4536082474226804,"136":0.4587628865979381,"116":0.4639175257731959,"158":0.4690721649484536,"189":0.4742268041237113,"153":0.4793814432989691,"164":0.4845360824742268,"78":0.4896907216494845,"105":0.4948453608247423,"159":0.5,"69":0.5051546391752577,"79":0.5103092783505154,"141":0.5154639175257731,"81":0.520618556701031,"160":0.5257731958762887,"142":0.5309278350515464,"130":0.5360824742268041,"133":0.5412371134020618,"154":0.5463917525773195,"181":0.5515463917525774,"192":0.5567010309278351,"155":0.5618556701030928,"157":0.5670103092783505,"149":0.5721649484536082,"120":0.5773195876288659,"146":0.5824742268041238,"172":0.5876288659793815,"193":0.5927835051546392,"148":0.5979381443298969,"184":0.6030927835051546,"170":0.6082474226804123,"185":0.6134020618556701,"134":0.6185567010309279,"194":0.6237113402061856,"173":0.6288659793814433,"180":0.634020618556701,