{"name":"fiedler","normalized":true,"weight":"value","num_of_nodes":186,"num_of_edges":587,"process_time":0.04051399230957031,"data":{"0":0.12655854632089047,"1":0.0,"2":0.15001092672749583,"3":0.09267467808305122,"4":0.056808512188962705,"5":0.04081988640424749,"6":0.13096910785579952,"7":0.11154802669652071,"8":0.1344748167783434,"9":0.09676180842417653,"10":0.13610294483069424,"11":0.13630003181392283,"12":0.12653759068035525,"13":0.13884510341962641,"14":0.12569127714885492,"15":0.16611934174597925,"16":0.16302107209067968,"17":0.11312724001614749,"18":0.09267467808292186,"19":0.06724598429322809,"20":0.02004529077265776,"21":0.15419359828624538,"22":0.14145123400906512,"23":0.11541932853052421,"24":0.15020668838135864,"25":0.09248068945570267,"26":0.1397682120773172,"27":0.07239968759005574,"28":0.12653759068045003,"29":0.07396373356599896,"30":0.09450444419884431,"31":0.12020838268170171,"32":0.06970484737612526,"33":0.16611934174599596,"34":0.067149031350286,"35":0.1263036814476027,"36":0.09355989350921157,"37":0.13971033693154902,"38":0.1361029448306833,"39":0.09345664018447465,"40":0.16611934174585424,"41":0.09450444419874966,"42":0.14858752852190948,"43":0.125691277148816,"44":0.12924961230422594,"45":1.0799430264815062e-13,"46":0.10904637643585384,"47":0.1361029448305479,"48":0.1265585463210123,"49":0.10298275297660164,"50":0.09267467808273377,"51":0.0945044441986811,"52":0.10924209731169507,"53":0.11598413784122535,"54":0.1433232680297641,"55":0.06927764827451277,"56":0.1140932119140179,"57":0.15773181185360072,"58":0.1606233069143302,"59":0.14126449813774616,"60":0.06714903135030137,"61":0.11006640147834632,"62":0.09861987856635379,"63":0.07140902119620929,"64":0.011720720683297974,"65":0.5262115251697679,"66":0.05431260806746183,"67":0.138209447765692,"68":0.125006018639273,"69":0.19638987336275046,"70":0.09551955216660499,"71":0.4831078847860058,"72":0.11903140257560417,"73":0.4610912678603618,"74":0.6305168121675796,"75":0.13512673836285966,"76":0.06697527163597973,"77":0.6250748290886754,"78":0.06774765179908294,"79":0.09649672635942216,"80":0.2169443485904281,"81":0.03596304331575792,"82":0.08205985014172881,"83":0.1906384804970825,"84":0.12249093656616279,"85":0.08508093181637222,"86":0.11639194160370317,"87":0.16394072952608485,"88":0.135931758219329,"89":0.031472004339748984,"90":0.15857332886814246,"91":0.18890010973180213,"92":0.1343205958234211,"93":0.24196616354893796,"94":0.0739476014963908,"95":0.04237317341731889,"96":0.13458701778166046,"97":0.4890874962587873,"98":0.5193733992601874,"99":0.1664148833342216,"100":0.678556687857764,"101":0.1585733288681259,"102":0.5217323972440581,"103":0.6452560679379679,"104":0.08203289591576182,"105":0.1091001028304571,"106":0.5536639318939227,"107":0.10910010283062538,"108":0.158573328867915,"109":0.5126790767800825,"110":0.11378749126409111,"111":0.17364048100420104,"112":0.17964868185846677,"113":0.2169443485905605,"114":0.16956680957036235,"115":0.5126790767811786,"116":0.13217005988706643,"117":0.20302184594219946,"118":0.4890874962588923,"119":0.6686655224708861,"120":0.10638805270964032,"121":0.12665496584430377,"122":0.11278342703760377,"123":0.04371280844559668,"124":0.943218695769392,"125":0.8318050522400813,"126":0.9975103429196448,"127":0.726627107176233,"128":0.1837856675311935,"129":0.9051880276890961,"130":0.7384842469542982,"131":0.9552035529930414,"132":0.7061265535055934,"133":0.9384729273597512,"134":0.8141705257382709,"135":0.16705250775057773,"136":0.8609353122625012,"137":0.8099677816233147,"138":0.8500567706539671,"139":0.8687434302867095,"140":0.6267399098035974,"141":0.849845547806856,"142":0.6701406685618105,"143":1.0,"144":0.6273825712164834,"145":0.9518499879014446,"146":0.6957231813262894,"147":0.999999999998437,"148":0.8787369178678973,"149":0.6273825712159562,"150":0.5084776322526576,"151":0.9384729273592015,"152":0.9950499616229446,"153":0.9161900469915196,"154":0.8375919186964743,"155":0.9765726250897718,"156":0.9742851553153966,"157":0.7206164808629733,"158":0.5500042068948728,"159":0.8937373924810573,"160":0.7681057165409572,"161":0.7418199729638599,"162":0.9161900469917776,"163":0.7384842469543969,"164":0.8224963770709929,"165":0.8500567706541428,"166":0.8687434302866419,"167":0.8657993962914141,"168":0.638257053506033,"169":0.6010125804590691,"170":0.6777752887800005,"171":0.6564177235153048,"172":0.6273825712161242,"173":0.683706972558603,"174":0.8032729627718815,"175":0.8673036138523432,"176":0.9776804294836248,"177":0.1595481360392166,"178":0.9628814296973297,"179":0.22063324134124673,"180":0.6374784761338134,"181":0.6543986761951177,"182":0.5518850016517857,"183":0.948393626679885,"184":0.6486520406989323,"185":0.7384842469544048},"ranked":{"1":0.0,"45":0.005405405405405406,"64":0.010810810810810811,"20":0.016216216216216217,"89":0.021621621621621623,"81":0.02702702702702703,"5":0.032432432432432434,"95":0.03783783783783784,"123":0.043243243243243246,"66":0.04864864864864865,"4":0.05405405405405406,"76":0.05945945945945946,"34":0.06486486486486487,"60":0.07027027027027027,"19":0.07567567567567568,"78":0.08108108108108109,"55":0.08648648648648649,"32":0.0918918918918919,"63":0.0972972972972973,"27":0.10270270270270271,"94":0.10810810810810811,"29":0.11351351351351352,"104":0.11891891891891893,"82":0.12432432432432433,"85":0.12972972972972974,"25":0.13513513513513514,"50":0.14054054054054055,"18":0.14594594594594595,"3":0.15135135135135136,"39":0.15675675675675677,"36":0.16216216216216217,"51":0.16756756756756758,"41":0.17297297297297298,"30":0.1783783783783784,"70":0.1837837837837838,"79":0.1891891891891892,"9":0.1945945945945946,"62":0.2,"49":0.20540540540540542,"120":0.21081081081081082,"46":0.21621621621621623,"105":0.22162162162162163,"107":0.22702702702702704,"52":0.23243243243243245,"61":0.23783783783783785,"7":0.24324324324324326,"122":0.24864864864864866,"17":0.25405405405405407,"110":0.2594594594594595,"56":0.2648648648648649,"23":0.2702702702702703,"53":0.2756756756756757,"86":0.2810810810810811,"72":0.2864864864864865,"31":0.2918918918918919,"84":0.2972972972972973,"68":0.3027027027027027,"43":0.3081081081081081,"14":0.31351351351351353,"35":0.31891891891891894,"12":0.32432432432432434,"28":0.32972972972972975,"0":0.33513513513513515,"48":0.34054054054054056,"121":0.34594594594594597,"44":0.35135135135135137,"6":0.3567567567567568,"116":0.3621621621621622,"92":0.3675675675675676,"8":0.372972972972973,"96":0.3783783783783784,"75":0.3837837837837838,"88":0.3891891891891892,"47":0.3945945945945946,"38":0.4,"10":0.40540540540540543,"11":0.41081081081081083,"67":0.41621621621621624,"13":0.42162162162162165,"37":0.42702702702702705,"26":0.43243243243243246,"59":0.43783783783783786,"22":0.44324324324324327,"54":0.4486486486486487,"42":0.4540540540540541,"2":0.4594594594594595,"24":0.4648648648648649,"21":0.4702702702702703,"57":0.4756756756756757,"108":0.4810810810810811,"101":0.4864864864864865,"90":0.4918918918918919,"177":0.4972972972972973,"58":0.5027027027027027,"16":0.5081081081081081,"87":0.5135135135135135,"40":0.518918918918919,"15":0.5243243243243243,"33":0.5297297297297298,"99":0.5351351351351351,"135":0.5405405405405406,"114":0.5459459459459459,"111":0.5513513513513514,"112":0.5567567567567567,"128":0.5621621621621622,"91":0.5675675675675675,"83":0.572972972972973,"69":0.5783783783783784,"117":0.5837837837837838,"80":0.5891891891891892,"113":0.5945945945945946,"179":0.6,"93":0.6054054054054054,"73":0.6108108108108108,"71":0.6162162162162163,"97":0.6216216216216216,"118":0.6270270270270271,"150":0.6324324324324324,"109":0.6378378378378379,"115":0.6432432432432432,"98":0.6486486486486487,"102":0.654054054054054,"65":0.6594594594594595,"158":0.6648648648648648,"182":0.6702702702702703,"106":0.6756756756756757,"169":0.6810810810810811,"77":0.6864864864864865,"140":0.6918918918918919,"149":0.6972972972972973,"172":0.7027027027027027,"144":0.7081081081081081,"74":0.7135135135135136,"180":0.7189189189189189,"168":0.7243243243243244,