{"name":"density","eps":0.5,"weight":"value","num_of_nodes":132,"num_of_edges":262,"process_time":0.01304006576538086,"data":{"0":0.0014837533052490025,"1":0.0014837533052676603,"2":0.0029672371937831043,"3":0.40197808927826456,"4":0.40148365451911355,"5":0.40296722821328146,"6":0.20049449762300428,"7":0.000989116483561818,"8":0.20247277549298215,"9":0.0029672820965627018,"10":0.4024726811971721,"11":0.001978300321376992,"12":0.2000000404124728,"13":0.20296723270351363,"14":0.0019783227727201464,"15":6.735416006746158e-08,"16":0.002967259645238205,"17":0.0034618291127093493,"18":0.2019782509283279,"19":0.001483573694093297,"20":0.4014836096162966,"21":0.0024727799832702834,"22":0.0019782554185787367,"23":0.40197820153526015,"24":0.0019782778699592067,"25":6.735416006746158e-08,"26":0.3999999461166628,"27":0.2009890895419492,"28":0.2009890670905314,"29":0.40197815663246195,"30":0.002967259645238205,"31":0.20247282039572442,"32":0.0009890715807635627,"33":0.0019780982588408166,"34":0.4004945155841339,"35":0.2014835916552416,"36":0.0014837533052490025,"37":0.0024727350804533703,"38":6.735416006746158e-08,"39":0.0019782778699778646,"40":1.0,"41":0.0019781656129822262,"42":0.001978165613000884,"43":0.39950542155191526,"44":0.2014836590094763,"45":0.5999999865291356,"46":0.5995054395130636,"47":0.0024728248859379343,"48":0.0014835961455110824,"49":0.40148360961633395,"50":0.6014835826746466,"51":0.0009891838377218854,"52":0.20148359165529758,"53":0.002967169839623037,"54":0.002472690177767061,"55":0.20000006286389058,"56":0.4000000134708042,"57":0.7995054125714509,"58":0.40148360961633395,"59":0.20098904463915093,"60":0.20049460987998127,"61":0.39950548890614995,"62":0.4014836096163526,"63":0.0024727350804533703,"64":0.001978322772701489,"65":0.39950548890614995,"66":0.2024726632360425,"67":0.2009890895419492,"68":0.20148359165526025,"69":0.20049456497723897,"70":0.0014836410483093376,"71":0.0024727350804720277,"72":0.20197811621997047,"73":0.40098908505166103,"74":0.0009892062891396708,"75":0.0009891389349796034,"76":0.20098904463915093,"77":0.201483659009383,"78":0.0009890940322186635,"79":0.0029673045479058566,"80":0.40148360961637125,"81":0.4009890626002246,"82":0.20346173481688068,"83":0.7995054574741932,"84":0.20148365900940166,"85":0.20197818357407454,"86":0.0004945470161466472,"87":0.0024727350805653163,"88":0.20049456497723897,"89":0.2014836365580212,"90":0.40000008082500155,"91":0.0024727575319271286,"92":0.0,"93":0.20197818357411187,"94":0.002472622823513705,"95":0.2019781611227314,"96":0.0009890715808755092,"97":0.4014836096164272,"98":0.20049456497723897,"99":0.0019782329671609515,"100":0.3995055113574931,"101":0.0014835961454737667,"102":0.201483659009439,"103":0.20049458742858214,"104":0.40098899524608317,"105":0.0,"106":0.19950549339640078,"107":0.6000000538833143,"108":0.599010892496917,"109":0.001978210515743166,"110":0.20148372636356174,"111":0.2014836365581145,"112":0.20098911199329234,"113":0.20000004041252878,"114":0.4009891748572016,"115":0.0009891389350169188,"116":0.40049458293831264,"117":0.5999999191749942,"118":0.2009891568960906,"119":0.0024726677263119602,"120":0.0004945694675084594,"121":0.20148363655798388,"122":0.40000008082500155,"123":0.002472735080546659,"124":0.0004945694675084594,"125":0.001978165613000884,"126":0.0014835961454737667,"127":0.40098906260033657,"128":0.20098911199334832,"129":0.2014835467524247,"130":0.19950549339640078,"131":0.40049447068133565},"ranked":{"92":0.0,"105":0.007633587786259542,"15":0.015267175572519083,"25":0.022900763358778626,"38":0.030534351145038167,"86":0.03816793893129771,"120":0.04580152671755725,"124":0.05343511450381679,"32":0.061068702290076333,"96":0.06870229007633588,"78":0.07633587786259542,"7":0.08396946564885496,"75":0.0916030534351145,"115":0.09923664122137404,"51":0.10687022900763359,"74":0.11450381679389313,"19":0.12213740458015267,"101":0.1297709923664122,"126":0.13740458015267176,"48":0.1450381679389313,"70":0.15267175572519084,"0":0.16030534351145037,"36":0.16793893129770993,"1":0.17557251908396945,"33":0.183206106870229,"41":0.19083969465648856,"42":0.1984732824427481,"125":0.20610687022900764,"109":0.21374045801526717,"99":0.22137404580152673,"22":0.22900763358778625,"24":0.2366412213740458,"39":0.24427480916030533,"11":0.25190839694656486,"64":0.2595419847328244,"14":0.26717557251908397,"94":0.2748091603053435,"119":0.2824427480916031,"54":0.2900763358778626,"37":0.29770992366412213,"63":0.3053435114503817,"71":0.31297709923664124,"123":0.32061068702290074,"87":0.3282442748091603,"91":0.33587786259541985,"21":0.3435114503816794,"47":0.3511450381679389,"53":0.35877862595419846,"2":0.366412213740458,"16":0.37404580152671757,"30":0.3816793893129771,"9":0.3893129770992366,"79":0.3969465648854962,"17":0.40458015267175573,"106":0.4122137404580153,"130":0.4198473282442748,"12":0.42748091603053434,"113":0.4351145038167939,"55":0.44274809160305345,"6":0.45038167938931295,"69":0.4580152671755725,"88":0.46564885496183206,"98":0.4732824427480916,"103":0.48091603053435117,"60":0.48854961832061067,"59":0.4961832061068702,"76":0.5038167938931297,"28":0.5114503816793893,"27":0.5190839694656488,"67":0.5267175572519084,"112":0.5343511450381679,"128":0.5419847328244275,"118":0.549618320610687,"129":0.5572519083969466,"35":0.5648854961832062,"68":0.5725190839694656,"52":0.5801526717557252,"121":0.5877862595419847,"89":0.5954198473282443,"111":0.6030534351145038,"77":0.6106870229007634,"84":0.6183206106870229,"102":0.6259541984732825,"44":0.6335877862595419,"110":0.6412213740458015,"72":0.648854961832061,"95":0.6564885496183206,"85":0.6641221374045801,"93":0.6717557251908397,"18":0.6793893129770993,"66":0.6870229007633588,"8":0.6946564885496184,"31":0.7022900763358778,"13":0.7099236641221374,"82":0.7175572519083969,"43":0.7251908396946565,"61":0.732824427480916,"65":0.7404580152671756,"100":0.7480916030534351,"26":0.7557251908396947,"56":0.7633587786259542,"90":0.7709923664122137,"122":0.7786259541984732,"131":0.7862595419847328,"34":0.7938931297709924,"116":0.8015267175572519,"104":0.8091603053435115,"81":0.816793893129771,"127":0.8244274809160306,"73":0.8320610687022901,"114":0.8396946564885496,"20":0.8473282442748091,"49":0.8549618320610687,"58":0.8625954198473282,"62":0.8702290076335878,"80":0.8778625954198473,"97":0.8854961832061069,"4":0.8931297709923665,"3":0.9007633587786259,"29":0.9083969465648855,"23":0.916030534351145,"10":0.9236641221374046,"5":0.9312977099236641,"108":0.9389312977099237,"46":0.9465648854961832,"117":0.9541984732824428,"45":0.9618320610687023,"107":0.9694656488549618,"50":0.9770992366412213,"57":0.9847328244274809,"83":0.9923664122137404,"40":1.0}}