{"name":"pagerank","alpha":0.85,"weight":"value","num_of_nodes":123,"num_of_edges":385,"process_time":0.03237581253051758,"data":{"0":0.4134839965554237,"1":0.20269402047631024,"2":0.10524829553412897,"3":0.2181095106691215,"4":0.6811659602536165,"5":0.5083708413299238,"6":0.17486122916462377,"7":0.23304691230586994,"8":0.507401334103004,"9":0.5118977387863138,"10":0.2181095106691215,"11":0.2744140054732206,"12":0.21666641631975722,"13":0.783681035098969,"14":0.2181095106691215,"15":0.36332300610979235,"16":0.10821163052625242,"17":0.16109691659203584,"18":0.505949221805056,"19":0.24430634173917604,"20":0.4814161948405661,"21":0.06313233184465152,"22":0.30535187170617306,"23":0.08524313798627874,"24":0.10941054098133732,"25":0.06217877672674461,"26":0.10643068983842957,"27":0.11196049547272235,"28":0.11196049547272235,"29":0.44345398528321933,"30":0.2379531156132573,"31":0.10111103366273316,"32":0.5927858464465069,"33":0.15535754419944978,"34":0.22532821535409356,"35":0.883007768191712,"36":0.4078049232546198,"37":0.33874685816503725,"38":0.18330531017805607,"39":0.04978686065445155,"40":0.035215722010235026,"41":0.4331301135886346,"42":0.117545200380017,"43":0.43719219192821496,"44":0.0,"45":0.4307739050973257,"46":0.28050922891993657,"47":0.03961555874091911,"48":0.028984924336598293,"49":1.0,"50":0.05318556121410407,"51":0.2106480600934902,"52":0.2660125070531782,"53":0.3989850678707093,"54":0.2382583280513897,"55":0.23327022025033067,"56":0.4212517476513002,"57":0.05108582527936877,"58":0.11122335587817501,"59":0.23272402429098563,"60":0.42537975838598974,"61":0.07187302416637616,"62":0.06594716874258096,"63":0.6111241100299919,"64":0.292211744036737,"65":0.2902325734472461,"66":0.3920834205062067,"67":0.2369191885837946,"68":0.06161320520475951,"69":0.2468774572965789,"70":0.10352532718562169,"71":0.30353382599557255,"72":0.4127454359793652,"73":0.05153933499222888,"74":0.31347613324283113,"75":0.2660125070531782,"76":0.4033859575424477,"77":0.7685184209338977,"78":0.06396593023683836,"79":0.26438147497896436,"80":0.4313772981670433,"81":0.21383340452236713,"82":0.4025126458784449,"83":0.23292133840042678,"84":0.32186870906823756,"85":0.4966378589250729,"86":0.02358561220665958,"87":0.33638589849404904,"88":0.23165096989801895,"89":0.24916464149343476,"90":0.5602927508857244,"91":0.19864763811930844,"92":0.327928967857638,"93":0.222374544152845,"94":0.43616305907373115,"95":0.24778358865191483,"96":0.21662253142350266,"97":0.2225515558447589,"98":0.14978664096420458,"99":0.327928967857638,"100":0.02358561220665958,"101":0.23292133840042678,"102":0.04158230183252628,"103":0.5998759438334154,"104":0.42481259719838416,"105":0.041745117182657214,"106":0.5602927508857244,"107":0.23292133840042678,"108":0.059211812267966624,"109":0.7111055946165664,"110":0.19864763811930844,"111":0.052617894744096,"112":0.041745117182657214,"113":0.36799106898559997,"114":0.2213991798665962,"115":0.07112460404467826,"116":0.2604747060151781,"117":0.047833521895750665,"118":0.6207563632421984,"119":0.3424380636902329,"120":0.056795839858083196,"121":0.7667239204994798,"122":0.041745117182657214},"ranked":{"44":0.0,"86":0.00819672131147541,"100":0.01639344262295082,"48":0.02459016393442623,"40":0.03278688524590164,"47":0.040983606557377046,"102":0.04918032786885246,"105":0.05737704918032787,"112":0.06557377049180328,"122":0.07377049180327869,"117":0.08196721311475409,"39":0.09016393442622951,"57":0.09836065573770492,"73":0.10655737704918032,"111":0.11475409836065574,"50":0.12295081967213115,"120":0.13114754098360656,"108":0.13934426229508196,"68":0.14754098360655737,"25":0.1557377049180328,"21":0.16393442622950818,"78":0.1721311475409836,"62":0.18032786885245902,"115":0.1885245901639344,"61":0.19672131147540983,"23":0.20491803278688525,"31":0.21311475409836064,"70":0.22131147540983606,"2":0.22950819672131148,"26":0.23770491803278687,"16":0.2459016393442623,"24":0.2540983606557377,"58":0.26229508196721313,"27":0.27049180327868855,"28":0.2786885245901639,"42":0.28688524590163933,"98":0.29508196721311475,"33":0.30327868852459017,"17":0.3114754098360656,"6":0.319672131147541,"38":0.32786885245901637,"91":0.3360655737704918,"110":0.3442622950819672,"1":0.3524590163934426,"51":0.36065573770491804,"81":0.36885245901639346,"96":0.3770491803278688,"12":0.38524590163934425,"3":0.39344262295081966,"10":0.4016393442622951,"14":0.4098360655737705,"114":0.4180327868852459,"93":0.4262295081967213,"97":0.4344262295081967,"34":0.4426229508196721,"88":0.45081967213114754,"59":0.45901639344262296,"83":0.4672131147540984,"101":0.47540983606557374,"107":0.48360655737704916,"7":0.4918032786885246,"55":0.5,"67":0.5081967213114754,"30":0.5163934426229508,"54":0.5245901639344263,"19":0.5327868852459017,"69":0.5409836065573771,"95":0.5491803278688525,"89":0.5573770491803278,"116":0.5655737704918032,"79":0.5737704918032787,"52":0.5819672131147541,"75":0.5901639344262295,"11":0.5983606557377049,"46":0.6065573770491803,"65":0.6147540983606558,"64":0.6229508196721312,"71":0.6311475409836066,"22":0.639344262295082,"74":0.6475409836065574,"84":0.6557377049180327,"92":0.6639344262295082,"99":0.6721311475409836,"87":0.680327868852459,"37":0.6885245901639344,"119":0.6967213114754098,"15":0.7049180327868853,"113":0.7131147540983607,"66":0.7213114754098361,"53":0.7295081967213115,"82":0.7377049180327869,"76":0.7459016393442623,"36":0.7540983606557377,"72":0.7622950819672131,"0":0.7704918032786885,"56":0.7786885245901639,"104":0.7868852459016393,"60":0.7950819672131147,"45":0.8032786885245902,"80":0.8114754098360656,"41":0.819672131147541,"94":0.8278688524590164,"43":0.8360655737704918,"29":0.8442622950819673,"20":0.8524590163934426,"85":0.860655737704918,"18":0.8688524590163934,"8":0.8770491803278688,"5":0.8852459016393442,"9":0.8934426229508197,"90":0.9016393442622951,"106":0.9098360655737705,"32":0.9180327868852459,"103":0.9262295081967213,"63":0.9344262295081968,"118":0.9426229508196722,"4":0.9508196721311475,"109":0.9590163934426229,"121":0.9672131147540983,"77":0.9754098360655737,"13":0.9836065573770492,"35":0.9918032786885246,"49":1.0}}