{"name":"density","eps":0.5,"weight":"value","num_of_nodes":99,"num_of_edges":307,"process_time":0.028812885284423828,"data":{"0":0.0024738465346423977,"1":0.20455198993628734,"2":0.601286490048099,"3":0.20158330670710306,"4":0.4031665909519944,"5":0.203067726940407,"6":0.2035624063974506,"7":0.40267191149493214,"8":0.6017813267424922,"9":0.4021770748006329,"10":0.2050467592431673,"11":0.598812576125829,"12":0.001979212002619616,"13":0.2035623614724298,"14":0.2045520123987791,"15":0.20108844755023747,"16":0.20158344148210958,"17":0.20207821078908286,"18":0.20207816586411803,"19":0.40168232795618874,"20":0.2025728453210123,"21":0.20158344148210958,"22":0.4006926321046879,"23":0.0004947243818964459,"24":0.40267191149493214,"25":0.20405715324182014,"26":0.40267186657004195,"27":0.598812576125829,"28":0.002968750616678178,"29":0.0019791446151257,"30":0.6017812368925998,"31":0.0004947243818964459,"32":0.802374982523319,"33":0.7999010461386709,"34":0.0024738465346983984,"35":0.0024738016096402314,"36":0.6002968391216337,"37":0.0024738465346983984,"38":0.003958244305473237,"39":0.0024738914596258974,"40":0.20158328424464866,"41":0.0019790547651773677,"42":0.6012863103481244,"43":0.5998021147397199,"44":0.0019790547651773677,"45":0.0004947693068052776,"46":0.19960418455433845,"47":0.4021768951005869,"48":0.20356256363487418,"49":0.0024738914596258974,"50":0.8003957480581116,"51":0.0019790547651773677,"52":0.4011875137242133,"53":0.400197862797752,"54":0.20207800862656378,"55":0.4006926321046879,"56":0.4011874687990991,"57":0.20356245132247144,"58":0.0029687506166408443,"59":0.2020782107891202,"60":0.0024738914596258974,"61":0.0024738465346983984,"62":0.0034634749985186235,"63":0.001979032302685618,"64":0.002968593379030593,"65":0.4016822605685268,"66":0.0009896509262933076,"67":0.203067547240473,"68":0.7999011135260332,"69":1.0,"70":0.2025728902459958,"71":0.0,"72":0.19960418455446913,"73":0.0024738689970968137,"74":0.0014843528457913384,"75":0.40217698495042326,"76":0.002968615841597011,"77":0.0009896509262933076,"78":0.19960418455446913,"79":0.4016822605684895,"80":0.20158328424462998,"81":0.40168219318112625,"82":0.400197952647831,"83":0.003463430073441789,"84":0.003463564848504289,"85":0.0009896509262933076,"86":0.0034634300735911245,"87":0.20306752477796258,"88":0.003958109530466737,"89":0.0024738689971528145,"90":0.7999011135260332,"91":0.00197912215263395,"92":0.20108851493775004,"93":0.002473913922061646,"94":0.6022758714244694,"95":0.003958109530485404,"96":0.400197952647831,"97":0.4031664561769319,"98":0.4026717542574712},"ranked":{"71":0.0,"23":0.01020408163265306,"31":0.02040816326530612,"45":0.030612244897959183,"66":0.04081632653061224,"77":0.05102040816326531,"85":0.061224489795918366,"74":0.07142857142857142,"63":0.08163265306122448,"41":0.09183673469387756,"44":0.10204081632653061,"51":0.11224489795918367,"91":0.12244897959183673,"29":0.1326530612244898,"12":0.14285714285714285,"35":0.15306122448979592,"0":0.16326530612244897,"34":0.17346938775510204,"37":0.1836734693877551,"61":0.19387755102040816,"73":0.20408163265306123,"89":0.21428571428571427,"39":0.22448979591836735,"49":0.23469387755102042,"60":0.24489795918367346,"93":0.25510204081632654,"64":0.2653061224489796,"76":0.2755102040816326,"58":0.2857142857142857,"28":0.29591836734693877,"83":0.30612244897959184,"86":0.3163265306122449,"62":0.32653061224489793,"84":0.336734693877551,"88":0.3469387755102041,"95":0.35714285714285715,"38":0.3673469387755102,"46":0.37755102040816324,"72":0.3877551020408163,"78":0.3979591836734694,"15":0.40816326530612246,"92":0.41836734693877553,"80":0.42857142857142855,"40":0.4387755102040816,"3":0.4489795918367347,"16":0.45918367346938777,"21":0.46938775510204084,"54":0.47959183673469385,"18":0.4897959183673469,"17":0.5,"59":0.5102040816326531,"20":0.5204081632653061,"70":0.5306122448979592,"87":0.5408163265306123,"67":0.5510204081632653,"5":0.5612244897959183,"13":0.5714285714285714,"6":0.5816326530612245,"57":0.5918367346938775,"48":0.6020408163265306,"25":0.6122448979591837,"1":0.6224489795918368,"14":0.6326530612244898,"10":0.6428571428571429,"53":0.6530612244897959,"82":0.6632653061224489,"96":0.673469387755102,"22":0.6836734693877551,"55":0.6938775510204082,"56":0.7040816326530612,"52":0.7142857142857143,"81":0.7244897959183674,"79":0.7346938775510204,"65":0.7448979591836735,"19":0.7551020408163265,"47":0.7653061224489796,"75":0.7755102040816326,"9":0.7857142857142857,"98":0.7959183673469388,"26":0.8061224489795918,"7":0.8163265306122449,"24":0.826530612244898,"97":0.8367346938775511,"4":0.8469387755102041,"11":0.8571428571428571,"27":0.8673469387755102,"43":0.8775510204081632,"36":0.8877551020408163,"42":0.8979591836734694,"2":0.9081632653061225,"30":0.9183673469387755,"8":0.9285714285714286,"94":0.9387755102040817,"33":0.9489795918367347,"68":0.9591836734693877,"90":0.9693877551020408,"50":0.9795918367346939,"32":0.9897959183673469,"69":1.0}}