{"name":"fiedler","normalized":false,"weight":"value","num_of_nodes":195,"num_of_edges":609,"process_time":0.04911303520202637,"data":{"0":6.840245888679865e-05,"1":0.04368777141874187,"2":0.10848457789396039,"3":0.10534526708812948,"4":0.056894358451483475,"5":0.005850859657825457,"6":0.07699649676552703,"7":0.045349581161425144,"8":0.0016859855493579399,"9":0.09710842886047322,"10":6.840245888694874e-05,"11":0.0016859855493580901,"12":0.10065922181397598,"13":0.08047448345635719,"14":0.10218725025801496,"15":0.10732907913108441,"16":0.04368777141874187,"17":0.00047801796455857615,"18":0.044760416692879876,"19":0.01687629612212713,"20":0.05904156840380988,"21":0.12925078037498355,"22":0.10848457789396047,"23":0.028984463767672306,"24":0.11133756605821059,"25":0.017608314730613753,"26":0.01466832095497616,"27":0.1047354999596115,"28":0.021264286734073993,"29":0.10248407222420386,"30":0.11885176151023183,"31":0.04907977047586155,"32":0.008825291759401187,"33":0.01687629612212713,"34":0.04368777141874187,"35":0.11992585535113057,"36":0.060975768918303086,"37":0.08047448345635719,"38":0.0,"39":0.07120350562147877,"40":0.029536579338410564,"41":0.05430941923760478,"42":0.015197601616140397,"43":0.08949795135068031,"44":0.01466832095497616,"45":0.06241199098240734,"46":0.012492738065658291,"47":0.12925078037498347,"48":0.0034663554585293013,"49":0.1389224672036622,"50":0.11390798934611322,"51":0.07368731571236838,"52":0.016876296122127057,"53":0.08403582223947081,"54":0.04368777141874187,"55":0.1367288793974063,"56":0.11719258413481944,"57":0.0575466841567905,"58":0.05836238647164315,"59":0.12290334921421339,"60":0.05550310834655444,"61":0.05546886492912474,"62":0.05546886492912474,"63":0.10952651251509861,"64":0.056329668140818114,"65":0.8648495765880998,"66":0.7578462916488904,"67":0.8648495765880998,"68":0.8359277440071372,"69":0.7740354042088319,"70":0.7686672865377502,"71":0.904980191792454,"72":0.9022544228603889,"73":0.895032567457812,"74":0.7803542848990199,"75":0.7202171960985867,"76":0.7384842795394633,"77":0.8800505068045423,"78":0.7493847696301567,"79":0.7517884342458158,"80":0.9057395651745331,"81":0.7374206176332919,"82":0.8733884885200867,"83":0.7745255220854564,"84":0.8706012596886255,"85":0.86070062971937,"86":0.816320986501445,"87":0.903310997750786,"88":0.7468905525972184,"89":0.8710904198583305,"90":0.8515253840205979,"91":0.8414025967485675,"92":0.8706012596886255,"93":0.86321314414315,"94":0.8394565697883045,"95":0.900505553309565,"96":0.8855581328313754,"97":0.9055403397611408,"98":0.9041480897765386,"99":0.7184107530502117,"100":0.7485480196080172,"101":0.90614511621123,"102":0.8394565697883045,"103":0.8369956101841369,"104":0.8715152383898778,"105":0.8309288839181378,"106":0.7437416789894714,"107":0.7184107530502117,"108":0.7611272390671666,"109":0.808535652309751,"110":0.8404967971488744,"111":0.8403844070858699,"112":0.8479814073445308,"113":0.7985858660575983,"114":0.8444581956717317,"115":0.8749088226139019,"116":0.8686407965739783,"117":0.820353627087621,"118":0.868948503185349,"119":0.8739206974915562,"120":0.8350341682165255,"121":0.8473895920218019,"122":0.7907296339381564,"123":0.8684547616091475,"124":0.7377518488409498,"125":0.90614511621123,"126":0.8709239138749016,"127":0.8676468239148549,"128":0.874186171169884,"129":0.9047072960468789,"130":0.8510658240784624,"131":0.9948808625473203,"132":0.8977702742169306,"133":0.889446257226703,"134":0.7745688707124725,"135":0.8330845494815761,"136":0.778313379965621,"137":0.9997282663982876,"138":0.9427139010783289,"139":0.9145071565195603,"140":0.9725322950114439,"141":0.9607084673002397,"142":0.9892715433060558,"143":1.0,"144":0.9961984890411575,"145":0.8555164340095398,"146":0.9169193896318418,"147":0.9935678336143151,"148":0.9745067782468314,"149":0.9831335089967806,"150":0.23515709426176257,"151":0.9811717963164119,"152":0.7952831523733542,"153":0.9978790177937216,"154":0.8199635596114248,"155":0.7946302730346197,"156":0.880278722937679,"157":0.9961984890411574,"158":0.8960175711856522,"159":0.9776287935939084,"160":0.9961984890411574,"161":0.8087543783859859,"162":0.9981010400030706,"163":0.811342960322015,"164":0.8744510031119336,"165":1.0,"166":0.9030035603396726,"167":0.8055691644621137,"168":0.8694428317169388,"169":0.8977702742169306,"170":0.9067919126947822,"171":0.9470213750844355,"172":0.9037807904480908,"173":0.8977702742169306,"174":0.8089811210781092,"175":0.780594704485009,"176":0.9536556055528932,"177":0.9067919126947822,"178":0.9453518887189323,"179":0.9966041100165384,"180":0.9022554959586081,"181":0.8426361020041612,"182":0.9991130566849367,"183":0.889446257226703,"184":0.6458599086699298,"185":0.9422733785579124,"186":0.8885456684751736,"187":0.9967795478469236,"188":0.7439076999265509,"189":0.8109412457497042,"190":0.8744510031119336,"191":0.9470213750844355,"192":0.9982244491408383,"193":0.9982244491408383,"194":0.8275818959664287},"ranked":{"38":0.0,"0":0.005154639175257732,"10":0.010309278350515464,"17":0.015463917525773196,"8":0.020618556701030927,"11":0.02577319587628866,"48":0.030927835051546393,"5":0.03608247422680412,"32":0.041237113402061855,"46":0.04639175257731959,"26":0.05154639175257732,"44":0.05670103092783505,"42":0.061855670103092786,"52":0.06701030927835051,"19":0.07216494845360824,"33":0.07731958762886598,"25":0.08247422680412371,"28":0.08762886597938144,"23":0.09278350515463918,"40":0.0979381443298969,"1":0.10309278350515463,"16":0.10824742268041238,"34":0.1134020618556701,"54":0.11855670103092783,"18":0.12371134020618557,"7":0.12886597938144329,"31":0.13402061855670103,"41":0.13917525773195877,"61":0.14432989690721648,"62":0.14948453608247422,"60":0.15463917525773196,"64":0.15979381443298968,"4":0.16494845360824742,"57":0.17010309278350516,"58":0.17525773195876287,"20":0.18041237113402062,"36":0.18556701030927836,"45":0.19072164948453607,"39":0.1958762886597938,"51":0.20103092783505155,"6":0.20618556701030927,"13":0.211340206185567,"37":0.21649484536082475,"53":0.22164948453608246,"43":0.2268041237113402,"9":0.23195876288659795,"12":0.23711340206185566,"14":0.2422680412371134,"29":0.24742268041237114,"27":0.25257731958762886,"3":0.25773195876288657,"15":0.26288659793814434,"2":0.26804123711340205,"22":0.27319587628865977,"63":0.27835051546391754,"24":0.28350515463917525,"50":0.28865979381443296,"56":0.29381443298969073,"30":0.29896907216494845,"35":0.30412371134020616,"59":0.30927835051546393,"47":0.31443298969072164,"21":0.31958762886597936,"55":0.3247422680412371,"49":0.32989690721649484,"150":0.33505154639175255,"184":0.3402061855670103,"99":0.34536082474226804,"107":0.35051546391752575,"75":0.3556701030927835,"81":0.36082474226804123,"124":0.36597938144329895,"76":0.3711340206185567,"106":0.37628865979381443,"188":0.38144329896907214,"88":0.3865979381443299,"100":0.3917525773195876,"78":0.39690721649484534,"79":0.4020618556701031,"66":0.4072164948453608,"108":0.41237113402061853,"70":0.4175257731958763,"69":0.422680412371134,"83":0.42783505154639173,"134":0.4329896907216495,"136":0.4381443298969072,"74":0.44329896907216493,"175":0.4484536082474227,"122":0.4536082474226804,"155":0.4587628865979381,"152":0.4639175257731959,"113":0.4690721649484536,"167":0.4742268041237113,"109":0.4793814432989691,"161":0.4845360824742268,"174":0.4896907216494845,"189":0.4948453608247423,"163":0.5,"86":0.5051546391752577,"154":0.5103092783505154,"117":0.5154639175257731,"194":0.520618556701031,"105":0.5257731958762887,"135":0.5309278350515464,"120":0.5360824742268041,"68":0.5412371134020618,"103":0.5463917525773195,"94":0.5515463917525774,"102":0.5567010309278351,"111":0.5618556701030928,"110":0.5670103092783505,"91":0.5721649484536082,"181":0.5773195876288659,"114":0.5824742268041238,"121":0.5876288659793815,"112":0.5927835051546392,"130":0.5979381443298969,"90":0.6030927835051546,"145":0.6082474226804123,"85":0.6134020618556701,"93":0.6185567010309279,"65":0.6237113402061856,"67":0.6288659793814433,"127":0.634020618556701,