{"name":"fiedler","normalized":true,"weight":"value","num_of_nodes":111,"num_of_edges":341,"process_time":0.030842065811157227,"data":{"0":0.1664827841859518,"1":0.09066563249101618,"2":0.1025073223046791,"3":0.19027681206745795,"4":0.08189924608905041,"5":0.0811064929825736,"6":0.02853797826894845,"7":0.015772070436948876,"8":0.09326733908553822,"9":0.05515869602038073,"10":0.06127636556221053,"11":0.10250732230574122,"12":0.06620727833864651,"13":0.15444301069574243,"14":0.03462116480769538,"15":0.07697668576886568,"16":0.16648278419020382,"17":0.1639443185028496,"18":0.06641764268723917,"19":0.1830747705593256,"20":0.016559606775988795,"21":0.07054558171402256,"22":0.08357584896185496,"23":0.05414258711385443,"24":0.058349108697175904,"25":0.03984957624571561,"26":0.0,"27":0.10891564867531614,"28":0.09432550625604973,"29":0.055973613122454566,"30":0.04287807635115943,"31":0.12019509241918314,"32":0.06836408477556463,"33":0.06575652261050846,"34":0.05866576380806302,"35":0.16394431850240807,"36":0.17986712804719518,"37":0.7335896482666219,"38":0.6184323525147569,"39":0.7833227358141613,"40":0.7772809961426534,"41":0.8376887265195665,"42":0.3479817441975819,"43":0.5009488500566512,"44":0.22140472047244802,"45":0.5802869308073815,"46":0.7915340320467121,"47":0.7784903334238548,"48":0.8366870402430827,"49":0.9735711200151863,"50":0.3990225445030349,"51":0.7335896482675102,"52":0.6927653735100906,"53":0.8046953061747076,"54":0.3686100600568774,"55":0.5730379637092128,"56":0.34868167072153583,"57":1.0,"58":0.8390845730782153,"59":0.9172333142495619,"60":0.2837193776488891,"61":0.2187745866000472,"62":0.6027354648396293,"63":0.560571800999488,"64":0.32919726303199176,"65":0.7846713907669949,"66":0.32427728506366144,"67":0.5783304405132963,"68":0.306510770845164,"69":0.4672660751110752,"70":0.7913810292259458,"71":0.3383593741140304,"72":0.9246423011433998,"73":0.31314872642116753,"74":0.05715630741533974,"75":0.13666491303056577,"76":0.06733627561146517,"77":0.08963099592852612,"78":0.08918438777981312,"79":0.14128798477245588,"80":0.04295067412896826,"81":0.2501317611775109,"82":0.1288032672966328,"83":0.09943075044143419,"84":0.3017690703380468,"85":0.32282440364302856,"86":0.07656468583298838,"87":0.16540288397825126,"88":0.08918438777632819,"89":0.14150755942722473,"90":0.08694299891492428,"91":0.18416676713365876,"92":0.3017690703416598,"93":0.17275151940349878,"94":0.09324469323222419,"95":0.08135867614560752,"96":0.028025497888791488,"97":0.05759618039811451,"98":0.10020889160805244,"99":0.16296183854483567,"100":0.094136127066434,"101":0.11683121280665262,"102":0.09539321888611982,"103":0.0468535682432273,"104":0.09324469322984122,"105":0.12876636557549848,"106":0.06276599473955938,"107":0.1989691285989098,"108":0.08973882683883076,"109":0.1505593005982642,"110":0.16683208693133153},"ranked":{"26":0.0,"7":0.00909090909090909,"20":0.01818181818181818,"96":0.02727272727272727,"6":0.03636363636363636,"14":0.045454545454545456,"25":0.05454545454545454,"30":0.06363636363636363,"80":0.07272727272727272,"103":0.08181818181818182,"23":0.09090909090909091,"9":0.1,"29":0.10909090909090909,"74":0.11818181818181818,"97":0.12727272727272726,"24":0.13636363636363635,"34":0.14545454545454545,"10":0.15454545454545454,"106":0.16363636363636364,"33":0.17272727272727273,"12":0.18181818181818182,"18":0.19090909090909092,"76":0.2,"32":0.20909090909090908,"21":0.21818181818181817,"86":0.22727272727272727,"15":0.23636363636363636,"5":0.24545454545454545,"95":0.2545454545454545,"4":0.2636363636363636,"22":0.2727272727272727,"90":0.2818181818181818,"88":0.2909090909090909,"78":0.3,"77":0.3090909090909091,"108":0.3181818181818182,"1":0.32727272727272727,"104":0.33636363636363636,"94":0.34545454545454546,"8":0.35454545454545455,"100":0.36363636363636365,"28":0.37272727272727274,"102":0.38181818181818183,"83":0.39090909090909093,"98":0.4,"2":0.4090909090909091,"11":0.41818181818181815,"27":0.42727272727272725,"101":0.43636363636363634,"31":0.44545454545454544,"105":0.45454545454545453,"82":0.4636363636363636,"75":0.4727272727272727,"79":0.4818181818181818,"89":0.4909090909090909,"109":0.5,"13":0.509090909090909,"99":0.5181818181818182,"35":0.5272727272727272,"17":0.5363636363636364,"87":0.5454545454545454,"0":0.5545454545454546,"16":0.5636363636363636,"110":0.5727272727272728,"93":0.5818181818181818,"36":0.5909090909090909,"19":0.6,"91":0.6090909090909091,"3":0.6181818181818182,"107":0.6272727272727273,"61":0.6363636363636364,"44":0.6454545454545455,"81":0.6545454545454545,"60":0.6636363636363637,"84":0.6727272727272727,"92":0.6818181818181818,"68":0.6909090909090909,"73":0.7,"85":0.7090909090909091,"66":0.7181818181818181,"64":0.7272727272727273,"71":0.7363636363636363,"42":0.7454545454545455,"56":0.7545454545454545,"54":0.7636363636363637,"50":0.7727272727272727,"69":0.7818181818181819,"43":0.7909090909090909,"63":0.8,"55":0.8090909090909091,"67":0.8181818181818182,"45":0.8272727272727273,"62":0.8363636363636363,"38":0.8454545454545455,"52":0.8545454545454545,"37":0.8636363636363636,"51":0.8727272727272727,"40":0.8818181818181818,"47":0.8909090909090909,"39":0.9,"65":0.9090909090909091,"70":0.9181818181818182,"46":0.9272727272727272,"53":0.9363636363636364,"48":0.9454545454545454,"41":0.9545454545454546,"58":0.9636363636363636,"59":0.9727272727272728,"72":0.9818181818181818,"49":0.990909090909091,"57":1.0}}