{"name":"density","eps":0.5,"weight":"value","num_of_nodes":78,"num_of_edges":151,"process_time":0.012488842010498047,"data":{"0":0.2506181838534228,"1":0.5006182119176406,"2":0.0018544954317047731,"3":0.003709159248809076,"4":0.0012363396425696268,"5":0.25000002806424104,"6":0.253709075056156,"7":0.0012363396425696268,"8":0.0024727915421033694,"9":0.2506181838534228,"10":0.003090975395514528,"11":0.2518546357529099,"12":0.5018545796245328,"13":0.0037090750561909387,"14":0.7487637445501302,"15":0.2537090750562026,"16":0.25247270734938027,"17":0.4993818722750476,"18":0.004327202781050072,"19":0.25309097539547953,"20":0.2518545515602218,"21":0.7512363957711333,"22":0.0,"23":0.0024727634778040353,"24":0.25185449543171645,"25":0.004327230845302762,"26":0.25185457962435787,"27":0.5018545234959808,"28":0.0024727634777573907,"29":0.0006181557891118241,"30":2.8064229367872655e-08,"31":0.0018545234960041074,"32":0.5012362835141342,"33":0.0030908350743210442,"34":0.0006181557891118241,"35":0.2506183241745463,"36":0.0012363396426629154,"37":0.0018545234960041074,"38":0.005563458230908274,"39":0.500000028064276,"40":0.9993819564677356,"41":0.251236339642558,"42":0.2512363396426046,"43":0.0030909473311452273,"44":0.24999999999998834,"45":2.8064229367872655e-08,"46":0.0030908350743210442,"47":0.2506181838533295,"48":0.2506181838533295,"49":0.251236339642558,"50":0.49938181614658883,"51":0.0018545234960041074,"52":0.001854551560163509,"53":0.0012364238353510192,"54":0.001854495431681451,"55":0.0030908350742044335,"56":1.0,"57":0.25185455156012854,"58":0.0030908912027098135,"59":0.25123636770671737,"60":0.7512363115783286,"61":0.0024727073493452994,"62":0.25123642383519945,"63":0.001854495431681451,"64":0.0018545515601401867,"65":0.501236311578247,"66":0.501236311578247,"67":0.2518546076887039,"68":0.5006182961103752,"69":0.0012364238353510192,"70":0.7499999999999184,"71":0.2524726231565989,"72":0.001854551560163509,"73":0.0024726231566105515,"74":0.751236283514006,"75":0.2537089627991452,"76":0.25185443930321105,"77":0.0012364238353743413},"ranked":{"22":0.0,"30":0.012987012987012988,"45":0.025974025974025976,"29":0.03896103896103896,"34":0.05194805194805195,"4":0.06493506493506493,"7":0.07792207792207792,"36":0.09090909090909091,"53":0.1038961038961039,"69":0.11688311688311688,"77":0.12987012987012986,"54":0.14285714285714285,"63":0.15584415584415584,"2":0.16883116883116883,"31":0.18181818181818182,"37":0.19480519480519481,"51":0.2077922077922078,"64":0.22077922077922077,"52":0.23376623376623376,"72":0.24675324675324675,"73":0.2597402597402597,"61":0.2727272727272727,"28":0.2857142857142857,"23":0.2987012987012987,"8":0.3116883116883117,"55":0.3246753246753247,"33":0.33766233766233766,"46":0.35064935064935066,"58":0.36363636363636365,"43":0.37662337662337664,"10":0.38961038961038963,"13":0.4025974025974026,"3":0.4155844155844156,"18":0.42857142857142855,"25":0.44155844155844154,"38":0.45454545454545453,"44":0.4675324675324675,"5":0.4805194805194805,"47":0.4935064935064935,"48":0.5064935064935064,"0":0.5194805194805194,"9":0.5324675324675324,"35":0.5454545454545454,"41":0.5584415584415584,"49":0.5714285714285714,"42":0.5844155844155844,"59":0.5974025974025974,"62":0.6103896103896104,"76":0.6233766233766234,"24":0.6363636363636364,"57":0.6493506493506493,"20":0.6623376623376623,"26":0.6753246753246753,"67":0.6883116883116883,"11":0.7012987012987013,"71":0.7142857142857143,"16":0.7272727272727273,"19":0.7402597402597403,"75":0.7532467532467533,"6":0.7662337662337663,"15":0.7792207792207793,"50":0.7922077922077922,"17":0.8051948051948052,"39":0.8181818181818182,"1":0.8311688311688312,"68":0.8441558441558441,"32":0.8571428571428571,"65":0.8701298701298701,"66":0.8831168831168831,"27":0.8961038961038961,"12":0.9090909090909091,"14":0.922077922077922,"70":0.935064935064935,"74":0.948051948051948,"60":0.961038961038961,"21":0.974025974025974,"40":0.987012987012987,"56":1.0}}