{"name":"density","eps":0.5,"weight":"value","num_of_nodes":126,"num_of_edges":242,"process_time":0.009571075439453125,"data":{"0":0.0018522331427787363,"1":0.24907388342856987,"2":0.2503087242101278,"3":0.25030869618065116,"4":0.0012348407816278018,"5":0.5012348407816395,"6":0.25216087326424375,"7":0.0030870739244764182,"8":0.0024696815632556037,"9":0.498765159218477,"10":0.0024697656519183965,"11":0.2503086961806046,"12":0.0006174203907673143,"13":0.24969135987856994,"14":0.2503086961806046,"15":0.2515435649917556,"16":0.0030870739244764182,"17":0.25030869618065116,"18":0.4987651592183838,"19":0.5006174203908256,"20":0.0024695974744530507,"21":0.0012348407816045086,"22":0.0024696815632556037,"23":0.25030869618065116,"24":0.0006174203907673143,"25":0.0006174764499069006,"26":0.2503087802694071,"27":0.0006174484204535742,"28":0.0018523172316045825,"29":5.605911629299046e-08,"30":0.24969135987856994,"31":0.0018523172316045825,"32":0.25401313443668544,"33":0.9981477668572678,"34":0.003087214072325384,"35":0.00432188667641796,"36":0.2533957981346042,"37":5.605911629299046e-08,"38":0.5018522051132904,"39":0.25154364908048826,"40":0.0006174203907673143,"41":0.25154353696223236,"42":0.5012348127520696,"43":0.0018524013202673754,"44":0.2527784057734067,"45":0.003704522344906699,"46":0.7509260885418836,"47":0.5030869898357088,"48":0.2515435649918022,"49":0.003704494315220439,"50":0.5012348127521629,"51":0.25339585419381366,"52":0.0018523452611510823,"53":0.0018522892019882027,"54":0.7503086681511629,"55":0.0024696535336159306,"56":0.001852233142825323,"57":0.2509261446009883,"58":0.5000000280296281,"59":0.001852317231557996,"60":0.49814773882754665,"61":0.5030869898357088,"62":0.000617532509116367,"63":0.5018522611724068,"64":0.500617392361279,"65":0.49814773882754665,"66":0.5024696815631974,"67":0.25401316246623196,"68":0.0006173923611742277,"69":0.2496912757897441,"70":1.0,"71":0.25277846183254626,"72":0.0018523172316045825,"73":0.003087045894906625,"74":0.2521609853825928,"75":0.000617532509116367,"76":0.4993824955204651,"77":0.5030870178652787,"78":0.0018524013202673754,"79":0.003087158013139211,"80":0.2521609012938601,"81":0.0024698497406044828,"82":0.0012348127519415419,"83":0.004321998794720426,"84":0.000617476449930194,"85":0.0030870178652902453,"86":0.0030871299835461244,"87":0.24907393948770945,"88":0.0,"89":0.0,"90":0.2509260885418021,"91":0.25154362105101163,"92":0.0,"93":0.0012348407815579217,"94":0.4999999439408255,"95":0.2527784057733368,"96":0.25030875223979077,"97":0.2503086681510115,"98":0.0006174484203604007,"99":0.25463052679788295,"100":0.7503086681510232,"101":0.0024697656519183965,"102":0.5006174764499185,"103":0.0024696535336625174,"104":0.24969133184893028,"105":0.001852373290814049,"106":0.001852373290744169,"107":0.002469653533592637,"108":0.24907393948766288,"109":0.0018522611724649963,"110":0.24969133184893028,"111":0.2515434809030229,"112":0.5018521210245345,"113":0.001852205113208943,"114":0.748456406978628,"115":0.0,"116":0.24907393948766288,"117":0.49999997197046514,"118":0.0018523732906975821,"119":0.5006173643317559,"120":0.24907393948770945,"121":0.001852373290744169,"122":0.49938257960912785,"123":0.003086961806057485,"124":0.49999997197046514,"125":0.0012349248704070616},"ranked":{"88":0.0,"89":0.008,"92":0.016,"115":0.024,"29":0.032,"37":0.04,"68":0.048,"12":0.056,"24":0.064,"40":0.072,"98":0.08,"27":0.088,"25":0.096,"84":0.104,"62":0.112,"75":0.12,"82":0.128,"93":0.136,"21":0.144,"4":0.152,"125":0.16,"113":0.168,"0":0.176,"56":0.184,"109":0.192,"53":0.2,"59":0.208,"28":0.216,"31":0.224,"72":0.232,"52":0.24,"118":0.248,"106":0.256,"121":0.264,"105":0.272,"43":0.28,"78":0.288,"20":0.296,"107":0.304,"55":0.312,"103":0.32,"8":0.328,"22":0.336,"10":0.344,"101":0.352,"81":0.36,"123":0.368,"85":0.376,"73":0.384,"7":0.392,"16":0.4,"86":0.408,"79":0.416,"34":0.424,"49":0.432,"45":0.44,"35":0.448,"83":0.456,"1":0.464,"108":0.472,"116":0.48,"87":0.488,"120":0.496,"69":0.504,"104":0.512,"110":0.52,"13":0.528,"30":0.536,"97":0.544,"11":0.552,"14":0.56,"3":0.568,"17":0.576,"23":0.584,"2":0.592,"96":0.6,"26":0.608,"90":0.616,"57":0.624,"111":0.632,"41":0.64,"15":0.648,"48":0.656,"91":0.664,"39":0.672,"6":0.68,"80":0.688,"74":0.696,"95":0.704,"44":0.712,"71":0.72,"36":0.728,"51":0.736,"32":0.744,"67":0.752,"99":0.76,"60":0.768,"65":0.776,"18":0.784,"9":0.792,"76":0.8,"122":0.808,"94":0.816,"117":0.824,"124":0.832,"58":0.84,"119":0.848,"64":0.856,"19":0.864,"102":0.872,"42":0.88,"50":0.888,"5":0.896,"112":0.904,"38":0.912,"63":0.92,"66":0.928,"47":0.936,"61":0.944,"77":0.952,"114":0.96,"100":0.968,"54":0.976,"46":0.984,"33":0.992,"70":1.0}}