{"name":"density","eps":0.5,"weight":"value","num_of_nodes":150,"num_of_edges":481,"process_time":0.05608105659484863,"data":{"0":0.20385562280279745,"1":0.20039548244076189,"2":0.0009886051204315537,"3":0.4037567129222874,"4":0.200889695239735,"5":0.7991102149990763,"6":0.20237280488313172,"7":0.2023727151219823,"8":0.20385564524308014,"9":0.40326247768271456,"10":0.0009886051204315537,"11":0.20138411000151343,"12":0.6001977973212815,"13":0.1989125523196827,"14":0.0009886051204315537,"15":0.4017794353602405,"16":0.40227364815925093,"17":0.40128526744188875,"18":0.20138411000151343,"19":0.0,"20":0.6006920101202324,"21":0.40227387256245084,"22":0.002965860242195724,"23":0.40227364815925093,"24":0.20187836768120113,"25":0.6031633882795752,"26":0.9985170249983328,"27":0.0,"28":0.004448745482467116,"29":0.004448723042147124,"30":0.20286706256294995,"31":0.39980229244013227,"32":0.5987148447598215,"33":0.20187827792007035,"34":0.1989125523196827,"35":0.0034601628024487976,"36":0.0,"37":0.0034602076828277027,"38":0.001977255121596334,"39":0.2023727151219823,"40":0.0009886051204315537,"41":0.40326238792145325,"42":0.40326225327968246,"43":0.2033612753618298,"44":0.2023726029205688,"45":0.79960451755933,"46":0.8010873579190904,"47":0.40177943536022187,"48":0.40227382768169895,"49":0.40177954756163536,"50":0.001977255121633631,"51":0.005437260841823836,"52":0.003954577563872916,"53":0.0029657704809530525,"54":0.6011863351207501,"55":0.2038556452430242,"56":0.0019772551215776852,"57":0.40326229816032244,"58":0.20286692792108593,"59":0.20237276000260362,"60":0.40177952512142723,"61":0.0029659724435159565,"62":0.005437238401615734,"63":0.40276804048067205,"64":0.4027680853611815,"65":0.20187832280063572,"66":0.2043497907212238,"67":0.6006920550007415,"68":0.003954420481931347,"69":0.603163410719972,"70":0.6026691530403603,"71":0.20434979072127976,"72":0.4037566007206501,"73":0.4002967296420442,"74":0.4042508584002259,"75":0.20187854720340673,"76":1.0,"77":0.4027680629209361,"78":0.40474522828134574,"79":0.20138406512098533,"80":0.6011864922025985,"81":0.005437238401597086,"82":0.003954420481931347,"83":0.0009887397622209664,"84":0.0024716025624147977,"85":0.6006920774410055,"86":0.8010874925607695,"87":0.20138415488215342,"88":0.6026691979208884,"89":0.7996045848801602,"90":0.7991104169616994,"91":0.6026691754805295,"92":0.0009887397622209664,"93":0.2023727375623582,"94":0.7991104169616994,"95":0.6006920550007415,"96":0.001977277561897677,"97":0.4012852898820409,"98":0.0034601403619796177,"99":0.00494316024420826,"100":0.20138406512091075,"101":0.20039546000042324,"102":0.20039546000042324,"103":0.2023726478010969,"104":0.0019772326812017476,"105":0.00543732816280246,"106":0.0024716923233963897,"107":0.6056347439986729,"108":0.9990114173196427,"109":0.0029658826824597705,"110":0.2028670176823286,"111":0.40573367631964924,"112":0.4017796148823342,"113":0.40276792827916535,"114":0.001977255121689576,"115":0.20237271512207552,"116":0.004448678161693626,"117":0.20286683815988055,"118":0.4027680629209361,"119":0.003460387205294397,"120":0.6006920550006086,"121":0.20138415488213476,"122":0.8005931226796288,"123":0.20336123048132035,"124":0.001482907680740573,"125":0.0044487903632189916,"126":0.20434976828095977,"127":0.4032623206005119,"128":0.001977255121689576,"129":0.00395428584019788,"130":0.6011863126802773,"131":0.20039546000042324,"132":0.2053384182821432,"133":0.003954442922400528,"134":0.20484411572174094,"135":0.2033612529215844,"136":0.6006921672022135,"137":0.2023726478010969,"138":0.8005932124409126,"139":0.0034603198844463117,"140":0.40326252256314943,"141":0.0024715801220948058,"142":0.4032623430409624,"143":0.0029659051227611142,"144":0.6021748953604069,"145":0.2033612304813763,"146":0.2033612304813763,"147":0.2063269336411829,"148":0.6011864024414854,"149":0.001977255121689576},"ranked":{"19":0.0,"27":0.006711409395973154,"36":0.013422818791946308,"2":0.020134228187919462,"10":0.026845637583892617,"14":0.03355704697986577,"40":0.040268456375838924,"83":0.04697986577181208,"92":0.053691275167785234,"124":0.06040268456375839,"104":0.06711409395973154,"56":0.0738255033557047,"38":0.08053691275167785,"50":0.087248322147651,"114":0.09395973154362416,"128":0.10067114093959731,"149":0.10738255033557047,"96":0.11409395973154363,"141":0.12080536912751678,"84":0.12751677852348994,"106":0.1342281879194631,"53":0.14093959731543623,"22":0.1476510067114094,"109":0.15436241610738255,"143":0.1610738255033557,"61":0.16778523489932887,"98":0.174496644295302,"35":0.18120805369127516,"37":0.18791946308724833,"139":0.19463087248322147,"119":0.20134228187919462,"129":0.2080536912751678,"68":0.21476510067114093,"82":0.2214765100671141,"133":0.22818791946308725,"52":0.2348993288590604,"116":0.24161073825503357,"29":0.2483221476510067,"28":0.2550335570469799,"125":0.26174496644295303,"99":0.2684563758389262,"81":0.2751677852348993,"62":0.28187919463087246,"51":0.28859060402684567,"105":0.2953020134228188,"13":0.30201342281879195,"34":0.3087248322147651,"101":0.31543624161073824,"102":0.3221476510067114,"131":0.3288590604026846,"1":0.33557046979865773,"4":0.3422818791946309,"100":0.348993288590604,"79":0.35570469798657717,"11":0.3624161073825503,"18":0.3691275167785235,"121":0.37583892617449666,"87":0.3825503355704698,"33":0.38926174496644295,"65":0.3959731543624161,"24":0.40268456375838924,"75":0.40939597315436244,"44":0.4161073825503356,"103":0.4228187919463087,"137":0.42953020134228187,"7":0.436241610738255,"39":0.4429530201342282,"115":0.44966442953020136,"93":0.4563758389261745,"59":0.46308724832214765,"6":0.4697986577181208,"117":0.47651006711409394,"58":0.48322147651006714,"110":0.4899328859060403,"30":0.4966442953020134,"123":0.5033557046979866,"145":0.5100671140939598,"146":0.5167785234899329,"135":0.5234899328859061,"43":0.5302013422818792,"0":0.5369127516778524,"55":0.5436241610738255,"8":0.5503355704697986,"126":0.5570469798657718,"66":0.5637583892617449,"71":0.5704697986577181,"134":0.5771812080536913,"132":0.5838926174496645,"147":0.5906040268456376,"31":0.5973154362416108,"73":0.6040268456375839,"17":0.610738255033557,"97":0.6174496644295302,"47":0.6241610738255033,"15":0.6308724832214765,"60":0.6375838926174496,"49":0.6442953020134228,"112":0.6510067114093959,"16":0.6577181208053692,"23":0.6644295302013423,"48":0.6711409395973155,"21":0.6778523489932886,"113":0.6845637583892618,"63":0.6912751677852349,"77":0.697986577181208,"118":0.7046979865771812,"64":0.7114093959731543,"42":0.7181208053691275,"57":0.7248322147651006,"127":0.7315436241610739,"142":0.738255033557047,"41":0.7449664429530202,"9":0.7516778523489933,"140":0.7583892617449665,"72":0.7651006711409396,"3":0.7718120805369127,"74":0.7785234899328859,"78":0.785234899328859,"111":0.7919463087248322,"32":0.7986577181208053,"12":0.8053691275167785,"20":0.8120805369127517,"120":0.8187919463087249,"67":0.825503355704698,"95":0.8322147651006712,"85":0.8389261744966443,"136":0.8456375838926175,"130":0.8523489932885906,"54":0.8590604026845637,"148":0.8657718120805369,"80":0.87248322147651,"144":0.8791946308724832,"70":0.8859060402684564,"91":0.8926174496644296,"88":0.8993288590604027,"25":0.9060402684563759,"69":0.912751677852349,"107":0.9194630872483222,"5":0.9261744966442953,"90":0.9328859060402684,"94":0.9395973154362416,"45":0.9463087248322147,"89":0.9530201342281879,"122":0.959731543624161,"138":0.9664429530201343,"46":0.9731543624161074,"86":0.9798657718120806,"26":0.9865771812080537,"108":0.9932885906040269,"76":1.0}}