{"name":"agd","num_of_nodes":159,"num_of_edges":491,"weight":"value","process_time":0.05962491035461426,"data":{"0":0.41095890410958896,"1":0.3405088062622308,"2":0.4324853228962819,"3":0.6144814090019569,"4":0.8502935420743639,"5":0.2514677103718199,"6":0.8972602739726027,"7":0.25538160469667315,"8":0.6144814090019569,"9":0.32681017612524466,"10":0.2681017612524462,"11":0.6360078277886497,"12":0.3365949119373778,"13":0.538160469667319,"14":0.31702544031311153,"15":0.3581213307240704,"16":0.764187866927593,"17":0.23581213307240703,"18":0.16340508806262233,"19":0.5058708414872799,"20":0.5322896281800392,"21":0.8972602739726027,"22":0.34148727984344424,"23":0.8610567514677102,"24":0.7622309197651663,"25":0.9755381604696673,"26":0.18982387475538162,"27":0.24755381604696666,"28":0.8776908023483366,"29":0.9765166340508805,"30":0.2964774951076321,"31":0.8620352250489236,"32":0.639921722113503,"33":0.5146771037181995,"34":0.16438356164383566,"35":0.3405088062622308,"36":0.8972602739726027,"37":0.7250489236790605,"38":0.6272015655577298,"39":0.6193737769080235,"40":0.2318982387475538,"41":0.4080234833659492,"42":0.6203522504892367,"43":0.7348336594911936,"44":0.2690802348336595,"45":0.43346379647749506,"46":0.764187866927593,"47":0.3590998043052838,"48":0.8884540117416829,"49":1.0,"50":0.25342465753424653,"51":0.40606653620352257,"52":0.9784735812133071,"53":0.46086105675146777,"54":0.48238747553816036,"55":0.5870841487279844,"56":0.5968688845401172,"57":0.3317025440313111,"58":0.46086105675146777,"59":0.2260273972602739,"60":0.2250489236790606,"61":0.6183953033268101,"62":0.4549902152641879,"63":0.4833659491193738,"64":0.4735812133072407,"65":0.6360078277886497,"66":0.6369863013698629,"67":0.48825831702544026,"68":0.48043052837573375,"69":0.5371819960861056,"70":0.22700587084148724,"71":0.4559686888454011,"72":0.6262230919765166,"73":0.6272015655577298,"74":0.3571428571428572,"75":0.43835616438356173,"76":0.2544031311154598,"77":0.22798434442270055,"78":0.2544031311154598,"79":0.32681017612524466,"80":0.22211350293542068,"81":0.5371819960861056,"82":0.5978473581213307,"83":0.344422700587084,"84":0.5870841487279844,"85":0.32485322896281804,"86":0.7671232876712327,"87":0.46183953033268094,"88":0.10958904109589043,"89":0.32681017612524466,"90":0.45107632093933464,"91":0.35420743639921715,"92":0.6262230919765166,"93":0.33072407045009794,"94":0.23483365949119372,"95":0.3385518590998042,"96":0.6360078277886497,"97":0.14677103718199602,"98":0.47847358121330713,"99":0.2544031311154598,"100":0.4765166340508805,"101":0.6272015655577298,"102":0.1252446183953033,"103":0.6360078277886497,"104":0.4814090019569472,"105":0.5029354207436398,"106":0.28864970645792565,"107":0.013698630136986373,"108":0.052837573385518595,"109":0.28277886497064575,"110":0.5557729941291584,"111":0.1252446183953033,"112":0.2710371819960862,"113":0.14872798434442266,"114":0.18884540117416831,"115":0.11643835616438362,"116":0.2651663405088063,"117":0.40704500978473573,"118":0.1790606653620352,"119":0.060665362035225094,"120":0.05577299412915853,"121":0.28473581213307236,"122":0.08121330724070451,"123":0.1516634050880626,"124":0.2964774951076321,"125":0.1428571428571429,"126":0.20939334637964774,"127":0.03424657534246579,"128":0.3864970645792563,"129":0.14970645792563597,"130":0.18884540117416831,"131":0.1682974559686889,"132":0.02348336594911936,"133":0.5557729941291584,"134":0.5342465753424658,"135":0.012720156555773061,"136":0.30136986301369856,"137":0.2651663405088063,"138":0.11839530332681011,"139":0.5332681017612524,"140":0.17710371819960857,"141":0.2778864970645792,"142":0.0998043052837573,"143":0.28082191780821913,"144":0.40606653620352257,"145":0.028375733855185922,"146":0.15851272015655576,"147":0.1154598825831703,"148":0.010763209393346436,"149":0.1712328767123287,"150":0.0,"151":0.11056751467710374,"152":0.26320939334637966,"153":0.008806262230919812,"154":0.3033268101761252,"155":0.060665362035225094,"156":0.23874755381604698,"157":0.05772994129158515,"158":0.2729941291585126},"ranked":{"150":0.0,"153":0.006329113924050633,"148":0.012658227848101266,"135":0.0189873417721519,"107":0.02531645569620253,"132":0.03164556962025317,"145":0.0379746835443038,"127":0.04430379746835443,"108":0.05063291139240506,"120":0.056962025316455694,"157":0.06329113924050633,"119":0.06962025316455696,"155":0.0759493670886076,"122":0.08227848101265822,"142":0.08860759493670886,"88":0.0949367088607595,"151":0.10126582278481013,"147":0.10759493670886076,"115":0.11392405063291139,"138":0.12025316455696203,"102":0.12658227848101267,"111":0.13291139240506328,"125":0.13924050632911392,"97":0.14556962025316456,"113":0.1518987341772152,"129":0.15822784810126583,"123":0.16455696202531644,"146":0.17088607594936708,"18":0.17721518987341772,"34":0.18354430379746836,"131":0.189873417721519,"149":0.1962025316455696,"140":0.20253164556962025,"118":0.2088607594936709,"114":0.21518987341772153,"130":0.22151898734177214,"26":0.22784810126582278,"126":0.23417721518987342,"80":0.24050632911392406,"60":0.2468354430379747,"59":0.25316455696202533,"70":0.25949367088607594,"77":0.26582278481012656,"40":0.2721518987341772,"94":0.27848101265822783,"17":0.2848101265822785,"156":0.2911392405063291,"27":0.2974683544303797,"5":0.3037974683544304,"50":0.310126582278481,"76":0.31645569620253167,"78":0.3227848101265823,"99":0.3291139240506329,"7":0.33544303797468356,"152":0.34177215189873417,"116":0.34810126582278483,"137":0.35443037974683544,"10":0.36075949367088606,"44":0.3670886075949367,"112":0.37341772151898733,"158":0.379746835443038,"141":0.3860759493670886,"143":0.3924050632911392,"109":0.3987341772151899,"121":0.4050632911392405,"106":0.41139240506329117,"30":0.4177215189873418,"124":0.4240506329113924,"136":0.43037974683544306,"154":0.43670886075949367,"14":0.4430379746835443,"85":0.44936708860759494,"9":0.45569620253164556,"79":0.4620253164556962,"89":0.46835443037974683,"93":0.47468354430379744,"57":0.4810126582278481,"12":0.4873417721518987,"95":0.4936708860759494,"1":0.5,"35":0.5063291139240507,"22":0.5126582278481012,"83":0.5189873417721519,"91":0.5253164556962026,"74":0.5316455696202531,"15":0.5379746835443038,"47":0.5443037974683544,"128":0.5506329113924051,"51":0.5569620253164557,"144":0.5632911392405063,"117":0.569620253164557,"41":0.5759493670886076,"0":0.5822784810126582,"2":0.5886075949367089,"45":0.5949367088607594,"75":0.6012658227848101,"90":0.6075949367088608,"62":0.6139240506329114,"71":0.620253164556962,"53":0.6265822784810127,"58":0.6329113924050633,"87":0.6392405063291139,"64":0.6455696202531646,"100":0.6518987341772152,"98":0.6582278481012658,"68":0.6645569620253164,"104":0.6708860759493671,"54":0.6772151898734177,"63":0.6835443037974683,"67":0.689873417721519,"105":0.6962025316455697,"19":0.7025316455696202,"33":0.7088607594936709,"20":0.7151898734177216,"139":0.7215189873417721,"134":0.7278481012658228,"69":0.7341772151898734,"81":0.740506329113924,"13":0.7468354430379747,"110":0.7531645569620253,"133":0.759493670886076,"55":0.7658227848101266,"84":0.7721518987341772,"56":0.7784810126582279,"82":0.7848101265822784,"3":0.7911392405063291,"8":0.7974683544303798,"61":0.8037974683544303,"39":0.810126582278481,"42":0.8164556962025317,"72":0.8227848101265823,"92":0.8291139240506329,"38":0.8354430379746836,"73":0.8417721518987342,"101":0.8481012658227848,"11":0.8544303797468354,"65":0.8607594936708861,"96":0.8670886075949367,"103":0.8734177215189873,"66":0.879746835443038,"32":0.8860759493670886,"37":0.8924050632911392,"43":0.8987341772151899,"24":0.9050632911392406,"16":0.9113924050632911,"46":0.9177215189873418,"86":0.9240506329113924,"4":0.930379746835443,"23":0.9367088607594937,"31":0.9430379746835443,"28":0.9493670886075949,"48":0.9556962025316456,"6":0.9620253164556962,"21":0.9683544303797469,"36":0.9746835443037974,"25":0.9810126582278481,"29":0.9873417721518988,"52":0.9936708860759493,"49":1.0}}