{"name":"fiedler","normalized":false,"weight":"value","num_of_nodes":132,"num_of_edges":412,"process_time":0.03654789924621582,"data":{"0":0.07377547113535801,"1":0.0008894244130742435,"2":0.007009138856816472,"3":0.0315555809196998,"4":0.024019880775578276,"5":0.017870326350197658,"6":0.02542080936567569,"7":0.007423433377787825,"8":0.0012122275279673083,"9":0.032229990306300124,"10":0.0028053446326473273,"11":0.025220391945383197,"12":0.013044812085295746,"13":0.024907058842587974,"14":0.01354653483170531,"15":0.0066518618697071945,"16":0.025220391945383197,"17":0.009124309933292713,"18":0.011326570854642486,"19":0.038032778757932054,"20":0.02797170868129313,"21":0.027247274135363903,"22":0.003430642530023696,"23":0.01788440827262119,"24":0.02653368951297462,"25":0.0003069549529849187,"26":0.021137402387998976,"27":0.03733662571675147,"28":0.013546534831705247,"29":0.034611250595520934,"30":0.015163453365244545,"31":0.0058394618868969055,"32":0.007423433377787825,"33":0.0023960290557470836,"34":0.0,"35":0.00914924724941499,"36":0.010319374401384302,"37":0.038148996916569214,"38":0.02740367700392566,"39":0.025474067606492887,"40":0.00046242104991705364,"41":0.0009666679816795127,"42":0.0066518618697071945,"43":0.0003069549529848564,"44":0.29810909358084003,"45":0.4341313707220595,"46":0.43865290349179203,"47":0.42347118986433707,"48":0.2801866101310627,"49":0.343876902533306,"50":0.3205068831823628,"51":0.30091230243791467,"52":0.5076094134524269,"53":0.5125789577656983,"54":0.43049722523349604,"55":0.5036889538114351,"56":0.2776119945375207,"57":0.27743716568449667,"58":0.30470316254383767,"59":0.2889231370190945,"60":0.8354482629828313,"61":0.28968748475489076,"62":0.41160944241984326,"63":0.5523515124662034,"64":0.5007945098796703,"65":0.8291424822348066,"66":0.41758538363508935,"67":0.8580319761513464,"68":0.27741528487391637,"69":0.2872773339619855,"70":0.29097543753836086,"71":0.29524131794874225,"72":0.300223780604199,"73":0.778806808862403,"74":0.5027608027826231,"75":0.47287203108708714,"76":0.27709305729520806,"77":0.29442446361038604,"78":0.27758385317390827,"79":0.8298381470602486,"80":0.2774371656844967,"81":0.40857795185484846,"82":0.2769244890039357,"83":0.29462354264586926,"84":0.5076094134524269,"85":0.28819574413599586,"86":0.2769244890039357,"87":0.42347118986433707,"88":0.00641432029346991,"89":0.9669980116994822,"90":0.9520871453864795,"91":0.9782258913976064,"92":0.8681269526494135,"93":0.9968327600703158,"94":0.9214447910111611,"95":0.9980540067536741,"96":0.9832303137997007,"97":0.8650842622324163,"98":0.2659984348061126,"99":0.9520871453864795,"100":0.9573119176347049,"101":0.9625541092266936,"102":0.9486195853336586,"103":0.9986234035193945,"104":0.9858536866348878,"105":0.9305712541999799,"106":1.0,"107":0.9409749826263879,"108":0.8686198573127314,"109":1.0,"110":0.9801139064543124,"111":0.9214447910111611,"112":0.9463937963214724,"113":0.8439465557296068,"114":0.8538649063492917,"115":0.9520871453864795,"116":0.9998030635415348,"117":0.8962951090916614,"118":0.8686198573127312,"119":0.9400571844620481,"120":0.9998030635415349,"121":0.8732202292216192,"122":0.9819912238186939,"123":0.9732484970565699,"124":0.9311388852662044,"125":0.9907513029396686,"126":0.9931307094647905,"127":0.87215517752539,"128":0.9345390259227888,"129":0.8750076351164333,"130":0.9771869805264765,"131":0.9332369410327533},"ranked":{"34":0.0,"43":0.007633587786259542,"25":0.015267175572519083,"40":0.022900763358778626,"1":0.030534351145038167,"41":0.03816793893129771,"8":0.04580152671755725,"33":0.05343511450381679,"10":0.061068702290076333,"22":0.06870229007633588,"31":0.07633587786259542,"88":0.08396946564885496,"15":0.0916030534351145,"42":0.09923664122137404,"2":0.10687022900763359,"7":0.11450381679389313,"32":0.12213740458015267,"17":0.1297709923664122,"35":0.13740458015267176,"36":0.1450381679389313,"18":0.15267175572519084,"12":0.16030534351145037,"28":0.16793893129770993,"14":0.17557251908396945,"30":0.183206106870229,"5":0.19083969465648856,"23":0.1984732824427481,"26":0.20610687022900764,"4":0.21374045801526717,"13":0.22137404580152673,"11":0.22900763358778625,"16":0.2366412213740458,"6":0.24427480916030533,"39":0.25190839694656486,"24":0.2595419847328244,"21":0.26717557251908397,"38":0.2748091603053435,"20":0.2824427480916031,"3":0.2900763358778626,"9":0.29770992366412213,"29":0.3053435114503817,"27":0.31297709923664124,"19":0.32061068702290074,"37":0.3282442748091603,"0":0.33587786259541985,"98":0.3435114503816794,"82":0.3511450381679389,"86":0.35877862595419846,"76":0.366412213740458,"68":0.37404580152671757,"57":0.3816793893129771,"80":0.3893129770992366,"78":0.3969465648854962,"56":0.40458015267175573,"48":0.4122137404580153,"69":0.4198473282442748,"85":0.42748091603053434,"59":0.4351145038167939,"61":0.44274809160305345,"70":0.45038167938931295,"77":0.4580152671755725,"83":0.46564885496183206,"71":0.4732824427480916,"44":0.48091603053435117,"72":0.48854961832061067,"51":0.4961832061068702,"58":0.5038167938931297,"50":0.5114503816793893,"49":0.5190839694656488,"81":0.5267175572519084,"62":0.5343511450381679,"66":0.5419847328244275,"87":0.549618320610687,"47":0.5572519083969466,"54":0.5648854961832062,"45":0.5725190839694656,"46":0.5801526717557252,"75":0.5877862595419847,"64":0.5954198473282443,"74":0.6030534351145038,"55":0.6106870229007634,"52":0.6183206106870229,"84":0.6259541984732825,"53":0.6335877862595419,"63":0.6412213740458015,"73":0.648854961832061,"65":0.6564885496183206,"79":0.6641221374045801,"60":0.6717557251908397,"113":0.6793893129770993,"114":0.6870229007633588,"67":0.6946564885496184,"97":0.7022900763358778,"92":0.7099236641221374,"118":0.7175572519083969,"108":0.7251908396946565,"127":0.732824427480916,"121":0.7404580152671756,"129":0.7480916030534351,"117":0.7557251908396947,"94":0.7633587786259542,"111":0.7709923664122137,"105":0.7786259541984732,"124":0.7862595419847328,"131":0.7938931297709924,"128":0.8015267175572519,"119":0.8091603053435115,"107":0.816793893129771,"112":0.8244274809160306,"102":0.8320610687022901,"115":0.8396946564885496,"90":0.8473282442748091,"99":0.8549618320610687,"100":0.8625954198473282,"101":0.8702290076335878,"89":0.8778625954198473,"123":0.8854961832061069,"130":0.8931297709923665,"91":0.9007633587786259,"110":0.9083969465648855,"122":0.916030534351145,"96":0.9236641221374046,"104":0.9312977099236641,"125":0.9389312977099237,"126":0.9465648854961832,"93":0.9541984732824428,"95":0.9618320610687023,"103":0.9694656488549618,"116":0.9770992366412213,"120":0.9847328244274809,"106":0.9923664122137404,"109":1.0}}