{"name":"agd","num_of_nodes":63,"num_of_edges":192,"weight":"value","process_time":0.01069784164428711,"data":{"0":0.2429906542056078,"1":0.20560747663551437,"2":0.6542056074766355,"3":0.009345794392523615,"4":0.11214953271028029,"5":0.299065420560748,"6":0.02803738317757033,"7":0.4672897196261684,"8":0.7289719626168228,"9":0.02803738317757033,"10":0.7289719626168228,"11":1.0,"12":1.0,"13":0.056074766355140145,"14":0.28971962616822433,"15":1.0,"16":0.22429906542056108,"17":0.0,"18":0.02803738317757033,"19":0.04672897196261704,"20":0.20560747663551437,"21":0.3364485981308414,"22":0.2616822429906545,"23":0.28971962616822433,"24":0.1214953271028039,"25":0.18691588785046767,"26":0.299065420560748,"27":0.14953271028037424,"28":0.3551401869158881,"29":0.130841121495327,"30":0.299065420560748,"31":0.31775700934579465,"32":0.30841121495327106,"33":0.4018691588785046,"34":0.3925233644859815,"35":0.28971962616822433,"36":0.31775700934579465,"37":0.41121495327102825,"38":0.17757009345794406,"39":0.28037383177570124,"40":0.19626168224299076,"41":0.14953271028037424,"42":0.4579439252336453,"43":0.5514018691588789,"44":0.41121495327102825,"45":0.5514018691588789,"46":0.10280373831775719,"47":0.056074766355140145,"48":0.11214953271028029,"49":0.10280373831775719,"50":0.5327102803738322,"51":0.3925233644859815,"52":0.018691588785046714,"53":0.4579439252336453,"54":0.0,"55":0.02803738317757033,"56":0.476635514018692,"57":0.10280373831775719,"58":0.03738317757009343,"59":0.018691588785046714,"60":0.43925233644859857,"61":0.3364485981308414,"62":0.30841121495327106},"ranked":{"17":0.0,"54":0.016129032258064516,"3":0.03225806451612903,"52":0.04838709677419355,"59":0.06451612903225806,"6":0.08064516129032258,"9":0.0967741935483871,"18":0.11290322580645161,"55":0.12903225806451613,"58":0.14516129032258066,"19":0.16129032258064516,"13":0.1774193548387097,"47":0.1935483870967742,"46":0.20967741935483872,"49":0.22580645161290322,"57":0.24193548387096775,"4":0.25806451612903225,"48":0.27419354838709675,"24":0.2903225806451613,"29":0.3064516129032258,"27":0.3225806451612903,"41":0.3387096774193548,"38":0.3548387096774194,"25":0.3709677419354839,"40":0.3870967741935484,"1":0.4032258064516129,"20":0.41935483870967744,"16":0.43548387096774194,"0":0.45161290322580644,"22":0.46774193548387094,"39":0.4838709677419355,"14":0.5,"23":0.5161290322580645,"35":0.532258064516129,"5":0.5483870967741935,"26":0.5645161290322581,"30":0.5806451612903226,"32":0.5967741935483871,"62":0.6129032258064516,"31":0.6290322580645161,"36":0.6451612903225806,"21":0.6612903225806451,"61":0.6774193548387096,"28":0.6935483870967742,"34":0.7096774193548387,"51":0.7258064516129032,"33":0.7419354838709677,"37":0.7580645161290323,"44":0.7741935483870968,"60":0.7903225806451613,"42":0.8064516129032258,"53":0.8225806451612904,"7":0.8387096774193549,"56":0.8548387096774194,"50":0.8709677419354839,"43":0.8870967741935484,"45":0.9032258064516129,"2":0.9193548387096774,"8":0.9354838709677419,"10":0.9516129032258065,"11":0.967741935483871,"12":0.9838709677419355,"15":1.0}}