{"name":"eccentricity","num_of_nodes":63,"num_of_edges":192,"process_time":0.0029816627502441406,"data":{"0":0.3333333333333333,"1":0.6666666666666666,"2":1.0,"3":0.3333333333333333,"4":0.3333333333333333,"5":0.6666666666666666,"6":0.3333333333333333,"7":0.6666666666666666,"8":0.6666666666666666,"9":0.3333333333333333,"10":0.6666666666666666,"11":1.0,"12":1.0,"13":0.3333333333333333,"14":0.3333333333333333,"15":1.0,"16":0.6666666666666666,"17":0.3333333333333333,"18":0.3333333333333333,"19":0.3333333333333333,"20":0.3333333333333333,"21":0.6666666666666666,"22":0.3333333333333333,"23":0.3333333333333333,"24":0.6666666666666666,"25":0.3333333333333333,"26":1.0,"27":0.3333333333333333,"28":1.0,"29":0.3333333333333333,"30":0.3333333333333333,"31":0.3333333333333333,"32":0.3333333333333333,"33":0.3333333333333333,"34":0.3333333333333333,"35":0.6666666666666666,"36":0.3333333333333333,"37":0.6666666666666666,"38":0.0,"39":0.6666666666666666,"40":0.6666666666666666,"41":0.0,"42":1.0,"43":0.6666666666666666,"44":0.6666666666666666,"45":0.6666666666666666,"46":0.3333333333333333,"47":0.3333333333333333,"48":0.6666666666666666,"49":0.3333333333333333,"50":1.0,"51":0.6666666666666666,"52":0.3333333333333333,"53":1.0,"54":0.3333333333333333,"55":0.3333333333333333,"56":1.0,"57":0.3333333333333333,"58":0.3333333333333333,"59":0.3333333333333333,"60":0.6666666666666666,"61":0.3333333333333333,"62":0.6666666666666666},"ranked":{"38":0.0,"41":0.016129032258064516,"0":0.03225806451612903,"3":0.04838709677419355,"4":0.06451612903225806,"6":0.08064516129032258,"9":0.0967741935483871,"13":0.11290322580645161,"14":0.12903225806451613,"17":0.14516129032258066,"18":0.16129032258064516,"19":0.1774193548387097,"20":0.1935483870967742,"22":0.20967741935483872,"23":0.22580645161290322,"25":0.24193548387096775,"27":0.25806451612903225,"29":0.27419354838709675,"30":0.2903225806451613,"31":0.3064516129032258,"32":0.3225806451612903,"33":0.3387096774193548,"34":0.3548387096774194,"36":0.3709677419354839,"46":0.3870967741935484,"47":0.4032258064516129,"49":0.41935483870967744,"52":0.43548387096774194,"54":0.45161290322580644,"55":0.46774193548387094,"57":0.4838709677419355,"58":0.5,"59":0.5161290322580645,"61":0.532258064516129,"1":0.5483870967741935,"5":0.5645161290322581,"7":0.5806451612903226,"8":0.5967741935483871,"10":0.6129032258064516,"16":0.6290322580645161,"21":0.6451612903225806,"24":0.6612903225806451,"35":0.6774193548387096,"37":0.6935483870967742,"39":0.7096774193548387,"40":0.7258064516129032,"43":0.7419354838709677,"44":0.7580645161290323,"45":0.7741935483870968,"48":0.7903225806451613,"51":0.8064516129032258,"60":0.8225806451612904,"62":0.8387096774193549,"2":0.8548387096774194,"11":0.8709677419354839,"12":0.8870967741935484,"15":0.9032258064516129,"26":0.9193548387096774,"28":0.9354838709677419,"42":0.9516129032258065,"50":0.967741935483871,"53":0.9838709677419355,"56":1.0}}