{"name":"pagerank","alpha":0.85,"weight":"value","num_of_nodes":198,"num_of_edges":374,"process_time":0.031055927276611328,"data":{"0":0.03843106706396681,"1":0.06657044667237912,"2":0.14978899194797154,"3":0.11790547634910074,"4":0.3432375061505364,"5":0.04176358721071614,"6":0.1407673462081856,"7":0.3400784789991515,"8":0.3443024627929253,"9":0.2769882171214626,"10":0.0924952547374205,"11":0.05548605994348073,"12":0.3184792824021924,"13":0.610339860367005,"14":0.1770491870700921,"15":0.046792256527629576,"16":0.010736737822679001,"17":0.27928236686186547,"18":0.5289478102583131,"19":0.3400784789991515,"20":0.1396980945326849,"21":0.06866062653224711,"22":0.24235003520814627,"23":0.3443024627929253,"24":0.11730829729922336,"25":0.1438730318396059,"26":0.42363904133134045,"27":0.047294388350508525,"28":0.0924952547374205,"29":0.40298429412723197,"30":0.0731198178304175,"31":0.12486634643022525,"32":0.10163003549690942,"33":0.3681470171825664,"34":0.7233699450434896,"35":0.4918551385194703,"36":0.04362812727915906,"37":0.14978899194797154,"38":0.13053220820021716,"39":0.4202110071873698,"40":0.0448384930221893,"41":0.1770491870700921,"42":0.3248100876038666,"43":0.41220219180675505,"44":0.05548605994348073,"45":0.1438730318396059,"46":1.0,"47":0.3613650613534282,"48":0.13912742468597727,"49":0.05231478624329558,"50":0.1770491870700921,"51":0.5335644563195223,"52":0.3681470171825664,"53":0.044726600910851,"54":0.13940901691625623,"55":0.32729867605298785,"56":0.08396759252223783,"57":0.5153780489574525,"58":0.5888647659180591,"59":0.453193926841169,"60":0.05501167188023603,"61":0.5693919713298224,"62":0.4981300128329391,"63":0.1182318811353007,"64":0.28492256642879427,"65":0.2803932976798414,"66":0.47159197915513323,"67":0.05499755250928778,"68":0.08425869845135002,"69":0.1334159275944545,"70":0.46251320993652717,"71":0.37176378968295515,"72":0.3007888104894411,"73":0.6109175945329327,"74":0.09137486196940352,"75":0.026496399503788307,"76":0.09319273389999035,"77":0.11423609173973522,"78":0.06551035987661956,"79":0.295524129875673,"80":0.45742637280471676,"81":0.08634660436894076,"82":0.08958126804697114,"83":0.010016928469787434,"84":0.5023646223772904,"85":0.1334159275944545,"86":0.05499755250928778,"87":0.4880578880254553,"88":0.7839013211734945,"89":0.35885555782700423,"90":0.11440049245240456,"91":0.09540961156456867,"92":0.03004235139168142,"93":0.09301942865764598,"94":0.09540961156456867,"95":0.10035785686433503,"96":0.3677079345932712,"97":0.3610026361383711,"98":0.03004235139168142,"99":0.4438958744920967,"100":0.4956925380804103,"101":0.10088022370146753,"102":0.11004177522867421,"103":0.03785654758557637,"104":0.5897124320438153,"105":0.3948879171395136,"106":0.10639422102837463,"107":0.2630523851366984,"108":0.5220643506568238,"109":0.6463962335611141,"110":0.030844782205294713,"111":0.32152713331513716,"112":0.09893693176019402,"113":0.10126510320426099,"114":0.3517273933543163,"115":0.10256018037554877,"116":0.026580999764301262,"117":0.03364947222190745,"118":0.49569253808041014,"119":0.08241013243671291,"120":0.6269230214435427,"121":0.05889118644388839,"122":0.23742542296532176,"123":0.307442540241736,"124":0.615366151545624,"125":0.2336881790835672,"126":0.10256018037554877,"127":0.29655819911368586,"128":0.06551035987661956,"129":0.5410105357081699,"130":0.5348587679204655,"131":0.3127798837981391,"132":0.08648008397187777,"133":0.6832480316529191,"134":0.009142112133090614,"135":0.4710974875480611,"136":0.03500562582419322,"137":0.014843805662226399,"138":0.2180073167990177,"139":0.007756578140434195,"140":0.09158686653435226,"141":0.31057544290760386,"142":0.2926952396726848,"143":0.5744094071797624,"144":0.7052984316360429,"145":0.7151873734674166,"146":0.10522987594608962,"147":0.11399298040805392,"148":0.3075034063474158,"149":0.6772561614286582,"150":0.013400284935430721,"151":0.0,"152":0.014725606527660279,"153":0.05483624611255844,"154":0.29954669946082685,"155":0.251179548274276,"156":0.2513943350088516,"157":0.028405404607661687,"158":0.20943740319834467,"159":0.3032648370580581,"160":0.19578369573008214,"161":0.034988561691594956,"162":0.2793920014664066,"163":0.2730028923698808,"164":0.2731038542473264,"165":0.5597924821489265,"166":0.2712027779956185,"167":0.3117816316622387,"168":0.08459556641499441,"169":0.3340456928883385,"170":0.25589559542725493,"171":0.30309876909569783,"172":0.2614502179978401,"173":0.32282793596291126,"174":0.02748246158642892,"175":0.2730028923698808,"176":0.2616747275066315,"177":0.05738513676848676,"178":0.3238891032456329,"179":0.651761841545228,"180":0.0607483213560567,"181":0.24304057652339142,"182":0.0765579453046051,"183":0.7203372941231,"184":0.4800356695964854,"185":0.25265526428113816,"186":0.002070091846107753,"187":0.09963883542981905,"188":0.25305543263060926,"189":0.37310340404079706,"190":0.251179548274276,"191":0.4794383175620238,"192":0.0567299437876047,"193":0.2817885809003079,"194":0.044925406541277135,"195":0.35866011969032985,"196":0.013400284935430721,"197":0.46899258353384915},"ranked":{"151":0.0,"186":0.005076142131979695,"139":0.01015228426395939,"134":0.015228426395939087,"83":0.02030456852791878,"16":0.025380710659898477,"150":0.030456852791878174,"196":0.03553299492385787,"152":0.04060913705583756,"137":0.04568527918781726,"75":0.050761421319796954,"116":0.05583756345177665,"174":0.06091370558375635,"157":0.06598984771573604,"92":0.07106598984771574,"98":0.07614213197969544,"110":0.08121827411167512,"117":0.08629441624365482,"161":0.09137055837563451,"136":0.09644670050761421,"103":0.10152284263959391,"0":0.1065989847715736,"5":0.1116751269035533,"36":0.116751269035533,"53":0.1218274111675127,"40":0.12690355329949238,"194":0.1319796954314721,"15":0.13705583756345177,"27":0.14213197969543148,"49":0.14720812182741116,"153":0.15228426395939088,"67":0.15736040609137056,"86":0.16243654822335024,"60":0.16751269035532995,"11":0.17258883248730963,"44":0.17766497461928935,"192":0.18274111675126903,"177":0.18781725888324874,"121":0.19289340101522842,"180":0.19796954314720813,"78":0.20304568527918782,"128":0.20812182741116753,"1":0.2131979695431472,"21":0.2182741116751269,"30":0.2233502538071066,"182":0.22842639593908629,"119":0.233502538071066,"56":0.23857868020304568,"68":0.2436548223350254,"168":0.24873096446700507,"81":0.25380710659898476,"132":0.25888324873096447,"82":0.2639593908629442,"74":0.26903553299492383,"140":0.27411167512690354,"10":0.27918781725888325,"28":0.28426395939086296,"93":0.2893401015228426,"76":0.29441624365482233,"91":0.29949238578680204,"94":0.30456852791878175,"112":0.3096446700507614,"187":0.3147208121827411,"95":0.3197969543147208,"101":0.3248730964467005,"113":0.3299492385786802,"32":0.3350253807106599,"115":0.3401015228426396,"126":0.34517766497461927,"146":0.350253807106599,"106":0.3553299492385787,"102":0.3604060913705584,"147":0.36548223350253806,"77":0.37055837563451777,"90":0.3756345177664975,"24":0.38071065989847713,"3":0.38578680203045684,"63":0.39086294416243655,"31":0.39593908629441626,"38":0.4010152284263959,"69":0.40609137055837563,"85":0.41116751269035534,"48":0.41624365482233505,"54":0.4213197969543147,"20":0.4263959390862944,"6":0.43147208121827413,"25":0.4365482233502538,"45":0.4416243654822335,"2":0.4467005076142132,"37":0.4517766497461929,"14":0.45685279187817257,"41":0.4619289340101523,"50":0.467005076142132,"160":0.4720812182741117,"158":0.47715736040609136,"138":0.48223350253807107,"125":0.4873096446700508,"122":0.49238578680203043,"22":0.49746192893401014,"181":0.5025380710659898,"155":0.5076142131979695,"190":0.5126903553299492,"156":0.5177664974619289,"185":0.5228426395939086,"188":0.5279187817258884,"170":0.5329949238578681,"172":0.5380710659898477,"176":0.5431472081218274,"107":0.5482233502538071,"166":0.5532994923857868,"163":0.5583756345177665,"175":0.5634517766497462,"164":0.5685279187817259,"9":0.5736040609137056,"17":0.5786802030456852,"162":0.583756345177665,"65":0.5888324873096447,"193":0.5939086294416244,