{"name":"agd","num_of_nodes":42,"num_of_edges":81,"weight":"value","process_time":0.0021419525146484375,"data":{"0":0.5808080808080808,"1":0.35858585858585856,"2":0.44949494949494956,"3":0.16666666666666663,"4":0.2575757575757576,"5":0.40404040404040403,"6":0.21212121212121213,"7":0.0808080808080807,"8":0.308080808080808,"9":0.32323232323232315,"10":0.3939393939393939,"11":0.3535353535353535,"12":0.308080808080808,"13":0.5858585858585859,"14":0.4999999999999999,"15":0.17676767676767674,"16":0.3737373737373737,"17":1.0,"18":0.6515151515151516,"19":1.0,"20":0.26767676767676774,"21":0.6565656565656566,"22":1.0,"23":0.17676767676767674,"24":0.6515151515151516,"25":0.26767676767676774,"26":0.808080808080808,"27":0.51010101010101,"28":0.22222222222222224,"29":0.06565656565656572,"30":0.04040404040404044,"31":0.2626262626262627,"32":0.11616161616161609,"33":0.4090909090909091,"34":0.11616161616161609,"35":0.10101010101010093,"36":0.32323232323232315,"37":0.18686868686868685,"38":0.308080808080808,"39":0.0,"40":0.13131313131313124,"41":0.4090909090909091},"ranked":{"39":0.0,"30":0.024390243902439025,"29":0.04878048780487805,"7":0.07317073170731707,"35":0.0975609756097561,"32":0.12195121951219512,"34":0.14634146341463414,"40":0.17073170731707318,"3":0.1951219512195122,"15":0.21951219512195122,"23":0.24390243902439024,"37":0.2682926829268293,"6":0.2926829268292683,"28":0.3170731707317073,"4":0.34146341463414637,"31":0.36585365853658536,"20":0.3902439024390244,"25":0.4146341463414634,"8":0.43902439024390244,"12":0.4634146341463415,"38":0.4878048780487805,"9":0.5121951219512195,"36":0.5365853658536586,"11":0.5609756097560976,"1":0.5853658536585366,"16":0.6097560975609756,"10":0.6341463414634146,"5":0.6585365853658537,"33":0.6829268292682927,"41":0.7073170731707317,"2":0.7317073170731707,"14":0.7560975609756098,"27":0.7804878048780488,"0":0.8048780487804879,"13":0.8292682926829268,"18":0.8536585365853658,"24":0.8780487804878049,"21":0.9024390243902439,"26":0.926829268292683,"17":0.9512195121951219,"19":0.975609756097561,"22":1.0}}