{"name":"density","eps":0.5,"weight":"value","num_of_nodes":144,"num_of_edges":281,"process_time":0.017208099365234375,"data":{"0":0.25216099951852144,"1":0.0018522332466133383,"2":0.0018523453649919698,"3":0.000617476484522101,"4":0.0012350370578980557,"5":0.5018522612763361,"6":0.0043220270665560445,"7":0.49999997197051016,"8":0.0024696817016106615,"9":0.0043219149483171735,"10":0.25030882233112073,"11":0.501234784791651,"12":0.4987651311195418,"13":0.0018521771874240227,"14":0.0012348688804698687,"15":0.2509260745789322,"16":0.0043219149483171735,"17":0.0018522332466133383,"18":0.4987651311195418,"19":0.500617448455009,"20":0.0037045786115820147,"21":0.0024696256424679326,"22":0.2527783638848047,"23":0.49938252351544293,"24":0.0006174204253327853,"25":0.2527782797959741,"26":0.0012350370578980557,"27":0.0030871021270832072,"28":0.7509260745790369,"29":0.000617476484522101,"30":0.25092615866762297,"31":0.25339578431025395,"32":0.000617476484522101,"33":0.0012348688804698687,"34":0.0006174204253327853,"35":0.0030871301565846914,"36":0.2515435230338829,"37":0.0024697097312751997,"38":0.0024697097312751997,"39":0.0018523173353041384,"40":0.0030870740974885493,"41":0.5006173643662949,"42":1.0,"43":0.0030871301566312783,"44":0.0018523173353041384,"45":0.0018523733945633343,"46":0.25154352303406924,"47":0.4987653273267277,"48":0.000617476484522101,"49":0.25339570022146995,"50":0.002469681701703835,"51":0.7490738133027358,"52":0.0030870180382293532,"53":0.4993825795745857,"54":0.2515435230339062,"55":0.5006173363366769,"56":0.249691345846389,"57":0.001852345364945383,"58":0.5006173923958429,"59":0.5012348128211758,"60":0.5018521211282929,"61":0.5000000280295597,"62":0.2515436351522382,"63":0.001852317335280845,"64":0.2521609434594486,"65":0.0012348688803301086,"66":0.2509262988155497,"67":0.0018523453649220898,"68":0.5006173363366071,"69":0.0012348688803301086,"70":0.7496912056985205,"71":0.249691345846389,"72":0.0012348688803301086,"73":0.0012350370578048822,"74":0.0018522612761847027,"75":0.24969137387596035,"76":0.0030871021270832072,"77":0.0030870740973953756,"78":0.2521608593706646,"79":0.002469625642444639,"80":0.000617476484522101,"81":0.2509261306381448,"82":2.802957136449021e-08,"83":0.001234896909901473,"84":0.5000000280295132,"85":0.7503086541535644,"86":0.001234896909901473,"87":0.0012350370578048822,"88":0.4999999719703704,"89":0.5006173363366769,"90":0.002469737760776684,"91":0.249691345846389,"92":0.2509261026085501,"93":0.24969131781684092,"94":0.0030870740974885493,"95":0.499999971970417,"96":0.00493936340326791,"97":0.7490739254210446,"98":0.2503087662719081,"99":0.25154363515235467,"100":0.5000000560591776,"101":0.5000000560591078,"102":0.500617420425391,"103":0.2515436351522382,"104":0.0030871862157041273,"105":0.001234868880423282,"106":0.0006173923957847142,"107":0.0024696256424213458,"108":0.0018523733945633343,"109":0.252160999518568,"110":0.49814776675332845,"111":0.501852205217077,"112":0.7515434109156091,"113":0.0030872142452754918,"114":0.5000000560591776,"115":0.0018523733945866275,"116":0.25216099951845156,"117":0.25154369121133435,"118":0.0,"119":0.25092610260848025,"120":0.25154352303392946,"121":0.24907395345060426,"122":0.0030870460678473046,"123":0.0006173923957847142,"124":0.003087102127153087,"125":0.7484565330253298,"126":0.5030869619791448,"127":0.003087102127059914,"128":0.0024697097312053194,"129":0.5012348969099364,"130":0.0012349529691373755,"131":0.24907395345060426,"132":0.7515434109156091,"133":0.0,"134":0.5012348128212456,"135":0.5018522612761963,"136":0.7503086821830892,"137":0.25216099951845156,"138":0.24969128978726954,"139":0.0018523733945633343,"140":0.0030870740975118428,"141":0.25277847600311343,"142":0.0024696817016572484,"143":0.9993825795746439},"ranked":{"118":0.0,"133":0.006993006993006993,"82":0.013986013986013986,"106":0.02097902097902098,"123":0.027972027972027972,"24":0.03496503496503497,"34":0.04195804195804196,"3":0.04895104895104895,"29":0.055944055944055944,"32":0.06293706293706294,"48":0.06993006993006994,"80":0.07692307692307693,"65":0.08391608391608392,"69":0.09090909090909091,"72":0.0979020979020979,"105":0.1048951048951049,"14":0.11188811188811189,"33":0.11888111888111888,"83":0.1258741258741259,"86":0.13286713286713286,"130":0.13986013986013987,"73":0.14685314685314685,"87":0.15384615384615385,"4":0.16083916083916083,"26":0.16783216783216784,"13":0.17482517482517482,"1":0.18181818181818182,"17":0.1888111888111888,"74":0.1958041958041958,"63":0.20279720279720279,"39":0.2097902097902098,"44":0.21678321678321677,"67":0.22377622377622378,"57":0.23076923076923078,"2":0.23776223776223776,"45":0.24475524475524477,"108":0.2517482517482518,"139":0.25874125874125875,"115":0.26573426573426573,"107":0.2727272727272727,"79":0.27972027972027974,"21":0.2867132867132867,"8":0.2937062937062937,"142":0.3006993006993007,"50":0.3076923076923077,"128":0.3146853146853147,"37":0.32167832167832167,"38":0.32867132867132864,"90":0.3356643356643357,"52":0.34265734265734266,"122":0.34965034965034963,"77":0.35664335664335667,"40":0.36363636363636365,"94":0.3706293706293706,"140":0.3776223776223776,"127":0.38461538461538464,"27":0.3916083916083916,"76":0.3986013986013986,"124":0.40559440559440557,"35":0.4125874125874126,"43":0.4195804195804196,"104":0.42657342657342656,"113":0.43356643356643354,"20":0.4405594405594406,"9":0.44755244755244755,"16":0.45454545454545453,"6":0.46153846153846156,"96":0.46853146853146854,"121":0.4755244755244755,"131":0.4825174825174825,"138":0.48951048951048953,"93":0.4965034965034965,"56":0.5034965034965035,"71":0.5104895104895105,"91":0.5174825174825175,"75":0.5244755244755245,"98":0.5314685314685315,"10":0.5384615384615384,"15":0.5454545454545454,"119":0.5524475524475524,"92":0.5594405594405595,"81":0.5664335664335665,"30":0.5734265734265734,"66":0.5804195804195804,"36":0.5874125874125874,"54":0.5944055944055944,"120":0.6013986013986014,"46":0.6083916083916084,"62":0.6153846153846154,"103":0.6223776223776224,"99":0.6293706293706294,"117":0.6363636363636364,"78":0.6433566433566433,"64":0.6503496503496503,"116":0.6573426573426573,"137":0.6643356643356644,"0":0.6713286713286714,"109":0.6783216783216783,"25":0.6853146853146853,"22":0.6923076923076923,"141":0.6993006993006993,"49":0.7062937062937062,"31":0.7132867132867133,"110":0.7202797202797203,"12":0.7272727272727273,"18":0.7342657342657343,"47":0.7412587412587412,"23":0.7482517482517482,"53":0.7552447552447552,"88":0.7622377622377622,"95":0.7692307692307693,"7":0.7762237762237763,"84":0.7832167832167832,"61":0.7902097902097902,"101":0.7972027972027972,"100":0.8041958041958042,"114":0.8111888111888111,"68":0.8181818181818182,"55":0.8251748251748252,"89":0.8321678321678322,"41":0.8391608391608392,"58":0.8461538461538461,"102":0.8531468531468531,"19":0.8601398601398601,"11":0.8671328671328671,"59":0.8741258741258742,"134":0.8811188811188811,"129":0.8881118881118881,"60":0.8951048951048951,"111":0.9020979020979021,"135":0.9090909090909091,"5":0.916083916083916,"126":0.9230769230769231,"125":0.9300699300699301,"51":0.9370629370629371,"97":0.9440559440559441,"70":0.951048951048951,"85":0.958041958041958,"136":0.965034965034965,"28":0.972027972027972,"112":0.9790209790209791,"132":0.986013986013986,"143":0.993006993006993,"42":1.0}}