{"name":"fiedler","normalized":false,"weight":"value","num_of_nodes":150,"num_of_edges":464,"process_time":0.05137038230895996,"data":{"0":0.03683740742945985,"1":0.0006278267620279205,"2":0.15998673336700908,"3":0.00608118301062176,"4":0.0813203828524117,"5":0.43970442546400806,"6":0.004615283450655469,"7":0.41722396603519435,"8":0.41354111227015156,"9":0.05026090761305134,"10":0.0,"11":0.049503920819835,"12":0.11729809767422616,"13":0.38636863383791115,"14":0.0013392154798964532,"15":0.042126987301809096,"16":0.01663884583997868,"17":0.01663884583997868,"18":0.0018555272959338495,"19":0.05474503819380891,"20":0.0018555272959337255,"21":0.1504836336116734,"22":0.021032150131525096,"23":0.1671168191827477,"24":0.4102412291119764,"25":0.05474503819380891,"26":0.13160058652996012,"27":0.01152741842452287,"28":0.036837407429459484,"29":0.03338472798845015,"30":0.016732635868351043,"31":0.03231924871268123,"32":0.04556377057620887,"33":0.43256559580871473,"34":0.23214143016018035,"35":0.0059793686129301134,"36":0.029859767966150717,"37":0.3666831334358657,"38":0.41024122911197336,"39":0.030356964989779533,"40":0.002220498392479065,"41":0.042241215065078525,"42":0.0840843933628068,"43":0.3975966152340963,"44":0.4308585261100719,"45":0.06948622925526919,"46":0.16711681918274776,"47":0.031914445790182315,"48":0.049586780489181734,"49":0.020786575680174637,"50":0.8043030716570465,"51":0.9167018794668934,"52":0.8780222108592041,"53":0.9034035861375237,"54":0.8346560837525961,"55":0.9899936631092386,"56":0.8074791254373956,"57":0.9474415811675362,"58":0.9039135205913822,"59":0.913996848491372,"60":0.990612506502898,"61":0.9914036183389153,"62":0.9474415811675362,"63":0.8791746865355103,"64":0.9832930725664033,"65":0.9822654492191143,"66":0.9994277217080098,"67":0.9657472320161437,"68":0.9994277217080098,"69":0.9929891677894841,"70":0.8983547126818783,"71":0.8167224407609385,"72":0.9863033213868432,"73":0.9911766935228354,"74":0.9899936631092386,"75":0.861094340999133,"76":0.8986591607273279,"77":0.9960014264602434,"78":1.0,"79":1.0,"80":0.9967292925051066,"81":0.9658943060991904,"82":0.9924934583631542,"83":0.9909526557310525,"84":0.9474415811675362,"85":0.9909526557310525,"86":0.9657472320161437,"87":0.852684224378746,"88":0.9547176509962527,"89":0.8670224404285692,"90":0.9027060020289103,"91":0.9994277217080098,"92":0.8142417455260396,"93":0.9577986101235987,"94":0.8913345164627269,"95":0.7971912007992773,"96":0.889823098975789,"97":0.9635139883385705,"98":0.8930748387548509,"99":0.8133950541892379,"100":0.7306864376231167,"101":0.8003139639050442,"102":0.81025050886267,"103":0.8213170052083307,"104":0.7412374905354036,"105":0.7899185275178903,"106":0.7578007770030075,"107":0.812315667498248,"108":0.8210985358170613,"109":0.6994185543394736,"110":0.7669202034519906,"111":0.7964416358075236,"112":0.7938577470630299,"113":0.7647882339641741,"114":0.7937806573825507,"115":0.7785720845530181,"116":0.7825722823833665,"117":0.781816517203361,"118":0.8161807053889676,"119":0.8209171909130105,"120":0.8290081610802575,"121":0.8096484388575562,"122":0.8147761820430541,"123":0.7720722596644444,"124":0.7927632935291936,"125":0.7865297833856745,"126":0.8199786444949779,"127":0.8196501133466579,"128":0.8213170052083307,"129":0.786799970811104,"130":0.8148305576124131,"131":0.7629428119620613,"132":0.8043030716570465,"133":0.7927632935291936,"134":0.7893723344132402,"135":0.779508595799067,"136":0.8209171909130105,"137":0.7865297833856745,"138":0.8045233765298776,"139":0.804211721159908,"140":0.7823875506357113,"141":0.793447498442229,"142":0.813430904935443,"143":0.7848310492809536,"144":0.8194620035371696,"145":0.5393285154450996,"146":0.796013113048181,"147":0.6950442157777772,"148":0.7261576547265197,"149":0.7692335193237605},"ranked":{"10":0.0,"1":0.006711409395973154,"14":0.013422818791946308,"20":0.020134228187919462,"18":0.026845637583892617,"40":0.03355704697986577,"6":0.040268456375838924,"35":0.04697986577181208,"3":0.053691275167785234,"27":0.06040268456375839,"16":0.06711409395973154,"17":0.0738255033557047,"30":0.08053691275167785,"49":0.087248322147651,"22":0.09395973154362416,"36":0.10067114093959731,"39":0.10738255033557047,"47":0.11409395973154363,"31":0.12080536912751678,"29":0.12751677852348994,"28":0.1342281879194631,"0":0.14093959731543623,"15":0.1476510067114094,"41":0.15436241610738255,"32":0.1610738255033557,"11":0.16778523489932887,"48":0.174496644295302,"9":0.18120805369127516,"19":0.18791946308724833,"25":0.19463087248322147,"45":0.20134228187919462,"4":0.2080536912751678,"42":0.21476510067114093,"12":0.2214765100671141,"26":0.22818791946308725,"21":0.2348993288590604,"2":0.24161073825503357,"23":0.2483221476510067,"46":0.2550335570469799,"34":0.26174496644295303,"37":0.2684563758389262,"13":0.2751677852348993,"43":0.28187919463087246,"38":0.28859060402684567,"24":0.2953020134228188,"8":0.30201342281879195,"7":0.3087248322147651,"44":0.31543624161073824,"33":0.3221476510067114,"5":0.3288590604026846,"145":0.33557046979865773,"147":0.3422818791946309,"109":0.348993288590604,"148":0.35570469798657717,"100":0.3624161073825503,"104":0.3691275167785235,"106":0.37583892617449666,"131":0.3825503355704698,"113":0.38926174496644295,"110":0.3959731543624161,"149":0.40268456375838924,"123":0.40939597315436244,"115":0.4161073825503356,"135":0.4228187919463087,"117":0.42953020134228187,"140":0.436241610738255,"116":0.4429530201342282,"143":0.44966442953020136,"125":0.4563758389261745,"137":0.46308724832214765,"129":0.4697986577181208,"134":0.47651006711409394,"105":0.48322147651006714,"124":0.4899328859060403,"133":0.4966442953020134,"141":0.5033557046979866,"114":0.5100671140939598,"112":0.5167785234899329,"146":0.5234899328859061,"111":0.5302013422818792,"95":0.5369127516778524,"101":0.5436241610738255,"139":0.5503355704697986,"50":0.5570469798657718,"132":0.5637583892617449,"138":0.5704697986577181,"56":0.5771812080536913,"121":0.5838926174496645,"102":0.5906040268456376,"107":0.5973154362416108,"99":0.6040268456375839,"142":0.610738255033557,"92":0.6174496644295302,"122":0.6241610738255033,"130":0.6308724832214765,"118":0.6375838926174496,"71":0.6442953020134228,"144":0.6510067114093959,"127":0.6577181208053692,"126":0.6644295302013423,"119":0.6711409395973155,"136":0.6778523489932886,"108":0.6845637583892618,"103":0.6912751677852349,"128":0.697986577181208,"120":0.7046979865771812,"54":0.7114093959731543,"87":0.7181208053691275,"75":0.7248322147651006,"89":0.7315436241610739,"52":0.738255033557047,"63":0.7449664429530202,"96":0.7516778523489933,"94":0.7583892617449665,"98":0.7651006711409396,"70":0.7718120805369127,"76":0.7785234899328859,"90":0.785234899328859,"53":0.7919463087248322,"58":0.7986577181208053,"59":0.8053691275167785,"51":0.8120805369127517,"62":0.8187919463087249,"84":0.825503355704698,"57":0.8322147651006712,"88":0.8389261744966443,"93":0.8456375838926175,"97":0.8523489932885906,"67":0.8590604026845637,"86":0.8657718120805369,"81":0.87248322147651,"65":0.8791946308724832,"64":0.8859060402684564,"72":0.8926174496644296,"74":0.8993288590604027,"55":0.9060402684563759,"60":0.912751677852349,"85":0.9194630872483222,"83":0.9261744966442953,"73":0.9328859060402684,"61":0.9395973154362416,"82":0.9463087248322147,"69":0.9530201342281879,"77":0.959731543624161,"80":0.9664429530201343,"66":0.9731543624161074,"68":0.9798657718120806,"91":0.9865771812080537,"78":0.9932885906040269,"79":1.0}}