{"name":"density","eps":0.5,"weight":"value","num_of_nodes":153,"num_of_edges":288,"process_time":0.015758037567138672,"data":{"0":0.20128773733001998,"1":0.20277369533022177,"2":0.20079252292539718,"3":0.0014859130309071132,"4":0.40059436970934426,"5":0.00148580060705381,"6":0.00148580060705381,"7":0.0034668605881185417,"8":0.0024764542637257764,"9":0.4020801478315078,"10":0.002476409294225563,"11":0.20227821110859767,"12":0.20178301918888378,"13":0.0029716911529772483,"14":0.0009906086872091238,"15":0.40108969653759613,"16":0.20079243298637806,"17":0.004457469275365037,"18":0.20227834601713568,"19":0.40158493342703444,"20":0.4025754746598905,"21":0.4015848659727561,"22":0.5999010020885751,"23":0.0014858455765727088,"24":0.002971601214032878,"25":0.0034668605881185417,"26":0.0009905862025244164,"27":0.20128775981476074,"28":0.001981172404843293,"29":0.4010896065986331,"30":0.001981127435436507,"31":0.20079243298637806,"32":0.203268864765307,"33":0.0024763643247627206,"34":0.20277347048270203,"35":1.0,"36":0.002971601214032878,"37":0.20178304167354982,"38":0.003466950527118968,"39":0.001981104950714428,"40":0.201783064158384,"41":0.0019811724049367202,"42":0.002971578729273429,"43":0.20277360539133346,"44":0.40158484348792195,"45":0.0019811499201772705,"46":0.4015848659727561,"47":0.0014858680612387309,"48":0.20326875234152844,"49":0.0019811049506396864,"50":0.4015848659727561,"51":0.2022782335933945,"52":0.20079247795585958,"53":0.0029716012140702493,"54":0.20128780478416755,"55":0.0009905862024309892,"56":0.0009906086871904385,"57":0.20227825607806052,"58":0.40158488845738477,"59":0.20029719609701446,"60":0.40158488845738477,"61":0.0009905862024123036,"62":0.0019811049506396864,"63":0.20227827856285735,"64":0.0024763193551877657,"65":0.4010896065985957,"66":0.6008915208367651,"67":0.0004952818588637981,"68":0.001981082465880237,"69":0.001981082465880237,"70":0.0009906086871904385,"71":0.0019811499200464724,"72":0.0004953268283453259,"73":0.0014859130307015732,"74":0.6023772315047438,"75":0.20029719609701446,"76":0.0019811499200464724,"77":0.002476409294225563,"78":0.0009905862024123036,"79":0.0009906086871904385,"80":0.0004953268283453259,"81":0.40208012534672966,"82":0.20029721858175523,"83":0.0014858455765353379,"84":0.4015848434879593,"85":0.40158488845738477,"86":0.0004952818588637981,"87":0.20128780478416755,"88":0.0009906086871904385,"89":0.002476341839947215,"90":0.0009905862024123036,"91":0.40208012534672966,"92":0.20079254541008187,"93":0.0009906086871904385,"94":0.0014859130307015732,"95":0.20128775981468602,"96":0.0019810824658428663,"97":0.4010895841138363,"98":0.20079250044060035,"99":0.20128775981468602,"100":0.0009905862024309892,"101":0.0014859130307576295,"102":0.0,"103":0.000990541232930776,"104":0.0009906311719872587,"105":0.20227827856293207,"106":0.001981127435492563,"107":0.0024764542637257764,"108":0.002476409294262934,"109":0.20227827856293207,"110":0.20227832353235756,"111":0.4020801703163233,"112":0.0009906311719872587,"113":0.6013868026956662,"114":0.20178313161253156,"115":0.000990541232930776,"116":0.20128773732992655,"117":0.20227834601713568,"118":0.0024764092941695066,"119":0.40108967405287405,"120":0.0034669954966378667,"121":0.20326886476526965,"122":0.40208012534680443,"123":0.40208021528578614,"124":0.002476409294262934,"125":0.20227839098663591,"126":0.0,"127":0.4020801928010454,"128":0.2022784134713393,"129":0.40009906536570233,"130":0.003466973011915788,"131":0.0,"132":0.20128773732994526,"133":0.2022782785629134,"134":0.0029716461836078335,"135":0.0034669730119344737,"136":0.6003962614626607,"137":0.002476409294262934,"138":0.4020802377705456,"139":0.0014858680613508435,"140":0.20227834601713568,"141":0.003466860588137227,"142":0.0034668605881559124,"143":0.001485823091794574,"144":0.2017830641582906,"145":0.20079243298637806,"146":0.20277360539124004,"147":0.0,"148":0.4020801703163233,"149":0.001981104950621001,"150":0.20277362787596212,"151":0.001485823091794574,"152":0.2017830641582906},"ranked":{"102":0.0,"126":0.006578947368421052,"131":0.013157894736842105,"147":0.019736842105263157,"67":0.02631578947368421,"86":0.03289473684210526,"72":0.039473684210526314,"80":0.046052631578947366,"103":0.05263157894736842,"115":0.05921052631578947,"61":0.06578947368421052,"78":0.07236842105263158,"90":0.07894736842105263,"55":0.08552631578947369,"100":0.09210526315789473,"26":0.09868421052631579,"56":0.10526315789473684,"70":0.1118421052631579,"79":0.11842105263157894,"88":0.125,"93":0.13157894736842105,"14":0.13815789473684212,"104":0.14473684210526316,"112":0.1513157894736842,"5":0.15789473684210525,"6":0.16447368421052633,"143":0.17105263157894737,"151":0.17763157894736842,"83":0.18421052631578946,"23":0.19078947368421054,"47":0.19736842105263158,"139":0.20394736842105263,"73":0.21052631578947367,"94":0.21710526315789475,"101":0.2236842105263158,"3":0.23026315789473684,"96":0.23684210526315788,"68":0.24342105263157895,"69":0.25,"149":0.2565789473684211,"49":0.2631578947368421,"62":0.26973684210526316,"39":0.27631578947368424,"30":0.28289473684210525,"106":0.2894736842105263,"71":0.29605263157894735,"76":0.3026315789473684,"45":0.3092105263157895,"28":0.3157894736842105,"41":0.3223684210526316,"64":0.32894736842105265,"89":0.3355263157894737,"33":0.34210526315789475,"118":0.34868421052631576,"10":0.35526315789473684,"77":0.3618421052631579,"108":0.3684210526315789,"124":0.375,"137":0.3815789473684211,"8":0.3881578947368421,"107":0.39473684210526316,"42":0.40131578947368424,"24":0.40789473684210525,"36":0.4144736842105263,"53":0.42105263157894735,"134":0.4276315789473684,"13":0.4342105263157895,"7":0.4407894736842105,"25":0.4473684210526316,"141":0.45394736842105265,"142":0.4605263157894737,"38":0.46710526315789475,"130":0.47368421052631576,"135":0.48026315789473684,"120":0.4868421052631579,"17":0.4934210526315789,"59":0.5,"75":0.506578947368421,"82":0.5131578947368421,"16":0.5197368421052632,"31":0.5263157894736842,"145":0.5328947368421053,"52":0.5394736842105263,"98":0.5460526315789473,"2":0.5526315789473685,"92":0.5592105263157895,"116":0.5657894736842105,"132":0.5723684210526315,"0":0.5789473684210527,"95":0.5855263157894737,"99":0.5921052631578947,"27":0.5986842105263158,"54":0.6052631578947368,"87":0.6118421052631579,"12":0.618421052631579,"37":0.625,"144":0.631578947368421,"152":0.6381578947368421,"40":0.6447368421052632,"114":0.6513157894736842,"11":0.6578947368421053,"51":0.6644736842105263,"57":0.6710526315789473,"63":0.6776315789473685,"133":0.6842105263157895,"105":0.6907894736842105,"109":0.6973684210526315,"110":0.7039473684210527,"18":0.7105263157894737,"117":0.7171052631578947,"140":0.7236842105263158,"125":0.7302631578947368,"128":0.7368421052631579,"34":0.743421052631579,"146":0.75,"43":0.756578947368421,"150":0.7631578947368421,"1":0.7697368421052632,"48":0.7763157894736842,"121":0.7828947368421053,"32":0.7894736842105263,"129":0.7960526315789473,"4":0.8026315789473685,"97":0.8092105263157895,"65":0.8157894736842105,"29":0.8223684210526315,"119":0.8289473684210527,"15":0.8355263157894737,"44":0.8421052631578947,"84":0.8486842105263158,"21":0.8552631578947368,"46":0.8618421052631579,"50":0.868421052631579,"58":0.875,"60":0.881578947368421,"85":0.8881578947368421,"19":0.8947368421052632,"81":0.9013157894736842,"91":0.9078947368421053,"122":0.9144736842105263,"9":0.9210526315789473,"111":0.9276315789473685,"148":0.9342105263157895,"127":0.9407894736842105,"123":0.9473684210526315,"138":0.9539473684210527,"20":0.9605263157894737,"22":0.9671052631578947,"136":0.9736842105263158,"66":0.9802631578947368,"113":0.9868421052631579,"74":0.993421052631579,"35":1.0}}