{"name":"agd","num_of_nodes":192,"num_of_edges":373,"weight":"value","process_time":0.01584792137145996,"data":{"0":0.7397078353253652,"1":0.6268260292164675,"2":0.5405046480743692,"3":0.5179282868525896,"4":0.5856573705179283,"5":0.04913678618857902,"6":0.5737051792828685,"7":0.46215139442231074,"8":0.552456839309429,"9":0.6626826029216468,"10":0.448871181938911,"11":0.5750332005312085,"12":0.4581673306772908,"13":0.5577689243027888,"14":0.03718459495351926,"15":0.05710491367861886,"16":0.6015936254980079,"17":0.5245683930942895,"18":0.4873837981407702,"19":0.05710491367861886,"20":0.555112881806109,"21":0.5816733067729083,"22":0.5444887118193891,"23":0.4714475431606906,"24":0.4674634794156706,"25":0.03718459495351926,"26":0.602921646746348,"27":0.7397078353253652,"28":0.6015936254980079,"29":0.042496679946879154,"30":0.46082337317397076,"31":0.5710491367861885,"32":0.44223107569721115,"33":0.4435590969455511,"34":0.4475431606905711,"35":0.6733067729083665,"36":0.5139442231075697,"37":0.5325365205843293,"38":0.5378486055776892,"39":0.50066401062417,"40":0.5856573705179283,"41":0.5537848605577689,"42":0.03718459495351926,"43":0.04913678618857902,"44":0.03187250996015937,"45":0.5843293492695882,"46":0.7304116865869854,"47":0.04116865869853918,"48":0.448871181938911,"49":0.05710491367861886,"50":0.6135458167330677,"51":0.0398406374501992,"52":0.035856573705179286,"53":0.5564409030544489,"54":0.5909694555112881,"55":0.6799468791500664,"56":0.05444887118193891,"57":0.7397078353253652,"58":0.49402390438247007,"59":0.05444887118193891,"60":0.04913678618857902,"61":0.6122177954847278,"62":0.6321381142098274,"63":0.5285524568393095,"64":0.6440903054448871,"65":0.6693227091633467,"66":0.6547144754316069,"67":0.8645418326693227,"68":0.6347941567065073,"69":0.5790172642762285,"70":0.8645418326693227,"71":0.9203187250996016,"72":0.8645418326693227,"73":0.7224435590969456,"74":0.9335989375830013,"75":0.5033200531208499,"76":0.5537848605577689,"77":0.9203187250996016,"78":0.8592297476759628,"79":0.5458167330677292,"80":0.5763612217795485,"81":1.0,"82":0.6693227091633467,"83":0.5790172642762285,"84":0.7729083665338645,"85":0.6613545816733067,"86":0.7915006640106241,"87":0.5604249667994687,"88":0.5790172642762285,"89":0.7795484727755644,"90":0.8393094289508632,"91":0.7197875166002656,"92":0.5683930942895087,"93":0.5909694555112881,"94":0.7211155378486055,"95":0.50066401062417,"96":0.602921646746348,"97":0.7848605577689243,"98":0.6560424966799469,"99":0.7131474103585658,"100":0.5670650730411686,"101":1.0,"102":0.6069057104913679,"103":0.5856573705179283,"104":0.8632138114209827,"105":0.6148738379814076,"106":0.5298804780876494,"107":0.6746347941567065,"108":0.6361221779548473,"109":0.5086321381142098,"110":0.50199203187251,"111":0.8618857901726428,"112":0.6215139442231076,"113":0.5086321381142098,"114":0.5378486055776892,"115":0.8393094289508632,"116":0.7888446215139443,"117":0.5205843293492696,"118":0.6374501992031872,"119":0.6759628154050465,"120":0.6148738379814076,"121":0.6122177954847278,"122":0.8539176626826029,"123":0.552456839309429,"124":0.6069057104913679,"125":0.600265604249668,"126":0.844621513944223,"127":0.6626826029216468,"128":0.44223107569721115,"129":0.747675962815405,"130":0.8207171314741035,"131":0.6321381142098274,"132":0.29083665338645415,"133":0.3904382470119522,"134":0.8857901726427623,"135":0.28818061088977426,"136":0.4342629482071713,"137":0.2642762284196547,"138":0.450199203187251,"139":0.4555112881806109,"140":0.25630810092961487,"141":0.2549800796812749,"142":0.0,"143":0.45285524568393093,"144":0.8167330677290837,"145":0.747675962815405,"146":0.6905710491367861,"147":0.8857901726427623,"148":0.3426294820717132,"149":0.37184594953519257,"150":0.28286852589641437,"151":0.4409030544488712,"152":0.2961487383798141,"153":0.4077025232403719,"154":0.2682602921646746,"155":0.2788844621513944,"156":0.8140770252324037,"157":0.6865869853917663,"158":0.0,"159":0.45949535192563085,"160":0.44223107569721115,"161":0.6387782204515272,"162":0.0,"163":0.32669322709163345,"164":0.41035856573705176,"165":0.8897742363877822,"166":0.30810092961487384,"167":0.27224435590969454,"168":0.2735723771580345,"169":0.8167330677290837,"170":0.401062416998672,"171":0.4395750332005312,"172":0.28818061088977426,"173":0.0,"174":0.45683930942895085,"175":0.28286852589641437,"176":0.3612217795484728,"177":0.26162018592297476,"178":0.2775564409030545,"179":0.301460823373174,"180":0.5830013280212484,"181":0.450199203187251,"182":0.4409030544488712,"183":0.300132802124834,"184":0.28818061088977426,"185":0.28818061088977426,"186":0.301460823373174,"187":0.3665338645418327,"188":0.44223107569721115,"189":0.38645418326693226,"190":0.26294820717131473,"191":0.33067729083665337},"ranked":{"142":0.0,"158":0.005235602094240838,"162":0.010471204188481676,"173":0.015706806282722512,"44":0.020942408376963352,"52":0.02617801047120419,"14":0.031413612565445025,"25":0.03664921465968586,"42":0.041884816753926704,"51":0.04712041884816754,"47":0.05235602094240838,"29":0.05759162303664921,"5":0.06282722513089005,"43":0.06806282722513089,"60":0.07329842931937172,"56":0.07853403141361257,"59":0.08376963350785341,"15":0.08900523560209424,"19":0.09424083769633508,"49":0.09947643979057591,"141":0.10471204188481675,"140":0.1099476439790576,"177":0.11518324607329843,"190":0.12041884816753927,"137":0.1256544502617801,"154":0.13089005235602094,"167":0.13612565445026178,"168":0.14136125654450263,"178":0.14659685863874344,"155":0.1518324607329843,"150":0.15706806282722513,"175":0.16230366492146597,"135":0.16753926701570682,"172":0.17277486910994763,"184":0.17801047120418848,"185":0.18324607329842932,"132":0.18848167539267016,"152":0.193717277486911,"183":0.19895287958115182,"179":0.20418848167539266,"186":0.2094240837696335,"166":0.21465968586387435,"163":0.2198952879581152,"191":0.225130890052356,"148":0.23036649214659685,"176":0.2356020942408377,"187":0.24083769633507854,"149":0.24607329842931938,"189":0.2513089005235602,"133":0.25654450261780104,"170":0.2617801047120419,"153":0.2670157068062827,"164":0.27225130890052357,"136":0.2774869109947644,"171":0.28272251308900526,"151":0.2879581151832461,"182":0.2931937172774869,"32":0.29842931937172773,"128":0.3036649214659686,"160":0.3089005235602094,"188":0.31413612565445026,"33":0.3193717277486911,"34":0.32460732984293195,"10":0.3298429319371728,"48":0.33507853403141363,"138":0.3403141361256545,"181":0.34554973821989526,"143":0.3507853403141361,"139":0.35602094240837695,"174":0.3612565445026178,"12":0.36649214659685864,"159":0.3717277486910995,"30":0.3769633507853403,"7":0.38219895287958117,"24":0.387434554973822,"23":0.39267015706806285,"18":0.39790575916230364,"58":0.4031413612565445,"39":0.4083769633507853,"95":0.41361256544502617,"110":0.418848167539267,"75":0.42408376963350786,"109":0.4293193717277487,"113":0.43455497382198954,"36":0.4397905759162304,"3":0.44502617801047123,"117":0.450261780104712,"17":0.45549738219895286,"63":0.4607329842931937,"106":0.46596858638743455,"37":0.4712041884816754,"38":0.47643979057591623,"114":0.4816753926701571,"2":0.4869109947643979,"22":0.49214659685863876,"79":0.4973821989528796,"8":0.5026178010471204,"123":0.5078534031413613,"41":0.5130890052356021,"76":0.518324607329843,"20":0.5235602094240838,"53":0.5287958115183246,"13":0.5340314136125655,"87":0.5392670157068062,"100":0.5445026178010471,"92":0.5497382198952879,"31":0.5549738219895288,"6":0.5602094240837696,"11":0.5654450261780105,"80":0.5706806282722513,"69":0.5759162303664922,"83":0.581151832460733,"88":0.5863874345549738,"21":0.5916230366492147,"180":0.5968586387434555,"45":0.6020942408376964,"4":0.6073298429319371,"40":0.612565445026178,"103":0.6178010471204188,"54":0.6230366492146597,"93":0.6282722513089005,"125":0.6335078534031413,"16":0.6387434554973822,"28":0.643979057591623,"26":0.6492146596858639,"96":0.6544502617801047,"102":0.6596858638743456,"124":0.6649214659685864,"61":0.6701570680628273,"121":0.675392670157068,"50":0.680628272251309,