{"name":"agd","num_of_nodes":183,"num_of_edges":356,"weight":"value","process_time":0.02234792709350586,"data":{"0":0.6325167037861915,"1":0.5033407572383073,"2":0.5311804008908686,"3":0.566815144766147,"4":0.5289532293986637,"5":0.710467706013363,"6":0.5590200445434298,"7":0.5311804008908686,"8":1.0,"9":0.4643652561247216,"10":0.7238307349665924,"11":0.8541202672605791,"12":0.576837416481069,"13":0.6347438752783964,"14":0.6347438752783964,"15":0.5846325167037861,"16":0.5278396436525612,"17":0.7015590200445434,"18":0.4521158129175947,"19":0.7850779510022272,"20":0.5189309576837416,"21":0.8496659242761693,"22":0.6146993318485523,"23":0.5657015590200446,"24":0.5590200445434298,"25":0.43763919821826275,"26":0.4944320712694878,"27":0.5278396436525612,"28":0.5200445434298441,"29":0.44320712694877507,"30":0.5289532293986637,"31":0.4821826280623608,"32":0.8552338530066815,"33":0.5334075723830735,"34":0.477728285077951,"35":0.5489977728285078,"36":0.6158129175946548,"37":0.4354120267260579,"38":0.7861915367483296,"39":0.576837416481069,"40":0.5334075723830735,"41":0.4977728285077951,"42":0.9966592427616927,"43":0.7260579064587973,"44":0.4599109131403118,"45":0.5267260579064588,"46":0.7015590200445434,"47":0.6358574610244988,"48":0.4487750556792873,"49":1.0,"50":0.4387527839643653,"51":0.623608017817372,"52":0.9231625835189309,"53":0.5233853006681515,"54":0.5055679287305123,"55":0.47884187082405344,"56":0.710467706013363,"57":0.623608017817372,"58":0.44988864142538976,"59":0.6670378619153675,"60":0.9231625835189309,"61":0.02672605790645879,"62":0.03006681514476614,"63":0.0378619153674833,"64":0.01893095768374165,"65":0.6525612472160356,"66":0.6447661469933185,"67":0.04342984409799554,"68":0.06347438752783964,"69":0.08017817371937637,"70":0.020044543429844092,"71":0.033407572383073486,"72":0.05679287305122494,"73":0.06347438752783964,"74":0.012249443207126938,"75":0.8608017817371937,"76":0.03452115812917594,"77":0.7839643652561248,"78":0.028953229398663693,"79":0.033407572383073486,"80":0.04231625835189309,"81":0.7861915367483296,"82":0.04120267260579064,"83":0.010022271714922046,"84":0.5835189309576837,"85":0.02672605790645879,"86":0.7828507795100224,"87":0.06347438752783964,"88":0.02338530066815144,"89":0.0,"90":0.004454342984409795,"91":0.0077951002227171435,"92":0.10356347438752783,"93":0.035634743875278395,"94":0.06347438752783964,"95":0.040089086859688185,"96":0.002227171492204892,"97":0.035634743875278395,"98":0.04120267260579064,"99":0.013363028953229395,"100":0.012249443207126938,"101":0.653674832962138,"102":0.07906458797327393,"103":0.03897550111358574,"104":0.03452115812917594,"105":0.7115812917594654,"106":0.5278396436525612,"107":0.8596881959910913,"108":0.014476614699331841,"109":0.653674832962138,"110":0.0,"111":0.028953229398663693,"112":0.031180400890868584,"113":0.06347438752783964,"114":0.061247216035634724,"115":0.057906458797327386,"116":0.003340757238307349,"117":0.08017817371937637,"118":0.011135857461024492,"119":0.8596881959910913,"120":0.03897550111358574,"121":0.04342984409799554,"122":0.309576837416481,"123":0.27616926503340755,"124":0.30066815144766146,"125":0.44766146993318484,"126":0.5189309576837416,"127":0.3808463251670378,"128":0.2616926503340757,"129":0.5812917594654788,"130":0.44543429844098,"131":0.433184855233853,"132":0.5178173719376392,"133":0.3351893095768374,"134":0.4599109131403118,"135":0.36191536748329617,"136":0.27060133630289535,"137":0.3463251670378619,"138":0.3975501113585746,"139":0.26614699331848546,"140":0.3697104677060134,"141":0.3351893095768374,"142":0.287305122494432,"143":0.5612472160356347,"144":0.36080178173719374,"145":0.3017817371937639,"146":0.5623608017817372,"147":0.31514476614699327,"148":0.3864142538975501,"149":0.43207126948775054,"150":0.3452115812917595,"151":0.3040089086859688,"152":0.4587973273942093,"153":0.5,"154":0.37082405345211583,"155":0.5812917594654788,"156":0.4042316258351893,"157":0.5033407572383073,"158":0.30512249443207123,"159":0.3407572383073496,"160":0.44543429844098,"161":0.32293986636971045,"162":0.2728285077951002,"163":0.3942093541202673,"164":0.3184855233853007,"165":0.34187082405345204,"166":0.3697104677060134,"167":0.33630289532293983,"168":0.3930957683741648,"169":0.35634743875278396,"170":0.4042316258351893,"171":0.30066815144766146,"172":0.29064587973273937,"173":0.37639198218262804,"174":0.29955456570155903,"175":0.3273942093541203,"176":0.27728285077951004,"177":0.25835189309576834,"178":0.39643652561247217,"179":0.3273942093541203,"180":0.3273942093541203,"181":0.4409799554565702,"182":0.5055679287305123},"ranked":{"89":0.0,"110":0.005494505494505495,"96":0.01098901098901099,"116":0.016483516483516484,"90":0.02197802197802198,"91":0.027472527472527472,"83":0.03296703296703297,"118":0.038461538461538464,"74":0.04395604395604396,"100":0.04945054945054945,"99":0.054945054945054944,"108":0.06043956043956044,"64":0.06593406593406594,"70":0.07142857142857142,"88":0.07692307692307693,"61":0.08241758241758242,"85":0.08791208791208792,"78":0.09340659340659341,"111":0.0989010989010989,"62":0.1043956043956044,"112":0.10989010989010989,"71":0.11538461538461539,"79":0.12087912087912088,"76":0.12637362637362637,"104":0.13186813186813187,"93":0.13736263736263737,"97":0.14285714285714285,"63":0.14835164835164835,"103":0.15384615384615385,"120":0.15934065934065933,"95":0.16483516483516483,"82":0.17032967032967034,"98":0.17582417582417584,"80":0.1813186813186813,"67":0.18681318681318682,"121":0.19230769230769232,"72":0.1978021978021978,"115":0.2032967032967033,"114":0.2087912087912088,"68":0.21428571428571427,"73":0.21978021978021978,"87":0.22527472527472528,"94":0.23076923076923078,"113":0.23626373626373626,"102":0.24175824175824176,"69":0.24725274725274726,"117":0.25274725274725274,"92":0.25824175824175827,"177":0.26373626373626374,"128":0.2692307692307692,"139":0.27472527472527475,"136":0.2802197802197802,"162":0.2857142857142857,"123":0.29120879120879123,"176":0.2967032967032967,"142":0.3021978021978022,"172":0.3076923076923077,"174":0.3131868131868132,"124":0.31868131868131866,"171":0.3241758241758242,"145":0.32967032967032966,"151":0.33516483516483514,"158":0.34065934065934067,"122":0.34615384615384615,"147":0.3516483516483517,"164":0.35714285714285715,"161":0.3626373626373626,"175":0.36813186813186816,"179":0.37362637362637363,"180":0.3791208791208791,"133":0.38461538461538464,"141":0.3901098901098901,"167":0.3956043956043956,"159":0.4010989010989011,"165":0.4065934065934066,"150":0.41208791208791207,"137":0.4175824175824176,"169":0.4230769230769231,"144":0.42857142857142855,"135":0.4340659340659341,"140":0.43956043956043955,"166":0.44505494505494503,"154":0.45054945054945056,"173":0.45604395604395603,"127":0.46153846153846156,"148":0.46703296703296704,"168":0.4725274725274725,"163":0.47802197802197804,"178":0.4835164835164835,"138":0.489010989010989,"156":0.4945054945054945,"170":0.5,"149":0.5054945054945055,"131":0.510989010989011,"37":0.5164835164835165,"25":0.521978021978022,"50":0.5274725274725275,"181":0.532967032967033,"29":0.5384615384615384,"130":0.5439560439560439,"160":0.5494505494505495,"125":0.554945054945055,"48":0.5604395604395604,"58":0.5659340659340659,"18":0.5714285714285714,"152":0.5769230769230769,"44":0.5824175824175825,"134":0.5879120879120879,"9":0.5934065934065934,"34":0.5989010989010989,"55":0.6043956043956044,"31":0.6098901098901099,"26":0.6153846153846154,"41":0.6208791208791209,"153":0.6263736263736264,"1":0.6318681318681318,"157":0.6373626373626373,"54":0.6428571428571429,"182":0.6483516483516484,"132":0.6538461538461539,"20":0.6593406593406593,"126":0.6648351648351648,"28":0.6703296703296703,"53":0.6758241758241759,"45":0.6813186813186813,"16":0.6868131868131868,"27":0.6923076923076923,"106":0.6978021978021978,"4":0.7032967032967034,"30":0.7087912087912088,"2":0.7142857142857143,"7":0.7197802197802198,"33":0.7252747252747253,"40":0.7307692307692307,"35":0.7362637362637363,"6":0.7417582417582418,"24":0.7472527472527473,