{"name":"fiedler","normalized":false,"weight":"value","num_of_nodes":177,"num_of_edges":548,"process_time":0.06558108329772949,"data":{"0":0.02237608632920486,"1":0.008579453509884835,"2":0.19156025920567632,"3":0.01761144660201444,"4":0.1841310659540071,"5":0.21908811018475643,"6":0.08627792729489858,"7":0.1599510462036897,"8":0.1099044908849198,"9":0.046112900385740604,"10":0.08970027838510294,"11":0.002937825624640408,"12":0.20505815228959617,"13":0.15997054574614764,"14":0.13311194075875352,"15":0.1300248749259443,"16":0.1281856803703169,"17":0.0031957389912956116,"18":0.048163183136380405,"19":0.0,"20":0.07560190368190109,"21":0.07845300284899445,"22":0.1479398713414648,"23":0.19133085394766866,"24":0.18306692446440176,"25":0.20772500843048036,"26":0.23024860354660354,"27":0.08492434592493782,"28":0.21847551700043458,"29":0.006266948759705943,"30":0.07464713344173651,"31":0.11357493884154748,"32":0.008579453509884887,"33":0.0025692490792917832,"34":0.04297973578852243,"35":0.19735618244808062,"36":0.22959611595028687,"37":0.1455841637274706,"38":0.20012996398232427,"39":0.21392719941615382,"40":0.16062450296649877,"41":0.0029608126055479895,"42":0.0036534482328005246,"43":0.07745952285199734,"44":0.0031210486737437435,"45":0.0855246003674123,"46":0.19156025920567635,"47":0.005068274805470383,"48":0.07684247138503537,"49":0.277694071983523,"50":0.0006193040681168219,"51":0.20220683091476527,"52":0.22538128422394438,"53":0.0959455429040677,"54":0.1600869723093719,"55":0.2165152483322116,"56":0.06962122914666165,"57":0.14774842961169063,"58":0.0006193040681168219,"59":0.24067257889690655,"60":0.8795310782077199,"61":0.9638044846792996,"62":0.4371378301253176,"63":0.7526630942122228,"64":0.9958113189291024,"65":0.45908535675888273,"66":0.9958113189291024,"67":0.5106676039185016,"68":0.4092334741512416,"69":0.970372543987398,"70":0.7009855479848399,"71":0.9045633997948515,"72":0.579012317306377,"73":0.9796274810070977,"74":0.40502437127787916,"75":0.7255364488346403,"76":0.4037931776672203,"77":0.6727674142195365,"78":0.586619351520233,"79":0.06040487615020943,"80":0.998133002397298,"81":1.0,"82":0.216783130440834,"83":0.9382265152989654,"84":0.992975567155365,"85":0.7137874778275274,"86":0.39565877923948184,"87":0.9553059414065821,"88":0.9592804454679488,"89":0.4092334741512416,"90":0.7110981434512131,"91":0.46082919250122056,"92":0.4906704828704701,"93":0.46082919250122056,"94":0.40515824554863783,"95":0.7423244624785312,"96":0.6520360506681228,"97":0.6839597039706963,"98":0.7137874778275274,"99":0.7131210614873836,"100":0.39448378182902866,"101":0.9123414582190614,"102":0.9123414582190614,"103":0.7251993669819868,"104":0.4895944011847998,"105":1.0,"106":0.5320274558887715,"107":0.6262608472197639,"108":0.11816295231865555,"109":0.9869856561821756,"110":0.46082919250122056,"111":0.3647595038422681,"112":0.9123414582190614,"113":0.7230741525974504,"114":0.45318982878509007,"115":0.3740020454737804,"116":0.16421478707002374,"117":0.634538147230099,"118":0.55750205822995,"119":0.5801916221233182,"120":0.5911721591715955,"121":0.5796939302362846,"122":0.46333194199120703,"123":0.5553981463187635,"124":0.5089681712248211,"125":0.2074579093402174,"126":0.3621501674827844,"127":0.5256267940782984,"128":0.5873761164374605,"129":0.43547784895495817,"130":0.49172016564280424,"131":0.35719391835209063,"132":0.35987589895482897,"133":0.5549129270485467,"134":0.4926821514378406,"135":0.511135663744575,"136":0.17751691031802838,"137":0.35719391835209063,"138":0.5827302742506539,"139":0.5729610717115374,"140":0.19809844159605686,"141":0.5911721591715955,"142":0.5410434001030164,"143":0.3535572715891282,"144":0.5896641385012993,"145":0.5804417122898413,"146":0.5232374998346033,"147":0.39746354895525304,"148":0.2573124647925336,"149":0.4355153861877939,"150":0.20846127897845598,"151":0.11357493884154748,"152":0.5216698425610292,"153":0.3535572715891282,"154":0.5681660449801181,"155":0.5804417122898413,"156":0.5303655995096213,"157":0.5851264447160281,"158":0.4724093730100344,"159":0.5469069944841602,"160":0.5851978420731753,"161":0.5407323360565048,"162":0.3383261278138139,"163":0.5809692377675402,"164":0.3383261278138139,"165":0.5804417122898413,"166":0.5877895449458413,"167":0.569471136260713,"168":0.5063445020542734,"169":0.6335718167158593,"170":0.3888348138528195,"171":0.5911721591715955,"172":0.378571272383713,"173":0.5777836138186425,"174":0.20781702244437295,"175":0.5911721591715955,"176":0.5688516380689139},"ranked":{"19":0.0,"50":0.005681818181818182,"58":0.011363636363636364,"33":0.017045454545454544,"11":0.022727272727272728,"41":0.028409090909090908,"44":0.03409090909090909,"17":0.03977272727272727,"42":0.045454545454545456,"47":0.05113636363636364,"29":0.056818181818181816,"1":0.0625,"32":0.06818181818181818,"3":0.07386363636363637,"0":0.07954545454545454,"34":0.08522727272727272,"9":0.09090909090909091,"18":0.09659090909090909,"79":0.10227272727272728,"56":0.10795454545454546,"30":0.11363636363636363,"20":0.11931818181818182,"48":0.125,"43":0.13068181818181818,"21":0.13636363636363635,"27":0.14204545454545456,"45":0.14772727272727273,"6":0.1534090909090909,"10":0.1590909090909091,"53":0.16477272727272727,"8":0.17045454545454544,"31":0.17613636363636365,"151":0.18181818181818182,"108":0.1875,"16":0.19318181818181818,"15":0.19886363636363635,"14":0.20454545454545456,"37":0.21022727272727273,"57":0.2159090909090909,"22":0.2215909090909091,"7":0.22727272727272727,"13":0.23295454545454544,"54":0.23863636363636365,"40":0.24431818181818182,"116":0.25,"136":0.2556818181818182,"24":0.26136363636363635,"4":0.26704545454545453,"23":0.2727272727272727,"2":0.2784090909090909,"46":0.2840909090909091,"35":0.2897727272727273,"140":0.29545454545454547,"38":0.30113636363636365,"51":0.3068181818181818,"12":0.3125,"125":0.3181818181818182,"25":0.32386363636363635,"174":0.32954545454545453,"150":0.3352272727272727,"39":0.3409090909090909,"55":0.3465909090909091,"82":0.3522727272727273,"28":0.35795454545454547,"5":0.36363636363636365,"52":0.3693181818181818,"36":0.375,"26":0.3806818181818182,"59":0.38636363636363635,"148":0.39204545454545453,"49":0.3977272727272727,"164":0.4034090909090909,"162":0.4090909090909091,"153":0.4147727272727273,"143":0.42045454545454547,"131":0.42613636363636365,"137":0.4318181818181818,"132":0.4375,"126":0.4431818181818182,"111":0.44886363636363635,"115":0.45454545454545453,"172":0.4602272727272727,"170":0.4659090909090909,"100":0.4715909090909091,"86":0.4772727272727273,"147":0.48295454545454547,"76":0.48863636363636365,"74":0.4943181818181818,"94":0.5,"89":0.5056818181818182,"68":0.5113636363636364,"129":0.5170454545454546,"149":0.5227272727272727,"62":0.5284090909090909,"114":0.5340909090909091,"65":0.5397727272727273,"91":0.5454545454545454,"93":0.5511363636363636,"110":0.5568181818181818,"122":0.5625,"158":0.5681818181818182,"104":0.5738636363636364,"92":0.5795454545454546,"130":0.5852272727272727,"134":0.5909090909090909,"168":0.5965909090909091,"124":0.6022727272727273,"67":0.6079545454545454,"135":0.6136363636363636,"152":0.6193181818181818,"146":0.625,"127":0.6306818181818182,"156":0.6363636363636364,"106":0.6420454545454546,"161":0.6477272727272727,"142":0.6534090909090909,"159":0.6590909090909091,"133":0.6647727272727273,"123":0.6704545454545454,"118":0.6761363636363636,"154":0.6818181818181818,"176":0.6875,"167":0.6931818181818182,"139":0.6988636363636364,"173":0.7045454545454546,"72":0.7102272727272727,"121":0.7159090909090909,"119":0.7215909090909091,"145":0.7272727272727273,"155":0.7329545454545454,"165":0.7386363636363636,"163":0.7443181818181818,"138":0.75,"157":0.7556818181818182,"160":0.7613636363636364,"78":0.7670454545454546,"128":0.7727272727272727,"166":0.7784090909090909,"144":0.7840909090909091,"141":0.7897727272727273,"120":0.7954545454545454,"171":0.8011363636363636,"175":0.8068181818181818,"107":0.8125,"169":0.8181818181818182,"117":0.8238636363636364,"96":0.8295454545454546,"77":0.8352272727272727,