{"name":"density","eps":0.5,"weight":"value","num_of_nodes":135,"num_of_edges":263,"process_time":0.014885187149047852,"data":{"0":0.25185444616312586,"1":0.25123637461873927,"2":0.25185453035583016,"3":0.5006181417049075,"4":0.0012364517953868403,"5":0.0006182399298652281,"6":0.0012364237310898687,"7":0.0012364237310898687,"8":0.0030908067498448813,"9":0.0024727913338889827,"10":0.25185447422732954,"11":0.5012363816347027,"12":0.00123639566693283,"13":0.002472707141161323,"14":0.0012364517953868403,"15":8.419270433736968e-08,"16":0.0012364517953868403,"17":0.9993817881343384,"18":0.25061816275321763,"19":0.25185447422732954,"20":0.001236339538455498,"21":0.49938191442342994,"22":0.9999998596787251,"23":0.0018545233397734271,"24":8.419270433736968e-08,"25":0.25185447422732954,"26":0.24876375167028228,"27":0.25185455842003385,"28":0.7493818091825554,"29":0.5000000420964105,"30":0.0006182679941388775,"31":0.0018544952756397108,"32":0.0012364237310898687,"33":0.5000000420963172,"34":2.3322163769514013e-14,"35":0.24876375167028228,"36":0.0012363676027757917,"37":8.419270433736968e-08,"38":0.0006182399298652281,"39":0.24876375167028228,"40":2.3322163769514013e-14,"41":0.001236339538455498,"42":0.25185444616312586,"43":0.750000021048077,"44":0.5006181417050007,"45":1.6838543199690313e-07,"46":0.2524726860930144,"47":0.5006182539619087,"48":0.0006183802510702199,"49":0.5006182820261824,"50":1.6838543199690313e-07,"51":0.2500000070161034,"52":0.0012365359880911776,"53":0.5018546215646146,"54":8.419279762602475e-08,"55":0.5006182539619087,"56":0.5018545373719568,"57":0.25000009120880773,"58":0.25000000701605674,"59":0.250618246945922,"60":0.25185455842008053,"61":0.2530908979585593,"62":0.2506182750100557,"63":0.0018545514041636874,"64":0.0030910031995272057,"65":1.0,"66":0.0006183241225462433,"67":0.49999998596790984,"68":0.0006183241225462433,"69":0.5018545654362538,"70":0.2512364588115136,"71":0.24999997895182974,"72":0.25000000701608005,"73":0.002472819398185954,"74":0.0,"75":0.4987636464294077,"76":0.0006182679940922332,"77":0.25000000701605674,"78":0.0024727913339356268,"79":0.2512364307472399,"80":0.0,"81":0.2512363184903319,"82":0.2500001754014421,"83":0.001236339538455498,"84":0.2506181346889207,"85":0.0024727071412312895,"86":0.25185467067703515,"87":0.25000009120880773,"88":0.0024728193981159875,"89":0.0006182679940922332,"90":0.5006181978335014,"91":0.25061821888167163,"92":0.25000000701608005,"93":0.0006182118656149009,"94":0.5018544812435262,"95":0.2512363184903086,"96":0.5006182258977284,"97":0.7487636534455577,"98":0.250618275010149,"99":0.0024727913339123047,"100":0.2512363184903086,"101":0.2500002034656924,"102":0.003090834814188497,"103":0.5018545093077299,"104":0.2512363184903319,"105":0.000618267994068911,"106":0.25061819081744463,"107":0.5006181697692977,"108":0.2500002034656924,"109":0.0024726790770042842,"110":0.25000000701608005,"111":0.003090947070979907,"112":0.24938190740744315,"113":0.0012364237312064796,"114":0.5006182258977284,"115":0.001236367602705825,"116":0.7493818653110793,"117":0.0006181838013645737,"118":0.0006182399298652281,"119":0.49876378675061267,"120":0.0006182399298652281,"121":0.2500000912087611,"122":0.2537090536956503,"123":0.25247277028564874,"124":0.5018545935003876,"125":0.750000021048217,"126":0.2500001754014887,"127":0.0030909751351835897,"128":0.0012363676027291473,"129":0.2524727141573347,"130":0.25061821888167163,"131":0.25061827501021894,"132":0.0024727071412546115,"133":0.5006181417050241,"134":0.0012363676027757917},"ranked":{"74":0.0,"80":0.007462686567164179,"34":0.014925373134328358,"40":0.022388059701492536,"15":0.029850746268656716,"24":0.03731343283582089,"37":0.04477611940298507,"54":0.05223880597014925,"45":0.05970149253731343,"50":0.06716417910447761,"117":0.07462686567164178,"93":0.08208955223880597,"5":0.08955223880597014,"38":0.09701492537313433,"118":0.1044776119402985,"120":0.11194029850746269,"105":0.11940298507462686,"76":0.12686567164179105,"89":0.13432835820895522,"30":0.1417910447761194,"66":0.14925373134328357,"68":0.15671641791044777,"48":0.16417910447761194,"20":0.17164179104477612,"41":0.1791044776119403,"83":0.1865671641791045,"115":0.19402985074626866,"128":0.20149253731343283,"36":0.208955223880597,"134":0.21641791044776118,"12":0.22388059701492538,"6":0.23134328358208955,"7":0.23880597014925373,"32":0.2462686567164179,"113":0.2537313432835821,"4":0.26119402985074625,"14":0.26865671641791045,"16":0.27611940298507465,"52":0.2835820895522388,"31":0.291044776119403,"23":0.29850746268656714,"63":0.30597014925373134,"109":0.31343283582089554,"13":0.3208955223880597,"85":0.3283582089552239,"132":0.3358208955223881,"9":0.34328358208955223,"99":0.35074626865671643,"78":0.3582089552238806,"88":0.3656716417910448,"73":0.373134328358209,"8":0.3805970149253731,"102":0.3880597014925373,"111":0.39552238805970147,"127":0.40298507462686567,"64":0.41044776119402987,"26":0.417910447761194,"35":0.4253731343283582,"39":0.43283582089552236,"112":0.44029850746268656,"71":0.44776119402985076,"58":0.4552238805970149,"77":0.4626865671641791,"72":0.4701492537313433,"92":0.47761194029850745,"110":0.48507462686567165,"51":0.4925373134328358,"121":0.5,"57":0.5074626865671642,"87":0.5149253731343284,"82":0.5223880597014925,"126":0.5298507462686567,"101":0.5373134328358209,"108":0.5447761194029851,"84":0.5522388059701493,"18":0.5597014925373134,"106":0.5671641791044776,"91":0.5746268656716418,"130":0.582089552238806,"59":0.5895522388059702,"62":0.5970149253731343,"98":0.6044776119402985,"131":0.6119402985074627,"95":0.6194029850746269,"100":0.6268656716417911,"81":0.6343283582089553,"104":0.6417910447761194,"1":0.6492537313432836,"79":0.6567164179104478,"70":0.664179104477612,"0":0.6716417910447762,"42":0.6791044776119403,"10":0.6865671641791045,"19":0.6940298507462687,"25":0.7014925373134329,"2":0.7089552238805971,"27":0.7164179104477612,"60":0.7238805970149254,"86":0.7313432835820896,"46":0.7388059701492538,"129":0.746268656716418,"123":0.753731343283582,"61":0.7611940298507462,"122":0.7686567164179104,"75":0.7761194029850746,"119":0.7835820895522388,"21":0.7910447761194029,"67":0.7985074626865671,"33":0.8059701492537313,"29":0.8134328358208955,"3":0.8208955223880597,"44":0.8283582089552238,"133":0.835820895522388,"107":0.8432835820895522,"90":0.8507462686567164,"96":0.8582089552238806,"114":0.8656716417910447,"47":0.8731343283582089,"55":0.8805970149253731,"49":0.8880597014925373,"11":0.8955223880597015,"94":0.9029850746268657,"103":0.9104477611940298,"56":0.917910447761194,"69":0.9253731343283582,"124":0.9328358208955224,"53":0.9402985074626866,"97":0.9477611940298507,"28":0.9552238805970149,"116":0.9626865671641791,"43":0.9701492537313433,"125":0.9776119402985075,"17":0.9850746268656716,"22":0.9925373134328358,"65":1.0}}