{"name":"density","eps":0.5,"weight":"value","num_of_nodes":180,"num_of_edges":350,"process_time":0.012701272964477539,"data":{"0":0.40148730979094205,"1":0.0019831142320788,"2":0.20247890516884845,"3":0.6000000540170166,"4":0.4000000135042539,"5":0.20347038351012717,"6":0.20148733679937603,"7":0.2019831322376949,"8":0.20099154136113195,"9":0.0009915683695472498,"10":0.000495817945428102,"11":0.0009916583977222714,"12":0.20049583595093198,"13":0.2004958359509881,"14":0.000495862959365981,"15":0.0019830242037167387,"16":0.0024788646560483163,"17":0.20148735930642914,"18":4.5014106214838184e-08,"19":0.6014874178248266,"20":0.6019830557136054,"21":0.0004958629594220929,"22":0.0019830467108072542,"23":4.5014106214838184e-08,"24":0.20148735930641043,"25":0.19999999549865652,"26":0.40148735480495473,"27":0.20247888266181405,"28":0.20198301970237326,"29":0.20148733679939473,"30":4.5014106214838184e-08,"31":0.20297470060709252,"32":0.0004957504242313717,"33":0.0004958629594407969,"34":0.20099163138926956,"35":0.2014872917852324,"36":0.2019831322376201,"37":0.20148735930641043,"38":0.20297465559307984,"39":0.0024788871632510554,"40":0.20247886015481706,"41":0.2014872917852324,"42":1.8703980060747356e-14,"43":0.20099154136113195,"44":0.20396617894838992,"45":0.0019830692179164736,"46":0.0004957504242313717,"47":0.20049576842982877,"48":0.0009915008484253356,"49":0.002974570066136065,"50":0.0019831817530884905,"51":0.1999999729915847,"52":0.0014873863148818318,"53":0.40099153685963884,"54":0.40396619695400604,"55":0.6009915548653672,"56":0.40148737731204526,"57":0.20148735930648523,"58":0.0024787971350012177,"59":0.0004957279171595604,"60":0.0014873638077726125,"61":0.0009915458624380304,"62":0.6014872602754175,"63":0.0,"64":0.0009915458624754384,"65":0.0004957729311909592,"66":0.0004957504242313717,"67":0.20000001800569092,"68":0.20198299719535756,"69":0.0009915458624193264,"70":0.0004957504242313717,"71":0.2004958134439537,"72":0.0024788196419982134,"73":0.0014873187936476936,"74":0.0014872737795788868,"75":0.001487341300738209,"76":0.0014872512725444833,"77":0.0004957279171408564,"78":0.001983091724857357,"79":0.4014872647767797,"80":0.6004957369199951,"81":0.4009914693384982,"82":0.20049579093693798,"83":0.2014872242640731,"84":0.2014873367992825,"85":0.20198306471646077,"86":1.0,"87":0.3999999909972382,"88":0.00247886465606702,"89":0.20049576842982877,"90":0.0019830467107698462,"91":0.20198301970235455,"92":0.0004957504242313717,"93":0.3999999909971821,"94":0.0014873187935915818,"95":0.0004957729312657752,"96":0.40099149184555133,"97":0.2014873367993386,"98":0.20198308722347647,"99":0.0014872512725444833,"100":0.0004957729312096632,"101":0.0009915683695285457,"102":0.001487386314807016,"103":0.4014872422698014,"104":0.0009916133835973528,"105":0.6000000540168671,"106":0.4009915593667855,"107":0.20099149634696964,"108":0.20049576842981007,"109":0.0014872512725444833,"110":0.3995042180659911,"111":0.4014872647767236,"112":3.740796012149471e-14,"113":0.0004957279171408564,"114":0.3995042180659911,"115":0.0004957729311909592,"116":0.20099149634696964,"117":0.4029744485281462,"118":0.4029744485281462,"119":0.0009915008483879276,"120":0.2014872917852885,"121":0.20247879263356422,"122":2.250710921935927e-08,"123":0.0014873638076790927,"124":0.4009915593667668,"125":2.250710921935927e-08,"126":0.0004958404524063935,"127":0.0004958404524063935,"128":2.250710921935927e-08,"129":0.1999999954986378,"130":0.2029746105788988,"131":0.6014872152613113,"132":0.2029745655647739,"133":0.3999999909972569,"134":0.0014874313288571188,"135":0.4029745610634304,"136":0.0009915458624380304,"137":0.0004958179452597661,"138":0.0019830692179164736,"139":0.0014873863148631278,"140":0.6000000315099074,"141":0.20099163138928827,"142":0.0014872737796349988,"143":0.4029746285844962,"144":0.20099154136105715,"145":0.4014873097908485,"146":0.202478725112461,"147":0.4024788331463082,"148":0.4009916043808356,"149":0.20297456556481128,"150":0.20099149634706315,"151":0.0014874313288945268,"152":0.0014872737795975908,"153":0.20247895018282375,"154":0.20247888266170183,"155":0.20297454305770207,"156":0.1999999954986004,"157":0.0014874538358541143,"158":4.5014162326778363e-08,"159":0.2004958584580225,"160":0.002478864656197948,"161":0.0,"162":0.0014872962866132903,"163":0.4004958314496072,"164":0.0004957504242126678,"165":0.6009915323582954,"166":0.0024788871631388314,"167":0.0004957504242126678,"168":0.0,"169":0.20247883764770783,"170":0.4009916043808356,"171":0.4014873322980138,"172":0.40049585395669773,"173":0.0004958179452597661,"174":0.20000008552683154,"175":0.4014872197626735,"176":0.6014872152613113,"177":0.4014873097908485,"178":0.6009915548652737,"179":0.0019830467108072542},"ranked":{"63":0.0,"161":0.00558659217877095,"168":0.0111731843575419,"42":0.01675977653631285,"112":0.0223463687150838,"122":0.027932960893854747,"125":0.0335195530726257,"128":0.03910614525139665,"18":0.0446927374301676,"23":0.05027932960893855,"30":0.055865921787709494,"158":0.061452513966480445,"77":0.0670391061452514,"113":0.07262569832402235,"59":0.0782122905027933,"164":0.08379888268156424,"167":0.0893854748603352,"32":0.09497206703910614,"46":0.1005586592178771,"66":0.10614525139664804,"70":0.11173184357541899,"92":0.11731843575418995,"65":0.12290502793296089,"115":0.12849162011173185,"100":0.1340782122905028,"95":0.13966480446927373,"137":0.1452513966480447,"173":0.15083798882681565,"10":0.1564245810055866,"126":0.16201117318435754,"127":0.16759776536312848,"14":0.17318435754189945,"21":0.1787709497206704,"33":0.18435754189944134,"119":0.18994413407821228,"48":0.19553072625698323,"69":0.2011173184357542,"61":0.20670391061452514,"136":0.2122905027932961,"64":0.21787709497206703,"101":0.22346368715083798,"9":0.22905027932960895,"104":0.2346368715083799,"11":0.24022346368715083,"76":0.24581005586592178,"99":0.25139664804469275,"109":0.2569832402234637,"74":0.26256983240223464,"152":0.2681564245810056,"142":0.2737430167597765,"162":0.27932960893854747,"94":0.2849162011173184,"73":0.2905027932960894,"75":0.29608938547486036,"123":0.3016759776536313,"60":0.30726256983240224,"102":0.3128491620111732,"139":0.31843575418994413,"52":0.3240223463687151,"134":0.329608938547486,"151":0.33519553072625696,"157":0.3407821229050279,"15":0.3463687150837989,"90":0.35195530726256985,"22":0.3575418994413408,"179":0.36312849162011174,"45":0.3687150837988827,"138":0.3743016759776536,"78":0.37988826815642457,"1":0.3854748603351955,"50":0.39106145251396646,"58":0.39664804469273746,"72":0.4022346368715084,"16":0.40782122905027934,"88":0.4134078212290503,"160":0.41899441340782123,"166":0.4245810055865922,"39":0.4301675977653631,"49":0.43575418994413406,"51":0.441340782122905,"156":0.44692737430167595,"129":0.45251396648044695,"25":0.4581005586592179,"67":0.46368715083798884,"174":0.4692737430167598,"108":0.4748603351955307,"47":0.48044692737430167,"89":0.4860335195530726,"82":0.49162011173184356,"71":0.4972067039106145,"12":0.5027932960893855,"13":0.5083798882681564,"159":0.5139664804469274,"107":0.5195530726256983,"116":0.5251396648044693,"150":0.5307262569832403,"144":0.5363128491620112,"8":0.5418994413407822,"43":0.547486033519553,"34":0.553072625698324,"141":0.5586592178770949,"83":0.5642458100558659,"35":0.5698324022346368,"41":0.5754189944134078,"120":0.5810055865921788,"84":0.5865921787709497,"97":0.5921787709497207,"6":0.5977653631284916,"29":0.6033519553072626,"24":0.6089385474860335,"37":0.6145251396648045,"17":0.6201117318435754,"57":0.6256983240223464,"68":0.6312849162011173,"91":0.6368715083798883,"28":0.6424581005586593,"85":0.6480446927374302,"98":0.6536312849162011,"36":0.659217877094972,"7":0.664804469273743,"146":0.6703910614525139,"121":0.6759776536312849,"169":0.6815642458100558,"40":0.6871508379888268,"154":0.6927374301675978,"27":0.6983240223463687,"2":0.7039106145251397,"153":0.7094972067039106,"155":0.7150837988826816,"132":0.7206703910614525,"149":0.7262569832402235,"130":0.7318435754189944,