{"name":"fiedler","normalized":true,"weight":"value","num_of_nodes":177,"num_of_edges":348,"process_time":0.03114795684814453,"data":{"0":0.568429421164569,"1":0.5623761499581471,"2":0.6049481160073473,"3":0.60909139892644,"4":0.6064164679804567,"5":0.6017317076756065,"6":0.6022245179079968,"7":0.6245812237699947,"8":0.6099761849763309,"9":0.5768203891018274,"10":0.6243963956876578,"11":0.5698628695954404,"12":0.6019688474868297,"13":0.6099761849756127,"14":0.6283940694389846,"15":0.6167622755750014,"16":0.6017317076766426,"17":0.6119544384054448,"18":0.6099761849754047,"19":0.5696576798107489,"20":0.598812491536714,"21":0.6224814357157541,"22":0.6248925842034936,"23":0.6080369279616412,"24":0.6086910299316732,"25":0.6098102510479853,"26":0.6078348512014013,"27":0.6024557981244358,"28":0.6098102510502311,"29":0.6202761367474332,"30":0.6020738514278686,"31":0.602073851429184,"32":0.5971769689374602,"33":0.6058283807182887,"34":0.5988124915371285,"35":0.6205496128933933,"36":0.609207073592629,"37":0.606076313814747,"38":0.615316537020522,"39":0.6022699048641608,"40":0.6121402110497155,"41":0.6097712382265813,"42":0.6085275089162008,"43":0.5696184134028281,"44":0.6083066594914207,"45":0.5971214353879438,"46":0.6007571794796889,"47":0.6343630457360597,"48":0.6194400856574072,"49":0.620712959299847,"50":0.6095641805504046,"51":0.6043158799815117,"52":0.6103407753439521,"53":0.5706560050987135,"54":0.6479883868325186,"55":0.6084463237115951,"56":0.6356558312217864,"57":0.6121402110480112,"58":0.6351889502209163,"59":0.1405346259638117,"60":0.23729654810134046,"61":0.1234424250072582,"62":0.13029907060994794,"63":0.1963823237190041,"64":0.32998668959099015,"65":0.1405346259638111,"66":0.21796806913404537,"67":0.32485503032777685,"68":0.09319907323106734,"69":0.4588319039794389,"70":0.2790506711220782,"71":0.27925581622567935,"72":0.4588319039794362,"73":0.08822852842949885,"74":0.3859264972786976,"75":0.47840317623308376,"76":0.27117089444969916,"77":0.26670601656731957,"78":0.31102905943844894,"79":0.43962067071005423,"80":0.15979450143511845,"81":0.31927051657213373,"82":0.26411474050477995,"83":0.5421406759654797,"84":0.45883190397944984,"85":0.22369103680645913,"86":0.2889810820424396,"87":0.11985327080023642,"88":0.2750808291014238,"89":0.241753092696805,"90":0.4079003452220513,"91":0.25364507680834075,"92":0.3396896279473773,"93":0.27123760552570997,"94":0.19695449681739824,"95":0.30036839526792874,"96":0.1706707054265586,"97":0.29665306976091177,"98":0.319444397343783,"99":0.29665306976091765,"100":0.3664251960043546,"101":0.08030389050334798,"102":0.3192705165721329,"103":0.3414699828322379,"104":0.2608786469761289,"105":0.28548554174552376,"106":0.20569412437060489,"107":0.3353065534279042,"108":0.2537693174272062,"109":0.35768911430511496,"110":0.12121482154636376,"111":0.25431320550099024,"112":0.17174120038115367,"113":0.15102933422039666,"114":0.0,"115":0.13886904197716743,"116":0.20915476575313716,"117":0.13886904197716488,"118":0.950573006224102,"119":0.6713118300186313,"120":0.8272395079967516,"121":0.7561730980084704,"122":0.8846989289466848,"123":0.9305436488164507,"124":0.8864171822510094,"125":0.834988671253416,"126":0.7277397350760858,"127":0.9699403916072642,"128":0.8176657173666698,"129":0.834430253556736,"130":0.8864171822515499,"131":0.8699396563716911,"132":0.9433097212337278,"133":0.8801264966889433,"134":0.9029835604682797,"135":1.0,"136":0.8329020220796163,"137":0.8750516179429818,"138":0.9325401046282618,"139":0.885584370687787,"140":0.8393141842009312,"141":0.6499350704167831,"142":0.8373149411248801,"143":0.8960709462922188,"144":0.8778499209794854,"145":0.877584934636327,"146":0.9119457466411999,"147":0.7738039816314066,"148":0.8164745385365944,"149":0.929121201987825,"150":0.9175467708988482,"151":0.8848769521804611,"152":0.8704100922927935,"153":0.8699396563709906,"154":0.7833218037731763,"155":0.920363410184666,"156":0.9190898023771038,"157":0.8723934027047187,"158":0.8629276879870093,"159":0.7387150891066179,"160":0.9325401046282583,"161":0.8800205460944353,"162":0.7506444344987498,"163":0.8846989289482965,"164":0.845171296596969,"165":0.8303042959461627,"166":0.8939467407960042,"167":0.6472949690879921,"168":0.8769141896864568,"169":0.9291212019878403,"170":0.9727874050390293,"171":0.7838943723280508,"172":0.8989906410639803,"173":0.799922961080073,"174":0.9019140045660023,"175":0.8088262598873789,"176":0.7819601716742491},"ranked":{"114":0.0,"101":0.005681818181818182,"73":0.011363636363636364,"68":0.017045454545454544,"87":0.022727272727272728,"110":0.028409090909090908,"61":0.03409090909090909,"62":0.03977272727272727,"117":0.045454545454545456,"115":0.05113636363636364,"65":0.056818181818181816,"59":0.0625,"113":0.06818181818181818,"80":0.07386363636363637,"96":0.07954545454545454,"112":0.08522727272727272,"63":0.09090909090909091,"94":0.09659090909090909,"106":0.10227272727272728,"116":0.10795454545454546,"66":0.11363636363636363,"85":0.11931818181818182,"60":0.125,"89":0.13068181818181818,"91":0.13636363636363635,"108":0.14204545454545456,"111":0.14772727272727273,"104":0.1534090909090909,"82":0.1590909090909091,"77":0.16477272727272727,"76":0.17045454545454544,"93":0.17613636363636365,"88":0.18181818181818182,"70":0.1875,"71":0.19318181818181818,"105":0.19886363636363635,"86":0.20454545454545456,"97":0.21022727272727273,"99":0.2159090909090909,"95":0.2215909090909091,"78":0.22727272727272727,"102":0.23295454545454544,"81":0.23863636363636365,"98":0.24431818181818182,"67":0.25,"64":0.2556818181818182,"107":0.26136363636363635,"92":0.26704545454545453,"103":0.2727272727272727,"109":0.2784090909090909,"100":0.2840909090909091,"74":0.2897727272727273,"90":0.29545454545454547,"79":0.30113636363636365,"72":0.3068181818181818,"69":0.3125,"84":0.3181818181818182,"75":0.32386363636363635,"83":0.32954545454545453,"1":0.3352272727272727,"0":0.3409090909090909,"43":0.3465909090909091,"19":0.3522727272727273,"11":0.35795454545454547,"53":0.36363636363636365,"9":0.3693181818181818,"45":0.375,"32":0.3806818181818182,"20":0.38636363636363635,"34":0.39204545454545453,"46":0.3977272727272727,"5":0.4034090909090909,"16":0.4090909090909091,"12":0.4147727272727273,"30":0.42045454545454547,"31":0.42613636363636365,"6":0.4318181818181818,"39":0.4375,"27":0.4431818181818182,"51":0.44886363636363635,"2":0.45454545454545453,"33":0.4602272727272727,"37":0.4659090909090909,"4":0.4715909090909091,"26":0.4772727272727273,"23":0.48295454545454547,"44":0.48863636363636365,"55":0.4943181818181818,"42":0.5,"24":0.5056818181818182,"3":0.5113636363636364,"36":0.5170454545454546,"50":0.5227272727272727,"41":0.5284090909090909,"25":0.5340909090909091,"28":0.5397727272727273,"18":0.5454545454545454,"13":0.5511363636363636,"8":0.5568181818181818,"52":0.5625,"17":0.5681818181818182,"57":0.5738636363636364,"40":0.5795454545454546,"38":0.5852272727272727,"15":0.5909090909090909,"48":0.5965909090909091,"29":0.6022727272727273,"35":0.6079545454545454,"49":0.6136363636363636,"21":0.6193181818181818,"10":0.625,"7":0.6306818181818182,"22":0.6363636363636364,"14":0.6420454545454546,"47":0.6477272727272727,"58":0.6534090909090909,"56":0.6590909090909091,"167":0.6647727272727273,"54":0.6704545454545454,"141":0.6761363636363636,"119":0.6818181818181818,"126":0.6875,"159":0.6931818181818182,"162":0.6988636363636364,"121":0.7045454545454546,"147":0.7102272727272727,"176":0.7159090909090909,"154":0.7215909090909091,"171":0.7272727272727273,"173":0.7329545454545454,"175":0.7386363636363636,"148":0.7443181818181818,"128":0.75,"120":0.7556818181818182,"165":0.7613636363636364,"136":0.7670454545454546,"129":0.7727272727272727,"125":0.7784090909090909,"142":0.7840909090909091,"140":0.7897727272727273,"164":0.7954545454545454,"158":0.8011363636363636,"153":0.8068181818181818,"131":0.8125,"152":0.8181818181818182,"157":0.8238636363636364,"137":0.8295454545454546,"168":0.8352272727272727,"145":0.8409090909090909,"144":0.8465909090909091,"161":0.8522727272727273,