{"name":"agd","num_of_nodes":198,"num_of_edges":630,"weight":"value","process_time":0.08565807342529297,"data":{"0":0.20535011801730926,"1":0.5672698662470498,"2":0.22265932336742716,"3":0.5365853658536585,"4":0.1573564122738001,"5":0.10228166797797004,"6":0.786782061369001,"7":0.1817466561762392,"8":0.5365853658536585,"9":0.786782061369001,"10":0.8143194335169158,"11":0.20771046420141617,"12":0.16443745082612116,"13":0.4107002360346185,"14":0.3343823760818253,"15":0.8583792289535799,"16":0.8599527930763179,"17":0.24232887490165225,"18":0.2981904012588513,"19":0.3312352478363494,"20":0.46577498033044856,"21":0.8985051140833991,"22":0.10936270653029109,"23":0.25413060582218727,"24":0.3666404405979543,"25":0.16443745082612116,"26":0.8560188827694731,"27":0.7254130605822188,"28":0.6963021243115658,"29":0.6302124311565698,"30":1.0,"31":0.8379228953579859,"32":0.24232887490165225,"33":0.4917387883556254,"34":0.4791502753737216,"35":0.9551534225019672,"36":0.6302124311565698,"37":0.8009441384736428,"38":0.9929189614476791,"39":0.8575924468922108,"40":0.5987411487018097,"41":0.914240755310779,"42":0.4791502753737216,"43":0.46892210857592437,"44":0.5239968528717545,"45":0.5177025963808025,"46":0.4791502753737216,"47":0.9181746656176241,"48":0.8394964594807239,"49":0.70102281667978,"50":0.6624704956726988,"51":0.17781274586939422,"52":0.4272226593233674,"53":0.3666404405979543,"54":0.6624704956726988,"55":0.23918174665617617,"56":0.16365066876475212,"57":0.24704956726986624,"58":0.3107789142407554,"59":0.6970889063729349,"60":0.9968528717545242,"61":0.5916601101494885,"62":0.6302124311565698,"63":0.5688434303697875,"64":0.8237608182533438,"65":0.2446892210857592,"66":0.0,"67":0.2132179386309992,"68":0.3280881195908733,"69":0.3351691581431943,"70":0.43981117230527145,"71":0.31549960660896936,"72":0.04327301337529502,"73":0.4783634933123526,"74":0.2706530291109363,"75":0.5649095200629427,"76":0.37057435090479945,"77":0.4602675059008654,"78":0.5704169944925256,"79":0.31549960660896936,"80":0.0,"81":0.5932336742722266,"82":0.46577498033044856,"83":0.26278520849724624,"84":0.7411487018095989,"85":0.6845003933910307,"86":0.4799370574350904,"87":0.5704169944925256,"88":0.5955940204563337,"89":0.5680566483084187,"90":0.4272226593233674,"91":0.6042486231313926,"92":0.2808811959087333,"93":0.3312352478363494,"94":0.18017309205350115,"95":0.5704169944925256,"96":0.6034618410700235,"97":0.7442958300550749,"98":0.5877261998426437,"99":0.1203776553894571,"100":0.3351691581431943,"101":0.6837136113296618,"102":0.733280881195909,"103":0.6089693154996068,"104":0.3595594020456334,"105":0.5586152635719905,"106":0.24626278520849723,"107":0.6750590086546028,"108":0.17230527143981123,"109":0.5287175452399686,"110":0.3107789142407554,"111":0.15499606608969319,"112":0.19354838709677422,"113":0.5727773406766326,"114":0.3650668764752164,"115":0.6113296616837138,"116":0.32100708103855236,"117":0.07081038552321006,"118":0.05114083398898495,"119":0.31628638867033837,"120":0.6058221872541306,"121":0.4240755310778916,"122":0.2132179386309992,"123":0.4571203776553896,"124":0.5712037765538945,"125":0.1770259638080252,"126":0.3611329661683713,"127":0.17938630999213212,"128":0.6970889063729349,"129":0.5586152635719905,"130":0.7041699449252558,"131":0.05035405192761607,"132":0.7498033044846578,"133":0.41463414634146334,"134":0.7915027537372148,"135":0.20377655389457122,"136":0.11172305271439802,"137":0.22108575924468926,"138":0.2777340676632572,"139":0.3068450039339103,"140":0.6475216365066876,"141":0.21243115656963016,"142":0.026750590086546008,"143":0.3532651455546814,"144":0.8245476003147129,"145":0.23918174665617617,"146":0.5428796223446106,"147":0.20377655389457122,"148":0.26278520849724624,"149":0.6782061369000789,"150":0.5672698662470498,"151":0.2273800157356413,"152":0.20377655389457122,"153":0.20692368214004717,"154":0.20928402832415421,"155":0.2918961447678993,"156":0.4311565696302125,"157":0.31628638867033837,"158":0.8025177025963808,"159":0.28245476003147135,"160":0.31628638867033837,"161":0.2399685287175452,"162":0.2651455546813533,"163":0.7529504327301338,"164":0.6058221872541306,"165":0.31943351691581434,"166":0.3894571203776555,"167":0.10149488591660102,"168":0.12588512981904013,"169":0.29032258064516125,"170":0.1841070023603461,"171":0.7104642014162079,"172":0.6129032258064515,"173":0.20377655389457122,"174":0.3328088119590874,"175":0.5444531864673487,"176":0.5169158143194336,"177":0.2407553107789142,"178":0.3013375295043273,"179":0.2918961447678993,"180":0.22187254130605827,"181":0.4618410700236035,"182":0.5413060582218726,"183":0.3910306845003936,"184":0.7907159716758457,"185":0.2651455546813533,"186":0.3996852871754525,"187":0.3634933123524784,"188":0.18882769472856023,"189":0.43430369787568857,"190":0.3996852871754525,"191":0.3981117230527145,"192":0.18568056648308415,"193":0.31707317073170727,"194":0.6081825334382377,"195":0.5554681353265147,"196":0.7490165224232888,"197":0.3634933123524784},"ranked":{"66":0.0,"80":0.005076142131979695,"142":0.01015228426395939,"72":0.015228426395939087,"131":0.02030456852791878,"118":0.025380710659898477,"117":0.030456852791878174,"167":0.03553299492385787,"5":0.04060913705583756,"22":0.04568527918781726,"136":0.050761421319796954,"99":0.05583756345177665,"168":0.06091370558375635,"111":0.06598984771573604,"4":0.07106598984771574,"56":0.07614213197969544,"12":0.08121827411167512,"25":0.08629441624365482,"108":0.09137055837563451,"125":0.09644670050761421,"51":0.10152284263959391,"127":0.1065989847715736,"94":0.1116751269035533,"7":0.116751269035533,"170":0.1218274111675127,"192":0.12690355329949238,"188":0.1319796954314721,"112":0.13705583756345177,"135":0.14213197969543148,"147":0.14720812182741116,"152":0.15228426395939088,"173":0.15736040609137056,"0":0.16243654822335024,"153":0.16751269035532995,"11":0.17258883248730963,"154":0.17766497461928935,"141":0.18274111675126903,"67":0.18781725888324874,"122":0.19289340101522842,"137":0.19796954314720813,"180":0.20304568527918782,"2":0.20812182741116753,"151":0.2131979695431472,"55":0.2182741116751269,"145":0.2233502538071066,"161":0.22842639593908629,"177":0.233502538071066,"17":0.23857868020304568,"32":0.2436548223350254,"65":0.24873096446700507,"106":0.25380710659898476,"57":0.25888324873096447,"23":0.2639593908629442,"83":0.26903553299492383,"148":0.27411167512690354,"162":0.27918781725888325,"185":0.28426395939086296,"74":0.2893401015228426,"138":0.29441624365482233,"92":0.29949238578680204,"159":0.30456852791878175,"169":0.3096446700507614,"155":0.3147208121827411,"179":0.3197969543147208,"18":0.3248730964467005,"178":0.3299492385786802,"139":0.3350253807106599,"58":0.3401015228426396,"110":0.34517766497461927,"71":0.350253807106599,"79":0.3553299492385787,"119":0.3604060913705584,"157":0.36548223350253806,"160":0.37055837563451777,"193":0.3756345177664975,"165":0.38071065989847713,"116":0.38578680203045684,"68":0.39086294416243655,"19":0.39593908629441626,"93":0.4010152284263959,"174":0.40609137055837563,"14":0.41116751269035534,"69":0.41624365482233505,"100":0.4213197969543147,"143":0.4263959390862944,"104":0.43147208121827413,"126":0.4365482233502538,"187":0.4416243654822335,"197":0.4467005076142132,"114":0.4517766497461929,"24":0.45685279187817257,"53":0.4619289340101523,"76":0.467005076142132,"166":0.4720812182741117,"183":0.47715736040609136,"191":0.48223350253807107,"186":0.4873096446700508,"190":0.49238578680203043,"13":0.49746192893401014,"133":0.5025380710659898,"121":0.5076142131979695,"52":0.5126903553299492,"90":0.5177664974619289,"156":0.5228426395939086,"189":0.5279187817258884,"70":0.5329949238578681,"123":0.5380710659898477,"77":0.5431472081218274,"181":0.5482233502538071,"20":0.5532994923857868,"82":0.5583756345177665,"43":0.5634517766497462,"73":0.5685279187817259,"34":0.5736040609137056,"42":0.5786802030456852,"46":0.583756345177665,"86":0.5888324873096447,"33":0.5939086294416244,"176":0.5989847715736041,"45":0.6040609137055838,"44":0.6091370558375635,