{"name":"agd","num_of_nodes":114,"num_of_edges":215,"weight":"value","process_time":0.004297018051147461,"data":{"0":0.5393258426966291,"1":0.6217228464419475,"2":0.5692883895131085,"3":0.6704119850187265,"4":0.7827715355805243,"5":0.5280898876404493,"6":0.6067415730337078,"7":0.5842696629213482,"8":0.6179775280898876,"9":0.6966292134831459,"10":0.7827715355805243,"11":0.689138576779026,"12":0.6741573033707864,"13":0.5505617977528089,"14":0.4868913857677902,"15":0.5992509363295879,"16":0.6029962546816479,"17":0.8164794007490636,"18":0.49812734082397,"19":0.7490636704119848,"20":0.5805243445692883,"21":0.5280898876404493,"22":0.6704119850187265,"23":0.49438202247191004,"24":0.7528089887640448,"25":0.4719101123595505,"26":0.7790262172284643,"27":0.8314606741573032,"28":0.692883895131086,"29":0.4719101123595505,"30":0.8314606741573032,"31":0.7827715355805243,"32":0.5580524344569288,"33":0.5393258426966291,"34":0.6029962546816479,"35":0.5131086142322097,"36":0.5205992509363295,"37":0.7041198501872658,"38":0.7677902621722845,"39":0.5543071161048688,"40":0.689138576779026,"41":0.5655430711610485,"42":0.6966292134831459,"43":0.6367041198501872,"44":0.6816479400749063,"45":0.7790262172284643,"46":0.6217228464419475,"47":0.8951310861423222,"48":0.6779026217228463,"49":0.6704119850187265,"50":0.5842696629213482,"51":0.6254681647940074,"52":0.7752808988764044,"53":0.6704119850187265,"54":0.9063670411985019,"55":0.49438202247191004,"56":0.5655430711610485,"57":1.0,"58":0.5168539325842696,"59":0.6254681647940074,"60":0.7940074906367041,"61":0.5355805243445692,"62":0.7715355805243445,"63":0.9063670411985019,"64":0.6741573033707864,"65":0.6142322097378277,"66":0.6254681647940074,"67":0.6816479400749063,"68":0.5168539325842696,"69":0.692883895131086,"70":0.8876404494382023,"71":0.9063670411985019,"72":0.689138576779026,"73":0.5992509363295879,"74":0.8951310861423222,"75":0.5543071161048688,"76":0.059925093632958795,"77":0.0,"78":0.2921348314606741,"79":0.3745318352059924,"80":0.3295880149812734,"81":0.07865168539325842,"82":0.4307116104868913,"83":0.08988764044943819,"84":0.2659176029962546,"85":0.09363295880149812,"86":0.10486891385767788,"87":0.3857677902621722,"88":0.32584269662921345,"89":0.3707865168539325,"90":0.0,"91":0.3632958801498127,"92":0.07865168539325842,"93":0.10486891385767788,"94":0.29962546816479396,"95":0.44569288389513095,"96":0.3071161048689138,"97":0.43445692883895126,"98":0.0,"99":0.06367041198501872,"100":0.2808988764044943,"101":0.44194756554307113,"102":0.09363295880149812,"103":0.07490636704119849,"104":0.0,"105":0.3745318352059924,"106":0.31460674157303364,"107":0.44569288389513095,"108":0.31460674157303364,"109":0.06741573033707865,"110":0.26966292134831454,"111":0.31460674157303364,"112":0.26217228464419473,"113":0.43445692883895126},"ranked":{"77":0.0,"90":0.008849557522123894,"98":0.017699115044247787,"104":0.02654867256637168,"76":0.035398230088495575,"99":0.04424778761061947,"109":0.05309734513274336,"103":0.061946902654867256,"81":0.07079646017699115,"92":0.07964601769911504,"83":0.08849557522123894,"85":0.09734513274336283,"102":0.10619469026548672,"86":0.11504424778761062,"93":0.12389380530973451,"112":0.13274336283185842,"84":0.1415929203539823,"110":0.1504424778761062,"100":0.1592920353982301,"78":0.168141592920354,"94":0.17699115044247787,"96":0.18584070796460178,"106":0.19469026548672566,"108":0.20353982300884957,"111":0.21238938053097345,"88":0.22123893805309736,"80":0.23008849557522124,"91":0.23893805309734514,"89":0.24778761061946902,"79":0.25663716814159293,"105":0.26548672566371684,"87":0.2743362831858407,"82":0.2831858407079646,"97":0.2920353982300885,"113":0.3008849557522124,"101":0.30973451327433627,"95":0.3185840707964602,"107":0.3274336283185841,"25":0.336283185840708,"29":0.34513274336283184,"14":0.35398230088495575,"23":0.36283185840707965,"55":0.37168141592920356,"18":0.3805309734513274,"35":0.3893805309734513,"58":0.39823008849557523,"68":0.40707964601769914,"36":0.415929203539823,"5":0.4247787610619469,"21":0.4336283185840708,"61":0.4424778761061947,"0":0.45132743362831856,"33":0.46017699115044247,"13":0.4690265486725664,"39":0.4778761061946903,"75":0.48672566371681414,"32":0.49557522123893805,"41":0.504424778761062,"56":0.5132743362831859,"2":0.5221238938053098,"20":0.5309734513274337,"7":0.5398230088495575,"50":0.5486725663716814,"15":0.5575221238938053,"73":0.5663716814159292,"16":0.5752212389380531,"34":0.584070796460177,"6":0.5929203539823009,"65":0.6017699115044248,"8":0.6106194690265486,"1":0.6194690265486725,"46":0.6283185840707964,"51":0.6371681415929203,"59":0.6460176991150443,"66":0.6548672566371682,"43":0.6637168141592921,"3":0.672566371681416,"22":0.6814159292035398,"49":0.6902654867256637,"53":0.6991150442477876,"12":0.7079646017699115,"64":0.7168141592920354,"48":0.7256637168141593,"44":0.7345132743362832,"67":0.7433628318584071,"11":0.7522123893805309,"40":0.7610619469026548,"72":0.7699115044247787,"28":0.7787610619469026,"69":0.7876106194690266,"9":0.7964601769911505,"42":0.8053097345132744,"37":0.8141592920353983,"19":0.8230088495575221,"24":0.831858407079646,"38":0.8407079646017699,"62":0.8495575221238938,"52":0.8584070796460177,"26":0.8672566371681416,"45":0.8761061946902655,"4":0.8849557522123894,"10":0.8938053097345132,"31":0.9026548672566371,"60":0.911504424778761,"17":0.9203539823008849,"27":0.9292035398230089,"30":0.9380530973451328,"70":0.9469026548672567,"47":0.9557522123893806,"74":0.9646017699115044,"54":0.9734513274336283,"63":0.9823008849557522,"71":0.9911504424778761,"57":1.0}}