{"name":"pagerank","alpha":0.85,"weight":"value","num_of_nodes":141,"num_of_edges":439,"process_time":0.029936790466308594,"data":{"0":0.8660215099630684,"1":0.3087532563222324,"2":0.4939117298526319,"3":0.03189756442683524,"4":0.30901197101803207,"5":0.06829624627402947,"6":0.2912277580967061,"7":0.14534354805852034,"8":0.4939117298526319,"9":0.5254564295297769,"10":0.08870735177177304,"11":0.04747442200531828,"12":0.08366874271104786,"13":0.14397924879059693,"14":0.06829624627402947,"15":1.0,"16":0.09584553596314116,"17":0.3647159324986487,"18":0.5542596089313402,"19":0.06803055481194195,"20":0.5424016399888887,"21":0.09584553596314116,"22":0.14397924879059693,"23":0.713194558409098,"24":0.5582923768173749,"25":0.321561131584028,"26":0.7673996693796021,"27":0.08271991761234845,"28":0.06678465030641956,"29":0.3129161811437587,"30":0.09954413622742217,"31":0.2822872410855339,"32":0.3369256210941231,"33":0.14712131356509756,"34":0.07266592755816464,"35":0.48773011121605225,"36":0.11665918742795135,"37":0.11100108311073037,"38":0.5477018504741056,"39":0.7437321341947534,"40":0.5348419793403921,"41":0.5391415507235798,"42":0.09776374887539004,"43":0.5621296019655859,"44":0.614727493728728,"45":0.5030938685963631,"46":0.5881457989380946,"47":0.8138674579269881,"48":0.00620608351137616,"49":0.40871264511658584,"50":0.0008003793447814059,"51":0.3219075128417536,"52":0.715843964170961,"53":0.46561937702350403,"54":0.42823517168328223,"55":0.8613197461342273,"56":0.43246980763969045,"57":0.09243081569402513,"58":0.5492212869890382,"59":0.6455007037356337,"60":0.03791240144855783,"61":0.8622505895267435,"62":0.3431440785965218,"63":0.21609146767786344,"64":0.10147152101774178,"65":0.07375386896800015,"66":0.45937770088541185,"67":0.42491245500736324,"68":0.09997690822125312,"69":0.27369164635717147,"70":0.5749363427865355,"71":0.3384200038520342,"72":0.31212610693929316,"73":0.8161628183290868,"74":0.43348513266691546,"75":0.7095403289786902,"76":0.21609146767786344,"77":0.081863670304553,"78":0.09394032936847038,"79":0.25755170741692157,"80":0.07375386896800015,"81":0.6542736073736672,"82":0.6606141576421445,"83":0.5389151380610923,"84":0.008145555125378444,"85":0.491637076499975,"86":0.6620629924230617,"87":0.4267529859859488,"88":0.10279320708322533,"89":0.06077124202536398,"90":0.049735575836422546,"91":0.22961394128176868,"92":0.2566394822370726,"93":0.0,"94":0.19809189224798252,"95":0.5392238245976737,"96":0.3273512762355848,"97":0.09690329137164641,"98":0.42516655545490417,"99":0.458197059249843,"100":0.5208912552369417,"101":0.23926581258255322,"102":0.4135424807570917,"103":0.3479937342240219,"104":0.4359742095753254,"105":0.0808181970380435,"106":0.32777141178741753,"107":0.08279285086921664,"108":0.1950212826696774,"109":0.10076414438008831,"110":0.10996445010677705,"111":0.01728540218767339,"112":0.31048726228532075,"113":0.61586314414955,"114":0.5388696406535297,"115":0.6293711600650517,"116":0.3421573843452701,"117":0.06971008550634596,"118":0.6593846278690678,"119":0.12418280949449385,"120":0.042263337833980355,"121":0.024901599136784674,"122":0.45655941691980684,"123":0.5865461238788916,"124":0.4440236494967481,"125":0.00748862954076754,"126":0.654743959832164,"127":0.560641729626758,"128":0.6304896667402347,"129":0.13017096134311112,"130":0.4499357093267854,"131":0.21057745474377623,"132":0.4694369398503301,"133":0.13017096134311112,"134":0.09836155153736478,"135":0.2879360640069213,"136":0.4089425252632378,"137":0.09542598052559008,"138":0.07856210414895334,"139":0.11202849398068761,"140":0.8459002539349405},"ranked":{"93":0.0,"50":0.007142857142857143,"48":0.014285714285714285,"125":0.02142857142857143,"84":0.02857142857142857,"111":0.03571428571428571,"121":0.04285714285714286,"3":0.05,"60":0.05714285714285714,"120":0.06428571428571428,"11":0.07142857142857142,"90":0.07857142857142857,"89":0.08571428571428572,"28":0.09285714285714286,"19":0.1,"5":0.10714285714285714,"14":0.11428571428571428,"117":0.12142857142857143,"34":0.12857142857142856,"65":0.1357142857142857,"80":0.14285714285714285,"138":0.15,"105":0.15714285714285714,"77":0.16428571428571428,"27":0.17142857142857143,"107":0.17857142857142858,"12":0.18571428571428572,"10":0.19285714285714287,"57":0.2,"78":0.20714285714285716,"137":0.21428571428571427,"16":0.22142857142857142,"21":0.22857142857142856,"97":0.2357142857142857,"42":0.24285714285714285,"134":0.25,"30":0.2571428571428571,"68":0.2642857142857143,"109":0.2714285714285714,"64":0.2785714285714286,"88":0.2857142857142857,"110":0.29285714285714287,"37":0.3,"139":0.30714285714285716,"36":0.3142857142857143,"119":0.32142857142857145,"129":0.32857142857142857,"133":0.3357142857142857,"13":0.34285714285714286,"22":0.35,"7":0.35714285714285715,"33":0.36428571428571427,"108":0.37142857142857144,"94":0.37857142857142856,"131":0.38571428571428573,"63":0.39285714285714285,"76":0.4,"91":0.40714285714285714,"101":0.4142857142857143,"92":0.42142857142857143,"79":0.42857142857142855,"69":0.4357142857142857,"31":0.44285714285714284,"135":0.45,"6":0.45714285714285713,"1":0.4642857142857143,"4":0.4714285714285714,"112":0.4785714285714286,"72":0.4857142857142857,"29":0.4928571428571429,"25":0.5,"51":0.5071428571428571,"96":0.5142857142857142,"106":0.5214285714285715,"32":0.5285714285714286,"71":0.5357142857142857,"116":0.5428571428571428,"62":0.55,"103":0.5571428571428572,"17":0.5642857142857143,"49":0.5714285714285714,"136":0.5785714285714286,"102":0.5857142857142857,"67":0.5928571428571429,"98":0.6,"87":0.6071428571428571,"54":0.6142857142857143,"56":0.6214285714285714,"74":0.6285714285714286,"104":0.6357142857142857,"124":0.6428571428571429,"130":0.65,"122":0.6571428571428571,"99":0.6642857142857143,"66":0.6714285714285714,"53":0.6785714285714286,"132":0.6857142857142857,"35":0.6928571428571428,"85":0.7,"2":0.7071428571428572,"8":0.7142857142857143,"45":0.7214285714285714,"100":0.7285714285714285,"9":0.7357142857142858,"40":0.7428571428571429,"114":0.75,"83":0.7571428571428571,"41":0.7642857142857142,"95":0.7714285714285715,"20":0.7785714285714286,"38":0.7857142857142857,"58":0.7928571428571428,"18":0.8,"24":0.8071428571428572,"127":0.8142857142857143,"43":0.8214285714285714,"70":0.8285714285714286,"123":0.8357142857142857,"46":0.8428571428571429,"44":0.85,"113":0.8571428571428571,"115":0.8642857142857143,"128":0.8714285714285714,"59":0.8785714285714286,"81":0.8857142857142857,"126":0.8928571428571429,"118":0.9,"82":0.9071428571428571,"86":0.9142857142857143,"75":0.9214285714285714,"23":0.9285714285714286,"52":0.9357142857142857,"39":0.9428571428571428,"26":0.95,"47":0.9571428571428572,"73":0.9642857142857143,"140":0.9714285714285714,"55":0.9785714285714285,"61":0.9857142857142858,"0":0.9928571428571429,"15":1.0}}