{"name":"agd","num_of_nodes":111,"num_of_edges":339,"weight":"value","process_time":0.03421282768249512,"data":{"0":0.13925925925925936,"1":0.2,"2":0.12444444444444443,"3":0.5925925925925927,"4":0.4651851851851851,"5":0.21629629629629638,"6":0.5881481481481482,"7":0.2,"8":0.6977777777777777,"9":0.07555555555555557,"10":0.26518518518518525,"11":0.29777777777777786,"12":0.21333333333333337,"13":0.125925925925926,"14":0.06814814814814825,"15":0.4296296296296296,"16":0.15407407407407417,"17":0.13037037037037047,"18":0.13037037037037047,"19":0.5925925925925927,"20":0.13037037037037047,"21":0.637037037037037,"22":0.09037037037037038,"23":0.08296296296296304,"24":0.6992592592592592,"25":0.2533333333333333,"26":0.36592592592592593,"27":0.16000000000000006,"28":0.3348148148148148,"29":0.42814814814814817,"30":0.3348148148148148,"31":0.05185185185185187,"32":0.36592592592592593,"33":0.5925925925925927,"34":0.4933333333333334,"35":0.1466666666666667,"36":0.3348148148148148,"37":0.3762962962962963,"38":0.2533333333333333,"39":0.2785185185185186,"40":0.16888888888888898,"41":0.8503703703703701,"42":0.27555555555555555,"43":1.0,"44":0.3703703703703704,"45":0.9985185185185185,"46":0.8474074074074073,"47":0.711111111111111,"48":0.994074074074074,"49":0.5762962962962962,"50":0.714074074074074,"51":0.0,"52":0.5748148148148149,"53":0.5881481481481482,"54":0.8488888888888888,"55":0.1851851851851852,"56":0.35407407407407404,"57":0.3733333333333333,"58":0.705185185185185,"59":1.0,"60":0.282962962962963,"61":0.11407407407407408,"62":0.9970370370370368,"63":0.1674074074074074,"64":0.5762962962962962,"65":0.3555555555555556,"66":0.09481481481481482,"67":0.277037037037037,"68":0.04444444444444454,"69":0.4548148148148147,"70":0.4666666666666667,"71":0.991111111111111,"72":0.11407407407407408,"73":0.2637037037037038,"74":0.12148148148148155,"75":0.0874074074074075,"76":0.0785185185185186,"77":0.5066666666666667,"78":0.4296296296296296,"79":0.060740740740740776,"80":0.07259259259259271,"81":0.1022222222222223,"82":0.13925925925925936,"83":0.36000000000000004,"84":0.23407407407407405,"85":0.18074074074074076,"86":0.08000000000000003,"87":0.5022222222222223,"88":0.5051851851851852,"89":0.1407407407407408,"90":0.3777777777777777,"91":0.13629629629629636,"92":0.07555555555555557,"93":0.17777777777777787,"94":0.13925925925925936,"95":0.13333333333333333,"96":0.2622222222222222,"97":0.13629629629629636,"98":0.5066666666666667,"99":0.03555555555555563,"100":0.05333333333333345,"101":0.06666666666666667,"102":0.09629629629629641,"103":0.23407407407407405,"104":0.3748148148148149,"105":0.04740740740740741,"106":0.1674074074074074,"107":0.38666666666666666,"108":0.1614814814814815,"109":0.14222222222222225,"110":0.16296296296296292},"ranked":{"51":0.0,"99":0.00909090909090909,"68":0.01818181818181818,"105":0.02727272727272727,"31":0.03636363636363636,"100":0.045454545454545456,"79":0.05454545454545454,"101":0.06363636363636363,"14":0.07272727272727272,"80":0.08181818181818182,"9":0.09090909090909091,"92":0.1,"76":0.10909090909090909,"86":0.11818181818181818,"23":0.12727272727272726,"75":0.13636363636363635,"22":0.14545454545454545,"66":0.15454545454545454,"102":0.16363636363636364,"81":0.17272727272727273,"61":0.18181818181818182,"72":0.19090909090909092,"74":0.2,"2":0.20909090909090908,"13":0.21818181818181817,"17":0.22727272727272727,"18":0.23636363636363636,"20":0.24545454545454545,"95":0.2545454545454545,"91":0.2636363636363636,"97":0.2727272727272727,"0":0.2818181818181818,"82":0.2909090909090909,"94":0.3,"89":0.3090909090909091,"109":0.3181818181818182,"35":0.32727272727272727,"16":0.33636363636363636,"27":0.34545454545454546,"108":0.35454545454545455,"110":0.36363636363636365,"63":0.37272727272727274,"106":0.38181818181818183,"40":0.39090909090909093,"93":0.4,"85":0.4090909090909091,"55":0.41818181818181815,"1":0.42727272727272725,"7":0.43636363636363634,"12":0.44545454545454544,"5":0.45454545454545453,"84":0.4636363636363636,"103":0.4727272727272727,"25":0.4818181818181818,"38":0.4909090909090909,"96":0.5,"73":0.509090909090909,"10":0.5181818181818182,"42":0.5272727272727272,"67":0.5363636363636364,"39":0.5454545454545454,"60":0.5545454545454546,"11":0.5636363636363636,"28":0.5727272727272728,"30":0.5818181818181818,"36":0.5909090909090909,"56":0.6,"65":0.6090909090909091,"83":0.6181818181818182,"26":0.6272727272727273,"32":0.6363636363636364,"44":0.6454545454545455,"57":0.6545454545454545,"104":0.6636363636363637,"37":0.6727272727272727,"90":0.6818181818181818,"107":0.6909090909090909,"29":0.7,"15":0.7090909090909091,"78":0.7181818181818181,"69":0.7272727272727273,"4":0.7363636363636363,"70":0.7454545454545455,"34":0.7545454545454545,"87":0.7636363636363637,"88":0.7727272727272727,"77":0.7818181818181819,"98":0.7909090909090909,"52":0.8,"49":0.8090909090909091,"64":0.8181818181818182,"6":0.8272727272727273,"53":0.8363636363636363,"3":0.8454545454545455,"19":0.8545454545454545,"33":0.8636363636363636,"21":0.8727272727272727,"8":0.8818181818181818,"24":0.8909090909090909,"58":0.9,"47":0.9090909090909091,"50":0.9181818181818182,"46":0.9272727272727272,"54":0.9363636363636364,"41":0.9454545454545454,"71":0.9545454545454546,"48":0.9636363636363636,"62":0.9727272727272728,"45":0.9818181818181818,"43":0.990909090909091,"59":1.0}}