{"name":"agd","num_of_nodes":120,"num_of_edges":229,"weight":"value","process_time":0.01549983024597168,"data":{"0":0.004306632213608959,"1":0.033591731266149866,"2":0.06632213608957793,"3":0.05167958656330749,"4":0.03186907838070628,"5":0.004306632213608959,"6":0.044788975021533166,"7":0.0404823428079242,"8":0.0017226528854435825,"9":0.003445305770887165,"10":0.003445305770887165,"11":0.06459948320413436,"12":0.04823428079242033,"13":0.0404823428079242,"14":0.04220499569336779,"15":0.054263565891472854,"16":0.0025839793281653765,"17":0.03875968992248062,"18":0.06718346253229975,"19":0.0,"20":0.07665805340223944,"21":0.08354866494401378,"22":0.0,"23":0.04220499569336779,"24":0.0025839793281653765,"25":0.006029285099052542,"26":0.0025839793281653765,"27":0.07665805340223944,"28":0.05081826012058569,"29":0.07665805340223944,"30":0.054263565891472854,"31":0.06201550387596899,"32":0.052540913006029276,"33":0.00689061154177433,"34":0.049956933677863906,"35":0.05598621877691645,"36":0.0017226528854435825,"37":0.003445305770887165,"38":0.08354866494401378,"39":0.05770887166236003,"40":0.7588285960378983,"41":0.8251507321274764,"42":0.6606373815676141,"43":0.5099052540913006,"44":0.5322997416020672,"45":0.7553832902670111,"46":0.6606373815676141,"47":0.6339362618432386,"48":0.6201550387596898,"49":0.5633074935400516,"50":0.5581395348837209,"51":0.47286821705426346,"52":0.7545219638242893,"53":0.7157622739018087,"54":0.6985357450473728,"55":0.7553832902670111,"56":0.6985357450473728,"57":0.47372954349698526,"58":0.669250645994832,"59":0.6037898363479759,"60":0.6511627906976744,"61":0.669250645994832,"62":0.6055124892334195,"63":0.48062015503875966,"64":0.6494401378122308,"65":0.8217054263565893,"66":0.5021533161068045,"67":0.5925925925925926,"68":0.5745047372954348,"69":0.49009474590869934,"70":0.6012058570198104,"71":0.5882859603789836,"72":0.6451335055986218,"73":0.5796726959517657,"74":0.7605512489233419,"75":0.5426356589147286,"76":0.48062015503875966,"77":0.8217054263565893,"78":0.6158484065460809,"79":0.4702842377260981,"80":0.6055124892334195,"81":0.7131782945736433,"82":0.49009474590869934,"83":0.8725236864771748,"84":0.6546080964685614,"85":1.0,"86":0.6546080964685614,"87":0.4780361757105943,"88":0.7321274763135228,"89":0.7622739018087855,"90":0.8725236864771748,"91":0.5357450473729544,"92":0.5297157622739018,"93":0.5090439276485788,"94":0.937984496124031,"95":0.7217915590008612,"96":0.5529715762273901,"97":0.9345391903531439,"98":0.5581395348837209,"99":0.5590008613264427,"100":0.9345391903531439,"101":0.7131782945736433,"102":0.937984496124031,"103":0.6787252368647716,"104":0.5314384151593454,"105":0.5917312661498707,"106":0.6261843238587423,"107":0.9345391903531439,"108":0.8708010335917312,"109":0.5107665805340224,"110":0.5624461670973299,"111":0.6666666666666666,"112":0.5366063738156761,"113":0.4987080103359172,"114":0.5314384151593454,"115":0.8139534883720929,"116":0.5512489233419465,"117":0.5719207579672695,"118":0.6382428940568475,"119":0.5521102497846683},"ranked":{"19":0.0,"22":0.008403361344537815,"8":0.01680672268907563,"36":0.025210084033613446,"16":0.03361344537815126,"24":0.04201680672268908,"26":0.05042016806722689,"9":0.058823529411764705,"10":0.06722689075630252,"37":0.07563025210084033,"0":0.08403361344537816,"5":0.09243697478991597,"25":0.10084033613445378,"33":0.1092436974789916,"4":0.11764705882352941,"1":0.12605042016806722,"17":0.13445378151260504,"7":0.14285714285714285,"13":0.15126050420168066,"14":0.15966386554621848,"23":0.16806722689075632,"6":0.17647058823529413,"12":0.18487394957983194,"34":0.19327731092436976,"28":0.20168067226890757,"3":0.21008403361344538,"32":0.2184873949579832,"15":0.226890756302521,"30":0.23529411764705882,"35":0.24369747899159663,"39":0.25210084033613445,"31":0.2605042016806723,"11":0.2689075630252101,"2":0.2773109243697479,"18":0.2857142857142857,"20":0.29411764705882354,"27":0.3025210084033613,"29":0.31092436974789917,"21":0.31932773109243695,"38":0.3277310924369748,"79":0.33613445378151263,"51":0.3445378151260504,"57":0.35294117647058826,"87":0.36134453781512604,"63":0.3697478991596639,"76":0.37815126050420167,"69":0.3865546218487395,"82":0.3949579831932773,"113":0.40336134453781514,"66":0.4117647058823529,"93":0.42016806722689076,"43":0.42857142857142855,"109":0.4369747899159664,"92":0.44537815126050423,"104":0.453781512605042,"114":0.46218487394957986,"44":0.47058823529411764,"91":0.4789915966386555,"112":0.48739495798319327,"75":0.4957983193277311,"116":0.5042016806722689,"119":0.5126050420168067,"96":0.5210084033613446,"50":0.5294117647058824,"98":0.5378151260504201,"99":0.5462184873949579,"110":0.5546218487394958,"49":0.5630252100840336,"117":0.5714285714285714,"68":0.5798319327731093,"73":0.5882352941176471,"71":0.5966386554621849,"105":0.6050420168067226,"67":0.6134453781512605,"70":0.6218487394957983,"59":0.6302521008403361,"62":0.6386554621848739,"80":0.6470588235294118,"78":0.6554621848739496,"48":0.6638655462184874,"106":0.6722689075630253,"47":0.680672268907563,"118":0.6890756302521008,"72":0.6974789915966386,"64":0.7058823529411765,"60":0.7142857142857143,"84":0.7226890756302521,"86":0.7310924369747899,"42":0.7394957983193278,"46":0.7478991596638656,"111":0.7563025210084033,"58":0.7647058823529411,"61":0.773109243697479,"103":0.7815126050420168,"54":0.7899159663865546,"56":0.7983193277310925,"81":0.8067226890756303,"101":0.8151260504201681,"53":0.8235294117647058,"95":0.8319327731092437,"88":0.8403361344537815,"52":0.8487394957983193,"45":0.8571428571428571,"55":0.865546218487395,"40":0.8739495798319328,"74":0.8823529411764706,"89":0.8907563025210085,"115":0.8991596638655462,"65":0.907563025210084,"77":0.9159663865546218,"41":0.9243697478991597,"108":0.9327731092436975,"83":0.9411764705882353,"90":0.9495798319327731,"97":0.957983193277311,"100":0.9663865546218487,"107":0.9747899159663865,"94":0.9831932773109243,"102":0.9915966386554622,"85":1.0}}