{"name":"density","eps":0.5,"weight":"value","num_of_nodes":63,"num_of_edges":193,"process_time":0.018806934356689453,"data":{"0":0.5015482322942314,"1":0.5034061729033631,"2":0.2535609848862066,"3":0.5021675926912723,"4":0.25046466087972963,"5":0.5015482322942314,"6":0.000619444746160866,"7":0.5021676770402054,"8":0.25046466087972963,"9":0.25294184942006637,"10":0.25046466087972963,"11":0.7513935046603479,"12":0.0006194166296551571,"13":0.004954545779310565,"14":0.00557384994355039,"15":0.0024774697041788454,"16":0.5021676489240735,"17":0.7520126401264873,"18":0.0006194166296551571,"19":0.0006194166296551571,"20":0.5015482041777958,"21":0.25294176507118016,"22":0.2517031286261714,"23":0.4990710156372487,"24":0.4990710156372487,"25":0.002477329122631652,"26":0.0006193603969708565,"27":0.0006193603969708565,"28":0.0006193603969708565,"29":0.0037161342655297196,"30":0.0049544895466028995,"31":0.9999999437674346,"32":0.2523225452558733,"33":0.0030968582176554107,"34":0.2523225452558733,"35":0.5021676770403689,"36":0.4990710156372487,"37":0.502786981204632,"38":0.0030967176357343694,"39":0.7501547838664522,"40":0.9999999437674346,"41":0.5015482885271494,"42":0.0018580811909125695,"43":0.2517031005099461,"44":0.4990710437536376,"45":1.0,"46":0.25170321297531467,"47":0.24922582762013892,"48":0.24984521613349867,"49":0.0061932665734859334,"50":0.0018579687255439682,"51":0.0,"52":0.2529417650712502,"53":0.0018580811909125695,"54":0.0030967176358745623,"55":0.004954517662968415,"56":0.25232246090675337,"57":0.5015482604107138,"58":0.0030968582177021415,"59":0.2529417650712502,"60":0.24984521613349867,"61":0.24984521613349867,"62":0.4990710437536376},"ranked":{"51":0.0,"26":0.016129032258064516,"27":0.03225806451612903,"28":0.04838709677419355,"12":0.06451612903225806,"18":0.08064516129032258,"19":0.0967741935483871,"6":0.11290322580645161,"50":0.12903225806451613,"42":0.14516129032258066,"53":0.16129032258064516,"25":0.1774193548387097,"15":0.1935483870967742,"38":0.20967741935483872,"54":0.22580645161290322,"33":0.24193548387096775,"58":0.25806451612903225,"29":0.27419354838709675,"30":0.2903225806451613,"55":0.3064516129032258,"13":0.3225806451612903,"14":0.3387096774193548,"49":0.3548387096774194,"47":0.3709677419354839,"48":0.3870967741935484,"60":0.4032258064516129,"61":0.41935483870967744,"4":0.43548387096774194,"8":0.45161290322580644,"10":0.46774193548387094,"43":0.4838709677419355,"22":0.5,"46":0.5161290322580645,"56":0.532258064516129,"32":0.5483870967741935,"34":0.5645161290322581,"21":0.5806451612903226,"52":0.5967741935483871,"59":0.6129032258064516,"9":0.6290322580645161,"2":0.6451612903225806,"23":0.6612903225806451,"24":0.6774193548387096,"36":0.6935483870967742,"44":0.7096774193548387,"62":0.7258064516129032,"20":0.7419354838709677,"0":0.7580645161290323,"5":0.7741935483870968,"57":0.7903225806451613,"41":0.8064516129032258,"3":0.8225806451612904,"16":0.8387096774193549,"7":0.8548387096774194,"35":0.8709677419354839,"37":0.8870967741935484,"1":0.9032258064516129,"39":0.9193548387096774,"11":0.9354838709677419,"17":0.9516129032258065,"31":0.967741935483871,"40":0.9838709677419355,"45":1.0}}