{"name":"density","eps":0.5,"weight":"value","num_of_nodes":192,"num_of_edges":602,"process_time":0.08126115798950195,"data":{"0":0.2016831561997254,"1":0.402871163344524,"2":0.403366222505289,"3":0.6020793158965901,"4":0.6020791361077985,"5":0.0,"6":0.0029702650708387885,"7":0.002475093541871931,"8":0.0034653017583107463,"9":0.19970300945079006,"10":0.40188095512782374,"11":0.0019801018019758162,"12":0.8017821006112362,"13":0.6025743076367304,"14":0.0014852449034998968,"15":0.003960113709285527,"16":0.20118798467062782,"17":0.0024751609628528336,"18":0.39940595148044983,"19":0.798811902961075,"20":0.20366323552820279,"21":0.4018809776014529,"22":0.20168293146352706,"23":0.0,"24":0.0004949467928805577,"25":0.006435252198490511,"26":0.8007921620782724,"27":0.001980236643545421,"28":0.20316844605063306,"29":0.4033662449787127,"30":0.8002970354965053,"31":0.003465077022019008,"32":0.0,"33":0.0014849302728408727,"34":0.40039589001335724,"35":0.003465077022019008,"36":0.006435342092951178,"37":0.4008912413312828,"38":0.003960428339981904,"39":0.0014849302728408727,"40":0.4013860982297774,"41":0.7993069621218956,"42":0.6010890852068187,"43":0.000494901845528829,"44":0.40039589001335724,"45":0.2036631681072032,"46":0.6020790462133172,"47":0.2041581598473608,"48":0.0029700852821415696,"49":0.20217828278147126,"50":0.20019800119053677,"51":0.4043562284588411,"52":0.0004949467928805577,"53":0.005445313665639134,"54":0.003960271024652392,"55":0.002475093541871931,"56":0.8017820556639575,"57":0.0004949467928805577,"58":0.0004949467928805577,"59":0.6020792709493304,"60":0.0024750935420773694,"61":0.40386143898140214,"62":0.005445538401576025,"63":0.2006929255099002,"64":0.2026731396797791,"65":0.0014851550090952588,"66":0.2021781479397896,"67":0.002970197650100677,"68":0.2021781254661978,"69":0.2006929704570652,"70":0.6035641562749468,"71":0.0014849976936536894,"72":0.2021781254661791,"73":0.40386116929785204,"74":0.005940350352793596,"75":0.4033662000313236,"76":0.002970175176490179,"77":0.0004951041082100696,"78":0.8022770698774806,"79":0.20465321900803238,"80":0.6010891526275561,"81":0.4028711408706147,"82":0.2036632130544242,"83":0.2031681988407495,"84":0.6025740379531914,"85":0.00148508758809568,"86":0.40039606980235326,"87":0.002475295804515819,"88":0.20465317406086742,"89":0.0009900284274801296,"90":0.20118802961796087,"91":0.20019800119085426,"92":0.2061381942281316,"93":0.20316817636700826,"94":0.4018809776014903,"95":0.40237621655123257,"96":0.4023761491305505,"97":0.2031681538935472,"98":0.000990140795532618,"99":0.20217796815083092,"100":0.20366319058079502,"101":0.2026730947326515,"102":0.2036631231600009,"103":0.002475160962740776,"104":0.40534630183346754,"105":0.6030691420612717,"106":0.4018810899696361,"107":0.40386121424512905,"108":0.002970175176490179,"109":0.6025741503211886,"110":0.2051482107480779,"111":0.0034652792844948105,"112":0.8022770249302019,"113":0.4018811573904863,"114":0.4033662449786567,"115":0.4028711633442439,"116":0.6030691420612717,"117":0.4018811124431906,"118":0.4028711183969295,"119":0.20366312315985147,"120":0.40089108401597195,"121":0.005940237984629051,"122":0.4003960922760758,"123":0.20118802961811028,"124":0.0004950591607836361,"125":0.20267311720618728,"126":0.0009900509008291605,"127":0.6010891301539073,"128":0.20316808647267834,"129":0.0009898935854809722,"130":0.002475048594650936,"131":1.0,"132":0.002475295804515819,"133":0.203167996578199,"134":0.7978217846391296,"135":0.004455172870050488,"136":0.6020790462131652,"137":0.20019806861159237,"138":0.20019806861159237,"139":0.002475205909905743,"140":0.2031681763672324,"141":0.6010891301537552,"142":0.6015840769466738,"143":0.002475138489167631,"144":0.20366310068627833,"145":0.20118793972355623,"146":0.40138589596692803,"147":0.003960226077244635,"148":0.001980079328365319,"149":0.6015841668410031,"150":0.40138589596692803,"151":0.0014850651144851824,"152":0.0019800568546427637,"153":0.20316828873509812,"154":0.20366314563357404,"155":0.6005939586248995,"156":0.20217805804523556,"157":0.00099002842733072,"158":0.002475048594669612,"159":0.0004948793718436266,"160":0.20118802961797955,"161":0.20168295393721225,"162":0.0004949917400642005,"163":0.4053461220444528,"164":0.0004948793718436266,"165":0.6015840319994902,"166":0.20316815389349116,"167":0.6035640888541522,"168":0.003465369179123563,"169":4.4947239671454815e-08,"170":0.0004948793718436266,"171":0.20118802961805426,"172":0.0034651219691652986,"173":0.6010890852066857,"174":0.40188113491704386,"175":0.0014851100617808825,"176":0.40237608170981237,"177":0.2031680190518095,"178":0.40188106749613767,"179":0.4028710734496338,"180":0.600594026045846,"181":0.003960136182802644,"182":0.2036632355280347,"183":0.0004949917401202291,"184":0.600594026045827,"185":0.19970285213525513,"186":0.7993068497537085,"187":0.4033659528216642,"188":0.6010890852065907,"189":0.2046532190081631,"190":0.20316806399889975,"191":0.20217792320351655},"ranked":{"5":0.0,"23":0.005235602094240838,"32":0.010471204188481676,"169":0.015706806282722512,"159":0.020942408376963352,"164":0.02617801047120419,"170":0.031413612565445025,"43":0.03664921465968586,"24":0.041884816753926704,"52":0.04712041884816754,"57":0.05235602094240838,"58":0.05759162303664921,"162":0.06282722513089005,"183":0.06806282722513089,"124":0.07329842931937172,"77":0.07853403141361257,"129":0.08376963350785341,"157":0.08900523560209424,"89":0.09424083769633508,"126":0.09947643979057591,"98":0.10471204188481675,"33":0.1099476439790576,"39":0.11518324607329843,"71":0.12041884816753927,"151":0.1256544502617801,"85":0.13089005235602094,"175":0.13612565445026178,"65":0.14136125654450263,"14":0.14659685863874344,"152":0.1518324607329843,"148":0.15706806282722513,"11":0.16230366492146597,"27":0.16753926701570682,"130":0.17277486910994763,"158":0.17801047120418848,"7":0.18324607329842932,"55":0.18848167539267016,"60":0.193717277486911,"143":0.19895287958115182,"103":0.20418848167539266,"17":0.2094240837696335,"139":0.21465968586387435,"87":0.2198952879581152,"132":0.225130890052356,"48":0.23036649214659685,"76":0.2356020942408377,"108":0.24083769633507854,"67":0.24607329842931938,"6":0.2513089005235602,"31":0.25654450261780104,"35":0.2617801047120419,"172":0.2670157068062827,"111":0.27225130890052357,"8":0.2774869109947644,"168":0.28272251308900526,"15":0.2879581151832461,"181":0.2931937172774869,"147":0.29842931937172773,"54":0.3036649214659686,"38":0.3089005235602094,"135":0.31413612565445026,"53":0.3193717277486911,"62":0.32460732984293195,"121":0.3298429319371728,"74":0.33507853403141363,"25":0.3403141361256545,"36":0.34554973821989526,"185":0.3507853403141361,"9":0.35602094240837695,"50":0.3612565445026178,"91":0.36649214659685864,"137":0.3717277486910995,"138":0.3769633507853403,"63":0.38219895287958117,"69":0.387434554973822,"145":0.39267015706806285,"16":0.39790575916230364,"90":0.4031413612565445,"160":0.4083769633507853,"171":0.41361256544502617,"123":0.418848167539267,"22":0.42408376963350786,"161":0.4293193717277487,"0":0.43455497382198954,"191":0.4397905759162304,"99":0.44502617801047123,"156":0.450261780104712,"72":0.45549738219895286,"68":0.4607329842931937,"66":0.46596858638743455,"49":0.4712041884816754,"101":0.47643979057591623,"125":0.4816753926701571,"64":0.4869109947643979,"133":0.49214659685863876,"177":0.4973821989528796,"190":0.5026178010471204,"128":0.5078534031413613,"166":0.5130890052356021,"97":0.518324607329843,"93":0.5235602094240838,"140":0.5287958115183246,"83":0.5340314136125655,"153":0.5392670157068062,"28":0.5445026178010471,"144":0.5497382198952879,"119":0.5549738219895288,"102":0.5602094240837696,"154":0.5654450261780105,"45":0.5706806282722513,"100":0.5759162303664922,"82":0.581151832460733,"182":0.5863874345549738,"20":0.5916230366492147,"47":0.5968586387434555,"88":0.6020942408376964,"79":0.6073298429319371,"189":0.612565445026178,"110":0.6178010471204188,"92":0.6230366492146597,"18":0.6282722513089005,"34":0.6335078534031413,