{"name":"fiedler","normalized":false,"weight":"value","num_of_nodes":153,"num_of_edges":462,"process_time":0.0368199348449707,"data":{"0":0.0709796566513296,"1":0.16669731258355788,"2":0.0681222119353341,"3":0.1867856154323407,"4":0.07176641508515087,"5":0.033375563245722814,"6":0.020907027859583982,"7":0.08776013082155967,"8":0.06202253764941837,"9":0.12958491435762454,"10":0.020416406500912605,"11":0.06275429810021375,"12":0.10153341684271218,"13":0.059134908428305294,"14":0.2187770026195749,"15":0.06278937900196112,"16":0.025752550334317358,"17":0.021992160357207642,"18":0.0465841292059879,"19":0.025126580290579417,"20":0.021377198624548305,"21":0.022242298089882172,"22":0.06476944957856252,"23":0.04622271089594665,"24":0.21877700261957492,"25":0.02581576657476137,"26":0.028327981750639695,"27":0.19394490805238462,"28":0.055048438188295114,"29":0.036000953405872525,"30":0.020416406500912605,"31":0.10523588567933909,"32":0.1366318656018313,"33":0.022510439315722844,"34":0.020886346488490096,"35":0.048181049295578496,"36":0.2122586604693493,"37":0.024273280394490077,"38":0.022345201205760102,"39":0.21877700261957492,"40":0.022588761192132604,"41":0.0560493375077221,"42":0.0722390773262554,"43":0.11236289039615137,"44":0.06651533892045076,"45":0.08363061578507741,"46":0.021370050278017597,"47":0.07097965665132998,"48":0.03436306900377179,"49":0.11236289039615141,"50":0.06093998396455693,"51":0.6874803659204368,"52":0.7977418354590081,"53":0.998559814994551,"54":0.8488172446815658,"55":0.9194700703815368,"56":0.8663003442365245,"57":0.8595621552677368,"58":0.8889687253211482,"59":0.6931723342376769,"60":0.722286040661179,"61":0.780083458890206,"62":0.8576753926167308,"63":0.4194518755213877,"64":0.9985598149978723,"65":0.9193783234601465,"66":0.2829535111641062,"67":0.9899335186613903,"68":1.0,"69":0.9985598149978723,"70":0.9250934346042954,"71":0.998559814994551,"72":0.6080944636975512,"73":0.44857811974501494,"74":0.9250934346042954,"75":0.9193783234601465,"76":0.9397046555101335,"77":0.9250934346042955,"78":0.47693984792808325,"79":0.8758062700943255,"80":0.8804837401116312,"81":0.8405095094387204,"82":0.780083458890206,"83":0.44857811974501494,"84":0.6931723342376771,"85":0.7640286094048004,"86":0.791381326821941,"87":0.4098540931058878,"88":0.998559814994551,"89":0.8640336769351323,"90":0.8781302728603297,"91":0.8958613375293981,"92":0.44857811974501494,"93":0.7698483783183393,"94":0.873982125530357,"95":0.9267287264379872,"96":0.8726671101855821,"97":0.772478271496313,"98":0.7166902930840312,"99":0.9194700703815365,"100":0.8566124427320237,"101":0.7272655969811452,"102":0.04194735113567307,"103":0.023448336856221986,"104":0.01083418455785535,"105":0.006571223598637701,"106":0.06485360220434516,"107":0.0,"108":0.029707682292296967,"109":0.031100392172087064,"110":0.035204360292951035,"111":0.0066714776273009155,"112":0.4865376303444035,"113":0.050171198454106766,"114":0.021365748336380747,"115":0.016353969000469343,"116":0.010783821900081241,"117":0.019193734255895874,"118":0.0007847797146513107,"119":0.011063775234701973,"120":0.0220507746066374,"121":0.050171198454106766,"122":0.01388062741448549,"123":0.009933754650853653,"124":0.010305334342950678,"125":0.04019901466541069,"126":0.001150114599336998,"127":0.0011501145993368708,"128":0.0,"129":0.04802993229145648,"130":0.016410050369653234,"131":0.010190787794776354,"132":0.0037037009667589224,"133":0.012378516832969132,"134":0.010745204042648697,"135":0.020080772722711384,"136":0.050171198454106766,"137":0.007066029856565946,"138":0.010365578849095227,"139":0.0,"140":0.029707682292296936,"141":0.020080772722711384,"142":0.009949358880385461,"143":0.019193734255895874,"144":0.010212236116257123,"145":0.005371294554868102,"146":0.03927171106238909,"147":0.005485385819779446,"148":0.010690997690955148,"149":0.005540985579099411,"150":0.01095913466578622,"151":0.010005416227868727,"152":0.0068902017763539615},"ranked":{"107":0.0,"128":0.006578947368421052,"139":0.013157894736842105,"118":0.019736842105263157,"127":0.02631578947368421,"126":0.03289473684210526,"132":0.039473684210526314,"145":0.046052631578947366,"147":0.05263157894736842,"149":0.05921052631578947,"105":0.06578947368421052,"111":0.07236842105263158,"152":0.07894736842105263,"137":0.08552631578947369,"123":0.09210526315789473,"142":0.09868421052631579,"151":0.10526315789473684,"131":0.1118421052631579,"144":0.11842105263157894,"124":0.125,"138":0.13157894736842105,"148":0.13815789473684212,"134":0.14473684210526316,"116":0.1513157894736842,"104":0.15789473684210525,"150":0.16447368421052633,"119":0.17105263157894737,"133":0.17763157894736842,"122":0.18421052631578946,"115":0.19078947368421054,"130":0.19736842105263158,"117":0.20394736842105263,"143":0.21052631578947367,"135":0.21710526315789475,"141":0.2236842105263158,"10":0.23026315789473684,"30":0.23684210526315788,"34":0.24342105263157895,"6":0.25,"114":0.2565789473684211,"46":0.2631578947368421,"20":0.26973684210526316,"17":0.27631578947368424,"120":0.28289473684210525,"21":0.2894736842105263,"38":0.29605263157894735,"33":0.3026315789473684,"40":0.3092105263157895,"103":0.3157894736842105,"37":0.3223684210526316,"19":0.32894736842105265,"16":0.3355263157894737,"25":0.34210526315789475,"26":0.34868421052631576,"140":0.35526315789473684,"108":0.3618421052631579,"109":0.3684210526315789,"5":0.375,"48":0.3815789473684211,"110":0.3881578947368421,"29":0.39473684210526316,"146":0.40131578947368424,"125":0.40789473684210525,"102":0.4144736842105263,"23":0.42105263157894735,"18":0.4276315789473684,"129":0.4342105263157895,"35":0.4407894736842105,"113":0.4473684210526316,"121":0.45394736842105265,"136":0.4605263157894737,"28":0.46710526315789475,"41":0.47368421052631576,"13":0.48026315789473684,"50":0.4868421052631579,"8":0.4934210526315789,"11":0.5,"15":0.506578947368421,"22":0.5131578947368421,"106":0.5197368421052632,"44":0.5263157894736842,"2":0.5328947368421053,"0":0.5394736842105263,"47":0.5460526315789473,"4":0.5526315789473685,"42":0.5592105263157895,"45":0.5657894736842105,"7":0.5723684210526315,"12":0.5789473684210527,"31":0.5855263157894737,"43":0.5921052631578947,"49":0.5986842105263158,"9":0.6052631578947368,"32":0.6118421052631579,"1":0.618421052631579,"3":0.625,"27":0.631578947368421,"36":0.6381578947368421,"14":0.6447368421052632,"24":0.6513157894736842,"39":0.6578947368421053,"66":0.6644736842105263,"87":0.6710526315789473,"63":0.6776315789473685,"73":0.6842105263157895,"83":0.6907894736842105,"92":0.6973684210526315,"78":0.7039473684210527,"112":0.7105263157894737,"72":0.7171052631578947,"51":0.7236842105263158,"59":0.7302631578947368,"84":0.7368421052631579,"98":0.743421052631579,"60":0.75,"101":0.756578947368421,"85":0.7631578947368421,"93":0.7697368421052632,"97":0.7763157894736842,"61":0.7828947368421053,"82":0.7894736842105263,"86":0.7960526315789473,"52":0.8026315789473685,"81":0.8092105263157895,"54":0.8157894736842105,"100":0.8223684210526315,"62":0.8289473684210527,"57":0.8355263157894737,"89":0.8421052631578947,"56":0.8486842105263158,"96":0.8552631578947368,"94":0.8618421052631579,"79":0.868421052631579,"90":0.875,"80":0.881578947368421,"58":0.8881578947368421,"91":0.8947368421052632,"65":0.9013157894736842,"75":0.9078947368421053,"99":0.9144736842105263,"55":0.9210526315789473,"70":0.9276315789473685,"74":0.9342105263157895,"77":0.9407894736842105,"95":0.9473684210526315,"76":0.9539473684210527,"67":0.9605263157894737,"53":0.9671052631578947,"71":0.9736842105263158,"88":0.9802631578947368,"64":0.9868421052631579,"69":0.993421052631579,"68":1.0}}