{"name":"agd","num_of_nodes":123,"num_of_edges":389,"weight":"value","process_time":0.028052091598510742,"data":{"0":0.5536130536130537,"1":0.5536130536130537,"2":0.3228438228438229,"3":0.5209790209790209,"4":0.20862470862470855,"5":0.4254079254079253,"6":0.4137529137529138,"7":0.22727272727272724,"8":0.2762237762237762,"9":0.39277389277389285,"10":0.3764568764568765,"11":0.2564102564102564,"12":0.30536130536130535,"13":0.15268065268065267,"14":0.2132867132867133,"15":0.31118881118881114,"16":0.32983682983682977,"17":0.5116550116550118,"18":0.3997668997668997,"19":0.4137529137529138,"20":0.5536130536130537,"21":0.2587412587412587,"22":0.30769230769230765,"23":0.24475524475524477,"24":0.40442890442890433,"25":0.2156177156177156,"26":0.6503496503496504,"27":0.27505827505827507,"28":0.3228438228438229,"29":0.210955710955711,"30":0.421911421911422,"31":0.2156177156177156,"32":0.11538461538461535,"33":0.3321678321678321,"34":0.14568764568764564,"35":0.41258741258741255,"36":0.6783216783216782,"37":0.6783216783216782,"38":0.3006993006993006,"39":0.43006993006993016,"40":0.5081585081585082,"41":0.0,"42":0.6526806526806527,"43":0.5291375291375292,"44":0.7925407925407926,"45":0.7832167832167831,"46":0.33333333333333337,"47":0.13752913752913748,"48":0.6561771561771562,"49":0.6608391608391608,"50":0.09557109557109553,"51":0.08624708624708619,"52":0.3251748251748252,"53":0.2179487179487179,"54":0.6596736596736595,"55":0.11305361305361304,"56":0.5361305361305361,"57":0.5384615384615383,"58":0.03496503496503491,"59":0.3205128205128205,"60":0.6503496503496504,"61":0.33100233100233095,"62":0.11305361305361304,"63":0.6608391608391608,"64":0.7808857808857809,"65":0.060606060606060615,"66":0.4172494172494171,"67":0.4184149184149184,"68":0.534965034965035,"69":0.09673659673659668,"70":0.23310023310023312,"71":0.3275058275058275,"72":0.3205128205128205,"73":0.5279720279720279,"74":0.421911421911422,"75":0.08741258741258734,"76":0.15268065268065267,"77":0.31002331002330996,"78":0.08041958041958043,"79":0.4254079254079253,"80":0.08158508158508158,"81":0.039627039627039645,"82":0.044289044289044247,"83":0.2634032634032634,"84":0.7447552447552448,"85":0.4382284382284381,"86":0.6317016317016317,"87":0.044289044289044247,"88":0.7517482517482517,"89":0.19930069930069924,"90":0.7505827505827506,"91":0.19930069930069924,"92":0.6317016317016317,"93":0.9825174825174826,"94":0.13403263403263402,"95":0.29603729603729606,"96":0.6270396270396271,"97":0.7400932400932402,"98":0.5361305361305361,"99":0.26573426573426573,"100":0.35431235431235436,"101":0.9836829836829837,"102":0.23193473193473196,"103":0.8682983682983683,"104":0.21445221445221446,"105":0.8752913752913752,"106":0.8648018648018647,"107":0.3414918414918414,"108":0.6258741258741258,"109":0.19463869463869463,"110":0.2820512820512821,"111":0.8706293706293706,"112":0.752913752913753,"113":0.7424242424242424,"114":0.5291375291375292,"115":0.42773892773892763,"116":0.8566433566433568,"117":0.5291375291375292,"118":0.38694638694638694,"119":0.5209790209790209,"120":0.38694638694638694,"121":0.7505827505827506,"122":1.0},"ranked":{"41":0.0,"58":0.00819672131147541,"81":0.01639344262295082,"82":0.02459016393442623,"87":0.03278688524590164,"65":0.040983606557377046,"78":0.04918032786885246,"80":0.05737704918032787,"51":0.06557377049180328,"75":0.07377049180327869,"50":0.08196721311475409,"69":0.09016393442622951,"55":0.09836065573770492,"62":0.10655737704918032,"32":0.11475409836065574,"94":0.12295081967213115,"47":0.13114754098360656,"34":0.13934426229508196,"13":0.14754098360655737,"76":0.1557377049180328,"109":0.16393442622950818,"89":0.1721311475409836,"91":0.18032786885245902,"4":0.1885245901639344,"29":0.19672131147540983,"14":0.20491803278688525,"104":0.21311475409836064,"25":0.22131147540983606,"31":0.22950819672131148,"53":0.23770491803278687,"7":0.2459016393442623,"102":0.2540983606557377,"70":0.26229508196721313,"23":0.27049180327868855,"11":0.2786885245901639,"21":0.28688524590163933,"83":0.29508196721311475,"99":0.30327868852459017,"27":0.3114754098360656,"8":0.319672131147541,"110":0.32786885245901637,"95":0.3360655737704918,"38":0.3442622950819672,"12":0.3524590163934426,"22":0.36065573770491804,"77":0.36885245901639346,"15":0.3770491803278688,"59":0.38524590163934425,"72":0.39344262295081966,"2":0.4016393442622951,"28":0.4098360655737705,"52":0.4180327868852459,"71":0.4262295081967213,"16":0.4344262295081967,"61":0.4426229508196721,"33":0.45081967213114754,"46":0.45901639344262296,"107":0.4672131147540984,"100":0.47540983606557374,"10":0.48360655737704916,"118":0.4918032786885246,"120":0.5,"9":0.5081967213114754,"18":0.5163934426229508,"24":0.5245901639344263,"35":0.5327868852459017,"6":0.5409836065573771,"19":0.5491803278688525,"66":0.5573770491803278,"67":0.5655737704918032,"30":0.5737704918032787,"74":0.5819672131147541,"5":0.5901639344262295,"79":0.5983606557377049,"115":0.6065573770491803,"39":0.6147540983606558,"85":0.6229508196721312,"40":0.6311475409836066,"17":0.639344262295082,"3":0.6475409836065574,"119":0.6557377049180327,"73":0.6639344262295082,"43":0.6721311475409836,"114":0.680327868852459,"117":0.6885245901639344,"68":0.6967213114754098,"56":0.7049180327868853,"98":0.7131147540983607,"57":0.7213114754098361,"0":0.7295081967213115,"1":0.7377049180327869,"20":0.7459016393442623,"108":0.7540983606557377,"96":0.7622950819672131,"86":0.7704918032786885,"92":0.7786885245901639,"26":0.7868852459016393,"60":0.7950819672131147,"42":0.8032786885245902,"48":0.8114754098360656,"54":0.819672131147541,"49":0.8278688524590164,"63":0.8360655737704918,"36":0.8442622950819673,"37":0.8524590163934426,"97":0.860655737704918,"113":0.8688524590163934,"84":0.8770491803278688,"90":0.8852459016393442,"121":0.8934426229508197,"88":0.9016393442622951,"112":0.9098360655737705,"64":0.9180327868852459,"45":0.9262295081967213,"44":0.9344262295081968,"116":0.9426229508196722,"106":0.9508196721311475,"103":0.9590163934426229,"111":0.9672131147540983,"105":0.9754098360655737,"93":0.9836065573770492,"101":0.9918032786885246,"122":1.0}}