{"name":"fiedler","normalized":true,"weight":"value","num_of_nodes":114,"num_of_edges":362,"process_time":0.029478788375854492,"data":{"0":0.20834353973372574,"1":0.08707685794047736,"2":0.12130602098491836,"3":0.22440876388377487,"4":0.20432934998754418,"5":0.1759177880669372,"6":0.1276383535256655,"7":0.03870504297474173,"8":0.04354121032498638,"9":0.10851061220784848,"10":0.20834353973387548,"11":0.13732266520096906,"12":0.09848452294449685,"13":0.04498930316416208,"14":0.12213983502680678,"15":0.18934543681015378,"16":0.20417094827550433,"17":0.09267945724356659,"18":0.07432140687055913,"19":0.1947023344321626,"20":0.05194769114031284,"21":0.01935466697283403,"22":0.11489630968327162,"23":0.062341429499103186,"24":0.08897137295091101,"25":0.10365004914296848,"26":0.03870504297355983,"27":0.16680473710542074,"28":0.08690711499891862,"29":0.12535716794078297,"30":0.19661770911032797,"31":0.09562449445545708,"32":0.08290903021066619,"33":0.12535716794076424,"34":0.0,"35":0.06692834693495413,"36":0.08597635892437792,"37":0.09940407919060446,"38":0.07090132750070988,"39":0.2712065562724052,"40":0.13971559409037693,"41":0.17437065408390845,"42":0.1245790379224161,"43":0.12389337718010807,"44":0.14745870369786643,"45":0.14907092333291835,"46":0.0716124800333093,"47":0.1149370284081381,"48":0.05132645480982786,"49":0.2082667508500152,"50":0.2531079772877459,"51":0.13213013871663198,"52":0.14828721821264648,"53":0.2240476372187798,"54":0.17735156624591425,"55":0.04766031299829493,"56":0.08388393482470127,"57":0.10694587281632781,"58":0.13536151757959639,"59":0.07778602488329897,"60":0.06667829198831862,"61":0.19463015528402694,"62":0.06289602237991478,"63":0.11676454753635519,"64":0.24924659428747986,"65":0.052204444255196644,"66":0.10167597417997772,"67":0.16292777670770955,"68":0.10595669543339886,"69":0.2073385290913981,"70":0.24460019753937012,"71":0.17527596623086586,"72":0.0711066977184009,"73":0.19436550445951067,"74":0.24460019753921217,"75":0.11974243676771555,"76":0.497575576144805,"77":0.8993414008622762,"78":0.8584115338616661,"79":1.0,"80":0.500769174230442,"81":0.9522930832097022,"82":0.9080785604759418,"83":0.4816321710984357,"84":0.9575542683938797,"85":0.8504789940735307,"86":0.4395935532929851,"87":0.9657905480201515,"88":0.8487081323225405,"89":0.9794646170518699,"90":0.7727666226739645,"91":0.8345676882931937,"92":0.39711221273792124,"93":0.5079193203241958,"94":0.9419528029363019,"95":0.8415228012403435,"96":0.8959445014312521,"97":0.34882051179040896,"98":0.9562033685154382,"99":0.9289650584621878,"100":0.46970980113260213,"101":0.834567688293232,"102":0.8201653410213681,"103":0.5358292041735325,"104":0.9058434312408664,"105":0.54917432068377,"106":0.7745135252780856,"107":0.5222786661577536,"108":0.8345676882932366,"109":0.5157300634242877,"110":0.8389002886305336,"111":0.9021179138356693,"112":0.8790794932716999,"113":0.929293535943343},"ranked":{"34":0.0,"21":0.008849557522123894,"26":0.017699115044247787,"7":0.02654867256637168,"8":0.035398230088495575,"13":0.04424778761061947,"55":0.05309734513274336,"48":0.061946902654867256,"20":0.07079646017699115,"65":0.07964601769911504,"23":0.08849557522123894,"62":0.09734513274336283,"60":0.10619469026548672,"35":0.11504424778761062,"38":0.12389380530973451,"72":0.13274336283185842,"46":0.1415929203539823,"18":0.1504424778761062,"59":0.1592920353982301,"32":0.168141592920354,"56":0.17699115044247787,"36":0.18584070796460178,"28":0.19469026548672566,"1":0.20353982300884957,"24":0.21238938053097345,"17":0.22123893805309736,"31":0.23008849557522124,"12":0.23893805309734514,"37":0.24778761061946902,"66":0.25663716814159293,"25":0.26548672566371684,"68":0.2743362831858407,"57":0.2831858407079646,"9":0.2920353982300885,"22":0.3008849557522124,"47":0.30973451327433627,"63":0.3185840707964602,"75":0.3274336283185841,"2":0.336283185840708,"14":0.34513274336283184,"43":0.35398230088495575,"42":0.36283185840707965,"33":0.37168141592920356,"29":0.3805309734513274,"6":0.3893805309734513,"51":0.39823008849557523,"58":0.40707964601769914,"11":0.415929203539823,"40":0.4247787610619469,"44":0.4336283185840708,"52":0.4424778761061947,"45":0.45132743362831856,"67":0.46017699115044247,"27":0.4690265486725664,"41":0.4778761061946903,"71":0.48672566371681414,"5":0.49557522123893805,"54":0.504424778761062,"15":0.5132743362831859,"73":0.5221238938053098,"61":0.5309734513274337,"19":0.5398230088495575,"30":0.5486725663716814,"16":0.5575221238938053,"4":0.5663716814159292,"69":0.5752212389380531,"49":0.584070796460177,"0":0.5929203539823009,"10":0.6017699115044248,"53":0.6106194690265486,"3":0.6194690265486725,"74":0.6283185840707964,"70":0.6371681415929203,"64":0.6460176991150443,"50":0.6548672566371682,"39":0.6637168141592921,"97":0.672566371681416,"92":0.6814159292035398,"86":0.6902654867256637,"100":0.6991150442477876,"83":0.7079646017699115,"76":0.7168141592920354,"80":0.7256637168141593,"93":0.7345132743362832,"109":0.7433628318584071,"107":0.7522123893805309,"103":0.7610619469026548,"105":0.7699115044247787,"90":0.7787610619469026,"106":0.7876106194690266,"102":0.7964601769911505,"91":0.8053097345132744,"101":0.8141592920353983,"108":0.8230088495575221,"110":0.831858407079646,"95":0.8407079646017699,"88":0.8495575221238938,"85":0.8584070796460177,"78":0.8672566371681416,"112":0.8761061946902655,"96":0.8849557522123894,"77":0.8938053097345132,"111":0.9026548672566371,"104":0.911504424778761,"82":0.9203539823008849,"99":0.9292035398230089,"113":0.9380530973451328,"94":0.9469026548672567,"81":0.9557522123893806,"98":0.9646017699115044,"84":0.9734513274336283,"87":0.9823008849557522,"89":0.9911504424778761,"79":1.0}}