{"name":"agd","num_of_nodes":195,"num_of_edges":602,"weight":"value","process_time":0.09093284606933594,"data":{"0":0.28101644245142005,"1":0.9200298953662183,"2":0.09790732436472337,"3":0.4020926756352764,"4":0.15769805680119575,"5":0.6427503736920778,"6":0.7832585949177877,"7":0.26083707025411046,"8":0.06427503736920767,"9":0.5313901345291479,"10":0.3153961136023915,"11":0.3153961136023915,"12":0.7750373692077729,"13":0.7765321375186847,"14":0.13079222720478317,"15":0.09790732436472337,"16":0.2668161434977577,"17":0.7832585949177877,"18":0.3213751868460387,"19":0.6547085201793722,"20":0.7660687593423018,"21":0.507473841554559,"22":0.3991031390134528,"23":0.22047832585949176,"24":0.507473841554559,"25":0.7511210762331837,"26":0.11210762331838563,"27":0.2593423019431986,"28":0.09790732436472337,"29":0.4319880418535127,"30":0.4282511210762332,"31":0.6547085201793722,"32":0.5261584454409566,"33":0.7735426008968608,"34":0.22047832585949176,"35":0.4020926756352764,"36":0.1367713004484304,"37":0.3019431988041853,"38":0.15769805680119575,"39":0.05680119581464865,"40":0.7742899850523167,"41":0.7832585949177877,"42":0.6412556053811659,"43":0.26083707025411046,"44":0.12331838565022415,"45":0.4424514200298953,"46":0.4252615844544096,"47":0.7511210762331837,"48":0.2017937219730941,"49":0.3139013452914797,"50":0.7825112107623319,"51":0.4020926756352764,"52":0.7825112107623319,"53":0.09790732436472337,"54":0.5201793721973094,"55":0.26606875934230173,"56":0.4020926756352764,"57":0.18609865470852016,"58":0.32062780269058283,"59":0.6397608370702541,"60":0.7757847533632287,"61":0.6524663677130045,"62":0.3213751868460387,"63":0.1995515695067264,"64":0.7825112107623319,"65":0.4342301943198804,"66":0.18535127055306425,"67":0.13004484304932729,"68":0.02615844544095656,"69":0.39387144992526146,"70":0.2047832585949177,"71":0.22346786248131537,"72":0.21449925261584454,"73":0.475336322869955,"74":0.4192825112107624,"75":0.5515695067264572,"76":0.4065769805680118,"77":0.7122571001494769,"78":0.5896860986547084,"79":0.31913303437967105,"80":0.5807174887892377,"81":0.15022421524663673,"82":0.3991031390134528,"83":0.7742899850523167,"84":0.6375186846038864,"85":0.5142002989536621,"86":0.46188340807174877,"87":0.6397608370702541,"88":0.10612855007473843,"89":0.6434977578475336,"90":0.050074738415545536,"91":0.07548579970104632,"92":0.028400597907324264,"93":0.7159940209267563,"94":0.22346786248131537,"95":0.5328849028400596,"96":0.1741405082212256,"97":0.4192825112107624,"98":0.4185351270553065,"99":0.16292974588938708,"100":0.20403587443946178,"101":0.6442451420029895,"102":0.24887892376681603,"103":0.4327354260089686,"104":0.33557548579970087,"105":0.09491778774289976,"106":0.08295964125560534,"107":0.06726457399103128,"108":0.34603886397608374,"109":0.47234678624813137,"110":0.11210762331838563,"111":0.33408071748878904,"112":0.22346786248131537,"113":0.43348281016442447,"114":0.45665171898355744,"115":0.23168908819133027,"116":0.11285500747384153,"117":0.7100149476831091,"118":0.7167414050822123,"119":0.14349775784753363,"120":0.5881913303437967,"121":0.7182361733931241,"122":0.15171898355754854,"123":0.3475336322869956,"124":0.3109118086696561,"125":0.6434977578475336,"126":0.13228699551569498,"127":0.29745889387144986,"128":0.08893871449925256,"129":0.3109118086696561,"130":0.8624813153961136,"131":0.8632286995515694,"132":0.733183856502242,"133":0.06053811659192816,"134":0.06427503736920767,"135":0.5089686098654708,"136":0.012705530642750328,"137":0.3789237668161434,"138":0.03811659192825111,"139":0.8602391629297459,"140":0.7428998505231688,"141":0.14499252615844543,"142":0.6150971599402091,"143":0.8565022421524664,"144":0.7354260089686098,"145":0.0,"146":0.0044843049327354095,"147":0.28101644245142005,"148":0.4872944693572497,"149":0.8654708520179372,"150":1.0,"151":0.025411061285500657,"152":0.21674140508221224,"153":1.0,"154":0.10239162929745878,"155":0.11285500747384153,"156":0.8617339312406577,"157":0.029147982062780162,"158":0.1741405082212256,"159":0.13602391629297447,"160":0.18236173393124064,"161":0.13602391629297447,"162":0.6352765321375187,"163":0.9887892376681612,"164":0.25710014947683096,"165":0.38490284005979064,"166":0.62406576980568,"167":0.0321375186846039,"168":0.7361733931240657,"169":0.18011958146487295,"170":0.139760837070254,"171":0.3789237668161434,"172":0.6098654708520178,"173":0.14798206278026904,"174":0.18609865470852016,"175":0.8587443946188341,"176":0.1741405082212256,"177":0.11285500747384153,"178":0.4020926756352764,"179":0.6150971599402091,"180":0.7301943198804185,"181":0.6352765321375187,"182":0.28101644245142005,"183":0.8684603886397608,"184":0.18908819133034377,"185":0.18759342301943197,"186":0.0,"187":0.6150971599402091,"188":0.38490284005979064,"189":0.8587443946188341,"190":0.14798206278026904,"191":0.03736920777279521,"192":0.05530642750373685,"193":0.6098654708520178,"194":0.6352765321375187},"ranked":{"145":0.0,"186":0.005154639175257732,"146":0.010309278350515464,"136":0.015463917525773196,"151":0.020618556701030927,"68":0.02577319587628866,"92":0.030927835051546393,"157":0.03608247422680412,"167":0.041237113402061855,"191":0.04639175257731959,"138":0.05154639175257732,"90":0.05670103092783505,"192":0.061855670103092786,"39":0.06701030927835051,"133":0.07216494845360824,"8":0.07731958762886598,"134":0.08247422680412371,"107":0.08762886597938144,"91":0.09278350515463918,"106":0.0979381443298969,"128":0.10309278350515463,"105":0.10824742268041238,"2":0.1134020618556701,"15":0.11855670103092783,"28":0.12371134020618557,"53":0.12886597938144329,"154":0.13402061855670103,"88":0.13917525773195877,"26":0.14432989690721648,"110":0.14948453608247422,"116":0.15463917525773196,"155":0.15979381443298968,"177":0.16494845360824742,"44":0.17010309278350516,"67":0.17525773195876287,"14":0.18041237113402062,"126":0.18556701030927836,"159":0.19072164948453607,"161":0.1958762886597938,"36":0.20103092783505155,"170":0.20618556701030927,"119":0.211340206185567,"141":0.21649484536082475,"173":0.22164948453608246,"190":0.2268041237113402,"81":0.23195876288659795,"122":0.23711340206185566,"4":0.2422680412371134,"38":0.24742268041237114,"99":0.25257731958762886,"96":0.25773195876288657,"158":0.26288659793814434,"176":0.26804123711340205,"169":0.27319587628865977,"160":0.27835051546391754,"66":0.28350515463917525,"57":0.28865979381443296,"174":0.29381443298969073,"185":0.29896907216494845,"184":0.30412371134020616,"63":0.30927835051546393,"48":0.31443298969072164,"100":0.31958762886597936,"70":0.3247422680412371,"72":0.32989690721649484,"152":0.33505154639175255,"23":0.3402061855670103,"34":0.34536082474226804,"71":0.35051546391752575,"94":0.3556701030927835,"112":0.36082474226804123,"115":0.36597938144329895,"102":0.3711340206185567,"164":0.37628865979381443,"27":0.38144329896907214,"7":0.3865979381443299,"43":0.3917525773195876,"55":0.39690721649484534,"16":0.4020618556701031,"0":0.4072164948453608,"147":0.41237113402061853,"182":0.4175257731958763,"127":0.422680412371134,"37":0.42783505154639173,"124":0.4329896907216495,"129":0.4381443298969072,"49":0.44329896907216493,"10":0.4484536082474227,"11":0.4536082474226804,"79":0.4587628865979381,"58":0.4639175257731959,"18":0.4690721649484536,"62":0.4742268041237113,"111":0.4793814432989691,"104":0.4845360824742268,"108":0.4896907216494845,"123":0.4948453608247423,"137":0.5,"171":0.5051546391752577,"165":0.5103092783505154,"188":0.5154639175257731,"69":0.520618556701031,"22":0.5257731958762887,"82":0.5309278350515464,"3":0.5360824742268041,"35":0.5412371134020618,"51":0.5463917525773195,"56":0.5515463917525774,"178":0.5567010309278351,"76":0.5618556701030928,"98":0.5670103092783505,"74":0.5721649484536082,"97":0.5773195876288659,"46":0.5824742268041238,"30":0.5876288659793815,"29":0.5927835051546392,"103":0.5979381443298969,"113":0.6030927835051546,"65":0.6082474226804123,"45":0.6134020618556701,"114":0.6185567010309279,"86":0.6237113402061856,"109":0.6288659793814433,"73":0.634020618556701,