{"name":"pagerank","alpha":0.85,"weight":"value","num_of_nodes":132,"num_of_edges":414,"process_time":0.03672289848327637,"data":{"0":0.08593138345262433,"1":0.3977235883970607,"2":0.6647996053034078,"3":0.47567820553474627,"4":0.1687200128463941,"5":0.41281116520290767,"6":0.14848495881950025,"7":0.6380977436445163,"8":0.8730151650438585,"9":0.40404043473922585,"10":0.3033521239858011,"11":0.17333807037155333,"12":0.13045799661643015,"13":0.16358850940077188,"14":0.4085514094789695,"15":0.0933747003705448,"16":0.8492336877406256,"17":0.30261646642786166,"18":0.3990616148169872,"19":0.6541321167554224,"20":0.29009549921983907,"21":0.5383321440829113,"22":0.16556266678409,"23":0.4551919677897329,"24":0.17269446530245994,"25":0.01802039517296042,"26":0.07209946928495999,"27":0.5270856415346941,"28":0.6309902165669663,"29":0.5720782214393251,"30":0.41887994402908757,"31":0.3028053270294808,"32":0.5975789747276566,"33":0.46098350700100915,"34":0.1632137811382158,"35":0.16358850940077205,"36":0.429490789353319,"37":0.40062029117114784,"38":0.1687200128463941,"39":0.16384888284375076,"40":0.056271800551656474,"41":0.16358850940077205,"42":0.44268893311619284,"43":0.09337470037054461,"44":0.5488738491591825,"45":0.9714551565374178,"46":0.12818118258974479,"47":0.2797452550219889,"48":0.5540337425792906,"49":0.5570853525829964,"50":0.7327285839725973,"51":0.728325860558671,"52":0.314565233066781,"53":0.29249097393337636,"54":0.5852393034813621,"55":0.2876027438529451,"56":0.29369515867994006,"57":0.5755833864576988,"58":0.05492691100200441,"59":0.19003808554722784,"60":0.2919240929259142,"61":0.264706274245296,"62":0.2875381120184964,"63":0.2835116665985437,"64":0.3378344246533451,"65":0.6961582174782155,"66":0.06941402327706192,"67":0.2919240929259142,"68":0.06628481835376213,"69":0.26503002405522164,"70":0.27018864804606674,"71":0.7327285839725973,"72":0.5840776196665409,"73":0.1603519538955784,"74":0.3519251054155141,"75":0.06727102065068677,"76":0.07275692482879804,"77":0.013323158288313083,"78":0.29249097393337636,"79":0.2310053331556956,"80":0.39206005193339866,"81":0.8974183310918618,"82":0.3848149420461298,"83":0.2797452550219889,"84":0.6914465714091643,"85":0.10343340561251572,"86":0.27021442706198323,"87":0.6927954821421128,"88":0.0,"89":0.1333621761222836,"90":0.13322299066409446,"91":0.23086259025927122,"92":0.6296695265550789,"93":0.40787131174754176,"94":0.08845902983197539,"95":0.11235480926147083,"96":0.6255674062597737,"97":0.12686281897423748,"98":0.43538783271618214,"99":0.15875434447981754,"100":0.03850027073572659,"101":0.44213157350757565,"102":0.103547538858864,"103":0.13775019643965952,"104":0.7991663511467038,"105":0.10158063772077718,"106":0.08845902983197539,"107":0.44213157350757565,"108":0.10835119171351275,"109":0.09112997543931228,"110":0.09112997543931228,"111":0.3994069654724749,"112":0.31936328779934864,"113":0.17879533914623208,"114":0.14503154924247127,"115":0.6401484368485213,"116":0.4270653293309459,"117":0.32085959886165333,"118":0.571880496773631,"119":0.5809639902681202,"120":0.24580434182132052,"121":0.3381837568464888,"122":0.7785907119525912,"123":0.33236538357093687,"124":0.37521685266323784,"125":0.6054161571118334,"126":0.14503154924247144,"127":0.8323775783928151,"128":0.10684223706192994,"129":0.7971645918760165,"130":0.03850027073572659,"131":1.0},"ranked":{"88":0.0,"77":0.007633587786259542,"25":0.015267175572519083,"100":0.022900763358778626,"130":0.030534351145038167,"58":0.03816793893129771,"40":0.04580152671755725,"68":0.05343511450381679,"75":0.061068702290076333,"66":0.06870229007633588,"26":0.07633587786259542,"76":0.08396946564885496,"0":0.0916030534351145,"94":0.09923664122137404,"106":0.10687022900763359,"109":0.11450381679389313,"110":0.12213740458015267,"43":0.1297709923664122,"15":0.13740458015267176,"105":0.1450381679389313,"85":0.15267175572519084,"102":0.16030534351145037,"128":0.16793893129770993,"108":0.17557251908396945,"95":0.183206106870229,"97":0.19083969465648856,"46":0.1984732824427481,"12":0.20610687022900764,"90":0.21374045801526717,"89":0.22137404580152673,"103":0.22900763358778625,"114":0.2366412213740458,"126":0.24427480916030533,"6":0.25190839694656486,"99":0.2595419847328244,"73":0.26717557251908397,"34":0.2748091603053435,"13":0.2824427480916031,"35":0.2900763358778626,"41":0.29770992366412213,"39":0.3053435114503817,"22":0.31297709923664124,"4":0.32061068702290074,"38":0.3282442748091603,"24":0.33587786259541985,"11":0.3435114503816794,"113":0.3511450381679389,"59":0.35877862595419846,"91":0.366412213740458,"79":0.37404580152671757,"120":0.3816793893129771,"61":0.3893129770992366,"69":0.3969465648854962,"70":0.40458015267175573,"86":0.4122137404580153,"47":0.4198473282442748,"83":0.42748091603053434,"63":0.4351145038167939,"62":0.44274809160305345,"55":0.45038167938931295,"20":0.4580152671755725,"60":0.46564885496183206,"67":0.4732824427480916,"53":0.48091603053435117,"78":0.48854961832061067,"56":0.4961832061068702,"17":0.5038167938931297,"31":0.5114503816793893,"10":0.5190839694656488,"52":0.5267175572519084,"112":0.5343511450381679,"117":0.5419847328244275,"123":0.549618320610687,"64":0.5572519083969466,"121":0.5648854961832062,"74":0.5725190839694656,"124":0.5801526717557252,"82":0.5877862595419847,"80":0.5954198473282443,"1":0.6030534351145038,"18":0.6106870229007634,"111":0.6183206106870229,"37":0.6259541984732825,"9":0.6335877862595419,"93":0.6412213740458015,"14":0.648854961832061,"5":0.6564885496183206,"30":0.6641221374045801,"116":0.6717557251908397,"36":0.6793893129770993,"98":0.6870229007633588,"101":0.6946564885496184,"107":0.7022900763358778,"42":0.7099236641221374,"23":0.7175572519083969,"33":0.7251908396946565,"3":0.732824427480916,"27":0.7404580152671756,"21":0.7480916030534351,"44":0.7557251908396947,"48":0.7633587786259542,"49":0.7709923664122137,"118":0.7786259541984732,"29":0.7862595419847328,"57":0.7938931297709924,"119":0.8015267175572519,"72":0.8091603053435115,"54":0.816793893129771,"32":0.8244274809160306,"125":0.8320610687022901,"96":0.8396946564885496,"92":0.8473282442748091,"28":0.8549618320610687,"7":0.8625954198473282,"115":0.8702290076335878,"19":0.8778625954198473,"2":0.8854961832061069,"84":0.8931297709923665,"87":0.9007633587786259,"65":0.9083969465648855,"51":0.916030534351145,"50":0.9236641221374046,"71":0.9312977099236641,"122":0.9389312977099237,"129":0.9465648854961832,"104":0.9541984732824428,"127":0.9618320610687023,"16":0.9694656488549618,"8":0.9770992366412213,"81":0.9847328244274809,"45":0.9923664122137404,"131":1.0}}