{"name":"agd","num_of_nodes":129,"num_of_edges":391,"weight":"value","process_time":0.027573823928833008,"data":{"0":1.0,"1":0.9971830985915493,"2":0.2140845070422535,"3":0.995774647887324,"4":0.6647887323943662,"5":0.10140845070422536,"6":0.6647887323943662,"7":0.4915492957746479,"8":0.4183098591549296,"9":0.8422535211267606,"10":0.6859154929577465,"11":0.4943661971830986,"12":0.8408450704225352,"13":0.2859154929577465,"14":0.6859154929577465,"15":0.17746478873239438,"16":0.8408450704225352,"17":0.9929577464788732,"18":0.3352112676056338,"19":0.4014084507042254,"20":0.36901408450704226,"21":0.035211267605633804,"22":0.07887323943661972,"23":0.4197183098591549,"24":0.543661971830986,"25":0.8422535211267606,"26":0.6985915492957746,"27":0.21267605633802816,"28":0.6619718309859155,"29":0.6647887323943662,"30":0.5521126760563381,"31":0.6619718309859155,"32":0.547887323943662,"33":0.3295774647887324,"34":0.6887323943661972,"35":0.7,"36":0.8450704225352113,"37":0.4140845070422535,"38":0.6943661971830986,"39":0.8464788732394366,"40":0.07887323943661972,"41":0.5338028169014084,"42":0.9943661971830986,"43":0.5126760563380282,"44":0.24225352112676057,"45":0.36901408450704226,"46":0.5154929577464789,"47":0.3563380281690141,"48":0.6253521126760564,"49":0.17746478873239438,"50":0.5338028169014084,"51":0.19295774647887323,"52":0.3647887323943662,"53":0.6507042253521127,"54":0.30704225352112674,"55":0.21267605633802816,"56":0.46619718309859154,"57":0.8084507042253521,"58":0.7901408450704225,"59":0.3492957746478873,"60":0.476056338028169,"61":0.8084507042253521,"62":0.24647887323943662,"63":0.3492957746478873,"64":0.16619718309859155,"65":0.46619718309859154,"66":0.46338028169014084,"67":0.4943661971830986,"68":0.2563380281690141,"69":0.643661971830986,"70":0.36338028169014086,"71":0.4126760563380282,"72":0.16619718309859155,"73":0.9478873239436619,"74":0.11267605633802817,"75":0.7901408450704225,"76":0.27605633802816903,"77":0.37746478873239436,"78":0.9492957746478873,"79":0.7887323943661971,"80":0.4112676056338028,"81":0.49014084507042255,"82":0.49014084507042255,"83":0.6464788732394366,"84":0.776056338028169,"85":0.15070422535211267,"86":0.12816901408450704,"87":0.19859154929577466,"88":0.3408450704225352,"89":0.37464788732394366,"90":0.06619718309859154,"91":0.06056338028169014,"92":0.054929577464788736,"93":0.23661971830985915,"94":0.19859154929577466,"95":0.4704225352112676,"96":0.03943661971830986,"97":0.16056338028169015,"98":0.02112676056338028,"99":0.04084507042253521,"100":0.3732394366197183,"101":0.3619718309859155,"102":0.2380281690140845,"103":0.008450704225352112,"104":0.10422535211267606,"105":0.20140845070422536,"106":0.07605633802816901,"107":0.2084507042253521,"108":0.09718309859154929,"109":0.3464788732394366,"110":0.2028169014084507,"111":0.2,"112":0.4704225352112676,"113":0.14225352112676057,"114":0.0,"115":0.2746478873239437,"116":0.07042253521126761,"117":0.14225352112676057,"118":0.0647887323943662,"119":0.1591549295774648,"120":0.07183098591549296,"121":0.22816901408450704,"122":0.1591549295774648,"123":0.056338028169014086,"124":0.18028169014084508,"125":0.09577464788732394,"126":0.3732394366197183,"127":0.28732394366197184,"128":0.2267605633802817},"ranked":{"114":0.0,"103":0.0078125,"98":0.015625,"21":0.0234375,"96":0.03125,"99":0.0390625,"92":0.046875,"123":0.0546875,"91":0.0625,"118":0.0703125,"90":0.078125,"116":0.0859375,"120":0.09375,"106":0.1015625,"22":0.109375,"40":0.1171875,"125":0.125,"108":0.1328125,"5":0.140625,"104":0.1484375,"74":0.15625,"86":0.1640625,"113":0.171875,"117":0.1796875,"85":0.1875,"119":0.1953125,"122":0.203125,"97":0.2109375,"64":0.21875,"72":0.2265625,"15":0.234375,"49":0.2421875,"124":0.25,"51":0.2578125,"87":0.265625,"94":0.2734375,"111":0.28125,"105":0.2890625,"110":0.296875,"107":0.3046875,"27":0.3125,"55":0.3203125,"2":0.328125,"128":0.3359375,"121":0.34375,"93":0.3515625,"102":0.359375,"44":0.3671875,"62":0.375,"68":0.3828125,"115":0.390625,"76":0.3984375,"13":0.40625,"127":0.4140625,"54":0.421875,"33":0.4296875,"18":0.4375,"88":0.4453125,"109":0.453125,"59":0.4609375,"63":0.46875,"47":0.4765625,"101":0.484375,"70":0.4921875,"52":0.5,"20":0.5078125,"45":0.515625,"100":0.5234375,"126":0.53125,"89":0.5390625,"77":0.546875,"19":0.5546875,"80":0.5625,"71":0.5703125,"37":0.578125,"8":0.5859375,"23":0.59375,"66":0.6015625,"56":0.609375,"65":0.6171875,"95":0.625,"112":0.6328125,"60":0.640625,"81":0.6484375,"82":0.65625,"7":0.6640625,"11":0.671875,"67":0.6796875,"43":0.6875,"46":0.6953125,"41":0.703125,"50":0.7109375,"24":0.71875,"32":0.7265625,"30":0.734375,"48":0.7421875,"69":0.75,"83":0.7578125,"53":0.765625,"28":0.7734375,"31":0.78125,"4":0.7890625,"6":0.796875,"29":0.8046875,"10":0.8125,"14":0.8203125,"34":0.828125,"38":0.8359375,"26":0.84375,"35":0.8515625,"84":0.859375,"79":0.8671875,"58":0.875,"75":0.8828125,"57":0.890625,"61":0.8984375,"12":0.90625,"16":0.9140625,"9":0.921875,"25":0.9296875,"36":0.9375,"39":0.9453125,"73":0.953125,"78":0.9609375,"17":0.96875,"42":0.9765625,"3":0.984375,"1":0.9921875,"0":1.0}}