{"name":"fiedler","normalized":true,"weight":"value","num_of_nodes":129,"num_of_edges":391,"process_time":0.04024672508239746,"data":{"0":0.09431622397647871,"1":0.04509101124144879,"2":0.4628119933872681,"3":0.0,"4":0.4401683221334646,"5":0.5276476823301887,"6":0.44016832213346335,"7":0.3951674204743348,"8":0.15892905943000457,"9":0.05760398754729696,"10":0.058425423778122314,"11":0.4269171994149394,"12":0.04886695474333471,"13":0.20743115435562956,"14":0.06219396887886018,"15":0.4078265918871577,"16":0.10209590398586658,"17":0.04469600295067065,"18":0.43106725894194997,"19":0.02379890230859121,"20":0.44752589517499225,"21":0.6287469636015613,"22":0.6186904505495618,"23":0.10992553012369977,"24":0.037276924697613886,"25":0.04875913648630781,"26":0.11706636945154711,"27":0.44549320027019434,"28":0.42361459059264794,"29":0.4401683221334599,"30":0.1358644053336043,"31":0.42361459059274176,"32":0.09000281970317871,"33":0.4151729963968497,"34":0.1129505487744604,"35":0.11225037859841785,"36":0.05162513701563841,"37":0.11127525936532581,"38":0.06211770106569025,"39":0.10225479220008857,"40":0.6186904505495602,"41":0.0749525301537707,"42":0.04527720751940924,"43":0.9060586865455035,"44":0.8721726645816071,"45":0.8406169604398409,"46":0.8803403706380063,"47":0.8691073120018387,"48":0.9103822578810034,"49":0.793538707349659,"50":0.8528290606443439,"51":0.786457322397388,"52":0.8845079602011954,"53":0.9326508712394942,"54":0.8593021353255831,"55":0.8335806563832427,"56":0.8479966742958526,"57":0.8874620405330488,"58":0.888973318231447,"59":0.9258379562592215,"60":0.9108530565723449,"61":0.8874620405330496,"62":0.8747446388119859,"63":0.8344982775915247,"64":0.8427044326095319,"65":0.8479966742958509,"66":0.9359273116763535,"67":0.9462370163361596,"68":0.8660827896624839,"69":0.955054678814528,"70":0.8808617951010468,"71":0.9275917239199208,"72":0.8427044326207298,"73":0.8891756807760535,"74":0.7821077272128782,"75":0.888973318231452,"76":0.8230167793372921,"77":0.8707914614813473,"78":0.8896806608203078,"79":0.9149533656751407,"80":0.9242319340550992,"81":0.8642192773281048,"82":0.8724631556120552,"83":0.9095165646297986,"84":1.0,"85":0.829838758395965,"86":0.7576764378124716,"87":0.7469034338743562,"88":0.7068627967567682,"89":0.699728217584222,"90":0.7218675849415583,"91":0.6847314587706448,"92":0.722520716100481,"93":0.6840120457216574,"94":0.6838486137253807,"95":0.688904145657737,"96":0.6692658416122382,"97":0.7728297454510594,"98":0.7372906264172766,"99":0.7957731311387634,"100":0.7028390461943644,"101":0.7111079232028313,"102":0.676789267182981,"103":0.7344283239660658,"104":0.7346408750482043,"105":0.8600315806083955,"106":0.7462043553213,"107":0.7250032674400155,"108":0.6529819680932962,"109":0.7108763828262749,"110":0.7521646297385868,"111":0.7200551331081219,"112":0.6889041456577369,"113":0.7661883124803016,"114":0.6887427057826956,"115":0.7069940994874019,"116":0.6886103843340794,"117":0.7661883124803143,"118":0.7642826996106437,"119":0.7720994930733872,"120":0.7062266375390114,"121":0.7335901872171334,"122":0.772099493073363,"123":0.7634697594663923,"124":0.7432342320852813,"125":0.7766301427201138,"126":0.7039140686773967,"127":0.6971822167077976,"128":0.7461501869383051},"ranked":{"3":0.0,"19":0.0078125,"24":0.015625,"17":0.0234375,"1":0.03125,"42":0.0390625,"25":0.046875,"12":0.0546875,"36":0.0625,"9":0.0703125,"10":0.078125,"38":0.0859375,"14":0.09375,"41":0.1015625,"32":0.109375,"0":0.1171875,"16":0.125,"39":0.1328125,"23":0.140625,"37":0.1484375,"35":0.15625,"34":0.1640625,"26":0.171875,"30":0.1796875,"8":0.1875,"13":0.1953125,"7":0.203125,"15":0.2109375,"33":0.21875,"28":0.2265625,"31":0.234375,"11":0.2421875,"18":0.25,"29":0.2578125,"6":0.265625,"4":0.2734375,"27":0.28125,"20":0.2890625,"2":0.296875,"5":0.3046875,"40":0.3125,"22":0.3203125,"21":0.328125,"108":0.3359375,"96":0.34375,"102":0.3515625,"94":0.359375,"93":0.3671875,"91":0.375,"116":0.3828125,"114":0.390625,"112":0.3984375,"95":0.40625,"127":0.4140625,"89":0.421875,"100":0.4296875,"126":0.4375,"120":0.4453125,"88":0.453125,"115":0.4609375,"109":0.46875,"101":0.4765625,"111":0.484375,"90":0.4921875,"92":0.5,"107":0.5078125,"121":0.515625,"103":0.5234375,"104":0.53125,"98":0.5390625,"124":0.546875,"128":0.5546875,"106":0.5625,"87":0.5703125,"110":0.578125,"86":0.5859375,"123":0.59375,"118":0.6015625,"113":0.609375,"117":0.6171875,"122":0.625,"119":0.6328125,"97":0.640625,"125":0.6484375,"74":0.65625,"51":0.6640625,"49":0.671875,"99":0.6796875,"76":0.6875,"85":0.6953125,"55":0.703125,"63":0.7109375,"45":0.71875,"64":0.7265625,"72":0.734375,"65":0.7421875,"56":0.75,"50":0.7578125,"54":0.765625,"105":0.7734375,"81":0.78125,"68":0.7890625,"47":0.796875,"77":0.8046875,"44":0.8125,"82":0.8203125,"62":0.828125,"46":0.8359375,"70":0.84375,"52":0.8515625,"57":0.859375,"61":0.8671875,"58":0.875,"75":0.8828125,"73":0.890625,"78":0.8984375,"43":0.90625,"83":0.9140625,"48":0.921875,"60":0.9296875,"79":0.9375,"80":0.9453125,"59":0.953125,"71":0.9609375,"53":0.96875,"66":0.9765625,"67":0.984375,"69":0.9921875,"84":1.0}}