{"name":"fiedler","normalized":true,"weight":"value","num_of_nodes":132,"num_of_edges":409,"process_time":0.043695688247680664,"data":{"0":0.07264115477044551,"1":0.24501568567719836,"2":0.075943145811142,"3":0.1949559115889377,"4":0.2537509837199589,"5":0.2072061172543502,"6":0.03867638948593879,"7":0.049830966534217376,"8":0.06511497022875043,"9":0.18000409175503707,"10":0.2069803512278485,"11":0.16526523403817367,"12":0.2143279104796419,"13":0.05045178418258158,"14":0.08627013723365493,"15":0.1886648629508643,"16":0.20452497004908624,"17":0.17435042905736298,"18":0.045740369818981184,"19":0.15213108729111147,"20":0.07345074051797006,"21":0.12565603327935868,"22":0.06094444742543672,"23":0.08357090890920024,"24":0.19701154004615862,"25":0.07786716243329632,"26":0.0,"27":0.10187549239719307,"28":0.22594782559005405,"29":0.04233092282097037,"30":0.0865177079523465,"31":0.07554999931906635,"32":0.10091059094744685,"33":0.07307281500536209,"34":0.20452497004161466,"35":0.2221655081711868,"36":0.2801282170227523,"37":0.06188200482491594,"38":0.25375098372067356,"39":0.22532417278063238,"40":0.022143033927372994,"41":0.05563793834803407,"42":0.25743339290172745,"43":0.165891058652875,"44":0.8212101975399899,"45":0.8185973163790093,"46":0.6741409683438656,"47":0.6977180773675099,"48":0.6905857831138724,"49":0.6461206555043495,"50":0.6950670049470526,"51":0.7120514348641239,"52":0.6905857831147536,"53":0.7169493242309553,"54":0.7975647097895888,"55":0.873023758617834,"56":0.5933676368455548,"57":0.5989550260091437,"58":0.5348841477777107,"59":0.7258081140353427,"60":0.6400958860524767,"61":0.7090591790892157,"62":0.4137547469481415,"63":0.6559538883459629,"64":0.6452264018535673,"65":0.7090591790889901,"66":0.6153206583051491,"67":0.898011525636387,"68":0.828126852337979,"69":0.9117081747822918,"70":0.8448945260325784,"71":0.3608680604164865,"72":0.7915177946051598,"73":0.913797600356262,"74":0.7793051216008186,"75":0.6717536406905793,"76":0.41375474694820713,"77":0.5735994321972049,"78":0.8701804039585882,"79":0.8730237586140064,"80":1.0,"81":0.6905857831132607,"82":0.6198975383733801,"83":0.6161961978167669,"84":0.6052023969608451,"85":0.6548704657639205,"86":0.6078719811503194,"87":0.8294392138252218,"88":0.21493484372659277,"89":0.2639109472634375,"90":0.1482384804191476,"91":0.05784602345459454,"92":0.08456055928105033,"93":0.08618386967917012,"94":0.09247409662490329,"95":0.5440453695576071,"96":0.084560559281136,"97":0.6673262142203945,"98":0.6481615111924637,"99":0.12800135821651226,"100":0.1483167193808519,"101":0.22311890198254875,"102":0.1975224600380501,"103":0.4994022513554998,"104":0.2612418469336581,"105":0.17972466478984692,"106":0.1815683952669717,"107":0.3144321450196766,"108":0.09077961238921924,"109":0.05784602345480182,"110":0.16094238751191353,"111":0.547240913231382,"112":0.27431204004429494,"113":0.1676217180185528,"114":0.09029035674597917,"115":0.5937456132617377,"116":0.5578691222616682,"117":0.034214774707758897,"118":0.16762171801326356,"119":0.19132880737348174,"120":0.1185768504402219,"121":0.26391094726504816,"122":0.2871763610670326,"123":0.31311399676747476,"124":0.5578691222596923,"125":0.14823848041922402,"126":0.13783814247322854,"127":0.09029035674387906,"128":0.4501845447423141,"129":0.26391094726352116,"130":0.1783502566722561,"131":0.019897029698710645},"ranked":{"26":0.0,"131":0.007633587786259542,"40":0.015267175572519083,"117":0.022900763358778626,"6":0.030534351145038167,"29":0.03816793893129771,"18":0.04580152671755725,"7":0.05343511450381679,"13":0.061068702290076333,"41":0.06870229007633588,"91":0.07633587786259542,"109":0.08396946564885496,"22":0.0916030534351145,"37":0.09923664122137404,"8":0.10687022900763359,"0":0.11450381679389313,"33":0.12213740458015267,"20":0.1297709923664122,"31":0.13740458015267176,"2":0.1450381679389313,"25":0.15267175572519084,"23":0.16030534351145037,"92":0.16793893129770993,"96":0.17557251908396945,"93":0.183206106870229,"14":0.19083969465648856,"30":0.1984732824427481,"127":0.20610687022900764,"114":0.21374045801526717,"108":0.22137404580152673,"94":0.22900763358778625,"32":0.2366412213740458,"27":0.24427480916030533,"120":0.25190839694656486,"21":0.2595419847328244,"99":0.26717557251908397,"126":0.2748091603053435,"90":0.2824427480916031,"125":0.2900763358778626,"100":0.29770992366412213,"19":0.3053435114503817,"110":0.31297709923664124,"11":0.32061068702290074,"43":0.3282442748091603,"118":0.33587786259541985,"113":0.3435114503816794,"17":0.3511450381679389,"130":0.35877862595419846,"105":0.366412213740458,"9":0.37404580152671757,"106":0.3816793893129771,"15":0.3893129770992366,"119":0.3969465648854962,"3":0.40458015267175573,"24":0.4122137404580153,"102":0.4198473282442748,"34":0.42748091603053434,"16":0.4351145038167939,"10":0.44274809160305345,"5":0.45038167938931295,"12":0.4580152671755725,"88":0.46564885496183206,"35":0.4732824427480916,"101":0.48091603053435117,"39":0.48854961832061067,"28":0.4961832061068702,"1":0.5038167938931297,"4":0.5114503816793893,"38":0.5190839694656488,"42":0.5267175572519084,"104":0.5343511450381679,"89":0.5419847328244275,"129":0.549618320610687,"121":0.5572519083969466,"112":0.5648854961832062,"36":0.5725190839694656,"122":0.5801526717557252,"123":0.5877862595419847,"107":0.5954198473282443,"71":0.6030534351145038,"62":0.6106870229007634,"76":0.6183206106870229,"128":0.6259541984732825,"103":0.6335877862595419,"58":0.6412213740458015,"95":0.648854961832061,"111":0.6564885496183206,"124":0.6641221374045801,"116":0.6717557251908397,"77":0.6793893129770993,"56":0.6870229007633588,"115":0.6946564885496184,"57":0.7022900763358778,"84":0.7099236641221374,"86":0.7175572519083969,"66":0.7251908396946565,"83":0.732824427480916,"82":0.7404580152671756,"60":0.7480916030534351,"64":0.7557251908396947,"49":0.7633587786259542,"98":0.7709923664122137,"85":0.7786259541984732,"63":0.7862595419847328,"97":0.7938931297709924,"75":0.8015267175572519,"46":0.8091603053435115,"81":0.816793893129771,"48":0.8244274809160306,"52":0.8320610687022901,"50":0.8396946564885496,"47":0.8473282442748091,"65":0.8549618320610687,"61":0.8625954198473282,"51":0.8702290076335878,"53":0.8778625954198473,"59":0.8854961832061069,"74":0.8931297709923665,"72":0.9007633587786259,"54":0.9083969465648855,"45":0.916030534351145,"44":0.9236641221374046,"68":0.9312977099236641,"87":0.9389312977099237,"70":0.9465648854961832,"78":0.9541984732824428,"79":0.9618320610687023,"55":0.9694656488549618,"67":0.9770992366412213,"69":0.9847328244274809,"73":0.9923664122137404,"80":1.0}}