{"name":"pagerank","alpha":0.85,"weight":"value","num_of_nodes":183,"num_of_edges":567,"process_time":0.03488612174987793,"data":{"0":0.024143743395294685,"1":0.16375077439349606,"2":0.3478279416913647,"3":0.17817479716234536,"4":0.019291464409319687,"5":0.3957268170795989,"6":0.5229878118494112,"7":0.006182662494904365,"8":0.24830076008350316,"9":0.10182741950828825,"10":0.33333876238942584,"11":0.4426114821504929,"12":0.0,"13":0.19065124722383825,"14":0.4905992056148777,"15":0.55513745904265,"16":0.18102806889523798,"17":0.19510720416226507,"18":0.6730095077037402,"19":0.0523342752612376,"20":0.04892512789167019,"21":0.043640386658860636,"22":0.27614163217665777,"23":0.2742676281920343,"24":0.476294025513934,"25":0.20606065242841307,"26":0.1852356426803809,"27":0.6468957557100601,"28":0.0010354212554344521,"29":0.0010354212554344521,"30":0.3062798678329726,"31":0.10006473458907286,"32":0.2294247529239884,"33":0.35770881659713794,"34":0.3753956009004255,"35":0.05756246409240551,"36":0.23921405709165705,"37":0.06948494505291981,"38":0.04072559871250799,"39":0.22038867469812132,"40":0.4882420936528403,"41":0.3700428667340623,"42":0.3062798678329726,"43":0.3700428667340623,"44":0.08565497541486529,"45":0.047530216752629875,"46":0.023893128289560424,"47":0.751334939548201,"48":0.2742676281920343,"49":0.2726849050206361,"50":0.14147814309011586,"51":0.04120669836666438,"52":0.22585742033036796,"53":0.08565497541486547,"54":0.020435142608802404,"55":0.023893128289560424,"56":0.3605186219846258,"57":0.08979098088251912,"58":0.8315495235409934,"59":0.9063051075081398,"60":0.4503338001081213,"61":0.3812218853001088,"62":0.03493695908949421,"63":0.04159426268089051,"64":0.4899228581694925,"65":0.10448271512838413,"66":0.19185616611711725,"67":0.04211902759908629,"68":0.17351736624469943,"69":0.3741193398175301,"70":0.3620474582771031,"71":0.3745920766162837,"72":0.1627139194546041,"73":0.0999223129415241,"74":0.46773091112728166,"75":0.1602433853895332,"76":0.04924189299852729,"77":0.06334572892098338,"78":0.4209790228615665,"79":0.3708399299739366,"80":0.048059040556717024,"81":0.026775753291107596,"82":0.06085146419848539,"83":0.19520353508212526,"84":0.10448271512838413,"85":0.06085146419848539,"86":0.42496464351404867,"87":0.10448271512838413,"88":0.31373538528687794,"89":0.19185616611711725,"90":0.3502016907510578,"91":0.2102057940416014,"92":0.21804786516104294,"93":0.19185616611711725,"94":0.041057113606242826,"95":0.19861565227421976,"96":0.6797852726681569,"97":0.3362469909240193,"98":0.041057113606242826,"99":0.19861565227421976,"100":0.3653456071049818,"101":0.06232935327295186,"102":0.05201289843235159,"103":0.8555770151430983,"104":0.8226413805891764,"105":0.22142331181905614,"106":0.05201289843235159,"107":0.02647771482408901,"108":0.046771876235759645,"109":0.6425135933912806,"110":0.19130501848743592,"111":0.21294151923474422,"112":0.37343221592542786,"113":0.18859681863617736,"114":0.32995366765342427,"115":0.2069839027549128,"116":0.35219049764480925,"117":0.06232935327295168,"118":0.6264168141422763,"119":0.35978338631803564,"120":0.18412217786025326,"121":0.17351736624469943,"122":0.3725105123581641,"123":0.2502449134441773,"124":0.5277871290488911,"125":0.21672691772291647,"126":0.46773091112728166,"127":0.09265686787020473,"128":0.6122900024999017,"129":0.05612438049114984,"130":0.04081624333768787,"131":0.20382704494880824,"132":0.07864038842387294,"133":0.07567748624138487,"134":0.22038867469812132,"135":0.22566216200227474,"136":0.032180690744906586,"137":0.11415819258127795,"138":0.2483584606305669,"139":0.098951973955128,"140":0.032180690744906586,"141":0.2216553291638018,"142":0.19967461735006098,"143":0.3424005679259259,"144":0.662869810204597,"145":0.09510673235091024,"146":0.11415819258127795,"147":0.08403491854609939,"148":0.5088508837162794,"149":0.23373628263870172,"150":0.020700929232589697,"151":0.10859887076381386,"152":0.23527132282426563,"153":0.21430808154360087,"154":1.0,"155":0.36317987219650716,"156":0.07790200960480823,"157":0.2714191456659596,"158":0.2514368517955672,"159":0.2664865496434404,"160":0.24892379731954997,"161":0.25179384230292,"162":0.25133167725933303,"163":0.08182351561028048,"164":0.2753077009271771,"165":0.09367480511477833,"166":0.11244256566971375,"167":0.2549591337099417,"168":0.08569627227616797,"169":0.3385357506927488,"170":0.4212951987253501,"171":0.18755519167123802,"172":0.11188937692553215,"173":0.3458510483254374,"174":0.1110952227289912,"175":0.02850344754227673,"176":0.11078637817756971,"177":0.2540646878449271,"178":0.19676935691723219,"179":0.4304894580343789,"180":0.2664865496434406,"181":0.19227959761634633,"182":0.3610853741943359},"ranked":{"12":0.0,"28":0.005494505494505495,"29":0.01098901098901099,"7":0.016483516483516484,"4":0.02197802197802198,"54":0.027472527472527472,"150":0.03296703296703297,"46":0.038461538461538464,"55":0.04395604395604396,"0":0.04945054945054945,"107":0.054945054945054944,"81":0.06043956043956044,"175":0.06593406593406594,"136":0.07142857142857142,"140":0.07692307692307693,"62":0.08241758241758242,"38":0.08791208791208792,"130":0.09340659340659341,"94":0.0989010989010989,"98":0.1043956043956044,"51":0.10989010989010989,"63":0.11538461538461539,"67":0.12087912087912088,"21":0.12637362637362637,"108":0.13186813186813187,"45":0.13736263736263737,"80":0.14285714285714285,"20":0.14835164835164835,"76":0.15384615384615385,"102":0.15934065934065933,"106":0.16483516483516483,"19":0.17032967032967034,"129":0.17582417582417584,"35":0.1813186813186813,"82":0.18681318681318682,"85":0.19230769230769232,"117":0.1978021978021978,"101":0.2032967032967033,"77":0.2087912087912088,"37":0.21428571428571427,"133":0.21978021978021978,"156":0.22527472527472528,"132":0.23076923076923078,"163":0.23626373626373626,"147":0.24175824175824176,"44":0.24725274725274726,"53":0.25274725274725274,"168":0.25824175824175827,"57":0.26373626373626374,"127":0.2692307692307692,"165":0.27472527472527475,"145":0.2802197802197802,"139":0.2857142857142857,"73":0.29120879120879123,"31":0.2967032967032967,"9":0.3021978021978022,"65":0.3076923076923077,"84":0.3131868131868132,"87":0.31868131868131866,"151":0.3241758241758242,"176":0.32967032967032966,"174":0.33516483516483514,"172":0.34065934065934067,"166":0.34615384615384615,"137":0.3516483516483517,"146":0.35714285714285715,"50":0.3626373626373626,"75":0.36813186813186816,"72":0.37362637362637363,"1":0.3791208791208791,"68":0.38461538461538464,"121":0.3901098901098901,"3":0.3956043956043956,"16":0.4010989010989011,"120":0.4065934065934066,"26":0.41208791208791207,"171":0.4175824175824176,"113":0.4230769230769231,"13":0.42857142857142855,"110":0.4340659340659341,"66":0.43956043956043955,"89":0.44505494505494503,"93":0.45054945054945056,"181":0.45604395604395603,"17":0.46153846153846156,"83":0.46703296703296704,"178":0.4725274725274725,"95":0.47802197802197804,"99":0.4835164835164835,"142":0.489010989010989,"131":0.4945054945054945,"25":0.5,"115":0.5054945054945055,"91":0.510989010989011,"111":0.5164835164835165,"153":0.521978021978022,"125":0.5274725274725275,"92":0.532967032967033,"39":0.5384615384615384,"134":0.5439560439560439,"105":0.5494505494505495,"141":0.554945054945055,"135":0.5604395604395604,"52":0.5659340659340659,"32":0.5714285714285714,"149":0.5769230769230769,"152":0.5824175824175825,"36":0.5879120879120879,"8":0.5934065934065934,"138":0.5989010989010989,"160":0.6043956043956044,"123":0.6098901098901099,"162":0.6153846153846154,"158":0.6208791208791209,"161":0.6263736263736264,"177":0.6318681318681318,"167":0.6373626373626373,"159":0.6428571428571429,"180":0.6483516483516484,"157":0.6538461538461539,"49":0.6593406593406593,"23":0.6648351648351648,"48":0.6703296703296703,"164":0.6758241758241759,"22":0.6813186813186813,"30":0.6868131868131868,"42":0.6923076923076923,"88":0.6978021978021978,"114":0.7032967032967034,"10":0.7087912087912088,"97":0.7142857142857143,"169":0.7197802197802198,"143":0.7252747252747253,