{"name":"pagerank","alpha":0.85,"weight":"value","num_of_nodes":51,"num_of_edges":157,"process_time":0.030852794647216797,"data":{"0":0.858733099388168,"1":0.12353046606692354,"2":0.33455416783117187,"3":0.5685335872371178,"4":0.05120446922248331,"5":0.23329853138463616,"6":0.8095107366657861,"7":0.5846187838500031,"8":0.05120446922248331,"9":0.42229739277279643,"10":0.8573163630964088,"11":0.24430155462167305,"12":0.3947927673882987,"13":0.37335450277863075,"14":0.3752582708507005,"15":0.32297278145731223,"16":0.15915261731539956,"17":0.24430155462167305,"18":1.0,"19":0.5390320356005098,"20":0.012454779750723117,"21":0.5362439403072129,"22":0.25305547351773977,"23":0.501823109842423,"24":0.5113978693290482,"25":0.24430155462167305,"26":0.0,"27":0.7591547079342758,"28":0.02033391029660636,"29":0.00593261373897936,"30":0.7344599260316031,"31":0.02033391029660636,"32":0.25419059927869636,"33":0.5362439403072132,"34":0.6937147727551133,"35":0.5866387329450098,"36":0.18086167634615372,"37":0.48870235588808564,"38":0.4589236546852954,"39":0.5866875935634198,"40":0.84964051923754,"41":0.04728399341591786,"42":0.675390538115824,"43":0.5971634839658023,"44":0.590591164948741,"45":0.23480953926054737,"46":0.1529746782842624,"47":0.05026978854511174,"48":0.1529746782842624,"49":0.0601162295143472,"50":0.33294447475121874},"ranked":{"26":0.0,"29":0.02,"20":0.04,"28":0.06,"31":0.08,"41":0.1,"47":0.12,"4":0.14,"8":0.16,"49":0.18,"1":0.2,"46":0.22,"48":0.24,"16":0.26,"36":0.28,"5":0.3,"45":0.32,"11":0.34,"17":0.36,"25":0.38,"22":0.4,"32":0.42,"15":0.44,"50":0.46,"2":0.48,"13":0.5,"14":0.52,"12":0.54,"9":0.56,"38":0.58,"37":0.6,"23":0.62,"24":0.64,"21":0.66,"33":0.68,"19":0.7,"3":0.72,"7":0.74,"35":0.76,"39":0.78,"44":0.8,"43":0.82,"42":0.84,"34":0.86,"30":0.88,"27":0.9,"6":0.92,"40":0.94,"10":0.96,"0":0.98,"18":1.0}}