{"name":"pagerank","alpha":0.85,"weight":"value","num_of_nodes":141,"num_of_edges":453,"process_time":0.04117918014526367,"data":{"0":0.8334132149255303,"1":0.44710682665809065,"2":0.08084088776925026,"3":0.5968282932735114,"4":0.2928252401204808,"5":0.5876384754142534,"6":0.24897290523374327,"7":0.7433104743281451,"8":0.2552315322890027,"9":0.28891530716009145,"10":0.4418385264830662,"11":0.6150209105988004,"12":0.2569334626580026,"13":0.4618557381913526,"14":0.431022063303077,"15":0.2770247717705976,"16":0.25780767971460977,"17":0.627151462207228,"18":0.29203840479743276,"19":0.37484871521560925,"20":0.26341040356207035,"21":0.1301738199146658,"22":0.2795593957970862,"23":0.08283229056711468,"24":0.12267393302979067,"25":0.08853681247198654,"26":0.3901317431267876,"27":0.4284460281954942,"28":0.10729972908804399,"29":0.12267393302979067,"30":0.06228224979139578,"31":0.551043161916824,"32":0.4376658364463665,"33":0.26323676528313317,"34":0.5918061042720284,"35":0.28791498038829644,"36":0.25670738485848293,"37":0.6075371847148016,"38":0.41441225200087206,"39":0.29538124112682435,"40":0.44253701420200986,"41":0.5657301815536395,"42":0.25826241164563724,"43":0.06389417778113073,"44":0.2849200738730472,"45":0.09808659427414608,"46":0.4366713067063911,"47":0.6968318769772689,"48":0.21903009233211834,"49":0.05548088631601323,"50":0.0,"51":0.3873809267670197,"52":0.049438516748147726,"53":0.011225267012891867,"54":0.382937629766482,"55":0.1594834189190334,"56":0.1109531586496722,"57":0.36680616092523666,"58":0.11741474847113664,"59":0.18894137333008182,"60":0.5399045780536427,"61":0.49601150597796106,"62":0.7007979993461542,"63":0.35315973448680044,"64":0.22051585950591884,"65":0.4239324089741881,"66":0.1594834189190334,"67":0.6286713807134561,"68":0.13116531787134936,"69":0.8716857115379738,"70":0.19859920712214651,"71":0.05939079881227565,"72":0.4956916101991099,"73":0.5490670261594394,"74":0.5313660498277923,"75":0.13116531787134936,"76":0.534773559085388,"77":0.1863379977073095,"78":0.21128089234426015,"79":0.4963339963356673,"80":0.3400093901277475,"81":0.1594834189190334,"82":0.19821097853091094,"83":0.5054198037535006,"84":0.49789305605524853,"85":0.2138623518986822,"86":0.5393190743089302,"87":0.13387500365905233,"88":0.382937629766482,"89":0.6656905119570972,"90":0.044991788687610466,"91":0.5041254576737686,"92":0.35143449981128483,"93":0.35892141384729026,"94":0.14267940779735416,"95":0.3440011736863728,"96":0.6400176240193146,"97":0.44998607995880063,"98":0.059963991081838953,"99":0.7639564043244733,"100":0.23150474611072883,"101":0.3516917717231948,"102":0.8193353811109239,"103":0.10037307952791785,"104":0.09676551264582016,"105":0.13881131780721684,"106":0.4467939225832949,"107":0.26038602460504207,"108":0.2814115746750926,"109":0.3515076237975901,"110":0.14855596292028853,"111":0.6371481118885631,"112":0.8143840437866644,"113":0.10994763329808292,"114":0.314523867791372,"115":0.483986017195247,"116":0.31313589259133306,"117":0.31419165122425635,"118":0.47376970227230436,"119":0.28396616581158707,"120":0.9914544696177526,"121":0.2508883080455054,"122":0.10037307952791785,"123":0.0586914986964308,"124":0.12472603169476161,"125":0.07713251789614922,"126":0.06560276305913497,"127":0.2323677943620907,"128":1.0,"129":0.09676551264582016,"130":0.09676551264582016,"131":0.14267940779735416,"132":0.28543356757594884,"133":0.31419165122425635,"134":0.4636435467112051,"135":0.1131490846925118,"136":0.28543356757594884,"137":0.09035471754102065,"138":0.08331719979245382,"139":0.7039155069985797,"140":0.08187415543501898},"ranked":{"50":0.0,"53":0.007142857142857143,"90":0.014285714285714285,"52":0.02142857142857143,"49":0.02857142857142857,"123":0.03571428571428571,"71":0.04285714285714286,"98":0.05,"30":0.05714285714285714,"43":0.06428571428571428,"126":0.07142857142857142,"125":0.07857142857142857,"2":0.08571428571428572,"140":0.09285714285714286,"23":0.1,"138":0.10714285714285714,"25":0.11428571428571428,"137":0.12142857142857143,"104":0.12857142857142856,"129":0.1357142857142857,"130":0.14285714285714285,"45":0.15,"103":0.15714285714285714,"122":0.16428571428571428,"28":0.17142857142857143,"113":0.17857142857142858,"56":0.18571428571428572,"135":0.19285714285714287,"58":0.2,"24":0.20714285714285716,"29":0.21428571428571427,"124":0.22142857142857142,"21":0.22857142857142856,"68":0.2357142857142857,"75":0.24285714285714285,"87":0.25,"105":0.2571428571428571,"94":0.2642857142857143,"131":0.2714285714285714,"110":0.2785714285714286,"55":0.2857142857142857,"66":0.29285714285714287,"81":0.3,"77":0.30714285714285716,"59":0.3142857142857143,"82":0.32142857142857145,"70":0.32857142857142857,"78":0.3357142857142857,"85":0.34285714285714286,"48":0.35,"64":0.35714285714285715,"100":0.36428571428571427,"127":0.37142857142857144,"6":0.37857142857142856,"121":0.38571428571428573,"8":0.39285714285714285,"36":0.4,"12":0.40714285714285714,"16":0.4142857142857143,"42":0.42142857142857143,"107":0.42857142857142855,"33":0.4357142857142857,"20":0.44285714285714284,"15":0.45,"22":0.45714285714285713,"108":0.4642857142857143,"119":0.4714285714285714,"44":0.4785714285714286,"132":0.4857142857142857,"136":0.4928571428571429,"35":0.5,"9":0.5071428571428571,"18":0.5142857142857142,"4":0.5214285714285715,"39":0.5285714285714286,"116":0.5357142857142857,"117":0.5428571428571428,"133":0.55,"114":0.5571428571428572,"80":0.5642857142857143,"95":0.5714285714285714,"92":0.5785714285714286,"109":0.5857142857142857,"101":0.5928571428571429,"63":0.6,"93":0.6071428571428571,"57":0.6142857142857143,"19":0.6214285714285714,"54":0.6285714285714286,"88":0.6357142857142857,"51":0.6428571428571429,"26":0.65,"38":0.6571428571428571,"65":0.6642857142857143,"27":0.6714285714285714,"14":0.6785714285714286,"46":0.6857142857142857,"32":0.6928571428571428,"10":0.7,"40":0.7071428571428572,"106":0.7142857142857143,"1":0.7214285714285714,"97":0.7285714285714285,"13":0.7357142857142858,"134":0.7428571428571429,"118":0.75,"115":0.7571428571428571,"72":0.7642857142857142,"61":0.7714285714285715,"79":0.7785714285714286,"84":0.7857142857142857,"91":0.7928571428571428,"83":0.8,"74":0.8071428571428572,"76":0.8142857142857143,"86":0.8214285714285714,"60":0.8285714285714286,"73":0.8357142857142857,"31":0.8428571428571429,"41":0.85,"5":0.8571428571428571,"34":0.8642857142857143,"3":0.8714285714285714,"37":0.8785714285714286,"11":0.8857142857142857,"17":0.8928571428571429,"67":0.9,"111":0.9071428571428571,"96":0.9142857142857143,"89":0.9214285714285714,"47":0.9285714285714286,"62":0.9357142857142857,"139":0.9428571428571428,"7":0.95,"99":0.9571428571428572,"112":0.9642857142857143,"102":0.9714285714285714,"0":0.9785714285714285,"69":0.9857142857142858,"120":0.9928571428571429,"128":1.0}}