{"name":"density","eps":0.5,"weight":"value","num_of_nodes":150,"num_of_edges":465,"process_time":0.04389190673828125,"data":{"0":0.002061424753925245,"1":0.1692091928506845,"2":0.16838462669257576,"3":0.3359445374891483,"4":0.17127044914965733,"5":0.0008245100065305199,"6":0.002473642322794657,"7":0.16879699399899745,"8":0.16920911798190835,"9":0.17044605144634545,"10":0.3355322637687784,"11":0.33470767889344066,"12":0.002473848211971819,"13":0.0016492633366807128,"14":0.17044605144634545,"15":0.0,"16":0.1692091366990285,"17":0.3334708015803018,"18":0.0032983020669552308,"19":0.5010308246801937,"20":0.0016492633367429308,"21":0.002473810777669298,"22":0.16962144785394975,"23":0.3355323386376324,"24":0.16879693784726368,"25":0.16879684426138294,"26":0.16962133555066888,"27":0.16920900567861194,"28":0.0012368398786185841,"29":0.16756015412040998,"30":0.16797235297194146,"31":0.0020613498851335494,"32":0.003298189763798797,"33":0.0008245100065305199,"34":0.4993815426262957,"35":0.1704459952948761,"36":0.5010308995491606,"37":0.001649094881852735,"38":0.002061424753925245,"39":0.16756015412040998,"40":0.0016490948818682896,"41":0.002473642322794657,"42":0.9991754338418596,"43":0.002886121932574993,"44":0.3359444626202633,"45":0.0012370832023315841,"46":0.3338830565835515,"47":0.16714765579343172,"48":0.0016490948818682896,"49":0.504741194578308,"50":0.8332645617754836,"51":0.16838449567200364,"52":0.3355321140310395,"53":0.16797237168920162,"54":0.16838460797523785,"55":0.003298283349726198,"56":0.3334708577319578,"57":0.16838451438924823,"58":0.0016492633366496038,"59":0.33429542389005096,"60":0.0028860283464764926,"61":0.5006183825048992,"62":0.49938167364677805,"63":0.17003359055390305,"64":0.33429538645574847,"65":0.16838449567206584,"66":0.0016491135990039953,"67":0.17127046786682415,"68":0.16797233425471245,"69":0.503504392134085,"70":0.33347076414587484,"71":0.4997938724984168,"72":0.16673541950750437,"73":0.0024736797572527227,"74":0.5006184012221766,"75":0.1687968442613674,"76":0.0037105757875428506,"77":0.002473735908784276,"78":0.5006184012221766,"79":0.16920917413347103,"80":0.16673541950750437,"81":1.0,"82":0.002473829494836113,"83":0.0008246035926912386,"84":0.001649188467842354,"85":0.0016492259023315288,"86":0.5006184199392957,"87":0.3351199151794458,"88":0.1683845518237063,"89":0.16920909926453934,"90":0.002473735908986485,"91":0.3351199713310551,"92":0.17003366542264806,"93":0.16838449567200364,"94":0.003710482201413241,"95":0.16838449567200364,"96":0.0012368398785874751,"97":0.16755991079669696,"98":0.49896936249198176,"99":0.0016491884680134537,"100":0.168796806826956,"101":0.005772094127317723,"102":0.16838451438926377,"103":0.3355322263342426,"104":0.004535216814287738,"105":0.3347075665900976,"106":0.16920917413331546,"107":0.00206153705719056,"108":0.5006184948081676,"109":0.1692091179817217,"110":0.33388309401802513,"111":0.1696214291366585,"112":0.1683845705408731,"113":0.33676912236442386,"114":0.16838451438926377,"115":0.168796806826956,"116":0.3351199526137794,"117":0.5014431171179026,"118":0.33511989646218565,"119":0.0032983207841531547,"120":0.16920913669896628,"121":0.33511987774498775,"122":0.001236896030196801,"123":0.0020615744916641803,"124":0.0041228120734857505,"125":0.5002062210877519,"126":0.16879680682692488,"127":0.6665292545713228,"128":0.001236896030196801,"129":0.002473773343289005,"130":0.16838451438926377,"131":0.5039167220062378,"132":0.16714765579346283,"133":0.16879675067542443,"134":0.17003385259470508,"135":0.0012368398786030295,"136":0.001649132316326355,"137":0.5010306936599013,"138":0.3351200087653732,"139":0.004122849508006034,"140":0.33429534902124375,"141":0.0024737546259822,"142":0.33470762274172244,"143":0.17209503402505733,"144":0.6665292920057667,"145":0.335532301203081,"146":0.336356792492398,"147":0.0041228682250639675,"148":0.16962135426780459,"149":0.004535123228407},"ranked":{"15":0.0,"5":0.006711409395973154,"33":0.013422818791946308,"83":0.020134228187919462,"96":0.026845637583892617,"135":0.03355704697986577,"28":0.040268456375838924,"122":0.04697986577181208,"128":0.053691275167785234,"45":0.06040268456375839,"37":0.06711409395973154,"40":0.0738255033557047,"48":0.08053691275167785,"66":0.087248322147651,"136":0.09395973154362416,"84":0.10067114093959731,"99":0.10738255033557047,"85":0.11409395973154363,"58":0.12080536912751678,"13":0.12751677852348994,"20":0.1342281879194631,"31":0.14093959731543623,"0":0.1476510067114094,"38":0.15436241610738255,"107":0.1610738255033557,"123":0.16778523489932887,"6":0.174496644295302,"41":0.18120805369127516,"73":0.18791946308724833,"77":0.19463087248322147,"90":0.20134228187919462,"141":0.2080536912751678,"129":0.21476510067114093,"21":0.2214765100671141,"82":0.22818791946308725,"12":0.2348993288590604,"60":0.24161073825503357,"43":0.2483221476510067,"32":0.2550335570469799,"55":0.26174496644295303,"18":0.2684563758389262,"119":0.2751677852348993,"94":0.28187919463087246,"76":0.28859060402684567,"124":0.2953020134228188,"139":0.30201342281879195,"147":0.3087248322147651,"149":0.31543624161073824,"104":0.3221476510067114,"101":0.3288590604026846,"72":0.33557046979865773,"80":0.3422818791946309,"47":0.348993288590604,"132":0.35570469798657717,"97":0.3624161073825503,"29":0.3691275167785235,"39":0.37583892617449666,"68":0.3825503355704698,"30":0.38926174496644295,"53":0.3959731543624161,"51":0.40268456375838924,"93":0.40939597315436244,"95":0.4161073825503356,"65":0.4228187919463087,"57":0.42953020134228187,"102":0.436241610738255,"114":0.4429530201342282,"130":0.44966442953020136,"88":0.4563758389261745,"112":0.46308724832214765,"54":0.4697986577181208,"2":0.47651006711409394,"133":0.48322147651006714,"126":0.4899328859060403,"100":0.4966442953020134,"115":0.5033557046979866,"75":0.5100671140939598,"25":0.5167785234899329,"24":0.5234899328859061,"7":0.5302013422818792,"27":0.5369127516778524,"89":0.5436241610738255,"109":0.5503355704697986,"8":0.5570469798657718,"120":0.5637583892617449,"16":0.5704697986577181,"106":0.5771812080536913,"79":0.5838926174496645,"1":0.5906040268456376,"26":0.5973154362416108,"148":0.6040268456375839,"111":0.610738255033557,"22":0.6174496644295302,"63":0.6241610738255033,"92":0.6308724832214765,"134":0.6375838926174496,"35":0.6442953020134228,"9":0.6510067114093959,"14":0.6577181208053692,"4":0.6644295302013423,"67":0.6711409395973155,"143":0.6778523489932886,"70":0.6845637583892618,"17":0.6912751677852349,"56":0.697986577181208,"46":0.7046979865771812,"110":0.7114093959731543,"140":0.7181208053691275,"64":0.7248322147651006,"59":0.7315436241610739,"105":0.738255033557047,"142":0.7449664429530202,"11":0.7516778523489933,"121":0.7583892617449665,"118":0.7651006711409396,"87":0.7718120805369127,"116":0.7785234899328859,"91":0.785234899328859,"138":0.7919463087248322,"52":0.7986577181208053,"103":0.8053691275167785,"10":0.8120805369127517,"145":0.8187919463087249,"23":0.825503355704698,"44":0.8322147651006712,"3":0.8389261744966443,"146":0.8456375838926175,"113":0.8523489932885906,"98":0.8590604026845637,"34":0.8657718120805369,"62":0.87248322147651,"71":0.8791946308724832,"125":0.8859060402684564,"61":0.8926174496644296,"74":0.8993288590604027,"78":0.9060402684563759,"86":0.912751677852349,"108":0.9194630872483222,"137":0.9261744966442953,"19":0.9328859060402684,"36":0.9395973154362416,"117":0.9463087248322147,"69":0.9530201342281879,"131":0.959731543624161,"49":0.9664429530201343,"127":0.9731543624161074,"144":0.9798657718120806,"50":0.9865771812080537,"42":0.9932885906040269,"81":1.0}}