{"name":"fiedler","normalized":false,"weight":"value","num_of_nodes":180,"num_of_edges":567,"process_time":0.05677080154418945,"data":{"0":0.30259647040967236,"1":0.3008866922026247,"2":0.3895899847100065,"3":0.27351166005891986,"4":0.29809592231266113,"5":0.43261223280196187,"6":0.33249680163579626,"7":0.26706015907074904,"8":0.30324293247588624,"9":0.3474699435641616,"10":0.3136293934698194,"11":0.2957638291767489,"12":0.37713335836247663,"13":0.36001039854826794,"14":0.37088556413802826,"15":0.30134018375526456,"16":0.25950928726752376,"17":0.34463233742523663,"18":0.3071121705978758,"19":0.327465099141246,"20":0.29748069021320667,"21":0.2607229535825667,"22":0.4176623445760604,"23":0.3989648043033546,"24":0.33249680163579626,"25":0.30100573092929983,"26":0.3531828792669172,"27":0.3009076279422104,"28":0.30105760708316914,"29":0.36692127310389805,"30":0.30104313534758104,"31":0.3003196749907674,"32":0.30259647040967236,"33":0.43150460034629684,"34":0.2987184485302843,"35":0.3019509107101635,"36":0.3855850129382138,"37":0.3257539314919731,"38":0.2793837873951627,"39":0.27351166005891986,"40":0.32846808837071867,"41":0.3081888375324224,"42":0.3023306050884954,"43":0.26448373116249174,"44":0.30259647040967236,"45":0.3024444241776011,"46":0.30324293247588624,"47":0.30105967885397794,"48":0.3010832068286214,"49":0.327465099141246,"50":0.28309022455908495,"51":0.2785478147358768,"52":0.29462638186758494,"53":0.30324293247588624,"54":0.3010885810179228,"55":0.2702932265126078,"56":0.28032995962178786,"57":0.26706015907074904,"58":0.3005914867719831,"59":0.37784792220755486,"60":0.8811438814790634,"61":0.9926826516705628,"62":0.8337308353398747,"63":0.9478325683348406,"64":0.9291057646867459,"65":0.8220125089916713,"66":0.9918823079151597,"67":0.7736593937074043,"68":0.9739017883712772,"69":0.9937639815039266,"70":0.8226154028325281,"71":0.9907854392688235,"72":0.9996458927811591,"73":0.9302204884842042,"74":0.9815890442180722,"75":0.9127153694017407,"76":0.9436772959359688,"77":0.9931485272031023,"78":0.9146304469642125,"79":0.9546682253453422,"80":0.9999628732536205,"81":0.9947174555454682,"82":0.9990281987617745,"83":0.9858348106684683,"84":0.9664867624544087,"85":0.9286793811497505,"86":0.9858348106684683,"87":0.9996005142433465,"88":0.8403067915112526,"89":0.5723884795863914,"90":0.8415111673476086,"91":0.8907890992431877,"92":0.804464138133764,"93":0.9805553882499425,"94":0.9741004554206387,"95":1.0,"96":0.9069194433568969,"97":0.8465067322743447,"98":0.9406184583583995,"99":0.988537674474382,"100":0.8680650226558453,"101":0.843129846993206,"102":0.9292100385636616,"103":0.82764870174224,"104":0.997172364828697,"105":0.9858490291523963,"106":0.8461529791736809,"107":0.9907899768509806,"108":0.9302204884842042,"109":0.8709381404139317,"110":0.9224338626353004,"111":0.818623702538578,"112":0.991419006407229,"113":0.9894342156558794,"114":0.9013721204973966,"115":0.9871499351946434,"116":0.9996458927811591,"117":0.9858490291523963,"118":0.9937702259361069,"119":0.8567254259543604,"120":0.010183085158124452,"121":0.017949651939099212,"122":0.0022823099957704506,"123":0.04686852242279258,"124":0.041491430210676625,"125":0.10233251902485412,"126":0.0617836512368513,"127":0.04421845629219187,"128":0.05641384973479088,"129":0.10201118625989572,"130":0.04802884315602933,"131":0.029022582430631015,"132":0.025374616296219954,"133":0.05129760346409976,"134":0.005505065988598001,"135":0.0011622280646537565,"136":0.14813898182730442,"137":0.002417263774254135,"138":0.1343676887877152,"139":0.025360660442150657,"140":0.022433696916104258,"141":0.002711433527495421,"142":0.056150632131481505,"143":0.11731121178573231,"144":0.11272807781816,"145":0.07152755766717885,"146":0.08530141688845375,"147":0.02220358256561355,"148":0.0,"149":0.24172780809868274,"150":0.12334177593516776,"151":0.10674251950600991,"152":0.11272807781816,"153":0.01098153038722385,"154":0.06176793112011252,"155":0.05456206359471064,"156":0.0024038074766374973,"157":0.07628355865408344,"158":0.007510516093893654,"159":0.04049992312209282,"160":0.0,"161":0.1734624715100338,"162":0.22878571292705574,"163":0.2535786345998512,"164":0.03627385290540255,"165":0.0005405127084149247,"166":0.024044961632494283,"167":0.08153114725787132,"168":0.10159560145489938,"169":0.012877060051296,"170":0.005583572099818445,"171":0.07248314422615805,"172":0.009350243906139996,"173":0.014704617945213347,"174":0.0670035337470431,"175":0.059769827290963404,"176":0.04289322842294507,"177":0.01652618229697453,"178":0.003359949816695783,"179":0.04742584922793966},"ranked":{"148":0.0,"160":0.00558659217877095,"165":0.0111731843575419,"135":0.01675977653631285,"122":0.0223463687150838,"156":0.027932960893854747,"137":0.0335195530726257,"141":0.03910614525139665,"178":0.0446927374301676,"134":0.05027932960893855,"170":0.055865921787709494,"158":0.061452513966480445,"172":0.0670391061452514,"120":0.07262569832402235,"153":0.0782122905027933,"169":0.08379888268156424,"173":0.0893854748603352,"177":0.09497206703910614,"121":0.1005586592178771,"147":0.10614525139664804,"140":0.11173184357541899,"166":0.11731843575418995,"139":0.12290502793296089,"132":0.12849162011173185,"131":0.1340782122905028,"164":0.13966480446927373,"159":0.1452513966480447,"124":0.15083798882681565,"176":0.1564245810055866,"127":0.16201117318435754,"123":0.16759776536312848,"179":0.17318435754189945,"130":0.1787709497206704,"133":0.18435754189944134,"155":0.18994413407821228,"142":0.19553072625698323,"128":0.2011173184357542,"175":0.20670391061452514,"154":0.2122905027932961,"126":0.21787709497206703,"174":0.22346368715083798,"145":0.22905027932960895,"171":0.2346368715083799,"157":0.24022346368715083,"167":0.24581005586592178,"146":0.25139664804469275,"168":0.2569832402234637,"129":0.26256983240223464,"125":0.2681564245810056,"151":0.2737430167597765,"144":0.27932960893854747,"152":0.2849162011173184,"143":0.2905027932960894,"150":0.29608938547486036,"138":0.3016759776536313,"136":0.30726256983240224,"161":0.3128491620111732,"162":0.31843575418994413,"149":0.3240223463687151,"163":0.329608938547486,"16":0.33519553072625696,"21":0.3407821229050279,"43":0.3463687150837989,"7":0.35195530726256985,"57":0.3575418994413408,"55":0.36312849162011174,"3":0.3687150837988827,"39":0.3743016759776536,"51":0.37988826815642457,"38":0.3854748603351955,"56":0.39106145251396646,"50":0.39664804469273746,"52":0.4022346368715084,"11":0.40782122905027934,"20":0.4134078212290503,"4":0.41899441340782123,"34":0.4245810055865922,"31":0.4301675977653631,"58":0.43575418994413406,"1":0.441340782122905,"27":0.44692737430167595,"25":0.45251396648044695,"30":0.4581005586592179,"28":0.46368715083798884,"47":0.4692737430167598,"48":0.4748603351955307,"54":0.48044692737430167,"15":0.4860335195530726,"35":0.49162011173184356,"42":0.4972067039106145,"45":0.5027932960893855,"0":0.5083798882681564,"32":0.5139664804469274,"44":0.5195530726256983,"8":0.5251396648044693,"46":0.5307262569832403,"53":0.5363128491620112,"18":0.5418994413407822,"41":0.547486033519553,"10":0.553072625698324,"37":0.5586592178770949,"19":0.5642458100558659,"49":0.5698324022346368,"40":0.5754189944134078,"6":0.5810055865921788,"24":0.5865921787709497,"17":0.5921787709497207,"9":0.5977653631284916,"26":0.6033519553072626,"13":0.6089385474860335,"29":0.6145251396648045,"14":0.6201117318435754,"12":0.6256983240223464,"59":0.6312849162011173,"36":0.6368715083798883,"2":0.6424581005586593,"23":0.6480446927374302,"22":0.6536312849162011,"33":0.659217877094972,"5":0.664804469273743,"89":0.6703910614525139,"67":0.6759776536312849,"92":0.6815642458100558,"111":0.6871508379888268,"65":0.6927374301675978,"70":0.6983240223463687,"103":0.7039106145251397,"62":0.7094972067039106,"88":0.7150837988826816,"90":0.7206703910614525,"101":0.7262569832402235,"106":0.7318435754189944,"97":0.7374301675977654,"119":0.7430167597765364,"100":0.7486033519553073,"109":0.7541899441340782,"60":0.7597765363128491,"91":0.7653631284916201,