{"name":"pagerank","alpha":0.85,"weight":"value","num_of_nodes":174,"num_of_edges":552,"process_time":0.027801036834716797,"data":{"0":0.259684775438412,"1":0.8019071104097305,"2":0.40285300946706376,"3":0.5409323336809146,"4":0.1182315372540814,"5":0.15972721558632919,"6":0.15583725234299067,"7":0.8247513113074257,"8":0.12382347410892651,"9":0.17147068257179954,"10":0.23209962553234284,"11":0.9363698190057808,"12":0.059679188210236364,"13":0.41732810403651616,"14":0.15972721558632919,"15":0.3792591895716545,"16":0.49582546439182723,"17":0.3476786653038106,"18":0.1213111161255657,"19":0.16287787992161779,"20":0.12382347410892651,"21":0.4852335648313978,"22":0.7006719604976446,"23":0.9086812358567654,"24":1.0,"25":0.20312307062868462,"26":0.295281454509539,"27":0.29360350612875574,"28":0.6059868709037318,"29":0.6657115174008376,"30":0.6657115174008376,"31":0.7158745549303381,"32":0.3909649420560588,"33":0.13142747024047158,"34":0.259684775438412,"35":0.18307376579429496,"36":0.11914014485223055,"37":0.4296073813286872,"38":0.3675473733282341,"39":0.319447926637162,"40":0.7202978735274767,"41":0.31159597345696527,"42":0.2880204291758509,"43":0.27933976803318816,"44":0.16474379734171032,"45":0.48936016246591374,"46":0.295281454509539,"47":0.1818582160459111,"48":0.6745403607897074,"49":0.1373220295653203,"50":0.4287313532169975,"51":0.45986295015314665,"52":0.20312307062868462,"53":0.7533857702450389,"54":0.9262831943775438,"55":0.48374369645471416,"56":0.580643076299116,"57":0.17090085943504188,"58":0.3837410957389859,"59":0.28927589798552933,"60":0.9990560128144661,"61":0.1466432446812718,"62":0.4872930725469151,"63":0.28137697901741515,"64":0.7374937319663388,"65":0.22214718187152452,"66":0.36036495910654887,"67":0.31666503652913974,"68":0.1237609331435323,"69":0.119411671120235,"70":0.08936353504738279,"71":0.20497658493264317,"72":0.9377864914971958,"73":0.12439129042310254,"74":0.38921133292957183,"75":0.08625136546412546,"76":0.5374832553905606,"77":0.7284414849292313,"78":0.5990865810713767,"79":0.49853593812040337,"80":0.2639260374019542,"81":0.4770130041063551,"82":0.12923519429994584,"83":0.5147107140829382,"84":0.7325411279414261,"85":0.09799025854441298,"86":0.7240168656067777,"87":0.5625179651890996,"88":0.5089365959870277,"89":0.49294871208604474,"90":0.10504425865985667,"91":0.49294871208604474,"92":0.49556329978141117,"93":0.4045932315792938,"94":0.27707942134726626,"95":0.4861126396322572,"96":0.12149267185998112,"97":0.1926199867879517,"98":0.119411671120235,"99":0.7894958616978067,"100":0.12826545913505558,"101":0.49811863827746183,"102":0.5016667161969527,"103":0.7529305604399651,"104":0.21932946568309106,"105":0.08811884036308892,"106":0.29253731056026333,"107":0.06916543994355137,"108":0.3353746677167182,"109":0.2628213496043002,"110":0.16381801001937787,"111":0.9110160424096494,"112":0.04694895586739049,"113":0.5261793771633442,"114":0.1237609331435323,"115":0.4748646148027105,"116":0.07177326777620469,"117":0.4585616985826483,"118":0.07783216725666345,"119":0.06679567689946334,"120":0.11235761372025754,"121":0.2659481990100281,"122":0.5061366512796162,"123":0.24774390802184998,"124":0.30329391988097204,"125":0.2964614165172937,"126":0.005170055150193714,"127":0.44631635210773696,"128":0.33079268692785346,"129":0.42535704888289666,"130":0.35840207858247897,"131":0.5717893309135696,"132":0.07642343670458365,"133":0.5065972464619534,"134":0.2292730841986095,"135":0.6260349946122891,"136":0.11235761372025754,"137":0.26856956759188283,"138":0.2952588196798397,"139":0.09306117716084701,"140":0.48313040291017173,"141":0.0,"142":0.5563035210664925,"143":0.5553378063146663,"144":0.8114170477289603,"145":0.10971363798958346,"146":0.8114004443207746,"147":0.11235761372025754,"148":0.47322900671403606,"149":0.5154052555877492,"150":0.5867569746886132,"151":0.9363395984080355,"152":0.2841154183857381,"153":0.21919873983584018,"154":0.5618917228209481,"155":0.0738263825833673,"156":0.015690339586954507,"157":0.8048313487080875,"158":0.5037255912090381,"159":0.739261031620323,"160":0.2292730841986095,"161":0.4852093180929202,"162":0.10971363798958346,"163":0.0499642247039972,"164":0.4829400647834468,"165":0.5443088562844944,"166":0.6981714196871543,"167":0.4729219720718653,"168":0.5099429232951329,"169":0.7540924738754439,"170":0.8120858303480967,"171":0.019441742869802874,"172":0.40069697152231565,"173":0.5099429232951329},"ranked":{"141":0.0,"126":0.005780346820809248,"156":0.011560693641618497,"171":0.017341040462427744,"112":0.023121387283236993,"163":0.028901734104046242,"12":0.03468208092485549,"119":0.04046242774566474,"107":0.046242774566473986,"116":0.05202312138728324,"155":0.057803468208092484,"132":0.06358381502890173,"118":0.06936416184971098,"75":0.07514450867052024,"105":0.08092485549132948,"70":0.08670520231213873,"139":0.09248554913294797,"85":0.09826589595375723,"90":0.10404624277456648,"145":0.10982658959537572,"162":0.11560693641618497,"120":0.12138728323699421,"136":0.12716763005780346,"147":0.1329479768786127,"4":0.13872832369942195,"36":0.14450867052023122,"69":0.15028901734104047,"98":0.15606936416184972,"18":0.16184971098265896,"96":0.1676300578034682,"68":0.17341040462427745,"114":0.1791907514450867,"8":0.18497109826589594,"20":0.1907514450867052,"73":0.19653179190751446,"100":0.2023121387283237,"82":0.20809248554913296,"33":0.2138728323699422,"49":0.21965317919075145,"61":0.2254335260115607,"6":0.23121387283236994,"5":0.23699421965317918,"14":0.24277456647398843,"19":0.24855491329479767,"110":0.2543352601156069,"44":0.26011560693641617,"57":0.2658959537572254,"9":0.27167630057803466,"47":0.2774566473988439,"35":0.2832369942196532,"97":0.28901734104046245,"25":0.2947976878612717,"52":0.30057803468208094,"71":0.3063583815028902,"153":0.31213872832369943,"104":0.3179190751445087,"65":0.3236994219653179,"134":0.32947976878612717,"160":0.3352601156069364,"10":0.34104046242774566,"123":0.3468208092485549,"0":0.35260115606936415,"34":0.3583815028901734,"109":0.36416184971098264,"80":0.3699421965317919,"121":0.37572254335260113,"137":0.3815028901734104,"94":0.3872832369942196,"43":0.3930635838150289,"63":0.3988439306358382,"152":0.4046242774566474,"42":0.41040462427745666,"59":0.4161849710982659,"106":0.42196531791907516,"27":0.4277456647398844,"138":0.43352601156069365,"26":0.4393063583815029,"46":0.44508670520231214,"125":0.4508670520231214,"124":0.45664739884393063,"41":0.4624277456647399,"67":0.4682080924855491,"39":0.47398843930635837,"128":0.4797687861271676,"108":0.48554913294797686,"17":0.4913294797687861,"130":0.49710982658959535,"66":0.5028901734104047,"38":0.5086705202312138,"15":0.5144508670520231,"58":0.5202312138728323,"74":0.5260115606936416,"32":0.5317919075144508,"172":0.5375722543352601,"2":0.5433526011560693,"93":0.5491329479768786,"13":0.5549132947976878,"129":0.5606936416184971,"50":0.5664739884393064,"37":0.5722543352601156,"127":0.5780346820809249,"117":0.5838150289017341,"51":0.5895953757225434,"167":0.5953757225433526,"148":0.6011560693641619,"115":0.6069364161849711,"81":0.6127167630057804,"164":0.6184971098265896,"140":0.6242774566473989,"55":0.630057803468208,"161":0.6358381502890174,"21":0.6416184971098265,"95":0.6473988439306358,"62":0.653179190751445,"45":0.6589595375722543,"89":0.6647398843930635,"91":0.6705202312138728,"92":0.6763005780346821,"16":0.6820809248554913,"101":0.6878612716763006,"79":0.6936416184971098,"102":0.6994219653179191,"158":0.7052023121387283,"122":0.7109826589595376,"133":0.7167630057803468,"88":0.7225433526011561,"168":0.7283236994219653,"173":0.7341040462427746,"83":0.7398843930635838,"149":0.7456647398843931,"113":0.7514450867052023,"76":0.7572254335260116,"3":0.7630057803468208,"165":0.7687861271676301,"143":0.7745664739884393,"142":0.7803468208092486,"154":0.7861271676300579,"87":0.791907514450867,"131":0.7976878612716763,"56":0.8034682080924855,"150":0.8092485549132948,"78":0.815028901734104,"28":0.8208092485549133,"135":0.8265895953757225,