{"name":"pagerank","alpha":0.85,"weight":"value","num_of_nodes":162,"num_of_edges":500,"process_time":0.04257822036743164,"data":{"0":0.5019407808868016,"1":0.5665245836574638,"2":0.7490184499109009,"3":0.11292658887087943,"4":0.3651020250373474,"5":0.0733359667986221,"6":0.3531852654883893,"7":0.12340327713551756,"8":0.5672472072778012,"9":0.5135179600657309,"10":0.137478683121787,"11":0.15347904221482173,"12":0.12467704283202752,"13":0.6995595845068981,"14":0.5840204949849978,"15":0.1632137255694362,"16":0.4856557954612454,"17":0.1322730102995122,"18":0.5757669864227601,"19":0.16362488550341747,"20":0.1315840083802383,"21":0.12785405429136243,"22":0.5135179600657309,"23":0.5437831195520515,"24":0.08622462662283865,"25":0.535153007422806,"26":0.34257537489580336,"27":0.076136398216729,"28":0.4812585102372393,"29":0.32917318347414243,"30":0.12147792283285058,"31":0.5892436604867416,"32":0.3447489659340241,"33":0.14656758260524583,"34":0.5850213774191502,"35":0.9668606224971958,"36":0.1322730102995122,"37":0.12334116513621073,"38":0.3771922912895006,"39":0.37290229948633913,"40":0.3484844832742615,"41":0.3413072371321039,"42":0.5661601245230972,"43":0.3447489659340241,"44":0.2928347429065072,"45":0.38262371572231524,"46":0.13109620408330833,"47":0.5757669864227601,"48":0.10296888232031656,"49":0.2833905268034226,"50":0.29772466740984255,"51":0.13338109185046632,"52":0.3482061216807705,"53":0.397197338665211,"54":0.24492744498133442,"55":0.40208103398306566,"56":0.0,"57":0.4636860597397085,"58":0.038254422964225064,"59":0.41124904155178116,"60":0.22575074677177678,"61":0.09989639649596338,"62":0.19472724127155502,"63":0.41539889604463903,"64":0.4326682333480952,"65":0.22076547173362038,"66":0.2203895996711467,"67":0.8108416561568341,"68":0.6406113011441453,"69":0.41420571841176523,"70":0.4876383332256412,"71":0.018665729445538827,"72":0.41077765099080693,"73":0.4015846835082436,"74":0.5670933679403977,"75":0.006411681951283743,"76":0.08233598036293732,"77":0.12691109558549218,"78":0.08233598036293732,"79":0.4483730505312911,"80":0.4177464970846138,"81":0.38395487053539207,"82":0.07823329075512775,"83":0.6199718841066594,"84":0.05759239097717895,"85":0.018943583882298543,"86":0.44947636127314067,"87":0.40093369908182686,"88":0.03609946494803813,"89":0.010095207999557883,"90":0.41420571841176523,"91":0.5061501889667145,"92":0.21314717688378254,"93":0.05580800132204891,"94":0.41030284045727206,"95":0.22318040019962967,"96":0.3418187877200029,"97":0.365332688109138,"98":0.8294702697071616,"99":0.04568723411905256,"100":0.9410259444004945,"101":0.2801033905572748,"102":0.2538877688082356,"103":1.0,"104":0.00440433454521168,"105":0.8160194445810751,"106":0.41420571841176523,"107":0.03797921644309743,"108":0.2757863524586298,"109":0.3874943335332301,"110":0.14917425033354645,"111":0.6807275146190908,"112":0.06445206158307451,"113":0.20617145227864064,"114":0.9063384851297913,"115":0.274640127155171,"116":0.13358748600702022,"117":0.28009231171211646,"118":0.17044641994551352,"119":0.2784292502383251,"120":0.4254602236547898,"121":0.47788813262208485,"122":0.4888952227387374,"123":0.4936189719348521,"124":0.20978290222566504,"125":0.4674822776434412,"126":0.2687550049957676,"127":0.14917425033354645,"128":0.6196672346327826,"129":0.13244545418746537,"130":0.6042803762656275,"131":0.0801829240387783,"132":0.07577330731132453,"133":0.2793682752746848,"134":0.823775183556706,"135":0.11423313286887578,"136":0.274640127155171,"137":0.11643073858543841,"138":0.2704036561297333,"139":0.2757863524586298,"140":0.21292652396453443,"141":0.0868825655477953,"142":0.26539036926820214,"143":0.015356453883815688,"144":0.13723850157294856,"145":0.48428041093270224,"146":0.1335874860070198,"147":0.2777419181135834,"148":0.2367205052677385,"149":0.50187143217371,"150":0.47724424044568176,"151":0.11800478805132861,"152":0.5099021065072703,"153":0.012928504594387718,"154":0.28351374197521434,"155":0.2777419181135834,"156":0.11369766609984021,"157":0.819662270383653,"158":0.06584988237842972,"159":0.17044641994551352,"160":0.15606572007017022,"161":0.48403923305739766},"ranked":{"56":0.0,"104":0.006211180124223602,"75":0.012422360248447204,"89":0.018633540372670808,"153":0.024844720496894408,"143":0.031055900621118012,"71":0.037267080745341616,"85":0.043478260869565216,"88":0.049689440993788817,"107":0.055900621118012424,"58":0.062111801242236024,"99":0.06832298136645963,"93":0.07453416149068323,"84":0.08074534161490683,"112":0.08695652173913043,"158":0.09316770186335403,"5":0.09937888198757763,"132":0.10559006211180125,"27":0.11180124223602485,"82":0.11801242236024845,"131":0.12422360248447205,"76":0.13043478260869565,"78":0.13664596273291926,"24":0.14285714285714285,"141":0.14906832298136646,"61":0.15527950310559005,"48":0.16149068322981366,"3":0.16770186335403728,"156":0.17391304347826086,"135":0.18012422360248448,"137":0.18633540372670807,"151":0.19254658385093168,"30":0.19875776397515527,"37":0.20496894409937888,"7":0.2111801242236025,"12":0.21739130434782608,"77":0.2236024844720497,"21":0.22981366459627328,"46":0.2360248447204969,"20":0.2422360248447205,"17":0.2484472049689441,"36":0.2546583850931677,"129":0.2608695652173913,"51":0.2670807453416149,"146":0.2732919254658385,"116":0.2795031055900621,"144":0.2857142857142857,"10":0.2919254658385093,"33":0.2981366459627329,"110":0.30434782608695654,"127":0.3105590062111801,"11":0.3167701863354037,"160":0.32298136645962733,"15":0.32919254658385094,"19":0.33540372670807456,"118":0.3416149068322981,"159":0.34782608695652173,"62":0.35403726708074534,"113":0.36024844720496896,"124":0.36645962732919257,"140":0.37267080745341613,"92":0.37888198757763975,"66":0.38509316770186336,"65":0.391304347826087,"95":0.39751552795031053,"60":0.40372670807453415,"148":0.40993788819875776,"54":0.4161490683229814,"102":0.422360248447205,"142":0.42857142857142855,"126":0.43478260869565216,"138":0.4409937888198758,"115":0.4472049689440994,"136":0.453416149068323,"108":0.45962732919254656,"139":0.4658385093167702,"147":0.4720496894409938,"155":0.4782608695652174,"119":0.484472049689441,"133":0.4906832298136646,"117":0.4968944099378882,"101":0.5031055900621118,"49":0.5093167701863354,"154":0.515527950310559,"44":0.5217391304347826,"50":0.5279503105590062,"29":0.5341614906832298,"41":0.5403726708074534,"96":0.546583850931677,"26":0.5527950310559007,"32":0.5590062111801242,"43":0.5652173913043478,"52":0.5714285714285714,"40":0.577639751552795,"6":0.5838509316770186,"4":0.5900621118012422,"97":0.5962732919254659,"39":0.6024844720496895,"38":0.6086956521739131,"45":0.6149068322981367,"81":0.6211180124223602,"109":0.6273291925465838,"53":0.6335403726708074,"87":0.639751552795031,"73":0.6459627329192547,"55":0.6521739130434783,"94":0.6583850931677019,"72":0.6645962732919255,"59":0.6708074534161491,"69":0.6770186335403726,"90":0.6832298136645962,"106":0.6894409937888198,"63":0.6956521739130435,"80":0.7018633540372671,"120":0.7080745341614907,"64":0.7142857142857143,"79":0.7204968944099379,"86":0.7267080745341615,"57":0.7329192546583851,"125":0.7391304347826086,"150":0.7453416149068323,"121":0.7515527950310559,"28":0.7577639751552795,"161":0.7639751552795031,"145":0.7701863354037267,"16":0.7763975155279503,"70":0.782608695652174,"122":0.7888198757763976,"123":0.7950310559006211,"149":0.8012422360248447,"0":0.8074534161490683,"91":0.8136645962732919,"152":0.8198757763975155,"9":0.8260869565217391,"22":0.8322981366459627,"25":0.8385093167701864,"23":0.84472049689441,"42":0.8509316770186336,"1":0.8571428571428571,"74":0.8633540372670807,"8":0.8695652173913043,"18":0.8757763975155279,"47":0.8819875776397516,"14":0.8881987577639752,"34":0.8944099378881988,"31":0.9006211180124224,"130":0.906832298136646,"128":0.9130434782608695,"83":0.9192546583850931,"68":0.9254658385093167,"111":0.9316770186335404,"13":0.937888198757764,"2":0.9440993788819876,"67":0.9503105590062112,"105":0.9565217391304348,"157":0.9627329192546584,"134":0.968944099378882,"98":0.9751552795031055,