{"name":"agd","num_of_nodes":75,"num_of_edges":236,"weight":"value","process_time":0.009479999542236328,"data":{"0":0.17333333333333334,"1":0.7166666666666667,"2":0.33333333333333326,"3":0.6833333333333333,"4":0.67,"5":0.49666666666666665,"6":0.3466666666666667,"7":0.4866666666666667,"8":0.38,"9":0.5733333333333333,"10":0.3499999999999999,"11":0.75,"12":0.8666666666666667,"13":0.3366666666666667,"14":0.52,"15":0.40999999999999986,"16":0.71,"17":0.5066666666666666,"18":0.3166666666666666,"19":0.29,"20":0.38,"21":0.8966666666666666,"22":0.21333333333333337,"23":0.6766666666666666,"24":0.4833333333333332,"25":0.05333333333333323,"26":0.15999999999999992,"27":0.026666666666666616,"28":0.14999999999999997,"29":0.11333333333333317,"30":0.05333333333333323,"31":0.033333333333333326,"32":0.039999999999999813,"33":0.019999999999999907,"34":0.009999999999999953,"35":0.17999999999999983,"36":0.029999999999999864,"37":0.009999999999999953,"38":0.17999999999999983,"39":0.019999999999999907,"40":0.23000000000000004,"41":0.029999999999999864,"42":0.1466666666666665,"43":0.05333333333333323,"44":0.0,"45":0.11999999999999988,"46":0.10666666666666669,"47":0.1466666666666665,"48":0.10666666666666669,"49":0.056666666666666476,"50":0.0766666666666666,"51":1.0,"52":0.4266666666666665,"53":0.37666666666666654,"54":0.32000000000000006,"55":1.0,"56":0.4433333333333334,"57":0.45333333333333337,"58":0.19999999999999996,"59":0.67,"60":0.8633333333333334,"61":0.28,"62":0.99,"63":0.79,"64":0.6066666666666666,"65":0.6066666666666666,"66":0.85,"67":0.7799999999999999,"68":0.4999999999999999,"69":0.37666666666666654,"70":0.4433333333333334,"71":0.67,"72":0.8066666666666668,"73":0.23000000000000004,"74":0.5233333333333333},"ranked":{"44":0.0,"34":0.013513513513513514,"37":0.02702702702702703,"33":0.04054054054054054,"39":0.05405405405405406,"27":0.06756756756756757,"36":0.08108108108108109,"41":0.0945945945945946,"31":0.10810810810810811,"32":0.12162162162162163,"25":0.13513513513513514,"30":0.14864864864864866,"43":0.16216216216216217,"49":0.17567567567567569,"50":0.1891891891891892,"46":0.20270270270270271,"48":0.21621621621621623,"29":0.22972972972972974,"45":0.24324324324324326,"42":0.25675675675675674,"47":0.2702702702702703,"28":0.28378378378378377,"26":0.2972972972972973,"0":0.3108108108108108,"35":0.32432432432432434,"38":0.33783783783783783,"58":0.35135135135135137,"22":0.36486486486486486,"40":0.3783783783783784,"73":0.3918918918918919,"61":0.40540540540540543,"19":0.4189189189189189,"18":0.43243243243243246,"54":0.44594594594594594,"2":0.4594594594594595,"13":0.47297297297297297,"6":0.4864864864864865,"10":0.5,"53":0.5135135135135135,"69":0.527027027027027,"8":0.5405405405405406,"20":0.5540540540540541,"15":0.5675675675675675,"52":0.581081081081081,"56":0.5945945945945946,"70":0.6081081081081081,"57":0.6216216216216216,"24":0.6351351351351351,"7":0.6486486486486487,"5":0.6621621621621622,"68":0.6756756756756757,"17":0.6891891891891891,"14":0.7027027027027027,"74":0.7162162162162162,"9":0.7297297297297297,"64":0.7432432432432432,"65":0.7567567567567568,"4":0.7702702702702703,"59":0.7837837837837838,"71":0.7972972972972973,"23":0.8108108108108109,"3":0.8243243243243243,"16":0.8378378378378378,"1":0.8513513513513513,"11":0.8648648648648649,"67":0.8783783783783784,"63":0.8918918918918919,"72":0.9054054054054054,"66":0.918918918918919,"60":0.9324324324324325,"12":0.9459459459459459,"21":0.9594594594594594,"62":0.972972972972973,"51":0.9864864864864865,"55":1.0}}