{"name":"pagerank","alpha":0.85,"weight":"value","num_of_nodes":168,"num_of_edges":522,"process_time":0.02927112579345703,"data":{"0":0.8648991894347287,"1":0.5972904198323534,"2":0.20024005476249487,"3":0.7625126161070751,"4":0.1554300884674929,"5":0.595886543100698,"6":0.3817692225159221,"7":0.16423159375674903,"8":0.6688874834189897,"9":0.1602335624111095,"10":0.20024005476249487,"11":0.5832230979090869,"12":0.37614781088899857,"13":0.27449382243934284,"14":0.4695163736824546,"15":0.3776989081696275,"16":0.3127272763419232,"17":0.36322615994826823,"18":0.35169657734868565,"19":0.5790688848204963,"20":0.3353407106063178,"21":0.19398718013689928,"22":0.5579845114920569,"23":0.1481784491130473,"24":0.16295721342753652,"25":0.1800616018969333,"26":0.12497407793736093,"27":0.6376358725387883,"28":0.3731600898122678,"29":0.38040543866900434,"30":0.19392560158363378,"31":0.1494404060196873,"32":0.3722851336980767,"33":0.6108820147971588,"34":0.4657315621633935,"35":0.1800616018969333,"36":0.09534610874505195,"37":0.47059060125608615,"38":0.36633140082290394,"39":0.15543354501530782,"40":0.0785550361137499,"41":0.5368699943722243,"42":0.7415005562985048,"43":0.12497407793736093,"44":0.1372204023831715,"45":0.17588169017189353,"46":0.2872825160771348,"47":0.3515901187957963,"48":0.09291664500368277,"49":0.38143196713266453,"50":0.3752241092566036,"51":0.3947297731884702,"52":0.5846991945325861,"53":0.5544124735010171,"54":0.3480242437901263,"55":0.20711222951544722,"56":0.11175937364754684,"57":0.11580838799584918,"58":0.30505464351688444,"59":0.041692518166250615,"60":0.10959758799630445,"61":0.30804065910876294,"62":0.12424090821636653,"63":0.9190433031559646,"64":0.5302305053582063,"65":0.1428576428442687,"66":0.730847948312386,"67":0.3038277583809424,"68":0.14701361916302705,"69":0.14447081020404529,"70":0.558139609640443,"71":0.716621470971961,"72":0.318770993721075,"73":0.11657403431145118,"74":0.5280596948988374,"75":0.32540291464432225,"76":0.5645307777398176,"77":0.08060270386186015,"78":0.7616642418385972,"79":0.5403824563726243,"80":0.1513567914641475,"81":0.6462164341127952,"82":0.10959758799630445,"83":0.3660414352469474,"84":0.25506557091812393,"85":0.5650485326568755,"86":0.15772384635337824,"87":0.3398782050491101,"88":0.6202506872305042,"89":0.1104588565523002,"90":0.15579192035845127,"91":0.7287046889591572,"92":0.30865495660182246,"93":0.1428576428442689,"94":0.38613187756777084,"95":0.07871123788265888,"96":0.4017122702872089,"97":0.0,"98":0.7196967199769604,"99":0.5889606008896732,"100":0.3046563330250864,"101":0.31956006543800514,"102":0.13460739496327198,"103":0.35505947949956146,"104":0.7343249279750013,"105":0.5889606008896732,"106":0.14737808172537506,"107":0.37491192776756,"108":0.3523639698696921,"109":0.15772384635337824,"110":0.1199558618926822,"111":0.33182064766328045,"112":0.4458852847083845,"113":0.6089947913934765,"114":0.21785733287364203,"115":0.2616464812988357,"116":0.05603696488676459,"117":0.6442475022724037,"118":0.44598461009096585,"119":0.5408857000686986,"120":0.5349737975439669,"121":0.24259274550386817,"122":0.2459499648494478,"123":0.040267515511901844,"124":0.7228278788937947,"125":0.4188897753170735,"126":0.6442475022724037,"127":0.3360739690047178,"128":0.04783387104634239,"129":0.6588125032161215,"130":0.634097921477257,"131":0.0892294810674739,"132":0.4309745658526475,"133":0.07116214334687954,"134":0.46218641519968107,"135":0.12040430545710602,"136":0.2638242403451723,"137":0.07974325699114163,"138":0.6076319580204975,"139":0.062085404419192476,"140":1.0,"141":0.05915682300282292,"142":0.04907947634898875,"143":0.15947945048540885,"144":0.06685122327691748,"145":0.07038616482081923,"146":0.6442475022724037,"147":0.46286669002592357,"148":0.26649936031152294,"149":0.8361646177483972,"150":0.248165619877345,"151":0.07849878295106716,"152":0.45905976522937453,"153":0.12595444045920062,"154":0.4147225148395958,"155":0.08262779640010767,"156":0.4646991084159335,"157":0.603046319806854,"158":0.07625661256959719,"159":0.1059430328163665,"160":0.4147225148395958,"161":0.07674625735870434,"162":0.4185883139090146,"163":0.23870405153130148,"164":0.2765962579416476,"165":0.1059430328163665,"166":0.6084651358075109,"167":0.6411156397362862},"ranked":{"97":0.0,"123":0.005988023952095809,"59":0.011976047904191617,"128":0.017964071856287425,"142":0.023952095808383235,"116":0.029940119760479042,"141":0.03592814371257485,"139":0.041916167664670656,"144":0.04790419161676647,"145":0.05389221556886228,"133":0.059880239520958084,"158":0.0658682634730539,"161":0.0718562874251497,"151":0.07784431137724551,"40":0.08383233532934131,"95":0.08982035928143713,"137":0.09580838323353294,"77":0.10179640718562874,"155":0.10778443113772455,"131":0.11377245508982035,"48":0.11976047904191617,"36":0.12574850299401197,"159":0.1317365269461078,"165":0.1377245508982036,"60":0.1437125748502994,"82":0.1497005988023952,"89":0.15568862275449102,"56":0.16167664670658682,"57":0.16766467065868262,"73":0.17365269461077845,"110":0.17964071856287425,"135":0.18562874251497005,"62":0.19161676646706588,"26":0.19760479041916168,"43":0.20359281437125748,"153":0.20958083832335328,"102":0.2155688622754491,"44":0.2215568862275449,"65":0.2275449101796407,"93":0.23353293413173654,"69":0.23952095808383234,"68":0.24550898203592814,"106":0.25149700598802394,"23":0.25748502994011974,"31":0.2634730538922156,"80":0.2694610778443114,"4":0.2754491017964072,"39":0.281437125748503,"90":0.2874251497005988,"86":0.2934131736526946,"109":0.2994011976047904,"143":0.30538922155688625,"9":0.31137724550898205,"24":0.31736526946107785,"7":0.32335329341317365,"45":0.32934131736526945,"25":0.33532934131736525,"35":0.3413173652694611,"30":0.3473053892215569,"21":0.3532934131736527,"2":0.3592814371257485,"10":0.3652694610778443,"55":0.3712574850299401,"114":0.3772455089820359,"163":0.38323353293413176,"121":0.38922155688622756,"122":0.39520958083832336,"150":0.40119760479041916,"84":0.40718562874251496,"115":0.41317365269461076,"136":0.41916167664670656,"148":0.4251497005988024,"13":0.4311377245508982,"164":0.437125748502994,"46":0.4431137724550898,"67":0.4491017964071856,"100":0.4550898203592814,"58":0.46107784431137727,"61":0.46706586826347307,"92":0.47305389221556887,"16":0.47904191616766467,"72":0.48502994011976047,"101":0.49101796407185627,"75":0.49700598802395207,"111":0.5029940119760479,"20":0.5089820359281437,"127":0.5149700598802395,"87":0.5209580838323353,"54":0.5269461077844312,"47":0.5329341317365269,"18":0.5389221556886228,"108":0.5449101796407185,"103":0.5508982035928144,"17":0.5568862275449101,"83":0.562874251497006,"38":0.5688622754491018,"32":0.5748502994011976,"28":0.5808383233532934,"107":0.5868263473053892,"50":0.592814371257485,"12":0.5988023952095808,"15":0.6047904191616766,"29":0.6107784431137725,"49":0.6167664670658682,"6":0.6227544910179641,"94":0.6287425149700598,"51":0.6347305389221557,"96":0.6407185628742516,"154":0.6467065868263473,"160":0.6526946107784432,"162":0.6586826347305389,"125":0.6646706586826348,"132":0.6706586826347305,"112":0.6766467065868264,"118":0.6826347305389222,"152":0.688622754491018,"134":0.6946107784431138,"147":0.7005988023952096,"156":0.7065868263473054,"34":0.7125748502994012,"14":0.718562874251497,"37":0.7245508982035929,"74":0.7305389221556886,"64":0.7365269461077845,"120":0.7425149700598802,"41":0.7485029940119761,"79":0.7544910179640718,"119":0.7604790419161677,"53":0.7664670658682635,"22":0.7724550898203593,"70":0.7784431137724551,"76":0.7844311377245509,"85":0.7904191616766467,"19":0.7964071856287425,"11":0.8023952095808383,"52":0.8083832335329342,"99":0.8143712574850299,"105":0.8203592814371258,"5":0.8263473053892215,"1":0.8323353293413174,"157":0.8383233532934131,"138":0.844311377245509,"166":0.8502994011976048,"113":0.8562874251497006,"33":0.8622754491017964,"88":0.8682634730538922,"130":0.874251497005988,"27":0.8802395209580839,"167":0.8862275449101796,"117":0.8922155688622755,"126":0.8982035928143712,