{"name":"pagerank","alpha":0.85,"weight":"value","num_of_nodes":186,"num_of_edges":579,"process_time":0.030132055282592773,"data":{"0":0.2763810636361323,"1":0.15657126332173799,"2":0.5481976960725786,"3":0.35559259115077757,"4":0.36696063885730673,"5":0.32655650236352984,"6":0.14062774089020258,"7":0.31032382593942753,"8":0.11425942508231877,"9":0.13696522828427585,"10":0.1584716955172142,"11":0.36127431819809835,"12":0.3478341991057889,"13":0.551252912869963,"14":0.3478341991057889,"15":0.32534317892625825,"16":0.2748510968521944,"17":0.49834983369562846,"18":0.15230835260260045,"19":0.1541756179305639,"20":0.5082895572126226,"21":0.3231892255476242,"22":0.15657126332173799,"23":0.16666784653943756,"24":0.44855081067461683,"25":0.571690370101612,"26":0.324507762986284,"27":0.7443830788086863,"28":0.5066551387021873,"29":0.2898829641507045,"30":0.630984097000595,"31":0.521049662508867,"32":0.13549528030768865,"33":0.48923324737574125,"34":0.3013169504970418,"35":0.16008430482349748,"36":0.4549170160661411,"37":0.16983329227093963,"38":0.32655650236352984,"39":0.27675600799655403,"40":0.1513052722163251,"41":0.34784494007156264,"42":0.494782563868449,"43":0.16983329227093963,"44":0.33333019522090623,"45":0.36127431819809835,"46":0.14621250543220524,"47":0.1657556224528231,"48":0.7487132033857001,"49":0.35703177934331953,"50":0.17110323074868686,"51":0.15386636239123463,"52":0.5448635829083603,"53":0.35592577161046884,"54":0.3454430219991765,"55":0.36696063885730673,"56":0.15657126332173799,"57":0.32842266670007797,"58":0.17527365985095136,"59":0.5413757557340397,"60":0.3155416411810387,"61":0.3245077629862842,"62":0.3043868378063673,"63":0.5980158078934164,"64":0.12576600379464722,"65":0.5636214891310792,"66":0.2853257653962002,"67":0.24153710519765872,"68":0.3934055484581686,"69":0.3166092591324807,"70":0.2815762790712509,"71":0.5636214891310792,"72":0.12576600379464722,"73":0.48528654135941657,"74":0.26014335144851375,"75":0.2626010137041144,"76":0.4735006326119008,"77":0.3043868378063673,"78":0.11614182592488888,"79":0.6064645477989086,"80":0.2926831700604158,"81":0.4698817798869022,"82":0.6488909393444607,"83":0.39624773673142266,"84":0.08854583136231536,"85":0.48628211613925126,"86":0.10382035688121967,"87":0.6343156414520091,"88":0.5573854128144848,"89":0.4198299904836773,"90":0.43702812057946117,"91":0.4635775375551952,"92":0.004675255590779121,"93":0.08026366246956183,"94":0.4743600213263482,"95":0.22286880701537193,"96":0.09774051294121963,"97":0.10468914911601838,"98":0.6387647876563086,"99":0.30086500228989177,"100":0.03666597772184211,"101":0.37060671239715476,"102":0.25093390744663047,"103":0.251815934782738,"104":0.2847087586157461,"105":0.08084467849930754,"106":0.5767964241986719,"107":0.2671927867272404,"108":0.07626091609658275,"109":0.12045296984540561,"110":0.4914456308173,"111":0.21485642912877936,"112":0.12576600379464745,"113":0.6403151473109908,"114":0.0,"115":0.12401881977119855,"116":0.21842875935223205,"117":0.35140891807442226,"118":0.23610966916771214,"119":0.6311853429773251,"120":0.25296169336297875,"121":0.12045296984540561,"122":0.2531517270442835,"123":0.2267619131234752,"124":0.2698448970367474,"125":0.11948178493266605,"126":0.13559515515542417,"127":0.08270988820143797,"128":0.2564620725680502,"129":0.528786492498741,"130":0.15935287578380572,"131":0.4278959047816615,"132":0.2358904025937475,"133":0.5238354371303934,"134":0.08403192169891605,"135":0.3017373544504846,"136":0.544823850637379,"137":0.11457598781174581,"138":0.18904282242868678,"139":0.08962057350521646,"140":0.08760657791682755,"141":0.5416436581934161,"142":0.5166673162056213,"143":0.18503198567389642,"144":0.06807225367372069,"145":0.05354226871579281,"146":0.21973854229430317,"147":0.35791571395233174,"148":0.44387723763760006,"149":0.23503211262560747,"150":0.08073406352088766,"151":0.44393300256150714,"152":0.05685077524544393,"153":0.08984029219372561,"154":0.3221244533987804,"155":0.3279438630094191,"156":0.2707187669405713,"157":0.22600435263752217,"158":0.4225539363850773,"159":0.08671232616410207,"160":0.32104381927150466,"161":0.2707187669405713,"162":0.2605558673778453,"163":0.3735375906507445,"164":0.13455269884184595,"165":0.4052156790864882,"166":0.8203184860476084,"167":0.36412993451143233,"168":0.2581062736222536,"169":0.3124506794078449,"170":0.13538928956737675,"171":0.2574037283295664,"172":0.4407244401330838,"173":0.24176030282893346,"174":0.6999093941748643,"175":0.4225539363850773,"176":0.44291873091208944,"177":0.0892799233077244,"178":0.08032475994457162,"179":0.3193507231457593,"180":0.38098783002607767,"181":0.3013169504970418,"182":0.568599729224196,"183":0.809087052239373,"184":1.0,"185":0.44458968482586403},"ranked":{"114":0.0,"92":0.005405405405405406,"100":0.010810810810810811,"145":0.016216216216216217,"152":0.021621621621621623,"144":0.02702702702702703,"108":0.032432432432432434,"93":0.03783783783783784,"178":0.043243243243243246,"150":0.04864864864864865,"105":0.05405405405405406,"127":0.05945945945945946,"134":0.06486486486486487,"159":0.07027027027027027,"140":0.07567567567567568,"84":0.08108108108108109,"177":0.08648648648648649,"139":0.0918918918918919,"153":0.0972972972972973,"96":0.10270270270270271,"86":0.10810810810810811,"97":0.11351351351351352,"8":0.11891891891891893,"137":0.12432432432432433,"78":0.12972972972972974,"125":0.13513513513513514,"109":0.14054054054054055,"121":0.14594594594594595,"115":0.15135135135135136,"64":0.15675675675675677,"72":0.16216216216216217,"112":0.16756756756756758,"164":0.17297297297297298,"170":0.1783783783783784,"32":0.1837837837837838,"126":0.1891891891891892,"9":0.1945945945945946,"6":0.2,"46":0.20540540540540542,"40":0.21081081081081082,"18":0.21621621621621623,"51":0.22162162162162163,"19":0.22702702702702704,"1":0.23243243243243245,"22":0.23783783783783785,"56":0.24324324324324326,"10":0.24864864864864866,"130":0.25405405405405407,"35":0.2594594594594595,"47":0.2648648648648649,"23":0.2702702702702703,"37":0.2756756756756757,"43":0.2810810810810811,"50":0.2864864864864865,"58":0.2918918918918919,"143":0.2972972972972973,"138":0.3027027027027027,"111":0.3081081081081081,"116":0.31351351351351353,"146":0.31891891891891894,"95":0.32432432432432434,"157":0.32972972972972975,"123":0.33513513513513515,"149":0.34054054054054056,"132":0.34594594594594597,"118":0.35135135135135137,"67":0.3567567567567568,"173":0.3621621621621622,"102":0.3675675675675676,"103":0.372972972972973,"120":0.3783783783783784,"122":0.3837837837837838,"128":0.3891891891891892,"171":0.3945945945945946,"168":0.4,"74":0.40540540540540543,"162":0.41081081081081083,"75":0.41621621621621624,"107":0.42162162162162165,"124":0.42702702702702705,"156":0.43243243243243246,"161":0.43783783783783786,"16":0.44324324324324327,"0":0.4486486486486487,"39":0.4540540540540541,"70":0.4594594594594595,"104":0.4648648648648649,"66":0.4702702702702703,"29":0.4756756756756757,"80":0.4810810810810811,"99":0.4864864864864865,"34":0.4918918918918919,"181":0.4972972972972973,"135":0.5027027027027027,"62":0.5081081081081081,"77":0.5135135135135135,"7":0.518918918918919,"169":0.5243243243243243,"60":0.5297297297297298,"69":0.5351351351351351,"179":0.5405405405405406,"160":0.5459459459459459,"154":0.5513513513513514,"21":0.5567567567567567,"26":0.5621621621621622,"61":0.5675675675675675,"15":0.572972972972973,"5":0.5783783783783784,"38":0.5837837837837838,"155":0.5891891891891892,"57":0.5945945945945946,"44":0.6,"54":0.6054054054054054,"12":0.6108108108108108,"14":0.6162162162162163,"41":0.6216216216216216,"117":0.6270270270270271,"3":0.6324324324324324,"53":0.6378378378378379,"49":0.6432432432432432,"147":0.6486486486486487,"11":0.654054054054054,"45":0.6594594594594595,"167":0.6648648648648648,"4":0.6702702702702703,"55":0.6756756756756757,"101":0.6810810810810811,"163":0.6864864864864865,"180":0.6918918918918919,"68":0.6972972972972973,"83":0.7027027027027027,"165":0.7081081081081081,"89":0.7135135135135136,