{"name":"fiedler","normalized":false,"weight":"value","num_of_nodes":114,"num_of_edges":357,"process_time":0.03345298767089844,"data":{"0":0.17533462976421194,"1":0.011142943229251205,"2":0.003749859328100242,"3":0.0487495326849788,"4":0.03202679500142917,"5":2.2675804576574275e-05,"6":0.022067814721214184,"7":0.09101841386746659,"8":0.0018838429044439847,"9":0.18265548756002517,"10":0.01490881210814195,"11":0.17549648997111614,"12":0.17647735578382515,"13":0.048860838682203415,"14":0.17460076389881948,"15":0.03193300047399214,"16":0.17549648997111614,"17":0.03883085854885701,"18":0.057123516379531177,"19":0.0389145901896717,"20":0.027917180793680593,"21":0.003885403869733865,"22":0.0,"23":0.032026795001429215,"24":0.1767463050085971,"25":0.029671041765249852,"26":0.1806647816857843,"27":0.000556847971411803,"28":0.024394304734435622,"29":0.17815305024975148,"30":0.176982032117098,"31":0.019623687130502943,"32":0.000556847971411803,"33":0.0487495326849788,"34":0.04015473665278027,"35":0.16459422351805336,"36":0.023224981575896225,"37":0.0389145901896717,"38":0.9669997012967346,"39":0.47750669806913415,"40":0.595917289106874,"41":0.9996527271670174,"42":0.6162807145145069,"43":0.43270551520708916,"44":0.3784040566404766,"45":0.4914681333476373,"46":0.4428945186754555,"47":0.9915806060728187,"48":0.9933789075396899,"49":0.4262261541127676,"50":0.9558290960348804,"51":0.9769489440756052,"52":0.9522035335975253,"53":0.6142304897557347,"54":0.4202704437540466,"55":0.8961626060927862,"56":1.0,"57":0.9522035335975253,"58":0.3387071971848274,"59":0.6224083185210151,"60":0.6539172558352532,"61":0.31880787058312976,"62":0.9741054474804026,"63":0.4037060490714629,"64":0.6162807145145069,"65":0.41410153118975973,"66":0.9532614484055358,"67":0.6224083185210151,"68":0.9999999999999998,"69":0.9895047844428776,"70":0.20726466324666556,"71":0.5817032175766486,"72":0.18860413581423208,"73":0.9996527271670174,"74":0.43478583005043886,"75":0.3562179279723964,"76":0.2791385560424653,"77":0.0530847909985656,"78":0.0546126107172727,"79":0.06982025503439789,"80":0.09933407455745298,"81":0.18860413581423208,"82":0.2440044392916012,"83":0.17651160550898307,"84":0.06332544167103257,"85":0.06716590992137744,"86":0.15861487809415117,"87":0.21593868901675234,"88":0.18470497147497186,"89":0.08025535154760707,"90":0.053723763727461744,"91":0.0778100925435343,"92":0.22253460994217553,"93":0.3130407664715043,"94":0.07303161698279993,"95":0.9757152952311169,"96":0.19064829377876594,"97":0.16482391857433518,"98":0.3410936556452065,"99":0.048344502264139014,"100":0.07523296128751723,"101":0.18635711900531937,"102":0.38339496896991193,"103":0.055574848606035225,"104":0.3902805040397294,"105":0.14059695391520644,"106":0.1269790169845516,"107":0.0546126107172727,"108":0.048344502264139014,"109":0.16482391857433518,"110":0.09933407455745298,"111":0.050025263389010734,"112":0.14092749522837292,"113":0.05711916897076518},"ranked":{"22":0.0,"5":0.008849557522123894,"27":0.017699115044247787,"32":0.02654867256637168,"8":0.035398230088495575,"2":0.04424778761061947,"21":0.05309734513274336,"1":0.061946902654867256,"10":0.07079646017699115,"31":0.07964601769911504,"6":0.08849557522123894,"36":0.09734513274336283,"28":0.10619469026548672,"20":0.11504424778761062,"25":0.12389380530973451,"15":0.13274336283185842,"4":0.1415929203539823,"23":0.1504424778761062,"17":0.1592920353982301,"19":0.168141592920354,"37":0.17699115044247787,"34":0.18584070796460178,"99":0.19469026548672566,"108":0.20353982300884957,"3":0.21238938053097345,"33":0.22123893805309736,"13":0.23008849557522124,"111":0.23893805309734514,"77":0.24778761061946902,"90":0.25663716814159293,"78":0.26548672566371684,"107":0.2743362831858407,"103":0.2831858407079646,"113":0.2920353982300885,"18":0.3008849557522124,"84":0.30973451327433627,"85":0.3185840707964602,"79":0.3274336283185841,"94":0.336283185840708,"100":0.34513274336283184,"91":0.35398230088495575,"89":0.36283185840707965,"7":0.37168141592920356,"80":0.3805309734513274,"110":0.3893805309734513,"106":0.39823008849557523,"105":0.40707964601769914,"112":0.415929203539823,"86":0.4247787610619469,"35":0.4336283185840708,"97":0.4424778761061947,"109":0.45132743362831856,"14":0.46017699115044247,"0":0.4690265486725664,"11":0.4778761061946903,"16":0.48672566371681414,"12":0.49557522123893805,"83":0.504424778761062,"24":0.5132743362831859,"30":0.5221238938053098,"29":0.5309734513274337,"26":0.5398230088495575,"9":0.5486725663716814,"88":0.5575221238938053,"101":0.5663716814159292,"72":0.5752212389380531,"81":0.584070796460177,"96":0.5929203539823009,"70":0.6017699115044248,"87":0.6106194690265486,"92":0.6194690265486725,"82":0.6283185840707964,"76":0.6371681415929203,"93":0.6460176991150443,"61":0.6548672566371682,"58":0.6637168141592921,"98":0.672566371681416,"75":0.6814159292035398,"44":0.6902654867256637,"102":0.6991150442477876,"104":0.7079646017699115,"63":0.7168141592920354,"65":0.7256637168141593,"54":0.7345132743362832,"49":0.7433628318584071,"43":0.7522123893805309,"74":0.7610619469026548,"46":0.7699115044247787,"39":0.7787610619469026,"45":0.7876106194690266,"71":0.7964601769911505,"40":0.8053097345132744,"53":0.8141592920353983,"64":0.8230088495575221,"42":0.831858407079646,"67":0.8407079646017699,"59":0.8495575221238938,"60":0.8584070796460177,"55":0.8672566371681416,"52":0.8761061946902655,"57":0.8849557522123894,"66":0.8938053097345132,"50":0.9026548672566371,"38":0.911504424778761,"62":0.9203539823008849,"95":0.9292035398230089,"51":0.9380530973451328,"69":0.9469026548672567,"47":0.9557522123893806,"48":0.9646017699115044,"41":0.9734513274336283,"73":0.9823008849557522,"68":0.9911504424778761,"56":1.0}}