{"name":"agd","num_of_nodes":153,"num_of_edges":300,"weight":"value","process_time":0.03241705894470215,"data":{"0":0.5994397759103642,"1":0.638655462184874,"2":0.8655462184873949,"3":0.6246498599439776,"4":0.5490196078431372,"5":0.9635854341736696,"6":0.5126050420168068,"7":0.4817927170868347,"8":0.7450980392156863,"9":0.31932773109243706,"10":0.6218487394957983,"11":0.8347338935574229,"12":0.5266106442577032,"13":0.5686274509803921,"14":0.3529411764705883,"15":0.27450980392156865,"16":0.711484593837535,"17":0.4369747899159664,"18":0.8319327731092437,"19":1.0,"20":0.3697478991596639,"21":0.48459383753501406,"22":0.7030812324929971,"23":0.4369747899159664,"24":0.2773109243697479,"25":0.4425770308123249,"26":0.3165266106442577,"27":1.0,"28":0.3725490196078432,"29":0.5518207282913166,"30":0.5406162464985994,"31":0.8291316526610644,"32":0.40336134453781514,"33":0.7282913165266106,"34":0.8655462184873949,"35":0.7394957983193278,"36":0.35854341736694684,"37":0.2801120448179272,"38":0.43977591036414576,"39":0.5210084033613445,"40":0.9635854341736696,"41":0.29411764705882354,"42":0.28291316526610644,"43":0.4425770308123249,"44":0.473389355742297,"45":0.8291316526610644,"46":0.5686274509803921,"47":0.2773109243697479,"48":0.288515406162465,"49":0.48459383753501406,"50":0.3977591036414566,"51":0.22408963585434175,"52":0.13725490196078433,"53":0.21288515406162464,"54":0.32773109243697474,"55":0.21008403361344538,"56":0.12324929971988795,"57":0.23529411764705888,"58":0.1400560224089636,"59":0.019607843137254985,"60":0.08683473389355743,"61":0.0,"62":0.12885154061624657,"63":0.5406162464985994,"64":0.1764705882352941,"65":0.361344537815126,"66":0.05882352941176477,"67":0.10924369747899167,"68":0.15126050420168072,"69":0.29971988795518206,"70":0.31092436974789917,"71":0.4453781512605043,"72":0.3249299719887956,"73":0.3249299719887956,"74":0.002801120448179351,"75":0.1904761904761905,"76":0.1260504201680673,"77":0.15406162464985995,"78":0.43417366946778707,"79":0.1764705882352941,"80":0.1260504201680673,"81":0.43417366946778707,"82":0.1456582633053222,"83":0.10924369747899167,"84":0.2212885154061625,"85":0.13725490196078433,"86":0.23249299719887961,"87":0.3529411764705883,"88":0.03081232492997201,"89":0.32773109243697474,"90":0.20448179271708686,"91":0.014005602240896378,"92":0.10644257703081232,"93":0.0756302521008404,"94":0.3165266106442577,"95":0.06442577030812328,"96":0.4425770308123249,"97":0.09243697478991604,"98":0.7591036414565827,"99":0.411764705882353,"100":0.18767507002801123,"101":0.31932773109243706,"102":0.19327731092436976,"103":0.5966386554621849,"104":0.7282913165266106,"105":0.7282913165266106,"106":0.42857142857142855,"107":0.1820728291316527,"108":0.7282913165266106,"109":0.7170868347338936,"110":0.5910364145658263,"111":0.2605042016806723,"112":0.4677871148459383,"113":0.3697478991596639,"114":0.21008403361344538,"115":0.8431372549019608,"116":0.5014005602240896,"117":0.2773109243697479,"118":0.3473389355742298,"119":0.27450980392156865,"120":0.3333333333333334,"121":0.8431372549019608,"122":0.2913165266106443,"123":0.1960784313725491,"124":0.22408963585434175,"125":0.2773109243697479,"126":0.3529411764705883,"127":0.7142857142857142,"128":0.17366946778711487,"129":0.20728291316526612,"130":0.23529411764705888,"131":0.411764705882353,"132":0.5070028011204483,"133":0.6946778711484594,"134":0.17927170868347347,"135":0.4649859943977592,"136":0.31372549019607854,"137":0.42857142857142855,"138":0.6946778711484594,"139":0.39495798319327724,"140":0.411764705882353,"141":0.20448179271708686,"142":0.2212885154061625,"143":0.6050420168067228,"144":0.226890756302521,"145":0.35574229691876746,"146":0.2717086834733894,"147":0.6974789915966387,"148":0.8431372549019608,"149":0.5686274509803921,"150":0.21848739495798325,"151":0.2717086834733894,"152":0.1960784313725491},"ranked":{"61":0.0,"74":0.006578947368421052,"91":0.013157894736842105,"59":0.019736842105263157,"88":0.02631578947368421,"66":0.03289473684210526,"95":0.039473684210526314,"93":0.046052631578947366,"60":0.05263157894736842,"97":0.05921052631578947,"92":0.06578947368421052,"67":0.07236842105263158,"83":0.07894736842105263,"56":0.08552631578947369,"76":0.09210526315789473,"80":0.09868421052631579,"62":0.10526315789473684,"52":0.1118421052631579,"85":0.11842105263157894,"58":0.125,"82":0.13157894736842105,"68":0.13815789473684212,"77":0.14473684210526316,"128":0.1513157894736842,"64":0.15789473684210525,"79":0.16447368421052633,"134":0.17105263157894737,"107":0.17763157894736842,"100":0.18421052631578946,"75":0.19078947368421054,"102":0.19736842105263158,"123":0.20394736842105263,"152":0.21052631578947367,"90":0.21710526315789475,"141":0.2236842105263158,"129":0.23026315789473684,"55":0.23684210526315788,"114":0.24342105263157895,"53":0.25,"150":0.2565789473684211,"84":0.2631578947368421,"142":0.26973684210526316,"51":0.27631578947368424,"124":0.28289473684210525,"144":0.2894736842105263,"86":0.29605263157894735,"57":0.3026315789473684,"130":0.3092105263157895,"111":0.3157894736842105,"146":0.3223684210526316,"151":0.32894736842105265,"15":0.3355263157894737,"119":0.34210526315789475,"24":0.34868421052631576,"47":0.35526315789473684,"117":0.3618421052631579,"125":0.3684210526315789,"37":0.375,"42":0.3815789473684211,"48":0.3881578947368421,"122":0.39473684210526316,"41":0.40131578947368424,"69":0.40789473684210525,"70":0.4144736842105263,"136":0.42105263157894735,"26":0.4276315789473684,"94":0.4342105263157895,"9":0.4407894736842105,"101":0.4473684210526316,"72":0.45394736842105265,"73":0.4605263157894737,"54":0.46710526315789475,"89":0.47368421052631576,"120":0.48026315789473684,"118":0.4868421052631579,"14":0.4934210526315789,"87":0.5,"126":0.506578947368421,"145":0.5131578947368421,"36":0.5197368421052632,"65":0.5263157894736842,"20":0.5328947368421053,"113":0.5394736842105263,"28":0.5460526315789473,"139":0.5526315789473685,"50":0.5592105263157895,"32":0.5657894736842105,"99":0.5723684210526315,"131":0.5789473684210527,"140":0.5855263157894737,"106":0.5921052631578947,"137":0.5986842105263158,"78":0.6052631578947368,"81":0.6118421052631579,"17":0.618421052631579,"23":0.625,"38":0.631578947368421,"25":0.6381578947368421,"43":0.6447368421052632,"96":0.6513157894736842,"71":0.6578947368421053,"135":0.6644736842105263,"112":0.6710526315789473,"44":0.6776315789473685,"7":0.6842105263157895,"21":0.6907894736842105,"49":0.6973684210526315,"116":0.7039473684210527,"132":0.7105263157894737,"6":0.7171052631578947,"39":0.7236842105263158,"12":0.7302631578947368,"30":0.7368421052631579,"63":0.743421052631579,"4":0.75,"29":0.756578947368421,"13":0.7631578947368421,"46":0.7697368421052632,"149":0.7763157894736842,"110":0.7828947368421053,"103":0.7894736842105263,"0":0.7960526315789473,"143":0.8026315789473685,"10":0.8092105263157895,"3":0.8157894736842105,"1":0.8223684210526315,"133":0.8289473684210527,"138":0.8355263157894737,"147":0.8421052631578947,"22":0.8486842105263158,"16":0.8552631578947368,"127":0.8618421052631579,"109":0.868421052631579,"33":0.875,"104":0.881578947368421,"105":0.8881578947368421,"108":0.8947368421052632,"35":0.9013157894736842,"8":0.9078947368421053,"98":0.9144736842105263,"31":0.9210526315789473,"45":0.9276315789473685,"18":0.9342105263157895,"11":0.9407894736842105,"115":0.9473684210526315,"121":0.9539473684210527,"148":0.9605263157894737,"2":0.9671052631578947,"34":0.9736842105263158,"5":0.9802631578947368,"40":0.9868421052631579,"19":0.993421052631579,"27":1.0}}