{"name":"pagerank","alpha":0.85,"weight":"value","num_of_nodes":192,"num_of_edges":607,"process_time":0.03792214393615723,"data":{"0":0.13974065437450212,"1":0.2124553013616446,"2":0.3870546297185857,"3":0.2150445109173932,"4":0.40126118187869203,"5":0.6889238986155487,"6":0.381938161196199,"7":0.14787556220129072,"8":0.1913992514556627,"9":0.30599378109813274,"10":0.4369704964158419,"11":0.18008942882112497,"12":0.17662107668937554,"13":0.9063051508261544,"14":0.4489676120984842,"15":0.4491097487880879,"16":0.20588678102497665,"17":0.3506957046556606,"18":0.6976096876716948,"19":0.38394369482705576,"20":0.3949863837084787,"21":0.2392880735577801,"22":0.0559969890456901,"23":0.37732504129233335,"24":0.5450788079357562,"25":0.08396570136715048,"26":0.5499375969786874,"27":0.15077409381102733,"28":0.05875996435041381,"29":0.13974065437450212,"30":0.1063186899755093,"31":0.09823594347831872,"32":0.3892251183494151,"33":0.2580704333829792,"34":0.24886027334951952,"35":0.349761635434014,"36":0.5590392931895394,"37":0.4203726706487822,"38":0.26806546177348206,"39":0.40633123078742495,"40":0.47219040429964415,"41":0.7534766278045082,"42":0.39752229787587023,"43":0.2473372724737001,"44":0.059320222799359036,"45":0.16778966240095136,"46":0.2692281317789621,"47":0.06035198035656258,"48":0.07284533173497758,"49":0.21838970684828618,"50":0.2377820915671344,"51":0.17922351381470053,"52":0.11631762066131775,"53":0.20462426890042384,"54":0.07284533173497758,"55":0.11873370868317934,"56":0.22450299844333518,"57":0.3938724760195564,"58":0.5437159613280841,"59":0.1764797151212597,"60":0.37413940383238353,"61":0.2082724238581171,"62":0.17662107668937554,"63":0.27433168011345066,"64":0.19885043923355725,"65":0.5034979209949874,"66":0.16360496561321522,"67":0.14065469395980654,"68":0.8882661700228157,"69":0.04335015297750302,"70":0.3368730687860731,"71":0.349737126157538,"72":0.0216494731534647,"73":0.5212112913250571,"74":0.14065469395980654,"75":0.17497290661361223,"76":0.515247819113692,"77":0.2443009715940521,"78":0.349737126157538,"79":0.3305933361785182,"80":0.0585920603170375,"81":0.43815368978296826,"82":0.14065469395980654,"83":0.3264310681583677,"84":0.218486954880214,"85":0.3526098729452059,"86":0.05469942681403148,"87":0.19044776126157248,"88":0.6619080878984637,"89":0.33239913477809313,"90":0.01462536631131028,"91":0.25997723861260674,"92":0.14065469395980654,"93":0.15346707065411386,"94":0.2443009715940521,"95":0.09381611768456109,"96":0.0,"97":0.32914597556633673,"98":0.07274646484411251,"99":0.2336882956231949,"100":1.0,"101":0.3212450350805185,"102":0.6593648236916941,"103":0.36238903930875094,"104":0.4863877805223833,"105":0.16088956234501564,"106":0.5211981665017785,"107":0.19825172799204616,"108":0.071779596965544,"109":0.05859206031703772,"110":0.23116020412616117,"111":0.012754759297306626,"112":0.04987735160235066,"113":0.4846241809964884,"114":0.17853408596961015,"115":0.3292242427724598,"116":0.6456041489037997,"117":0.16621483520526747,"118":0.3568571246568109,"119":0.47781794648985454,"120":0.18922651936982007,"121":0.32608055099500793,"122":0.17920997626244237,"123":0.18443235755945814,"124":0.3603609451205165,"125":0.39533593135994644,"126":0.32795967155900474,"127":0.8544512508997666,"128":0.3054123163386742,"129":0.4928465839437093,"130":0.11032017357478323,"131":0.24643958585698175,"132":0.11101139129476356,"133":0.19172072358029352,"134":0.1293893241954097,"135":0.11888979739728615,"136":0.5113013594347372,"137":0.09774336901191233,"138":0.46864800310343124,"139":0.6795586523438425,"140":0.2967802779446858,"141":0.13452540254194859,"142":0.10338312919401621,"143":0.2521503229230501,"144":0.2635091831109964,"145":0.28859926632143906,"146":0.32178935642512985,"147":0.12261583704339961,"148":0.23972014997859292,"149":0.3877112756855182,"150":0.8641407705307202,"151":0.46572881147784123,"152":0.6268473067367704,"153":0.09171867326902385,"154":0.2526927656924859,"155":0.11855983887838893,"156":0.06778060056605112,"157":0.01237277427723471,"158":0.2179892948254574,"159":0.4262076999087652,"160":0.5035696358058918,"161":0.11484827443294499,"162":0.21324451444991982,"163":0.3071428806748888,"164":0.21324451444991982,"165":0.6061791873082538,"166":0.4354085633600066,"167":0.19866401672323367,"168":0.08120699455901062,"169":0.257709659825682,"170":0.1068976537736082,"171":0.2291168848704909,"172":0.1778986865387773,"173":0.2848047786173972,"174":0.47007647226592153,"175":0.351020879192087,"176":0.26080838060795847,"177":0.021321297797978037,"178":0.23126958553891702,"179":0.129975051081035,"180":0.47124968309202964,"181":0.5007983473175501,"182":0.46701939686551314,"183":0.13238743804143546,"184":0.6655826621737485,"185":0.026474386935355268,"186":0.2291168848704909,"187":0.31491827744361445,"188":0.12555166986929758,"189":0.32178935642512985,"190":0.01405453365321505,"191":0.40911201438756906},"ranked":{"96":0.0,"157":0.005235602094240838,"111":0.010471204188481676,"190":0.015706806282722512,"90":0.020942408376963352,"177":0.02617801047120419,"72":0.031413612565445025,"185":0.03664921465968586,"69":0.041884816753926704,"112":0.04712041884816754,"86":0.05235602094240838,"22":0.05759162303664921,"80":0.06282722513089005,"109":0.06806282722513089,"28":0.07329842931937172,"44":0.07853403141361257,"47":0.08376963350785341,"156":0.08900523560209424,"108":0.09424083769633508,"98":0.09947643979057591,"48":0.10471204188481675,"54":0.1099476439790576,"168":0.11518324607329843,"25":0.12041884816753927,"153":0.1256544502617801,"95":0.13089005235602094,"137":0.13612565445026178,"31":0.14136125654450263,"142":0.14659685863874344,"30":0.1518324607329843,"170":0.15706806282722513,"130":0.16230366492146597,"132":0.16753926701570682,"161":0.17277486910994763,"52":0.17801047120418848,"155":0.18324607329842932,"55":0.18848167539267016,"135":0.193717277486911,"147":0.19895287958115182,"188":0.20418848167539266,"134":0.2094240837696335,"179":0.21465968586387435,"183":0.2198952879581152,"141":0.225130890052356,"0":0.23036649214659685,"29":0.2356020942408377,"67":0.24083769633507854,"74":0.24607329842931938,"82":0.2513089005235602,"92":0.25654450261780104,"7":0.2617801047120419,"27":0.2670157068062827,"93":0.27225130890052357,"105":0.2774869109947644,"66":0.28272251308900526,"117":0.2879581151832461,"45":0.2931937172774869,"75":0.29842931937172773,"59":0.3036649214659686,"12":0.3089005235602094,"62":0.31413612565445026,"172":0.3193717277486911,"114":0.32460732984293195,"122":0.3298429319371728,"51":0.33507853403141363,"11":0.3403141361256545,"123":0.34554973821989526,"120":0.3507853403141361,"87":0.35602094240837695,"8":0.3612565445026178,"133":0.36649214659685864,"107":0.3717277486910995,"167":0.3769633507853403,"64":0.38219895287958117,"53":0.387434554973822,"16":0.39267015706806285,"61":0.39790575916230364,"1":0.4031413612565445,"162":0.4083769633507853,"164":0.41361256544502617,"3":0.418848167539267,"158":0.42408376963350786,"49":0.4293193717277487,"84":0.43455497382198954,"56":0.4397905759162304,"171":0.44502617801047123,"186":0.450261780104712,"110":0.45549738219895286,"178":0.4607329842931937,"99":0.46596858638743455,"50":0.4712041884816754,"21":0.47643979057591623,"148":0.4816753926701571,"77":0.4869109947643979,"94":0.49214659685863876,"131":0.4973821989528796,"43":0.5026178010471204,"34":0.5078534031413613,"143":0.5130890052356021,"154":0.518324607329843,"169":0.5235602094240838,"33":0.5287958115183246,"91":0.5340314136125655,"176":0.5392670157068062,"144":0.5445026178010471,"38":0.5497382198952879,"46":0.5549738219895288,"63":0.5602094240837696,"173":0.5654450261780105,"145":0.5706806282722513,"140":0.5759162303664922,"128":0.581151832460733,"9":0.5863874345549738,"163":0.5916230366492147,"187":0.5968586387434555,"101":0.6020942408376964,"146":0.6073298429319371,"189":0.612565445026178,"121":0.6178010471204188,"83":0.6230366492146597,"126":0.6282722513089005,"97":0.6335078534031413,"115":0.6387434554973822,"79":0.643979057591623,"89":0.6492146596858639,