{"name":"pagerank","alpha":0.85,"weight":"value","num_of_nodes":102,"num_of_edges":312,"process_time":0.0344700813293457,"data":{"0":0.2754608754118232,"1":0.34660372497451714,"2":0.34188368741073244,"3":0.6228249750635902,"4":0.031472561137861,"5":0.28540194434871213,"6":0.09862058135864857,"7":0.34524629976002574,"8":0.34660372497451747,"9":0.28444434921664,"10":0.13909603488244393,"11":0.15754580143058647,"12":0.2768523364977135,"13":0.7638257172726416,"14":0.530298849787147,"15":0.28540194434871213,"16":0.1508692357015529,"17":0.15291547486084756,"18":0.13069404997361686,"19":0.6196862042236627,"20":0.13909603488244393,"21":0.32580946377454345,"22":0.15754580143058647,"23":0.736044407873977,"24":0.15291547486084756,"25":0.6791100490672863,"26":0.5731176322176934,"27":0.0862385153980457,"28":0.6577585861160277,"29":0.7940799458749082,"30":0.667281351503153,"31":0.5184952318033761,"32":0.053984620283187554,"33":0.10875591305506901,"34":0.13864705731753785,"35":0.12992757036328656,"36":0.8268212148001873,"37":0.3383773027715532,"38":0.34196845613235083,"39":0.5979817220169971,"40":0.368752961518849,"41":0.33343659390501257,"42":0.6131340152073174,"43":0.32886345221708063,"44":0.12540179427829154,"45":0.13910665527665098,"46":0.3471679499563393,"47":0.8520448847087546,"48":0.33795453417561483,"49":0.15244540567531126,"50":0.34944964711628757,"51":0.3382061567416522,"52":0.08138100442564464,"53":0.3376497105410933,"54":0.5850852686820184,"55":0.3361679657469752,"56":0.13680874809257168,"57":0.148336275189613,"58":0.3259735402757403,"59":0.09249543968337852,"60":0.1334316398431265,"61":0.5706811540866076,"62":0.3706857287905145,"63":0.0847681385766423,"64":0.3259735402757403,"65":0.05855308914217806,"66":0.5952996073021428,"67":0.0759000477144249,"68":0.24813043320472572,"69":0.4683007009988083,"70":0.010985270046322809,"71":0.9123047916698831,"72":0.681198986688818,"73":0.003954172070632025,"74":0.06579308882489876,"75":0.2872227401322961,"76":1.0,"77":0.4579058612618494,"78":0.0,"79":0.25885820270098675,"80":0.2942199860581873,"81":0.020998785400394585,"82":0.46520126099605047,"83":0.6946028818965893,"84":0.06921739976943136,"85":0.2276853579975928,"86":0.9450336728992397,"87":0.4735587383992533,"88":0.7451551266123985,"89":0.23318420666643333,"90":0.003998219659205129,"91":0.4748749599640338,"92":0.06921739976943136,"93":0.03815954174611474,"94":0.22872028711084183,"95":0.7418368830562091,"96":0.25895931051139226,"97":0.9332663709987524,"98":0.23559092638978324,"99":0.01127681978102459,"100":0.508138321881787,"101":0.025513745466139333},"ranked":{"78":0.0,"73":0.009900990099009901,"90":0.019801980198019802,"70":0.0297029702970297,"99":0.039603960396039604,"81":0.04950495049504951,"101":0.0594059405940594,"4":0.06930693069306931,"93":0.07920792079207921,"32":0.0891089108910891,"65":0.09900990099009901,"74":0.10891089108910891,"84":0.1188118811881188,"92":0.12871287128712872,"67":0.13861386138613863,"52":0.1485148514851485,"63":0.15841584158415842,"27":0.16831683168316833,"59":0.1782178217821782,"6":0.18811881188118812,"33":0.19801980198019803,"44":0.2079207920792079,"35":0.21782178217821782,"18":0.22772277227722773,"60":0.2376237623762376,"56":0.24752475247524752,"34":0.25742574257425743,"10":0.26732673267326734,"20":0.27722772277227725,"45":0.2871287128712871,"57":0.297029702970297,"16":0.3069306930693069,"49":0.31683168316831684,"17":0.32673267326732675,"24":0.33663366336633666,"11":0.3465346534653465,"22":0.3564356435643564,"85":0.36633663366336633,"94":0.37623762376237624,"89":0.38613861386138615,"98":0.39603960396039606,"68":0.40594059405940597,"79":0.4158415841584158,"96":0.42574257425742573,"0":0.43564356435643564,"12":0.44554455445544555,"9":0.45544554455445546,"5":0.46534653465346537,"15":0.4752475247524752,"75":0.48514851485148514,"80":0.49504950495049505,"21":0.504950495049505,"58":0.5148514851485149,"64":0.5247524752475248,"43":0.5346534653465347,"41":0.5445544554455446,"55":0.5544554455445545,"53":0.5643564356435643,"48":0.5742574257425742,"51":0.5841584158415841,"37":0.594059405940594,"2":0.6039603960396039,"38":0.6138613861386139,"7":0.6237623762376238,"1":0.6336633663366337,"8":0.6435643564356436,"46":0.6534653465346535,"50":0.6633663366336634,"40":0.6732673267326733,"62":0.6831683168316832,"77":0.693069306930693,"82":0.7029702970297029,"69":0.7128712871287128,"87":0.7227722772277227,"91":0.7326732673267327,"100":0.7425742574257426,"31":0.7524752475247525,"14":0.7623762376237624,"61":0.7722772277227723,"26":0.7821782178217822,"54":0.7920792079207921,"66":0.801980198019802,"39":0.8118811881188119,"42":0.8217821782178217,"19":0.8316831683168316,"3":0.8415841584158416,"28":0.8514851485148515,"30":0.8613861386138614,"25":0.8712871287128713,"72":0.8811881188118812,"83":0.8910891089108911,"23":0.900990099009901,"95":0.9108910891089109,"88":0.9207920792079208,"13":0.9306930693069307,"29":0.9405940594059405,"36":0.9504950495049505,"47":0.9603960396039604,"71":0.9702970297029703,"97":0.9801980198019802,"86":0.9900990099009901,"76":1.0}}