{"name":"fiedler","normalized":false,"weight":"value","num_of_nodes":132,"num_of_edges":416,"process_time":0.05889606475830078,"data":{"0":0.005413320203992353,"1":0.23033774788370998,"2":0.02717598759650292,"3":0.07088113859051995,"4":0.0747252081586459,"5":0.24166669992532674,"6":0.2286163900506341,"7":0.1683558344965448,"8":0.2286163900506341,"9":0.001964605671585926,"10":0.0,"11":0.08711121562423617,"12":0.13120203115445447,"13":0.22800810410181174,"14":0.013709685859236678,"15":0.07616702641227915,"16":0.1401310020315197,"17":0.0020980752332402704,"18":0.0811756385322615,"19":0.13387687948935142,"20":0.08711121562423622,"21":0.05174898594780278,"22":0.09381276145878817,"23":0.008994731732002595,"24":0.0044291805012709965,"25":0.08708671447707163,"26":0.0883584319260289,"27":0.02717598759650292,"28":0.0012336527259230255,"29":0.05831766663189673,"30":0.18648250560599638,"31":0.23286121624500428,"32":0.0012336527259230775,"33":0.0022735138844056594,"34":0.10160060731951262,"35":0.02317687510038415,"36":0.018464880324892102,"37":0.18951456328706426,"38":0.07877250906296104,"39":0.07950081819115265,"40":0.2150577720612954,"41":0.03299526113451056,"42":0.22761842336559643,"43":0.17138789215050396,"44":0.9934062395418876,"45":0.9188414909292261,"46":1.0,"47":0.9954369207932328,"48":0.8942905746312266,"49":0.9456224965295457,"50":0.8801759147843324,"51":0.4541967102673169,"52":0.554589373985818,"53":0.9764352764636076,"54":0.7481713116791726,"55":0.919431811823995,"56":0.997818574715676,"57":0.7927593510342844,"58":0.8247208114066155,"59":0.9984508648483481,"60":0.9954369207932325,"61":0.9999999999999998,"62":0.9547198986334304,"63":0.9357210245142171,"64":0.44114285221550803,"65":0.49631964623661334,"66":0.7629072785446774,"67":0.9271205245611857,"68":0.7927593510342844,"69":0.543886056604303,"70":0.8268701634701192,"71":0.9349346470666444,"72":0.4324962169811318,"73":0.9891896084366193,"74":0.36893877478597004,"75":0.5462392893676906,"76":0.9323328503689329,"77":0.950725594814731,"78":0.8907724145755519,"79":0.9411068567903845,"80":0.5844414464793043,"81":0.8987915870890594,"82":0.905591664140788,"83":0.9437854506566522,"84":0.9099328863029305,"85":0.946685113547103,"86":0.5603077145116501,"87":0.5348633403174564,"88":0.33735937965787305,"89":0.2600630230705439,"90":0.4199195193305102,"91":0.33477727080210046,"92":0.26074116596686214,"93":0.3302164593800536,"94":0.273458115624101,"95":0.30881221464187203,"96":0.2872712458753026,"97":0.3166908469104062,"98":0.27411964013109774,"99":0.29486214187923554,"100":0.41261395003551,"101":0.2769752800458353,"102":0.25969860281435525,"103":0.28415441374295836,"104":0.3354021898190708,"105":0.27486621623386837,"106":0.41204162670109995,"107":0.3289585277753752,"108":0.2622416511488512,"109":0.26547347745633376,"110":0.29486214187923554,"111":0.27773090069044476,"112":0.29486214187923554,"113":0.4554781025255294,"114":0.32777920933969323,"115":0.324194225253001,"116":0.27166998327611563,"117":0.2600630230705439,"118":0.328045823460646,"119":0.2817521662897573,"120":0.396828459609138,"121":0.27680290218413844,"122":0.2600630230705439,"123":0.2986548731268412,"124":0.26074116596686214,"125":0.27754805649440745,"126":0.27468305667301945,"127":0.3256520710393248,"128":0.27323858990204086,"129":0.30107704050788836,"130":0.27815017361978006,"131":0.4162240749350185},"ranked":{"10":0.0,"28":0.007633587786259542,"32":0.015267175572519083,"9":0.022900763358778626,"17":0.030534351145038167,"33":0.03816793893129771,"24":0.04580152671755725,"0":0.05343511450381679,"23":0.061068702290076333,"14":0.06870229007633588,"36":0.07633587786259542,"35":0.08396946564885496,"2":0.0916030534351145,"27":0.09923664122137404,"41":0.10687022900763359,"21":0.11450381679389313,"29":0.12213740458015267,"3":0.1297709923664122,"4":0.13740458015267176,"15":0.1450381679389313,"38":0.15267175572519084,"39":0.16030534351145037,"18":0.16793893129770993,"25":0.17557251908396945,"11":0.183206106870229,"20":0.19083969465648856,"26":0.1984732824427481,"22":0.20610687022900764,"34":0.21374045801526717,"12":0.22137404580152673,"19":0.22900763358778625,"16":0.2366412213740458,"7":0.24427480916030533,"43":0.25190839694656486,"30":0.2595419847328244,"37":0.26717557251908397,"40":0.2748091603053435,"42":0.2824427480916031,"13":0.2900763358778626,"6":0.29770992366412213,"8":0.3053435114503817,"1":0.31297709923664124,"31":0.32061068702290074,"5":0.3282442748091603,"102":0.33587786259541985,"117":0.3435114503816794,"89":0.3511450381679389,"122":0.35877862595419846,"92":0.366412213740458,"124":0.37404580152671757,"108":0.3816793893129771,"109":0.3893129770992366,"116":0.3969465648854962,"128":0.40458015267175573,"94":0.4122137404580153,"98":0.4198473282442748,"126":0.42748091603053434,"105":0.4351145038167939,"121":0.44274809160305345,"101":0.45038167938931295,"125":0.4580152671755725,"111":0.46564885496183206,"130":0.4732824427480916,"119":0.48091603053435117,"103":0.48854961832061067,"96":0.4961832061068702,"99":0.5038167938931297,"110":0.5114503816793893,"112":0.5190839694656488,"123":0.5267175572519084,"129":0.5343511450381679,"95":0.5419847328244275,"97":0.549618320610687,"115":0.5572519083969466,"127":0.5648854961832062,"114":0.5725190839694656,"118":0.5801526717557252,"107":0.5877862595419847,"93":0.5954198473282443,"91":0.6030534351145038,"104":0.6106870229007634,"88":0.6183206106870229,"74":0.6259541984732825,"120":0.6335877862595419,"106":0.6412213740458015,"100":0.648854961832061,"131":0.6564885496183206,"90":0.6641221374045801,"72":0.6717557251908397,"64":0.6793893129770993,"51":0.6870229007633588,"113":0.6946564885496184,"65":0.7022900763358778,"87":0.7099236641221374,"69":0.7175572519083969,"75":0.7251908396946565,"52":0.732824427480916,"86":0.7404580152671756,"80":0.7480916030534351,"54":0.7557251908396947,"66":0.7633587786259542,"57":0.7709923664122137,"68":0.7786259541984732,"58":0.7862595419847328,"70":0.7938931297709924,"50":0.8015267175572519,"78":0.8091603053435115,"48":0.816793893129771,"81":0.8244274809160306,"82":0.8320610687022901,"84":0.8396946564885496,"45":0.8473282442748091,"55":0.8549618320610687,"67":0.8625954198473282,"76":0.8702290076335878,"71":0.8778625954198473,"63":0.8854961832061069,"79":0.8931297709923665,"83":0.9007633587786259,"49":0.9083969465648855,"85":0.916030534351145,"77":0.9236641221374046,"62":0.9312977099236641,"53":0.9389312977099237,"73":0.9465648854961832,"44":0.9541984732824428,"60":0.9618320610687023,"47":0.9694656488549618,"56":0.9770992366412213,"59":0.9847328244274809,"61":0.9923664122137404,"46":1.0}}