{"name":"pagerank","alpha":0.85,"weight":"value","num_of_nodes":114,"num_of_edges":354,"process_time":0.03819990158081055,"data":{"0":0.2542582104885811,"1":0.48571049771107444,"2":0.4540245501324383,"3":0.4117774029294238,"4":0.42458580958792375,"5":0.2859574363079751,"6":0.11084627153535877,"7":0.22401355717359145,"8":0.09923624917490832,"9":0.2533895437473107,"10":0.22503135175676856,"11":0.43068015211122057,"12":0.2156884652196298,"13":0.11084627153535877,"14":0.10129132435635199,"15":0.06876671206165481,"16":0.4313495682202291,"17":0.11084627153535877,"18":0.5758383242818754,"19":0.29569043544080514,"20":0.24631866263145086,"21":0.09483204976607287,"22":0.2791912684751316,"23":0.08312108459500257,"24":0.4227608148846527,"25":0.06252477123077609,"26":0.48378539174220153,"27":0.278179190163594,"28":0.3945849774339895,"29":0.2379527018581394,"30":0.2185434555124575,"31":0.10156752487382746,"32":0.4520629191047904,"33":0.07513227935330843,"34":0.41155982545333714,"35":0.41068834489532435,"36":0.24827003496847405,"37":0.615085512590763,"38":0.10609648267705164,"39":0.03854577309742813,"40":0.0,"41":0.4164396967591349,"42":0.06724817958647898,"43":0.09442606468847209,"44":0.7253231402786235,"45":0.26224598020593637,"46":0.5277402014374963,"47":0.06077329077523282,"48":0.24330070495315453,"49":0.23979220571607013,"50":0.1740724369904496,"51":0.46250231646383877,"52":0.6213375995407902,"53":0.38427018165655746,"54":0.4299543338873989,"55":0.24479296074140822,"56":0.09442606468847209,"57":0.19005960793130422,"58":0.5700953493467988,"59":0.04667484382526254,"60":0.03854577309742813,"61":0.2176701735106428,"62":0.194607143717179,"63":0.2750308488303445,"64":0.2750308488303445,"65":0.2176701735106428,"66":0.22125757589903272,"67":0.7123539504672406,"68":0.523194362254571,"69":0.23979220571607013,"70":0.2482817606361104,"71":0.4341690157972362,"72":0.2750308488303445,"73":0.3770173484966403,"74":0.2482817606361104,"75":0.044790050318867375,"76":0.5793081282611359,"77":0.2485019122780745,"78":0.258022634830543,"79":0.04345531150113843,"80":0.3587880218651809,"81":0.8984235191432463,"82":0.08863569761728948,"83":0.22057476617173363,"84":0.2574869646538511,"85":0.35528972558541244,"86":0.3006219575659069,"87":0.05963986149655248,"88":1.0,"89":0.07748619308944804,"90":0.22071421316805376,"91":0.24504937224666215,"92":0.07748619308944804,"93":0.2264819527906546,"94":0.02177224079424255,"95":0.08863569761728948,"96":0.02354405053665672,"97":1.0,"98":0.5355092042930354,"99":0.04161015403731901,"100":0.39536013000222364,"101":0.07748619308944804,"102":0.3960669930814802,"103":0.7162277728328118,"104":0.03710224936395347,"105":0.023544050536656976,"106":0.05963986149655248,"107":0.07138762338995677,"108":0.35907763550362,"109":0.22057476617173363,"110":0.24504937224666215,"111":0.06698874867168635,"112":0.07748619308944804,"113":0.39536013000222364},"ranked":{"40":0.0,"94":0.008849557522123894,"96":0.017699115044247787,"105":0.02654867256637168,"104":0.035398230088495575,"39":0.04424778761061947,"60":0.05309734513274336,"99":0.061946902654867256,"79":0.07079646017699115,"75":0.07964601769911504,"59":0.08849557522123894,"87":0.09734513274336283,"106":0.10619469026548672,"47":0.11504424778761062,"25":0.12389380530973451,"111":0.13274336283185842,"42":0.1415929203539823,"15":0.1504424778761062,"107":0.1592920353982301,"33":0.168141592920354,"89":0.17699115044247787,"92":0.18584070796460178,"101":0.19469026548672566,"112":0.20353982300884957,"23":0.21238938053097345,"82":0.22123893805309736,"95":0.23008849557522124,"43":0.23893805309734514,"56":0.24778761061946902,"21":0.25663716814159293,"8":0.26548672566371684,"14":0.2743362831858407,"31":0.2831858407079646,"38":0.2920353982300885,"6":0.3008849557522124,"13":0.30973451327433627,"17":0.3185840707964602,"50":0.3274336283185841,"57":0.336283185840708,"62":0.34513274336283184,"12":0.35398230088495575,"61":0.36283185840707965,"65":0.37168141592920356,"30":0.3805309734513274,"83":0.3893805309734513,"109":0.39823008849557523,"90":0.40707964601769914,"66":0.415929203539823,"7":0.4247787610619469,"10":0.4336283185840708,"93":0.4424778761061947,"29":0.45132743362831856,"49":0.46017699115044247,"69":0.4690265486725664,"48":0.4778761061946903,"55":0.48672566371681414,"91":0.49557522123893805,"110":0.504424778761062,"20":0.5132743362831859,"36":0.5221238938053098,"70":0.5309734513274337,"74":0.5398230088495575,"77":0.5486725663716814,"9":0.5575221238938053,"0":0.5663716814159292,"84":0.5752212389380531,"78":0.584070796460177,"45":0.5929203539823009,"63":0.6017699115044248,"64":0.6106194690265486,"72":0.6194690265486725,"27":0.6283185840707964,"22":0.6371681415929203,"5":0.6460176991150443,"19":0.6548672566371682,"86":0.6637168141592921,"85":0.672566371681416,"80":0.6814159292035398,"108":0.6902654867256637,"73":0.6991150442477876,"53":0.7079646017699115,"28":0.7168141592920354,"100":0.7256637168141593,"113":0.7345132743362832,"102":0.7433628318584071,"35":0.7522123893805309,"34":0.7610619469026548,"3":0.7699115044247787,"41":0.7787610619469026,"24":0.7876106194690266,"4":0.7964601769911505,"54":0.8053097345132744,"11":0.8141592920353983,"16":0.8230088495575221,"71":0.831858407079646,"32":0.8407079646017699,"2":0.8495575221238938,"51":0.8584070796460177,"26":0.8672566371681416,"1":0.8761061946902655,"68":0.8849557522123894,"46":0.8938053097345132,"98":0.9026548672566371,"58":0.911504424778761,"18":0.9203539823008849,"76":0.9292035398230089,"37":0.9380530973451328,"52":0.9469026548672567,"67":0.9557522123893806,"103":0.9646017699115044,"44":0.9734513274336283,"81":0.9823008849557522,"88":0.9911504424778761,"97":1.0}}