{"name":"pagerank","alpha":0.85,"weight":"value","num_of_nodes":72,"num_of_edges":142,"process_time":0.033815860748291016,"data":{"0":0.08129819362911248,"1":0.5740035890346448,"2":0.043225467992834644,"3":0.15688259504281357,"4":0.08722954020379149,"5":0.5876306847415398,"6":0.11719604131037907,"7":0.35684503240660703,"8":0.09179020782231159,"9":0.15850680040829557,"10":0.33883946390252073,"11":0.5965067405274803,"12":0.36396897527611244,"13":0.16387903139152085,"14":0.16427525859722777,"15":0.3437876805927263,"16":0.6568025570857522,"17":0.1325996946202187,"18":0.33883946390252073,"19":0.761438768976929,"20":0.08129819362911248,"21":0.38721860108956313,"22":0.13793805874613455,"23":0.10404952906383327,"24":0.0029901681853344952,"25":0.08120399883004396,"26":0.45707221919538454,"27":0.27683756249327035,"28":0.0,"29":0.258711275112079,"30":1.0,"31":0.5146308741364238,"32":0.23748193122305508,"33":0.08120399883004396,"34":0.0364184744486012,"35":0.24054547979607036,"36":0.009347423791408422,"37":0.0488695480828514,"38":0.08120399883004396,"39":0.2885562183058179,"40":0.26047441213363826,"41":0.46417287478986924,"42":0.9406907138067587,"43":0.2253894672909888,"44":0.26047441213363826,"45":0.8233037748888471,"46":0.014855668860504665,"47":0.48616709656703255,"48":0.2675639265362404,"49":0.2597762664400866,"50":0.5097700954279231,"51":0.5089312983231047,"52":0.2502179163597933,"53":0.01986733534535963,"54":0.247236426492589,"55":0.7594943446109137,"56":0.2597762664400866,"57":0.02209026356633491,"58":0.024714442525081145,"59":0.007326309693027058,"60":0.7504369379547092,"61":0.03171063538362973,"62":0.2659799110452331,"63":0.007787257826828201,"64":0.25169801529830155,"65":0.5054664922648656,"66":0.2897782179477975,"67":0.2659799110452331,"68":0.019165041822090913,"69":0.010848224597052899,"70":0.512526202917581,"71":0.5133570083923997},"ranked":{"28":0.0,"24":0.014084507042253521,"59":0.028169014084507043,"63":0.04225352112676056,"36":0.056338028169014086,"69":0.07042253521126761,"46":0.08450704225352113,"68":0.09859154929577464,"53":0.11267605633802817,"57":0.1267605633802817,"58":0.14084507042253522,"61":0.15492957746478872,"34":0.16901408450704225,"2":0.18309859154929578,"37":0.19718309859154928,"25":0.2112676056338028,"33":0.22535211267605634,"38":0.23943661971830985,"0":0.2535211267605634,"20":0.2676056338028169,"4":0.28169014084507044,"8":0.29577464788732394,"23":0.30985915492957744,"6":0.323943661971831,"17":0.3380281690140845,"22":0.352112676056338,"3":0.36619718309859156,"9":0.38028169014084506,"13":0.39436619718309857,"14":0.4084507042253521,"43":0.4225352112676056,"32":0.43661971830985913,"35":0.4507042253521127,"54":0.4647887323943662,"52":0.4788732394366197,"64":0.49295774647887325,"29":0.5070422535211268,"49":0.5211267605633803,"56":0.5352112676056338,"40":0.5492957746478874,"44":0.5633802816901409,"62":0.5774647887323944,"67":0.5915492957746479,"48":0.6056338028169014,"27":0.6197183098591549,"39":0.6338028169014085,"66":0.647887323943662,"10":0.6619718309859155,"18":0.676056338028169,"15":0.6901408450704225,"7":0.704225352112676,"12":0.7183098591549296,"21":0.7323943661971831,"26":0.7464788732394366,"41":0.7605633802816901,"47":0.7746478873239436,"65":0.7887323943661971,"51":0.8028169014084507,"50":0.8169014084507042,"70":0.8309859154929577,"71":0.8450704225352113,"31":0.8591549295774648,"1":0.8732394366197183,"5":0.8873239436619719,"11":0.9014084507042254,"16":0.9154929577464789,"60":0.9295774647887324,"55":0.9436619718309859,"19":0.9577464788732394,"45":0.971830985915493,"42":0.9859154929577465,"30":1.0}}