{"name":"fiedler","normalized":true,"weight":"value","num_of_nodes":171,"num_of_edges":529,"process_time":0.032945871353149414,"data":{"0":0.21297186449289532,"1":0.15014981921204099,"2":0.08662480509857903,"3":0.14388000294190725,"4":0.09414053572004327,"5":0.18744182609252638,"6":0.07921090892423094,"7":0.05823459129597019,"8":0.10629120874516494,"9":0.10129365223446908,"10":0.05946103994280729,"11":0.02192270646835525,"12":0.062275580988058694,"13":0.05786447966198559,"14":0.03714376953951236,"15":0.05886598084733051,"16":0.01842172797566476,"17":0.052070457777227463,"18":0.01621032423954446,"19":0.014574503953911614,"20":0.08718327353173116,"21":0.038727009083206,"22":0.0988849038799494,"23":0.036223097098146285,"24":0.0653884108276453,"25":0.13118408595634465,"26":0.10649615562153258,"27":0.016864262500578167,"28":0.05310752510688965,"29":0.07050716986720633,"30":0.21297186449291097,"31":0.06538841082764775,"32":0.015790546307475773,"33":0.2142303455206918,"34":0.07669591036659756,"35":0.14099065409489284,"36":0.06755174128950739,"37":0.07998443371761632,"38":0.06755174128951419,"39":0.09245185482738408,"40":0.09452180686889207,"41":0.09990774285949129,"42":0.04744035056499873,"43":0.23228713461162387,"44":0.14388000294189776,"45":0.0803050263452628,"46":0.07926665770780614,"47":0.08753843623989344,"48":0.08045658142901023,"49":0.06645150568206377,"50":0.07635734954684642,"51":0.0,"52":0.21297186449288147,"53":0.1554085006126316,"54":0.20275757346606588,"55":0.035700760380871444,"56":0.05642802802771808,"57":0.3496814092249691,"58":0.2509338518669579,"59":0.8048251182014687,"60":0.8478263648646084,"61":0.8981814736630112,"62":1.0,"63":0.7005623536315032,"64":0.5913269263654138,"65":0.5507044853884427,"66":0.5712826919718423,"67":0.6902366468034927,"68":0.6430423566868981,"69":0.8761479366267589,"70":0.6510356305779731,"71":0.5789379082061986,"72":0.7434125846579028,"73":0.7910927199086383,"74":0.8422509238034145,"75":0.665709113457514,"76":0.6420649580242017,"77":0.8522895413187036,"78":0.8761479366267647,"79":0.28652485283866164,"80":0.8844422393057703,"81":0.8537364344360048,"82":0.3254716382604875,"83":0.26389095944385726,"84":0.5941987332755333,"85":0.6989564984905928,"86":0.26529387195185217,"87":0.6276313942488934,"88":0.28317352392719736,"89":0.7910927199086333,"90":0.7040539287278648,"91":0.5779575971218075,"92":0.8029752537343027,"93":0.3135659886581122,"94":0.34148299487717665,"95":0.9268457926444433,"96":0.6657091134575108,"97":0.8952017433192883,"98":0.6914739976405384,"99":0.32937622593733173,"100":0.7014519101813576,"101":0.7906296376881224,"102":0.665709113457512,"103":0.6791461716717707,"104":0.3022449623630325,"105":0.3236220236399033,"106":0.7874039892937125,"107":0.5218276068933336,"108":0.7026650757430306,"109":0.44668442660543023,"110":0.31749490964557264,"111":0.9386025871563614,"112":0.3229503535206231,"113":0.6377929376873797,"114":0.22460417291460183,"115":0.12715829683206545,"116":0.10871363548000529,"117":0.06875119014847648,"118":0.20267846077653315,"119":0.22808271024336593,"120":0.1693956210167921,"121":0.1900774691354776,"122":0.1599195222202049,"123":0.29175996178912744,"124":0.04870094234432023,"125":0.06111722064512053,"126":0.2215514193935328,"127":0.09129491866062861,"128":0.20259090802784116,"129":0.0959158534055168,"130":0.09256960490267509,"131":0.10004368949752145,"132":0.05972308324705714,"133":0.10672362514524253,"134":0.22155141939341869,"135":0.09626052528309577,"136":0.11217837813255273,"137":0.09256960490277759,"138":0.10871363548000058,"139":0.13873329616585228,"140":0.2754278461069588,"141":0.2152740288356371,"142":0.12920305398809734,"143":0.030341943992045137,"144":0.0790825461809198,"145":0.1723610527130866,"146":0.3111678735115823,"147":0.23773945311128025,"148":0.20393162523237396,"149":0.07815901305112241,"150":0.06517229788069334,"151":0.34449163212540024,"152":0.20749456909885056,"153":0.1761285267922054,"154":0.09498396317710164,"155":0.09171931603328404,"156":0.08810221938441164,"157":0.19508872339295438,"158":0.1331967927584222,"159":0.18577792384054598,"160":0.2754278461069528,"161":0.12133956130528918,"162":0.19144882823677248,"163":0.0744068842221972,"164":0.048908540968864087,"165":0.12025863907822011,"166":0.09557461053226324,"167":0.0516590991305246,"168":0.13873329616584837,"169":0.2569788188897148,"170":0.08706862413965334},"ranked":{"51":0.0,"19":0.0058823529411764705,"32":0.011764705882352941,"18":0.01764705882352941,"27":0.023529411764705882,"16":0.029411764705882353,"11":0.03529411764705882,"143":0.041176470588235294,"55":0.047058823529411764,"23":0.052941176470588235,"14":0.058823529411764705,"21":0.06470588235294118,"42":0.07058823529411765,"124":0.07647058823529412,"164":0.08235294117647059,"167":0.08823529411764706,"17":0.09411764705882353,"28":0.1,"56":0.10588235294117647,"13":0.11176470588235295,"7":0.11764705882352941,"15":0.12352941176470589,"10":0.12941176470588237,"132":0.13529411764705881,"125":0.1411764705882353,"12":0.14705882352941177,"150":0.15294117647058825,"24":0.1588235294117647,"31":0.16470588235294117,"49":0.17058823529411765,"36":0.17647058823529413,"38":0.18235294117647058,"117":0.18823529411764706,"29":0.19411764705882353,"163":0.2,"50":0.20588235294117646,"34":0.21176470588235294,"149":0.21764705882352942,"144":0.2235294117647059,"6":0.22941176470588234,"46":0.23529411764705882,"37":0.2411764705882353,"45":0.24705882352941178,"48":0.2529411764705882,"2":0.25882352941176473,"170":0.2647058823529412,"20":0.27058823529411763,"47":0.27647058823529413,"156":0.2823529411764706,"127":0.28823529411764703,"155":0.29411764705882354,"39":0.3,"130":0.3058823529411765,"137":0.31176470588235294,"4":0.3176470588235294,"40":0.3235294117647059,"154":0.32941176470588235,"166":0.3352941176470588,"129":0.3411764705882353,"135":0.34705882352941175,"22":0.35294117647058826,"41":0.3588235294117647,"131":0.36470588235294116,"9":0.37058823529411766,"8":0.3764705882352941,"26":0.38235294117647056,"133":0.38823529411764707,"138":0.3941176470588235,"116":0.4,"136":0.40588235294117647,"165":0.4117647058823529,"161":0.4176470588235294,"115":0.4235294117647059,"142":0.4294117647058823,"25":0.43529411764705883,"158":0.4411764705882353,"168":0.4470588235294118,"139":0.45294117647058824,"35":0.4588235294117647,"44":0.4647058823529412,"3":0.47058823529411764,"1":0.4764705882352941,"53":0.4823529411764706,"122":0.48823529411764705,"120":0.49411764705882355,"145":0.5,"153":0.5058823529411764,"159":0.5117647058823529,"5":0.5176470588235295,"121":0.5235294117647059,"162":0.5294117647058824,"157":0.5352941176470588,"128":0.5411764705882353,"118":0.5470588235294118,"54":0.5529411764705883,"148":0.5588235294117647,"152":0.5647058823529412,"52":0.5705882352941176,"0":0.5764705882352941,"30":0.5823529411764706,"33":0.5882352941176471,"141":0.5941176470588235,"134":0.6,"126":0.6058823529411764,"114":0.611764705882353,"119":0.6176470588235294,"43":0.6235294117647059,"147":0.6294117647058823,"58":0.6352941176470588,"169":0.6411764705882353,"83":0.6470588235294118,"86":0.6529411764705882,"160":0.6588235294117647,"140":0.6647058823529411,"88":0.6705882352941176,"79":0.6764705882352942,"123":0.6823529411764706,"104":0.6882352941176471,"146":0.6941176470588235,"93":0.7,"110":0.7058823529411765,"112":0.711764705882353,"105":0.7176470588235294,"82":0.7235294117647059,"99":0.7294117647058823,"94":0.7352941176470589,"151":0.7411764705882353,"57":0.7470588235294118,"109":0.7529411764705882,"107":0.7588235294117647,"65":0.7647058823529411,"66":0.7705882352941177,"91":0.7764705882352941,"71":0.7823529411764706,"64":0.788235294117647,"84":0.7941176470588235,"87":0.8,"113":0.8058823529411765,"76":0.8117647058823529,"68":0.8176470588235294,"70":0.8235294117647058,"96":0.8294117647058824,"102":0.8352941176470589,"75":0.8411764705882353,"103":0.8470588235294118,"67":0.8529411764705882,"98":0.8588235294117647,"85":0.8647058823529412,"63":0.8705882352941177,"100":0.8764705882352941,"108":0.8823529411764706,