{"name":"density","eps":0.5,"weight":"value","num_of_nodes":102,"num_of_edges":198,"process_time":0.016731977462768555,"data":{"0":0.25294173050455415,"1":0.2523223981020785,"2":0.2529418429700851,"3":0.2529417586209486,"4":0.2517031500487627,"5":0.0037159381822987566,"6":0.25356100667433445,"7":0.7513934557310837,"8":0.2510838176461936,"9":0.0006193605189168014,"10":0.25232236998570745,"11":0.0024773014937184957,"12":0.25108390199544695,"13":0.25232245433484396,"14":0.25108390199544695,"15":0.001238664805068138,"16":0.2517030938159505,"17":0.0012386085722559425,"18":0.2504644852436946,"19":0.0037159100659043417,"20":0.2529417586209486,"21":0.751393427614736,"22":0.25356106290712327,"23":0.25232245433484396,"24":0.2529417305045775,"25":0.2510839019953301,"26":0.5021676634088518,"27":0.5021675509432975,"28":0.2535610910235177,"29":0.25294175862099527,"30":0.0024772452609063,"31":0.25294184297013184,"32":0.0018579128584072793,"33":0.2517032062815282,"34":0.753870729108291,"35":0.5021676352923872,"36":0.0018579690911493783,"37":0.0037158538331155118,"38":0.25170315004871596,"39":0.5009289704874126,"40":0.2523224543348206,"41":0.0024772733773007153,"42":0.2517031500486693,"43":0.753870729108291,"44":0.0037159100659744384,"45":0.7526321205360818,"46":0.0030964933142454414,"47":0.0018578847420362297,"48":0.00247735772648396,"49":0.2535611191397953,"50":0.0012386929214158221,"51":0.003096690128842788,"52":0.2535610910234242,"53":0.0006193324026392137,"54":0.7526321205361285,"55":0.0006193324026392137,"56":0.0018580253238914774,"57":0.2510837614134749,"58":0.5009289704873892,"59":0.25356114725618967,"60":0.0018581096730279916,"61":0.5052641004902382,"62":0.0012386648049980415,"63":0.2529417867372962,"64":0.2510837895297992,"65":0.002477245260999762,"66":0.25170323439782916,"67":0.0024772171445352504,"68":0.003096549547010906,"69":0.0006193042861513368,"70":0.25356097855791665,"71":0.2510837895297992,"72":0.25232239810214857,"73":0.5021676071759694,"74":0.0030964933142454414,"75":0.250464513360089,"76":0.752012731900794,"77":0.0006193042861513368,"78":0.752012731900794,"79":0.5009289986037836,"80":0.002477245260953031,"81":0.25170312193241506,"82":0.2510838738789591,"83":0.0030965214306632217,"84":0.0,"85":0.0018578847419894987,"86":0.004335101886478019,"87":0.0012387210377635062,"88":0.5015483028898882,"89":0.001858025323868112,"90":0.002477245260953031,"91":0.25170312193241506,"92":0.0030965776633352245,"93":1.0,"94":0.751393427614666,"95":0.0018578847419894987,"96":0.0018579128583605482,"97":0.5027868552293553,"98":0.0030964933142454414,"99":0.0018579128583605482,"100":0.0018579690911026475,"101":0.0018578847419894987},"ranked":{"84":0.0,"69":0.009900990099009901,"77":0.019801980198019802,"53":0.0297029702970297,"55":0.039603960396039604,"9":0.04950495049504951,"17":0.0594059405940594,"62":0.06930693069306931,"15":0.07920792079207921,"50":0.0891089108910891,"87":0.09900990099009901,"85":0.10891089108910891,"95":0.1188118811881188,"101":0.12871287128712872,"47":0.13861386138613863,"96":0.1485148514851485,"99":0.15841584158415842,"32":0.16831683168316833,"100":0.1782178217821782,"36":0.18811881188118812,"89":0.19801980198019803,"56":0.2079207920792079,"60":0.21782178217821782,"67":0.22772277227722773,"30":0.2376237623762376,"80":0.24752475247524752,"90":0.25742574257425743,"65":0.26732673267326734,"41":0.27722772277227725,"11":0.2871287128712871,"48":0.297029702970297,"46":0.3069306930693069,"74":0.31683168316831684,"98":0.32673267326732675,"83":0.33663366336633666,"68":0.3465346534653465,"92":0.3564356435643564,"51":0.36633663366336633,"37":0.37623762376237624,"19":0.38613861386138615,"44":0.39603960396039606,"5":0.40594059405940597,"86":0.4158415841584158,"18":0.42574257425742573,"75":0.43564356435643564,"57":0.44554455445544555,"64":0.45544554455445546,"71":0.46534653465346537,"8":0.4752475247524752,"82":0.48514851485148514,"25":0.49504950495049505,"12":0.504950495049505,"14":0.5148514851485149,"16":0.5247524752475248,"81":0.5346534653465347,"91":0.5445544554455446,"42":0.5544554455445545,"38":0.5643564356435643,"4":0.5742574257425742,"33":0.5841584158415841,"66":0.594059405940594,"10":0.6039603960396039,"1":0.6138613861386139,"72":0.6237623762376238,"40":0.6336633663366337,"13":0.6435643564356436,"23":0.6534653465346535,"0":0.6633663366336634,"24":0.6732673267326733,"3":0.6831683168316832,"20":0.693069306930693,"29":0.7029702970297029,"63":0.7128712871287128,"2":0.7227722772277227,"31":0.7326732673267327,"70":0.7425742574257426,"6":0.7524752475247525,"22":0.7623762376237624,"52":0.7722772277227723,"28":0.7821782178217822,"49":0.7920792079207921,"59":0.801980198019802,"58":0.8118811881188119,"39":0.8217821782178217,"79":0.8316831683168316,"88":0.8415841584158416,"27":0.8514851485148515,"73":0.8613861386138614,"35":0.8712871287128713,"26":0.8811881188118812,"97":0.8910891089108911,"61":0.900990099009901,"94":0.9108910891089109,"21":0.9207920792079208,"7":0.9306930693069307,"76":0.9405940594059405,"78":0.9504950495049505,"45":0.9603960396039604,"54":0.9702970297029703,"34":0.9801980198019802,"43":0.9900990099009901,"93":1.0}}