{"name":"fiedler","normalized":false,"weight":"value","num_of_nodes":99,"num_of_edges":304,"process_time":0.03849220275878906,"data":{"0":0.0,"1":0.020603670796602903,"2":0.016147853538743193,"3":0.03009144681254557,"4":0.06331927934840142,"5":0.02128915640638678,"6":4.994513203595877e-16,"7":0.12343751916089858,"8":0.059691059557459375,"9":0.025684790474944173,"10":0.027624160384083524,"11":0.014151135466281727,"12":0.13415678354199642,"13":0.01203555263752637,"14":0.08886170579475636,"15":0.029746576635305888,"16":0.003536357280097055,"17":0.05900900167167636,"18":0.014925282527422529,"19":0.004340013712806398,"20":0.005928672904173311,"21":0.008102009327604172,"22":0.13415678354199642,"23":0.014925282527422529,"24":0.0012891181091140606,"25":0.02419474385899851,"26":0.03009144681254557,"27":0.004841030915423455,"28":0.022502626612715966,"29":0.030397330025994075,"30":0.02419474385899851,"31":0.02128915640638663,"32":0.030466146529206664,"33":0.3162052172210257,"34":0.5896241360568981,"35":0.37088931362952826,"36":0.6006363130042114,"37":0.6576216316976109,"38":0.3162052172210257,"39":0.6795836936173087,"40":0.6198626466727271,"41":0.3223012167438729,"42":0.314507859798669,"43":0.4281332143567376,"44":0.3490742085605863,"45":0.46732578087935744,"46":0.6356928628977189,"47":0.5172611012581682,"48":0.4679186236538325,"49":0.6666389636041636,"50":0.6395573274331187,"51":0.3250677640097059,"52":0.3263859017914274,"53":0.546102067622229,"54":0.5019155226855074,"55":0.2745670246217311,"56":0.4485261475093958,"57":0.3250677640097059,"58":0.4854554138928012,"59":0.5368964280307963,"60":0.3162052172210257,"61":0.2713774396474925,"62":0.6037916304749675,"63":0.3162052172210257,"64":0.49120510419974955,"65":0.4485261475093958,"66":0.9561677824139704,"67":0.7920121128985133,"68":0.8337726724285265,"69":0.9155632139414999,"70":0.9097447465995283,"71":0.867782254472974,"72":0.9310461557764637,"73":0.9980614546739291,"74":0.8750107354879273,"75":0.9538127657474267,"76":0.9671572604135698,"77":0.7303202815090409,"78":0.8166206136615326,"79":0.9272871262961362,"80":0.7818376868418303,"81":0.8861805373506203,"82":0.6971377030569043,"83":0.8157121405886253,"84":0.9913758293802576,"85":0.793990435860311,"86":0.9980614546739291,"87":0.9307195053111187,"88":0.9689981626421673,"89":0.9097447465995283,"90":0.85073335583409,"91":0.9864890848993535,"92":0.9980614546739289,"93":0.7418410080478449,"94":0.8812471550473359,"95":0.8482998378913171,"96":1.0,"97":0.8058002624680772,"98":0.9980614546739294},"ranked":{"0":0.0,"6":0.01020408163265306,"24":0.02040816326530612,"16":0.030612244897959183,"19":0.04081632653061224,"27":0.05102040816326531,"20":0.061224489795918366,"21":0.07142857142857142,"13":0.08163265306122448,"11":0.09183673469387756,"18":0.10204081632653061,"23":0.11224489795918367,"2":0.12244897959183673,"1":0.1326530612244898,"31":0.14285714285714285,"5":0.15306122448979592,"28":0.16326530612244897,"25":0.17346938775510204,"30":0.1836734693877551,"9":0.19387755102040816,"10":0.20408163265306123,"15":0.21428571428571427,"3":0.22448979591836735,"26":0.23469387755102042,"29":0.24489795918367346,"32":0.25510204081632654,"17":0.2653061224489796,"8":0.2755102040816326,"4":0.2857142857142857,"14":0.29591836734693877,"7":0.30612244897959184,"12":0.3163265306122449,"22":0.32653061224489793,"61":0.336734693877551,"55":0.3469387755102041,"42":0.35714285714285715,"33":0.3673469387755102,"38":0.37755102040816324,"60":0.3877551020408163,"63":0.3979591836734694,"41":0.40816326530612246,"51":0.41836734693877553,"57":0.42857142857142855,"52":0.4387755102040816,"44":0.4489795918367347,"35":0.45918367346938777,"43":0.46938775510204084,"56":0.47959183673469385,"65":0.4897959183673469,"45":0.5,"48":0.5102040816326531,"58":0.5204081632653061,"64":0.5306122448979592,"54":0.5408163265306123,"47":0.5510204081632653,"59":0.5612244897959183,"53":0.5714285714285714,"34":0.5816326530612245,"36":0.5918367346938775,"62":0.6020408163265306,"40":0.6122448979591837,"46":0.6224489795918368,"50":0.6326530612244898,"37":0.6428571428571429,"49":0.6530612244897959,"39":0.6632653061224489,"82":0.673469387755102,"77":0.6836734693877551,"93":0.6938775510204082,"80":0.7040816326530612,"67":0.7142857142857143,"85":0.7244897959183674,"97":0.7346938775510204,"83":0.7448979591836735,"78":0.7551020408163265,"68":0.7653061224489796,"95":0.7755102040816326,"90":0.7857142857142857,"71":0.7959183673469388,"74":0.8061224489795918,"94":0.8163265306122449,"81":0.826530612244898,"70":0.8367346938775511,"89":0.8469387755102041,"69":0.8571428571428571,"79":0.8673469387755102,"87":0.8775510204081632,"72":0.8877551020408163,"75":0.8979591836734694,"66":0.9081632653061225,"76":0.9183673469387755,"88":0.9285714285714286,"91":0.9387755102040817,"84":0.9489795918367347,"92":0.9591836734693877,"73":0.9693877551020408,"86":0.9795918367346939,"98":0.9897959183673469,"96":1.0}}