{"name":"agd","num_of_nodes":75,"num_of_edges":239,"weight":"value","process_time":0.009855031967163086,"data":{"0":0.5157894736842106,"1":0.34736842105263166,"2":0.052631578947368404,"3":0.35263157894736835,"4":0.16315789473684225,"5":0.04210526315789465,"6":0.10526315789473681,"7":0.8631578947368423,"8":0.6631578947368421,"9":1.0,"10":0.13157894736842102,"11":0.04210526315789465,"12":0.8631578947368423,"13":1.0,"14":0.43684210526315803,"15":0.43684210526315803,"16":0.3631578947368421,"17":0.17894736842105272,"18":0.5210526315789473,"19":0.16842105263157897,"20":0.04210526315789465,"21":0.22105263157894736,"22":0.24736842105263157,"23":0.5105263157894739,"24":1.0,"25":0.026315789473684202,"26":0.531578947368421,"27":0.5894736842105265,"28":0.7210526315789475,"29":0.4421052631578947,"30":0.7842105263157897,"31":0.2578947368421053,"32":0.35789473684210543,"33":0.42105263157894757,"34":0.26315789473684204,"35":0.6105263157894737,"36":0.568421052631579,"37":0.5157894736842106,"38":0.26315789473684204,"39":0.7210526315789475,"40":0.0,"41":0.35263157894736835,"42":0.13684210526315804,"43":0.26315789473684204,"44":0.42631578947368426,"45":0.6526315789473683,"46":0.642105263157895,"47":0.5894736842105265,"48":0.568421052631579,"49":0.6,"50":0.2894736842105262,"51":0.3894736842105263,"52":0.6105263157894737,"53":0.14736842105263182,"54":0.5052631578947369,"55":0.48947368421052645,"56":0.1263157894736843,"57":0.5157894736842106,"58":0.27894736842105283,"59":0.42631578947368426,"60":0.5105263157894739,"61":0.49473684210526314,"62":0.2526315789473686,"63":0.2526315789473686,"64":0.5052631578947369,"65":0.4000000000000001,"66":0.8473684210526315,"67":0.3894736842105263,"68":0.6210526315789474,"69":0.2000000000000002,"70":0.8473684210526315,"71":0.3105263157894737,"72":0.22631578947368441,"73":0.6,"74":0.4000000000000001},"ranked":{"40":0.0,"25":0.013513513513513514,"5":0.02702702702702703,"11":0.04054054054054054,"20":0.05405405405405406,"2":0.06756756756756757,"6":0.08108108108108109,"56":0.0945945945945946,"10":0.10810810810810811,"42":0.12162162162162163,"53":0.13513513513513514,"4":0.14864864864864866,"19":0.16216216216216217,"17":0.17567567567567569,"69":0.1891891891891892,"21":0.20270270270270271,"72":0.21621621621621623,"22":0.22972972972972974,"62":0.24324324324324326,"63":0.25675675675675674,"31":0.2702702702702703,"34":0.28378378378378377,"38":0.2972972972972973,"43":0.3108108108108108,"58":0.32432432432432434,"50":0.33783783783783783,"71":0.35135135135135137,"1":0.36486486486486486,"3":0.3783783783783784,"41":0.3918918918918919,"32":0.40540540540540543,"16":0.4189189189189189,"51":0.43243243243243246,"67":0.44594594594594594,"65":0.4594594594594595,"74":0.47297297297297297,"33":0.4864864864864865,"44":0.5,"59":0.5135135135135135,"14":0.527027027027027,"15":0.5405405405405406,"29":0.5540540540540541,"55":0.5675675675675675,"61":0.581081081081081,"54":0.5945945945945946,"64":0.6081081081081081,"23":0.6216216216216216,"60":0.6351351351351351,"0":0.6486486486486487,"37":0.6621621621621622,"57":0.6756756756756757,"18":0.6891891891891891,"26":0.7027027027027027,"36":0.7162162162162162,"48":0.7297297297297297,"27":0.7432432432432432,"47":0.7567567567567568,"49":0.7702702702702703,"73":0.7837837837837838,"35":0.7972972972972973,"52":0.8108108108108109,"68":0.8243243243243243,"46":0.8378378378378378,"45":0.8513513513513513,"8":0.8648648648648649,"28":0.8783783783783784,"39":0.8918918918918919,"30":0.9054054054054054,"66":0.918918918918919,"70":0.9324324324324325,"7":0.9459459459459459,"12":0.9594594594594594,"9":0.972972972972973,"13":0.9864864864864865,"24":1.0}}