{"name":"pagerank","alpha":0.85,"weight":"value","num_of_nodes":132,"num_of_edges":256,"process_time":0.03385210037231445,"data":{"0":0.2158445180743349,"1":0.2560074629233844,"2":0.2560074629233844,"3":0.11098601475422382,"4":0.17707677887422985,"5":0.20673956357653722,"6":0.4301426788526071,"7":0.18859130184084136,"8":0.18939412923782126,"9":0.14821889641250954,"10":0.2560074629233844,"11":0.3648378978519637,"12":0.6513494023791062,"13":0.8346193635396072,"14":0.6089629952443664,"15":0.13194182531227347,"16":0.5597701384535861,"17":0.1373544939942273,"18":0.1373544939942273,"19":0.5068004648203562,"20":0.3440364505935902,"21":0.18939412923782126,"22":0.4532784608148545,"23":0.11143380574365656,"24":0.1531275640994401,"25":0.5471342059877928,"26":0.3593697655493133,"27":0.36585364350643473,"28":0.38220341726508633,"29":0.43958762322989264,"30":0.37426507066309533,"31":0.2158445180743349,"32":0.3651496037291533,"33":0.8121260217558578,"34":0.8659355855519268,"35":0.22204768624010712,"36":0.132288175480937,"37":0.10754552077307769,"38":0.560716802993553,"39":0.22204768624010712,"40":0.22204768624010712,"41":0.33861344913355396,"42":0.20662460790814574,"43":1.0,"44":0.13424495635762673,"45":0.2592899916231915,"46":0.38752421717861707,"47":0.707113565389323,"48":0.41254079142865896,"49":0.1775766467057397,"50":0.3444718058149205,"51":0.11032920726213709,"52":0.16989407222027253,"53":0.1623717401001723,"54":0.15294035966084837,"55":0.4229224102721255,"56":0.16989407222027253,"57":0.15386467731532344,"58":0.171086082247932,"59":0.3720041916702829,"60":0.20280229472478203,"61":0.9058043793737147,"62":0.44919900884924324,"63":0.16989407222027253,"64":0.11032920726213709,"65":0.5319425997572569,"66":0.17806294058383187,"67":0.37244960572150987,"68":0.44919900884924324,"69":0.38752421717861707,"70":0.1763392207580702,"71":0.8837445567398603,"72":0.46669489954228943,"73":0.06111685198286438,"74":0.36779216480650173,"75":0.16989407222027253,"76":0.48947693719765556,"77":0.15421042479082925,"78":0.9204183962750716,"79":0.17806294058383187,"80":0.15386467731532344,"81":0.36779216480650173,"82":0.8525209623961048,"83":0.41254079142865896,"84":0.26645360707239574,"85":0.20280229472478203,"86":0.38752421717861707,"87":0.43048408942089766,"88":0.5855672015363562,"89":0.20330805798067558,"90":0.6078932640963334,"91":0.14609317628149565,"92":0.61907187917666,"93":0.23113911697111453,"94":0.24656491420736804,"95":0.18740115522277853,"96":0.8416773325183647,"97":0.07881066757716512,"98":0.360316593818823,"99":0.16533181028519184,"100":0.3737333206583874,"101":0.6885743855095806,"102":0.20330805798067558,"103":0.44767842850274475,"104":0.0,"105":0.1726126280958489,"106":0.3955521953779586,"107":0.45007162930139777,"108":0.3545427045313856,"109":0.9447362979312959,"110":0.45358522559635106,"111":0.3969751456209708,"112":0.21977377800565348,"113":0.15872947129301,"114":0.702571498993932,"115":0.5785391877063158,"116":0.20567208062054357,"117":0.16287529627586939,"118":0.18517171065411153,"119":0.015305520954265404,"120":0.16533181028519184,"121":0.18517171065411153,"122":0.1921522923436633,"123":0.7515702377449754,"124":0.4498639942875506,"125":0.21035260367969819,"126":0.10990650120168884,"127":0.3746296151492303,"128":0.22103089254120023,"129":0.4688329672957886,"130":0.2070479646885961,"131":0.36966847979376044},"ranked":{"104":0.0,"119":0.007633587786259542,"73":0.015267175572519083,"97":0.022900763358778626,"37":0.030534351145038167,"126":0.03816793893129771,"51":0.04580152671755725,"64":0.05343511450381679,"3":0.061068702290076333,"23":0.06870229007633588,"15":0.07633587786259542,"36":0.08396946564885496,"44":0.0916030534351145,"17":0.09923664122137404,"18":0.10687022900763359,"91":0.11450381679389313,"9":0.12213740458015267,"54":0.1297709923664122,"24":0.13740458015267176,"57":0.1450381679389313,"80":0.15267175572519084,"77":0.16030534351145037,"113":0.16793893129770993,"53":0.17557251908396945,"117":0.183206106870229,"99":0.19083969465648856,"120":0.1984732824427481,"52":0.20610687022900764,"56":0.21374045801526717,"63":0.22137404580152673,"75":0.22900763358778625,"58":0.2366412213740458,"105":0.24427480916030533,"70":0.25190839694656486,"4":0.2595419847328244,"49":0.26717557251908397,"66":0.2748091603053435,"79":0.2824427480916031,"118":0.2900763358778626,"121":0.29770992366412213,"95":0.3053435114503817,"7":0.31297709923664124,"8":0.32061068702290074,"21":0.3282442748091603,"122":0.33587786259541985,"60":0.3435114503816794,"85":0.3511450381679389,"89":0.35877862595419846,"102":0.366412213740458,"116":0.37404580152671757,"42":0.3816793893129771,"5":0.3893129770992366,"130":0.3969465648854962,"125":0.40458015267175573,"0":0.4122137404580153,"31":0.4198473282442748,"112":0.42748091603053434,"128":0.4351145038167939,"35":0.44274809160305345,"39":0.45038167938931295,"40":0.4580152671755725,"93":0.46564885496183206,"94":0.4732824427480916,"1":0.48091603053435117,"2":0.48854961832061067,"10":0.4961832061068702,"45":0.5038167938931297,"84":0.5114503816793893,"41":0.5190839694656488,"20":0.5267175572519084,"50":0.5343511450381679,"108":0.5419847328244275,"26":0.549618320610687,"98":0.5572519083969466,"11":0.5648854961832062,"32":0.5725190839694656,"27":0.5801526717557252,"74":0.5877862595419847,"81":0.5954198473282443,"131":0.6030534351145038,"59":0.6106870229007634,"67":0.6183206106870229,"100":0.6259541984732825,"30":0.6335877862595419,"127":0.6412213740458015,"28":0.648854961832061,"46":0.6564885496183206,"69":0.6641221374045801,"86":0.6717557251908397,"106":0.6793893129770993,"111":0.6870229007633588,"48":0.6946564885496184,"83":0.7022900763358778,"55":0.7099236641221374,"6":0.7175572519083969,"87":0.7251908396946565,"29":0.732824427480916,"103":0.7404580152671756,"62":0.7480916030534351,"68":0.7557251908396947,"124":0.7633587786259542,"107":0.7709923664122137,"22":0.7786259541984732,"110":0.7862595419847328,"72":0.7938931297709924,"129":0.8015267175572519,"76":0.8091603053435115,"19":0.816793893129771,"65":0.8244274809160306,"25":0.8320610687022901,"16":0.8396946564885496,"38":0.8473282442748091,"115":0.8549618320610687,"88":0.8625954198473282,"90":0.8702290076335878,"14":0.8778625954198473,"92":0.8854961832061069,"12":0.8931297709923665,"101":0.9007633587786259,"114":0.9083969465648855,"47":0.916030534351145,"123":0.9236641221374046,"33":0.9312977099236641,"13":0.9389312977099237,"96":0.9465648854961832,"82":0.9541984732824428,"34":0.9618320610687023,"71":0.9694656488549618,"61":0.9770992366412213,"78":0.9847328244274809,"109":0.9923664122137404,"43":1.0}}