{"name":"pagerank","alpha":0.85,"weight":"value","num_of_nodes":186,"num_of_edges":362,"process_time":0.026991844177246094,"data":{"0":0.13633968567883137,"1":0.8010836554940759,"2":0.138549194607551,"3":0.2784975986807351,"4":0.2550176978716993,"5":0.38268053859913276,"6":0.18217016580181325,"7":0.09726048828779764,"8":0.8245315851027736,"9":0.10733896506955068,"10":0.303592008418492,"11":0.1755601935276977,"12":0.09060264547505263,"13":0.19901606868672503,"14":0.211619700905656,"15":0.11237480693210221,"16":0.09539902999331154,"17":0.42432374562708247,"18":0.3010668950077615,"19":0.303592008418492,"20":0.3926776375837391,"21":0.15896475889380107,"22":0.014465121302692077,"23":0.6120543752515821,"24":0.303592008418492,"25":0.3930176236725457,"26":0.13633968567883137,"27":0.13131924254322225,"28":0.1500530762919792,"29":1.0,"30":0.11844482719953028,"31":0.28371561273173757,"32":0.10580186767630963,"33":0.5176704500126899,"34":0.3341329058726781,"35":0.44276354423464126,"36":0.4068001619792807,"37":0.28371561273173757,"38":0.5743925413207621,"39":0.247341684990111,"40":0.3272265673035585,"41":0.3926776375837391,"42":0.08099292587847956,"43":0.42573280256141743,"44":0.08506059267405477,"45":0.5743925413207621,"46":0.22709801528696774,"47":0.3295400310019691,"48":0.0,"49":0.27430058104045857,"50":0.18217016580181325,"51":0.37659506973291207,"52":0.7553043694942836,"53":0.3272265673035585,"54":0.13633968567883137,"55":0.10101222844955686,"56":0.08699388418095197,"57":0.10733896506955068,"58":0.44276354423464126,"59":0.35847059523934366,"60":0.3842347167473319,"61":0.1497650832043072,"62":0.11277922676013682,"63":0.3154424709755987,"64":0.34462144413803936,"65":0.09153789839731868,"66":0.5588214553786491,"67":0.29281197134141146,"68":0.3012284843215644,"69":0.11688729727143206,"70":0.34544740774593613,"71":0.12572780024195526,"72":0.3614316040254849,"73":0.12572780024195526,"74":0.07881679654936319,"75":0.05195599700330388,"76":0.09407601114401176,"77":0.2590384704796379,"78":0.3189588076854504,"79":0.5368069197298359,"80":0.08429535434938062,"81":0.12490645883833162,"82":0.2671819188629552,"83":0.29716596407612417,"84":0.5489016556890356,"85":0.5021078834952821,"86":0.7014326642929234,"87":0.13999940106205558,"88":0.6062178223130219,"89":0.34544740774593613,"90":0.47908116738994055,"91":0.12531019312917183,"92":0.50050584224782,"93":0.13056318374855505,"94":0.4828688118605514,"95":0.3236055709962795,"96":0.120093468579548,"97":0.346882828185401,"98":0.09184910158208755,"99":0.3199549483673647,"100":0.307754591519391,"101":0.307754591519391,"102":0.346882828185401,"103":0.28043739502369797,"104":0.27850908904309213,"105":0.3252006637750659,"106":0.08644942240871047,"107":0.10309368002745387,"108":0.3458806866804489,"109":0.49185506790938033,"110":0.3658829966556208,"111":0.29774666214902185,"112":0.6199446835365416,"113":0.33108605133702956,"114":0.047488809624707765,"115":0.3252006637750659,"116":0.346882828185401,"117":0.08475543219909998,"118":0.08068006459279177,"119":0.13056318374855505,"120":0.7699332599358657,"121":0.11591092496039937,"122":0.5210101106995007,"123":0.13384101513707666,"124":0.1555571890428247,"125":0.1555571890428247,"126":0.10151911671704203,"127":0.6391220256568407,"128":0.46508526263805006,"129":0.043044035143503294,"130":0.26174552088035685,"131":0.37904829291765085,"132":0.0844246400222912,"133":0.6909631295771491,"134":0.45888201437276294,"135":0.05499681498749952,"136":0.09691248281972492,"137":0.24076089403460615,"138":0.10949319308670756,"139":0.6777190610824743,"140":0.12313773724087722,"141":0.5163391436261268,"142":0.10949319308670756,"143":0.5794847459293443,"144":0.6160980485016947,"145":0.05948446887813198,"146":0.13880667507325198,"147":0.3247710545396246,"148":0.5060789137422909,"149":0.05948446887813198,"150":0.0719271983654816,"151":0.1269845809053407,"152":0.4840664837360212,"153":0.5958939700295556,"154":0.3587419606386161,"155":0.28320507121607313,"156":0.46508526263805006,"157":0.10476160887636758,"158":0.11687095775566082,"159":0.29828447265378716,"160":0.0719271983654816,"161":0.3252078464947802,"162":0.5026852597211161,"163":0.23174686931576127,"164":0.2534370836276625,"165":0.09914789510386113,"166":0.49051240320181266,"167":0.36492202121276585,"168":0.1555571890428247,"169":0.34879076072829607,"170":0.5794847459293443,"171":0.8775603314478146,"172":0.06903392071525342,"173":0.08224876051080736,"174":0.13880667507325212,"175":0.2928779195020572,"176":0.4525638768431907,"177":0.0844246400222912,"178":0.29828447265378716,"179":0.09512781796991844,"180":0.12698458090534054,"181":0.05499681498749952,"182":0.5640543084305859,"183":0.09242591932887591,"184":0.3247710545396246,"185":0.34594119537448437},"ranked":{"48":0.0,"22":0.005405405405405406,"129":0.010810810810810811,"114":0.016216216216216217,"75":0.021621621621621623,"135":0.02702702702702703,"181":0.032432432432432434,"145":0.03783783783783784,"149":0.043243243243243246,"172":0.04864864864864865,"150":0.05405405405405406,"160":0.05945945945945946,"74":0.06486486486486487,"118":0.07027027027027027,"42":0.07567567567567568,"173":0.08108108108108109,"80":0.08648648648648649,"132":0.0918918918918919,"177":0.0972972972972973,"117":0.10270270270270271,"44":0.10810810810810811,"106":0.11351351351351352,"56":0.11891891891891893,"12":0.12432432432432433,"65":0.12972972972972974,"98":0.13513513513513514,"183":0.14054054054054055,"76":0.14594594594594595,"179":0.15135135135135136,"16":0.15675675675675677,"136":0.16216216216216217,"7":0.16756756756756758,"165":0.17297297297297298,"55":0.1783783783783784,"126":0.1837837837837838,"107":0.1891891891891892,"157":0.1945945945945946,"32":0.2,"9":0.20540540540540542,"57":0.21081081081081082,"138":0.21621621621621623,"142":0.22162162162162163,"15":0.22702702702702704,"62":0.23243243243243245,"121":0.23783783783783785,"158":0.24324324324324326,"69":0.24864864864864866,"30":0.25405405405405407,"96":0.2594594594594595,"140":0.2648648648648649,"81":0.2702702702702703,"91":0.2756756756756757,"71":0.2810810810810811,"73":0.2864864864864865,"180":0.2918918918918919,"151":0.2972972972972973,"93":0.3027027027027027,"119":0.3081081081081081,"27":0.31351351351351353,"123":0.31891891891891894,"0":0.32432432432432434,"26":0.32972972972972975,"54":0.33513513513513515,"2":0.34054054054054056,"146":0.34594594594594597,"174":0.35135135135135137,"87":0.3567567567567568,"61":0.3621621621621622,"28":0.3675675675675676,"124":0.372972972972973,"125":0.3783783783783784,"168":0.3837837837837838,"21":0.3891891891891892,"11":0.3945945945945946,"6":0.4,"50":0.40540540540540543,"13":0.41081081081081083,"14":0.41621621621621624,"46":0.42162162162162165,"163":0.42702702702702705,"137":0.43243243243243246,"39":0.43783783783783786,"164":0.44324324324324327,"4":0.4486486486486487,"77":0.4540540540540541,"130":0.4594594594594595,"82":0.4648648648648649,"49":0.4702702702702703,"3":0.4756756756756757,"104":0.4810810810810811,"103":0.4864864864864865,"155":0.4918918918918919,"31":0.4972972972972973,"37":0.5027027027027027,"67":0.5081081081081081,"175":0.5135135135135135,"83":0.518918918918919,"111":0.5243243243243243,"159":0.5297297297297298,"178":0.5351351351351351,"18":0.5405405405405406,"68":0.5459459459459459,"10":0.5513513513513514,"19":0.5567567567567567,"24":0.5621621621621622,"100":0.5675675675675675,"101":0.572972972972973,"63":0.5783783783783784,"78":0.5837837837837838,"99":0.5891891891891892,"95":0.5945945945945946,"147":0.6,"184":0.6054054054054054,"105":0.6108108108108108,"115":0.6162162162162163,"161":0.6216216216216216,"40":0.6270270270270271,"53":0.6324324324324324,"47":0.6378378378378379,"113":0.6432432432432432,"34":0.6486486486486487,"64":0.654054054054054,"70":0.6594594594594595,"89":0.6648648648648648,"108":0.6702702702702703,"185":0.6756756756756757,"97":0.6810810810810811,"102":0.6864864864864865,"116":0.6918918918918919,"169":0.6972972972972973,"59":0.7027027027027027,"154":0.7081081081081081,"72":0.7135135135135136,