{"name":"agd","num_of_nodes":102,"num_of_edges":323,"weight":"value","process_time":0.020473241806030273,"data":{"0":0.4079320113314447,"1":0.03116147308781873,"2":0.21529745042492915,"3":0.6175637393767707,"4":0.06232294617563746,"5":0.2747875354107649,"6":0.025495750708215324,"7":0.2521246458923513,"8":0.6912181303116147,"9":0.3399433427762041,"10":0.4305949008498583,"11":0.6770538243626064,"12":0.9093484419263458,"13":0.4305949008498583,"14":0.21246458923512743,"15":0.21529745042492915,"16":0.2662889518413598,"17":0.6940509915014164,"18":0.24079320113314448,"19":0.23796033994334276,"20":0.06798866855524086,"21":0.23796033994334276,"22":0.5807365439093485,"23":0.43342776203966,"24":0.23796033994334276,"25":0.8101983002832862,"26":0.09348441926345619,"27":0.08498583569405108,"28":0.6770538243626064,"29":0.3767705382436262,"30":0.26345609065155806,"31":0.016997167138810214,"32":0.1643059490084985,"33":0.6487252124645894,"34":0.31161473087818703,"35":0.6317280453257792,"36":0.7620396600566572,"37":0.2691218130311615,"38":0.8838526912181305,"39":0.14164305949008488,"40":0.30878186968838534,"41":0.5240793201133145,"42":0.5297450424929179,"43":0.4107648725212464,"44":0.5439093484419264,"45":0.9943342776203966,"46":0.2776203966005666,"47":0.7393767705382436,"48":0.7308781869688386,"49":0.1699716713881019,"50":0.5127478753541077,"51":0.10481586402266299,"52":0.6317280453257792,"53":0.33711048158640233,"54":0.008498583569405107,"55":0.41926345609065147,"56":1.0,"57":0.6487252124645894,"58":1.0,"59":0.6572237960339945,"60":0.3654390934844194,"61":0.2776203966005666,"62":0.178470254957507,"63":0.18696883852691212,"64":0.34560906515580747,"65":0.6600566572237963,"66":0.3824362606232296,"67":0.7563739376770539,"68":0.35127478753541086,"69":0.6827195467422096,"70":0.2776203966005666,"71":0.2889518413597734,"72":0.12181303116147296,"73":0.26062322946175637,"74":0.4447592067988668,"75":0.2747875354107649,"76":0.13031161473087807,"77":0.24362606232294617,"78":0.2776203966005666,"79":0.6600566572237963,"80":0.42209631728045316,"81":0.18980169971671382,"82":0.016997167138810214,"83":0.14447592067988657,"84":0.6798866855524082,"85":0.26062322946175637,"86":0.46742209631728043,"87":0.07932011331444767,"88":0.0,"89":0.24079320113314448,"90":0.11048158640226614,"91":0.016997167138810214,"92":0.6798866855524082,"93":0.4589235127478753,"94":0.41926345609065147,"95":0.5580736543909349,"96":0.21246458923512743,"97":0.09348441926345619,"98":0.5609065155807366,"99":0.6798866855524082,"100":0.2776203966005666,"101":0.24929178470254956},"ranked":{"88":0.0,"54":0.009900990099009901,"31":0.019801980198019802,"82":0.0297029702970297,"91":0.039603960396039604,"6":0.04950495049504951,"1":0.0594059405940594,"4":0.06930693069306931,"20":0.07920792079207921,"87":0.0891089108910891,"27":0.09900990099009901,"26":0.10891089108910891,"97":0.1188118811881188,"51":0.12871287128712872,"90":0.13861386138613863,"72":0.1485148514851485,"76":0.15841584158415842,"39":0.16831683168316833,"83":0.1782178217821782,"32":0.18811881188118812,"49":0.19801980198019803,"62":0.2079207920792079,"63":0.21782178217821782,"81":0.22772277227722773,"14":0.2376237623762376,"96":0.24752475247524752,"2":0.25742574257425743,"15":0.26732673267326734,"19":0.27722772277227725,"21":0.2871287128712871,"24":0.297029702970297,"18":0.3069306930693069,"89":0.31683168316831684,"77":0.32673267326732675,"101":0.33663366336633666,"7":0.3465346534653465,"73":0.3564356435643564,"85":0.36633663366336633,"30":0.37623762376237624,"16":0.38613861386138615,"37":0.39603960396039606,"5":0.40594059405940597,"75":0.4158415841584158,"46":0.42574257425742573,"61":0.43564356435643564,"70":0.44554455445544555,"78":0.45544554455445546,"100":0.46534653465346537,"71":0.4752475247524752,"40":0.48514851485148514,"34":0.49504950495049505,"53":0.504950495049505,"9":0.5148514851485149,"64":0.5247524752475248,"68":0.5346534653465347,"60":0.5445544554455446,"29":0.5544554455445545,"66":0.5643564356435643,"0":0.5742574257425742,"43":0.5841584158415841,"55":0.594059405940594,"94":0.6039603960396039,"80":0.6138613861386139,"10":0.6237623762376238,"13":0.6336633663366337,"23":0.6435643564356436,"74":0.6534653465346535,"93":0.6633663366336634,"86":0.6732673267326733,"50":0.6831683168316832,"41":0.693069306930693,"42":0.7029702970297029,"44":0.7128712871287128,"95":0.7227722772277227,"98":0.7326732673267327,"22":0.7425742574257426,"3":0.7524752475247525,"35":0.7623762376237624,"52":0.7722772277227723,"33":0.7821782178217822,"57":0.7920792079207921,"59":0.801980198019802,"65":0.8118811881188119,"79":0.8217821782178217,"11":0.8316831683168316,"28":0.8415841584158416,"84":0.8514851485148515,"92":0.8613861386138614,"99":0.8712871287128713,"69":0.8811881188118812,"8":0.8910891089108911,"17":0.900990099009901,"48":0.9108910891089109,"47":0.9207920792079208,"67":0.9306930693069307,"36":0.9405940594059405,"25":0.9504950495049505,"38":0.9603960396039604,"12":0.9702970297029703,"45":0.9801980198019802,"56":0.9900990099009901,"58":1.0}}