{"name":"agd","num_of_nodes":189,"num_of_edges":370,"weight":"value","process_time":0.012213945388793945,"data":{"0":0.7507418397626113,"1":0.4762611275964391,"2":0.5341246290801187,"3":0.5341246290801187,"4":0.48516320474777447,"5":1.0,"6":0.5178041543026706,"7":1.0,"8":0.5311572700296735,"9":0.712166172106825,"10":0.7507418397626113,"11":0.5103857566765578,"12":0.526706231454006,"13":0.48516320474777447,"14":0.6780415430267063,"15":0.7640949554896143,"16":0.7017804154302671,"17":0.5029673590504451,"18":0.8427299703264095,"19":0.5667655786350149,"20":0.7566765578635015,"21":0.6528189910979229,"22":0.6083086053412463,"23":0.927299703264095,"24":0.5029673590504451,"25":1.0,"26":0.6142433234421365,"27":0.7937685459940652,"28":0.5964391691394659,"29":0.6973293768545994,"30":0.7908011869436202,"31":0.6083086053412463,"32":0.5682492581602375,"33":0.48516320474777447,"34":0.44658753709198806,"35":0.927299703264095,"36":0.9124629080118695,"37":0.6780415430267063,"38":0.456973293768546,"39":0.6201780415430268,"40":0.8160237388724035,"41":0.7077151335311573,"42":0.5949554896142434,"43":0.841246290801187,"44":0.5682492581602375,"45":0.6201780415430268,"46":0.7893175074183977,"47":0.8397626112759644,"48":0.6320474777448072,"49":0.6617210682492581,"50":0.4955489614243323,"51":0.7640949554896143,"52":0.755192878338279,"53":0.8397626112759644,"54":0.5014836795252225,"55":0.6765578635014837,"56":0.7729970326409495,"57":0.8323442136498517,"58":0.7640949554896143,"59":0.6661721068249259,"60":0.7581602373887241,"61":0.8189910979228486,"62":0.698813056379822,"63":0.01038575667655787,"64":0.2804154302670623,"65":0.11721068249258158,"66":0.10534124629080119,"67":0.21216617210682487,"68":0.21216617210682487,"69":0.16172106824925814,"70":0.02522255192878338,"71":0.20029673590504452,"72":0.23442136498516322,"73":0.2091988130563798,"74":0.09792284866468841,"75":0.01038575667655787,"76":0.011869436201780416,"77":0.1261127596439169,"78":0.1201780415430267,"79":0.10237388724035609,"80":0.142433234421365,"81":0.034124629080118686,"82":0.1899109792284866,"83":0.15430267062314537,"84":0.014836795252225525,"85":0.16913946587537093,"86":0.004451038575667654,"87":0.11572700296735906,"88":0.0,"89":0.016320474777448073,"90":0.28189910979228483,"91":0.016320474777448073,"92":0.14391691394658754,"93":0.13353115727002968,"94":0.16023738872403562,"95":0.02670623145400594,"96":0.13946587537091987,"97":0.05637982195845696,"98":0.09050445103857567,"99":0.04747774480712166,"100":0.03560830860534125,"101":0.02670623145400594,"102":0.005934718100890216,"103":0.21216617210682487,"104":0.23590504451038574,"105":0.005934718100890216,"106":0.017804154302670617,"107":0.16023738872403562,"108":0.23293768545994062,"109":0.01038575667655787,"110":0.1320474777448071,"111":0.040059347181008904,"112":0.2804154302670623,"113":0.16913946587537093,"114":0.11572700296735906,"115":0.13353115727002968,"116":0.21216617210682487,"117":0.05044510385756677,"118":0.17507418397626112,"119":0.004451038575667654,"120":0.12166172106824924,"121":0.1320474777448071,"122":0.05637982195845696,"123":0.004451038575667654,"124":0.12462908011869436,"125":0.02670623145400594,"126":0.6290801186943621,"127":0.48961424332344217,"128":0.43323442136498513,"129":0.6246290801186943,"130":0.5311572700296735,"131":0.4406528189910979,"132":0.5445103857566765,"133":0.6735905044510386,"134":0.43620178041543023,"135":0.5905044510385756,"136":0.45994065281899105,"137":0.7522255192878339,"138":0.71513353115727,"139":0.43620178041543023,"140":0.5979228486646885,"141":0.4658753709198813,"142":0.5964391691394659,"143":0.4881305637982195,"144":0.5489614243323442,"145":0.5979228486646885,"146":0.543026706231454,"147":0.6735905044510386,"148":0.7077151335311573,"149":0.7077151335311573,"150":0.4910979228486647,"151":0.5192878338278931,"152":0.5905044510385756,"153":0.3635014836795252,"154":0.71513353115727,"155":0.6780415430267063,"156":0.39614243323442133,"157":0.7937685459940652,"158":0.5934718100890207,"159":0.6780415430267063,"160":0.6765578635014837,"161":0.40059347181008903,"162":0.6706231454005934,"163":0.3694362017804154,"164":0.3664688427299703,"165":0.4762611275964391,"166":0.71513353115727,"167":0.4732937685459941,"168":0.7077151335311573,"169":0.4287833827893175,"170":0.4094955489614243,"171":0.49406528189910975,"172":0.7537091988130564,"173":0.3694362017804154,"174":0.5905044510385756,"175":0.5548961424332344,"176":0.6706231454005934,"177":0.5133531157270029,"178":0.043026706231454014,"179":0.3976261127596439,"180":0.38427299703264095,"181":0.5133531157270029,"182":0.6824925816023739,"183":0.5074183976261127,"184":0.5623145400593472,"185":0.4658753709198813,"186":0.49406528189910975,"187":0.755192878338279,"188":0.5207715133531157},"ranked":{"88":0.0,"86":0.005319148936170213,"119":0.010638297872340425,"123":0.015957446808510637,"102":0.02127659574468085,"105":0.026595744680851064,"63":0.031914893617021274,"75":0.03723404255319149,"109":0.0425531914893617,"76":0.047872340425531915,"84":0.05319148936170213,"89":0.05851063829787234,"91":0.06382978723404255,"106":0.06914893617021277,"70":0.07446808510638298,"95":0.0797872340425532,"101":0.0851063829787234,"125":0.09042553191489362,"81":0.09574468085106383,"100":0.10106382978723404,"111":0.10638297872340426,"178":0.11170212765957446,"99":0.11702127659574468,"117":0.12234042553191489,"97":0.1276595744680851,"122":0.13297872340425532,"98":0.13829787234042554,"74":0.14361702127659576,"79":0.14893617021276595,"66":0.15425531914893617,"87":0.1595744680851064,"114":0.16489361702127658,"65":0.1702127659574468,"78":0.17553191489361702,"120":0.18085106382978725,"124":0.18617021276595744,"77":0.19148936170212766,"110":0.19680851063829788,"121":0.20212765957446807,"93":0.2074468085106383,"115":0.2127659574468085,"96":0.21808510638297873,"80":0.22340425531914893,"92":0.22872340425531915,"83":0.23404255319148937,"94":0.2393617021276596,"107":0.24468085106382978,"69":0.25,"85":0.2553191489361702,"113":0.26063829787234044,"118":0.26595744680851063,"82":0.2712765957446808,"71":0.2765957446808511,"73":0.28191489361702127,"67":0.2872340425531915,"68":0.2925531914893617,"103":0.2978723404255319,"116":0.30319148936170215,"108":0.30851063829787234,"72":0.31382978723404253,"104":0.3191489361702128,"64":0.324468085106383,"112":0.32978723404255317,"90":0.3351063829787234,"153":0.3404255319148936,"164":0.34574468085106386,"163":0.35106382978723405,"173":0.35638297872340424,"180":0.3617021276595745,"156":0.3670212765957447,"179":0.3723404255319149,"161":0.3776595744680851,"170":0.3829787234042553,"169":0.3882978723404255,"128":0.39361702127659576,"134":0.39893617021276595,"139":0.40425531914893614,"131":0.4095744680851064,"34":0.4148936170212766,"38":0.42021276595744683,"136":0.425531914893617,"141":0.4308510638297872,"185":0.43617021276595747,"167":0.44148936170212766,"1":0.44680851063829785,"165":0.4521276595744681,"4":0.4574468085106383,"13":0.4627659574468085,"33":0.46808510638297873,"143":0.4734042553191489,"127":0.4787234042553192,"150":0.48404255319148937,"171":0.48936170212765956,"186":0.4946808510638298,"50":0.5,"54":0.5053191489361702,"17":0.5106382978723404,"24":0.5159574468085106,"183":0.5212765957446809,"11":0.526595744680851,"177":0.5319148936170213,"181":0.5372340425531915,"6":0.5425531914893617,"151":0.5478723404255319,"188":0.5531914893617021,"12":0.5585106382978723,"8":0.5638297872340425,"130":0.5691489361702128,"2":0.574468085106383,"3":0.5797872340425532,"146":0.5851063829787234,"132":0.5904255319148937,"144":0.5957446808510638,"175":0.601063829787234,"184":0.6063829787234043,"19":0.6117021276595744,"32":0.6170212765957447,"44":0.6223404255319149,"135":0.6276595744680851,"152":0.6329787234042553,"174":0.6382978723404256,"158":0.6436170212765957,"42":0.648936170212766,"28":0.6542553191489362,"142":0.6595744680851063,"140":0.6648936170212766,"145":0.6702127659574468,"22":0.675531914893617,"31":0.6808510638297872,"26":0.6861702127659575,"39":0.6914893617021277,"45":0.6968085106382979,