{"name":"fiedler","normalized":true,"weight":"value","num_of_nodes":138,"num_of_edges":436,"process_time":0.029330015182495117,"data":{"0":0.029951095631810334,"1":0.13546365216498643,"2":0.15146713360216915,"3":0.08502951892799653,"4":0.11369346347239132,"5":0.08195160065375034,"6":0.06088929425907775,"7":0.103664310575923,"8":0.12675474103388393,"9":0.11093069523394819,"10":0.18643189467542234,"11":0.15394667118183197,"12":0.061777961424905825,"13":0.09921221849297725,"14":0.09764132636149699,"15":0.13814543684623695,"16":0.16800018564598926,"17":0.1033027936647342,"18":0.1254050538877286,"19":0.14373497688637807,"20":0.18416972631356268,"21":0.10734681335251148,"22":0.0809947551976015,"23":0.12540505388972528,"24":0.18180594668955397,"25":0.1358006632291628,"26":0.07524558017561536,"27":0.09707311219819435,"28":0.118162968812034,"29":0.0978093235159759,"30":0.07055554057594032,"31":0.13905138301473752,"32":0.07840191383038635,"33":0.1457095674550813,"34":0.15689964808795842,"35":0.12680824372864477,"36":0.0,"37":0.07786511714892318,"38":0.1364254819243081,"39":0.11183806227957113,"40":0.15131649147836237,"41":0.10209053773850983,"42":0.11240583638351727,"43":0.15221795540567315,"44":0.14049893015482676,"45":0.15858443074884998,"46":0.8966101685361526,"47":0.883716504756147,"48":0.9068240164125214,"49":0.9982738742623838,"50":0.8555804005281451,"51":0.8985546824078109,"52":0.9358166834268262,"53":0.8978604717327857,"54":0.8599152831542778,"55":0.8956369856365828,"56":0.8404939006169029,"57":0.9999067316970068,"58":0.8421997415751704,"59":0.86076281519973,"60":0.902115745489246,"61":0.8725664491191528,"62":0.8513487731101093,"63":0.9342397030298705,"64":0.9127840719703667,"65":0.8555804005325884,"66":0.8838334552827823,"67":0.8725664491110439,"68":0.9439365050596517,"69":0.8838334552805266,"70":0.899093864440457,"71":0.8739829271264297,"72":0.8812758024462191,"73":0.9989665032975706,"74":0.9108708962092693,"75":0.8916575145151042,"76":0.8685275307476685,"77":0.13307756190495887,"78":0.8411618735843611,"79":0.8561951559801368,"80":0.8690533452282372,"81":0.807421375533111,"82":0.8655792921091645,"83":0.9920535881440176,"84":0.8966101685351155,"85":0.9742276777798533,"86":0.8977353319589225,"87":0.917988535731999,"88":0.8436085833566489,"89":1.0,"90":0.8901046561956824,"91":0.8714473750243047,"92":0.3862813495020021,"93":0.8344562659461408,"94":0.9051477428401966,"95":0.8510634464409639,"96":0.7950827204682099,"97":0.34074170571938966,"98":0.38628134949832116,"99":0.7025794909515333,"100":0.6848422958013815,"101":0.142784430939086,"102":0.8002096226372033,"103":0.8647890376918205,"104":0.7845720008250218,"105":0.8360129147204727,"106":0.36029080542785274,"107":0.8104808340987603,"108":0.22324919485225106,"109":0.3164254695960621,"110":0.783441700063481,"111":0.15703391759064092,"112":0.736772957124619,"113":0.7691425777904779,"114":0.7109406244783705,"115":0.3338577079609326,"116":0.2234929462955233,"117":0.8002096226351334,"118":0.7109406244798897,"119":0.3407417057186102,"120":0.6439119801641716,"121":0.7684598736237879,"122":0.7230458398563713,"123":0.8002096226323172,"124":0.6973258205744159,"125":0.6973258205739918,"126":0.3966662314251898,"127":0.7258011330707883,"128":0.8510634464409669,"129":0.44138338406679445,"130":0.8002096226347674,"131":0.6973258205726165,"132":0.859358780740593,"133":0.7994184933425219,"134":0.16492062520628056,"135":0.800209622634773,"136":0.3862813495011585,"137":0.3555414089607604},"ranked":{"36":0.0,"0":0.0072992700729927005,"6":0.014598540145985401,"12":0.021897810218978103,"30":0.029197080291970802,"26":0.0364963503649635,"37":0.043795620437956206,"32":0.051094890510948905,"22":0.058394160583941604,"5":0.06569343065693431,"3":0.072992700729927,"27":0.08029197080291971,"14":0.08759124087591241,"29":0.0948905109489051,"13":0.10218978102189781,"41":0.10948905109489052,"17":0.11678832116788321,"7":0.12408759124087591,"21":0.13138686131386862,"9":0.1386861313868613,"39":0.145985401459854,"42":0.15328467153284672,"4":0.16058394160583941,"28":0.1678832116788321,"18":0.17518248175182483,"23":0.18248175182481752,"8":0.1897810218978102,"35":0.19708029197080293,"77":0.20437956204379562,"1":0.2116788321167883,"25":0.21897810218978103,"38":0.22627737226277372,"15":0.23357664233576642,"31":0.24087591240875914,"44":0.24817518248175183,"101":0.25547445255474455,"19":0.26277372262773724,"33":0.27007299270072993,"40":0.2773722627737226,"2":0.2846715328467153,"43":0.291970802919708,"11":0.29927007299270075,"34":0.30656934306569344,"111":0.31386861313868614,"45":0.32116788321167883,"134":0.3284671532846715,"16":0.3357664233576642,"24":0.34306569343065696,"20":0.35036496350364965,"10":0.35766423357664234,"108":0.36496350364963503,"116":0.3722627737226277,"109":0.3795620437956204,"115":0.38686131386861317,"119":0.39416058394160586,"97":0.40145985401459855,"137":0.40875912408759124,"106":0.41605839416058393,"98":0.4233576642335766,"136":0.4306569343065693,"92":0.43795620437956206,"126":0.44525547445255476,"129":0.45255474452554745,"120":0.45985401459854014,"100":0.46715328467153283,"131":0.4744525547445255,"125":0.48175182481751827,"124":0.48905109489051096,"99":0.49635036496350365,"114":0.5036496350364964,"118":0.5109489051094891,"122":0.5182481751824818,"127":0.5255474452554745,"112":0.5328467153284672,"121":0.5401459854014599,"113":0.5474452554744526,"110":0.5547445255474452,"104":0.5620437956204379,"96":0.5693430656934306,"133":0.5766423357664233,"123":0.583941605839416,"130":0.5912408759124088,"135":0.5985401459854015,"117":0.6058394160583942,"102":0.6131386861313869,"81":0.6204379562043796,"107":0.6277372262773723,"93":0.635036496350365,"105":0.6423357664233577,"56":0.6496350364963503,"78":0.656934306569343,"58":0.6642335766423357,"88":0.6715328467153284,"95":0.6788321167883211,"128":0.6861313868613139,"62":0.6934306569343066,"50":0.7007299270072993,"65":0.708029197080292,"79":0.7153284671532847,"132":0.7226277372262774,"54":0.7299270072992701,"59":0.7372262773722628,"103":0.7445255474452555,"82":0.7518248175182481,"76":0.7591240875912408,"80":0.7664233576642335,"91":0.7737226277372263,"67":0.781021897810219,"61":0.7883211678832117,"71":0.7956204379562044,"72":0.8029197080291971,"47":0.8102189781021898,"69":0.8175182481751825,"66":0.8248175182481752,"90":0.8321167883211679,"75":0.8394160583941606,"55":0.8467153284671532,"84":0.8540145985401459,"46":0.8613138686131386,"86":0.8686131386861314,"53":0.8759124087591241,"51":0.8832116788321168,"70":0.8905109489051095,"60":0.8978102189781022,"94":0.9051094890510949,"48":0.9124087591240876,"74":0.9197080291970803,"64":0.927007299270073,"87":0.9343065693430657,"63":0.9416058394160584,"52":0.948905109489051,"68":0.9562043795620438,"85":0.9635036496350365,"83":0.9708029197080292,"49":0.9781021897810219,"73":0.9854014598540146,"57":0.9927007299270073,"89":1.0}}