{"name":"agd","num_of_nodes":198,"num_of_edges":606,"weight":"value","process_time":0.09297418594360352,"data":{"0":0.10334029227557395,"1":0.4916492693110648,"2":0.2922755741127347,"3":0.10960334029227557,"4":0.23695198329853853,"5":0.9154488517745304,"6":0.46033402922755745,"7":1.0,"8":0.884133611691023,"9":0.04801670146137779,"10":0.05427974947807923,"11":0.1075156576200417,"12":0.38935281837160757,"13":0.3810020876826721,"14":0.9321503131524009,"15":0.04801670146137779,"16":0.6325678496868475,"17":0.07620041753653435,"18":0.3956158663883088,"19":0.0,"20":0.8110647181628393,"21":0.10960334029227557,"22":0.3413361169102296,"23":0.3789144050104382,"24":0.5709812108559498,"25":0.7567849686847601,"26":0.1691022964509393,"27":0.20772442588726503,"28":0.4467640918580376,"29":0.07515657620041741,"30":0.7390396659707725,"31":0.4916492693110648,"32":0.16283924843423786,"33":0.35281837160751556,"34":0.9070981210855952,"35":0.24321503131523997,"36":0.03862212943632555,"37":0.3903966597077245,"38":0.39665970772442577,"39":0.09498956158663883,"40":0.9342379958246348,"41":0.13361169102296439,"42":0.8215031315240082,"43":0.5615866388308977,"44":0.5709812108559498,"45":0.5615866388308977,"46":0.2713987473903967,"47":0.7567849686847601,"48":0.3559498956158663,"49":0.7463465553235907,"50":0.8215031315240082,"51":1.0,"52":0.3413361169102296,"53":0.39352818371607495,"54":0.48851774530271397,"55":0.16075156576200417,"56":0.29331941544885165,"57":0.10542797494780783,"58":0.021920668058455117,"59":0.8215031315240082,"60":0.29958246346555323,"61":0.4561586638830897,"62":0.050104384133611665,"63":0.06993736951983291,"64":0.23799582463465546,"65":0.3048016701461379,"66":0.29123173277661774,"67":0.6283924843423798,"68":0.2066805845511481,"69":0.487473903966597,"70":0.2306889352818371,"71":0.208768267223382,"72":0.38935281837160757,"73":0.1179540709812107,"74":0.12317327766179538,"75":0.3924843423799584,"76":0.1179540709812107,"77":0.3841336116910229,"78":0.08037578288100208,"79":0.2390396659707724,"80":0.6283924843423798,"81":0.13778705636743213,"82":0.21711899791231729,"83":0.028183716075156552,"84":0.25678496868476,"85":0.34655532359081426,"86":0.36116910229645105,"87":0.0991649269311064,"88":0.28079331941544877,"89":0.487473903966597,"90":0.3653444676409184,"91":0.6283924843423798,"92":0.12004175365344458,"93":0.18371607515657623,"94":0.10334029227557395,"95":0.07620041753653435,"96":0.07620041753653435,"97":0.48851774530271397,"98":0.36638830897703534,"99":0.25156576200417524,"100":0.43423799582463474,"101":0.15762004175365338,"102":0.24947807933194158,"103":0.4676409185803756,"104":0.2286012526096032,"105":0.6283924843423798,"106":0.43319415448851784,"107":0.47807933194154495,"108":0.47181628392484337,"109":0.32985386221294366,"110":0.21711899791231729,"111":0.46868475991649255,"112":0.2713987473903967,"113":0.35908141962421714,"114":0.335073068893528,"115":0.028183716075156552,"116":0.1670146137787056,"117":0.3674321503131523,"118":0.20354906054279748,"119":0.2682672233820459,"120":0.0991649269311064,"121":0.49791231732776603,"122":0.36116910229645105,"123":0.34655532359081426,"124":0.2954070981210855,"125":0.38308977035490593,"126":0.13778705636743213,"127":0.42901878914405006,"128":0.4321503131524009,"129":0.25156576200417524,"130":0.27661795407098116,"131":0.38308977035490593,"132":0.12943632567849683,"133":0.21816283924843421,"134":0.1179540709812107,"135":0.2338204592901879,"136":0.2014613778705636,"137":0.3914405010438414,"138":0.5240083507306891,"139":0.12734864300626295,"140":0.3559498956158663,"141":0.3413361169102296,"142":0.23799582463465546,"143":0.32672233820459284,"144":0.6242171189979124,"145":0.2014613778705636,"146":0.19728601252609604,"147":0.29123173277661774,"148":0.5897703549060542,"149":0.3569937369519833,"150":0.40918580375782865,"151":0.14196242171189968,"152":0.7421711899791233,"153":0.1075156576200417,"154":0.208768267223382,"155":0.13465553235908131,"156":0.30167014613778714,"157":0.24947807933194158,"158":0.32985386221294366,"159":0.13465553235908131,"160":0.20981210855949892,"161":0.1670146137787056,"162":0.28601252609603345,"163":0.2818371607515657,"164":0.22129436325678484,"165":0.16283924843423786,"166":0.5052192066805846,"167":0.17536534446764093,"168":0.22338204592901872,"169":0.23799582463465546,"170":0.7421711899791233,"171":0.5156576200417536,"172":0.3110647181628392,"173":0.08037578288100208,"174":0.3674321503131523,"175":0.19937369519832973,"176":0.25156576200417524,"177":0.18684759916492685,"178":0.2630480167014614,"179":0.6847599164926933,"180":0.31941544885177464,"181":0.22129436325678484,"182":0.593945720250522,"183":0.255741127348643,"184":0.7421711899791233,"185":0.1179540709812107,"186":0.3924843423799584,"187":0.42066805845511496,"188":0.20563674321503134,"189":0.1555323590814195,"190":0.41753653444676414,"191":0.4164926931106472,"192":0.61482254697286,"193":0.22338204592901872,"194":0.21920668058455114,"195":0.14091858037578275,"196":0.5417536534446763,"197":0.38622129436325675},"ranked":{"19":0.0,"58":0.005076142131979695,"83":0.01015228426395939,"115":0.015228426395939087,"36":0.02030456852791878,"9":0.025380710659898477,"15":0.030456852791878174,"62":0.03553299492385787,"10":0.04060913705583756,"63":0.04568527918781726,"29":0.050761421319796954,"17":0.05583756345177665,"95":0.06091370558375635,"96":0.06598984771573604,"78":0.07106598984771574,"173":0.07614213197969544,"39":0.08121827411167512,"87":0.08629441624365482,"120":0.09137055837563451,"0":0.09644670050761421,"94":0.10152284263959391,"57":0.1065989847715736,"11":0.1116751269035533,"153":0.116751269035533,"3":0.1218274111675127,"21":0.12690355329949238,"73":0.1319796954314721,"76":0.13705583756345177,"134":0.14213197969543148,"185":0.14720812182741116,"92":0.15228426395939088,"74":0.15736040609137056,"139":0.16243654822335024,"132":0.16751269035532995,"41":0.17258883248730963,"155":0.17766497461928935,"159":0.18274111675126903,"81":0.18781725888324874,"126":0.19289340101522842,"195":0.19796954314720813,"151":0.20304568527918782,"189":0.20812182741116753,"101":0.2131979695431472,"55":0.2182741116751269,"32":0.2233502538071066,"165":0.22842639593908629,"116":0.233502538071066,"161":0.23857868020304568,"26":0.2436548223350254,"167":0.24873096446700507,"93":0.25380710659898476,"177":0.25888324873096447,"146":0.2639593908629442,"175":0.26903553299492383,"136":0.27411167512690354,"145":0.27918781725888325,"118":0.28426395939086296,"188":0.2893401015228426,"68":0.29441624365482233,"27":0.29949238578680204,"71":0.30456852791878175,"154":0.3096446700507614,"160":0.3147208121827411,"82":0.3197969543147208,"110":0.3248730964467005,"133":0.3299492385786802,"194":0.3350253807106599,"164":0.3401015228426396,"181":0.34517766497461927,"168":0.350253807106599,"193":0.3553299492385787,"104":0.3604060913705584,"70":0.36548223350253806,"135":0.37055837563451777,"4":0.3756345177664975,"64":0.38071065989847713,"142":0.38578680203045684,"169":0.39086294416243655,"79":0.39593908629441626,"35":0.4010152284263959,"102":0.40609137055837563,"157":0.41116751269035534,"99":0.41624365482233505,"129":0.4213197969543147,"176":0.4263959390862944,"183":0.43147208121827413,"84":0.4365482233502538,"178":0.4416243654822335,"119":0.4467005076142132,"46":0.4517766497461929,"112":0.45685279187817257,"130":0.4619289340101523,"88":0.467005076142132,"163":0.4720812182741117,"162":0.47715736040609136,"66":0.48223350253807107,"147":0.4873096446700508,"2":0.49238578680203043,"56":0.49746192893401014,"124":0.5025380710659898,"60":0.5076142131979695,"156":0.5126903553299492,"65":0.5177664974619289,"172":0.5228426395939086,"180":0.5279187817258884,"143":0.5329949238578681,"109":0.5380710659898477,"158":0.5431472081218274,"114":0.5482233502538071,"22":0.5532994923857868,"52":0.5583756345177665,"141":0.5634517766497462,"85":0.5685279187817259,"123":0.5736040609137056,"33":0.5786802030456852,"48":0.583756345177665,"140":0.5888324873096447,"149":0.5939086294416244,"113":0.5989847715736041,"86":0.6040609137055838,