{"name":"fiedler","normalized":false,"weight":"value","num_of_nodes":105,"num_of_edges":328,"process_time":0.033754825592041016,"data":{"0":0.3458096235587016,"1":0.36600585842005856,"2":0.3492725118652335,"3":0.347128800063946,"4":0.34641464095107327,"5":0.3544444254515441,"6":0.4029185560677235,"7":0.4414732395432818,"8":0.35051024364492883,"9":0.34573423171719664,"10":0.34809844497189074,"11":0.3482591640108446,"12":0.3463294769233891,"13":0.36598178225391764,"14":0.3378112755837065,"15":0.4029185560677235,"16":0.3745410316541456,"17":0.35113965461463276,"18":0.34543705866107766,"19":0.46542641061878187,"20":0.34561398209704863,"21":0.46542641061878187,"22":0.3412038743515134,"23":0.3463294769233891,"24":0.34561398209704863,"25":0.34994744063686695,"26":0.3457342317171967,"27":0.35587183356585056,"28":0.3455237077276908,"29":0.3473831885021725,"30":0.45228493612365683,"31":0.4337486981749856,"32":0.2681340685451373,"33":0.43777366514877947,"34":0.46938676726311335,"35":0.04710981758655996,"36":0.10123973186173858,"37":0.1096430270451504,"38":0.018607721476917163,"39":0.0,"40":0.11994117870648821,"41":0.10659639209964544,"42":0.020811184227420974,"43":0.014843704816954946,"44":0.010157844994587538,"45":0.04906297241461456,"46":0.09812487647722515,"47":0.029250430636914043,"48":0.12869198266028742,"49":0.002883816441247514,"50":0.11269070802937177,"51":0.014739765319321361,"52":0.013130839686272858,"53":0.12388868611645465,"54":0.09335853843432779,"55":0.0334721333890575,"56":0.08747518680844973,"57":0.11394963688394408,"58":0.0,"59":0.018740859200736183,"60":0.0031527601758256927,"61":0.05440397048136062,"62":0.12241381074859796,"63":0.03319667107611781,"64":0.0014547810020420582,"65":0.0,"66":0.01976182552076051,"67":0.07461290753822458,"68":0.09619953309450388,"69":0.06243128176387418,"70":0.9166147529188767,"71":0.9638161896026615,"72":0.9525935276742901,"73":0.9520648973104003,"74":0.7142115604384324,"75":0.14748811553225313,"76":0.9340347088835507,"77":0.7108294156864139,"78":0.5571852809524244,"79":0.9974697667792941,"80":1.0,"81":0.9727694339919193,"82":0.9974697667792943,"83":0.6888248893250585,"84":0.6945399678237705,"85":0.7257713394027796,"86":0.7344448617859363,"87":1.0,"88":0.9865951973638748,"89":0.9974697667792941,"90":0.15095418974097968,"91":0.9383622293192155,"92":0.9430892630636126,"93":0.9231159819161574,"94":0.9514800279717931,"95":0.9360290144284008,"96":0.9356377968414624,"97":0.9932075000049059,"98":0.9585220447680589,"99":0.9632045442722578,"100":0.9377766242462963,"101":0.9974697667792943,"102":0.7257713394027796,"103":0.8064861981161344,"104":0.9345706165899084},"ranked":{"39":0.0,"58":0.009615384615384616,"65":0.019230769230769232,"64":0.028846153846153848,"49":0.038461538461538464,"60":0.04807692307692308,"44":0.057692307692307696,"52":0.0673076923076923,"51":0.07692307692307693,"43":0.08653846153846154,"38":0.09615384615384616,"59":0.10576923076923077,"66":0.11538461538461539,"42":0.125,"47":0.1346153846153846,"63":0.14423076923076922,"55":0.15384615384615385,"35":0.16346153846153846,"45":0.17307692307692307,"61":0.18269230769230768,"69":0.19230769230769232,"67":0.20192307692307693,"56":0.21153846153846154,"54":0.22115384615384615,"68":0.23076923076923078,"46":0.2403846153846154,"36":0.25,"41":0.25961538461538464,"37":0.2692307692307692,"50":0.27884615384615385,"57":0.28846153846153844,"40":0.2980769230769231,"62":0.3076923076923077,"53":0.3173076923076923,"48":0.3269230769230769,"75":0.33653846153846156,"90":0.34615384615384615,"32":0.3557692307692308,"14":0.36538461538461536,"22":0.375,"18":0.38461538461538464,"28":0.3942307692307692,"20":0.40384615384615385,"24":0.41346153846153844,"9":0.4230769230769231,"26":0.4326923076923077,"0":0.4423076923076923,"12":0.4519230769230769,"23":0.46153846153846156,"4":0.47115384615384615,"3":0.4807692307692308,"29":0.49038461538461536,"10":0.5,"11":0.5096153846153846,"2":0.5192307692307693,"25":0.5288461538461539,"8":0.5384615384615384,"17":0.5480769230769231,"5":0.5576923076923077,"27":0.5673076923076923,"13":0.5769230769230769,"1":0.5865384615384616,"16":0.5961538461538461,"6":0.6057692307692307,"15":0.6153846153846154,"31":0.625,"33":0.6346153846153846,"7":0.6442307692307693,"30":0.6538461538461539,"19":0.6634615384615384,"21":0.6730769230769231,"34":0.6826923076923077,"78":0.6923076923076923,"83":0.7019230769230769,"84":0.7115384615384616,"77":0.7211538461538461,"74":0.7307692307692307,"85":0.7403846153846154,"102":0.75,"86":0.7596153846153846,"103":0.7692307692307693,"70":0.7788461538461539,"93":0.7884615384615384,"76":0.7980769230769231,"104":0.8076923076923077,"96":0.8173076923076923,"95":0.8269230769230769,"100":0.8365384615384616,"91":0.8461538461538461,"92":0.8557692307692307,"94":0.8653846153846154,"73":0.875,"72":0.8846153846153846,"98":0.8942307692307693,"99":0.9038461538461539,"71":0.9134615384615384,"81":0.9230769230769231,"88":0.9326923076923077,"97":0.9423076923076923,"79":0.9519230769230769,"89":0.9615384615384616,"82":0.9711538461538461,"101":0.9807692307692307,"80":0.9903846153846154,"87":1.0}}