{"name":"fiedler","normalized":false,"weight":"value","num_of_nodes":144,"num_of_edges":456,"process_time":0.04293084144592285,"data":{"0":0.12200674959861497,"1":0.09862615451513676,"2":0.002067710015784999,"3":0.03644297455640318,"4":0.0020677100185718276,"5":6.987020995113484e-05,"6":0.0035915373904047915,"7":0.12617254985434045,"8":0.0006039645208921875,"9":0.021742551885868728,"10":0.10383268152993194,"11":0.0030215494562161934,"12":0.11327068600908204,"13":0.10383268152993194,"14":0.10066249786856193,"15":0.11237788292149896,"16":0.025388725597764995,"17":0.001203059095836981,"18":0.1023096857043897,"19":0.09862615451513676,"20":0.10205130127254443,"21":0.09652013289691766,"22":0.022415246323964185,"23":0.025388725597764995,"24":0.02168281464500149,"25":0.10337551987209811,"26":0.12360082912489496,"27":0.10385656413487011,"28":0.12277014821825952,"29":0.007143930063219003,"30":0.12499375224065264,"31":0.10059441768035172,"32":0.0,"33":0.12993735591393255,"34":0.12180126630222789,"35":0.0012030590958369235,"36":0.0035915373904048488,"37":0.024552414849715605,"38":0.12453140974061594,"39":0.014001350550445843,"40":0.033734835489724564,"41":0.11998621395824575,"42":0.13540173543970557,"43":0.0003012643913973608,"44":0.08792138409137151,"45":0.1113032625034514,"46":0.010791868488666489,"47":0.02359063680487595,"48":0.3245414117966822,"49":0.3759528040021141,"50":0.3300547390885853,"51":0.23090589162771277,"52":0.34045385242589105,"53":0.2197414780908738,"54":0.28159214323373766,"55":0.2649248304892462,"56":0.21397442494931895,"57":0.2712656702492729,"58":0.310670486514827,"59":0.2751328513530619,"60":0.8693900083899861,"61":0.17245709469494105,"62":0.22887092375088253,"63":0.28263415694062477,"64":0.43670416028067843,"65":0.28467911179067984,"66":0.17245709469494108,"67":0.27343326265471585,"68":0.257817693457847,"69":0.2198252082277088,"70":0.48428040678590906,"71":0.1960593643345194,"72":0.21710624738985718,"73":0.24736539465848736,"74":0.17154434647782751,"75":0.27528532683906703,"76":0.38252212151407045,"77":0.47922043499036543,"78":0.4250026160834332,"79":0.32624713203000694,"80":0.26711358086118175,"81":0.223444513603222,"82":0.21397442494931895,"83":0.3908076072480665,"84":0.30684510508570884,"85":0.2844044038750471,"86":0.2231897200516088,"87":0.21537440510225278,"88":0.27527005900389556,"89":0.5304077811177736,"90":0.2649405635365297,"91":0.18964538952063634,"92":0.3337818506001009,"93":0.2994671837746604,"94":0.26599015125651376,"95":0.2439928362217414,"96":1.0,"97":0.5782305134896479,"98":0.9638350307564967,"99":0.9749255936351594,"100":0.7912626950370246,"101":0.5487524191939057,"102":0.9822369058486763,"103":0.9500717862427072,"104":0.9302159379227763,"105":0.9987829661482719,"106":0.5582989976700292,"107":0.5594943023063212,"108":0.9987829661482719,"109":0.9640309643045712,"110":0.8675596866818085,"111":0.9914969099337527,"112":0.9652039660582542,"113":0.5568126180059784,"114":0.0016697872819703885,"115":0.8544808702340828,"116":0.0004881644625254017,"117":0.8003110125403147,"118":0.9323299604741406,"119":0.9310498680227062,"120":0.8984275682814157,"121":0.9326830783815373,"122":0.5632189333308555,"123":0.998782966148272,"124":0.998782966148272,"125":0.8326275962758398,"126":0.9227509987262904,"127":0.001669787281970446,"128":0.8807935790334993,"129":0.9749255936351594,"130":0.9373377416300921,"131":0.9967112728688566,"132":0.8177525209532698,"133":0.9326830783815374,"134":0.8683267550029127,"135":0.922106204343006,"136":0.864128262442973,"137":0.5794982998106357,"138":0.7089721813318843,"139":0.8727965626624159,"140":0.5184597210220673,"141":0.5596285198263092,"142":0.9475441671260427,"143":0.7912626950370246},"ranked":{"32":0.0,"5":0.006993006993006993,"43":0.013986013986013986,"116":0.02097902097902098,"8":0.027972027972027972,"35":0.03496503496503497,"17":0.04195804195804196,"114":0.04895104895104895,"127":0.055944055944055944,"2":0.06293706293706294,"4":0.06993006993006994,"11":0.07692307692307693,"6":0.08391608391608392,"36":0.09090909090909091,"29":0.0979020979020979,"46":0.1048951048951049,"39":0.11188811188811189,"24":0.11888111888111888,"9":0.1258741258741259,"22":0.13286713286713286,"47":0.13986013986013987,"37":0.14685314685314685,"16":0.15384615384615385,"23":0.16083916083916083,"40":0.16783216783216784,"3":0.17482517482517482,"44":0.18181818181818182,"21":0.1888111888111888,"1":0.1958041958041958,"19":0.20279720279720279,"31":0.2097902097902098,"14":0.21678321678321677,"20":0.22377622377622378,"18":0.23076923076923078,"25":0.23776223776223776,"10":0.24475524475524477,"13":0.2517482517482518,"27":0.25874125874125875,"45":0.26573426573426573,"15":0.2727272727272727,"12":0.27972027972027974,"41":0.2867132867132867,"34":0.2937062937062937,"0":0.3006993006993007,"28":0.3076923076923077,"26":0.3146853146853147,"38":0.32167832167832167,"30":0.32867132867132864,"7":0.3356643356643357,"33":0.34265734265734266,"42":0.34965034965034963,"74":0.35664335664335667,"61":0.36363636363636365,"66":0.3706293706293706,"91":0.3776223776223776,"71":0.38461538461538464,"56":0.3916083916083916,"82":0.3986013986013986,"87":0.40559440559440557,"72":0.4125874125874126,"53":0.4195804195804196,"69":0.42657342657342656,"86":0.43356643356643354,"81":0.4405594405594406,"62":0.44755244755244755,"51":0.45454545454545453,"95":0.46153846153846156,"73":0.46853146853146854,"68":0.4755244755244755,"55":0.4825174825174825,"90":0.48951048951048953,"94":0.4965034965034965,"80":0.5034965034965035,"57":0.5104895104895105,"67":0.5174825174825175,"59":0.5244755244755245,"88":0.5314685314685315,"75":0.5384615384615384,"54":0.5454545454545454,"63":0.5524475524475524,"85":0.5594405594405595,"65":0.5664335664335665,"93":0.5734265734265734,"84":0.5804195804195804,"58":0.5874125874125874,"48":0.5944055944055944,"79":0.6013986013986014,"50":0.6083916083916084,"92":0.6153846153846154,"52":0.6223776223776224,"49":0.6293706293706294,"76":0.6363636363636364,"83":0.6433566433566433,"78":0.6503496503496503,"64":0.6573426573426573,"77":0.6643356643356644,"70":0.6713286713286714,"140":0.6783216783216783,"89":0.6853146853146853,"101":0.6923076923076923,"113":0.6993006993006993,"106":0.7062937062937062,"107":0.7132867132867133,"141":0.7202797202797203,"122":0.7272727272727273,"97":0.7342657342657343,"137":0.7412587412587412,"138":0.7482517482517482,"143":0.7552447552447552,"100":0.7622377622377622,"117":0.7692307692307693,"132":0.7762237762237763,"125":0.7832167832167832,"115":0.7902097902097902,"136":0.7972027972027972,"110":0.8041958041958042,"134":0.8111888111888111,"60":0.8181818181818182,"139":0.8251748251748252,"128":0.8321678321678322,"120":0.8391608391608392,"135":0.8461538461538461,"126":0.8531468531468531,"104":0.8601398601398601,"119":0.8671328671328671,"118":0.8741258741258742,"121":0.8811188811188811,"133":0.8881118881118881,"130":0.8951048951048951,"142":0.9020979020979021,"103":0.9090909090909091,"98":0.916083916083916,"109":0.9230769230769231,"112":0.9300699300699301,"99":0.9370629370629371,"129":0.9440559440559441,"102":0.951048951048951,"111":0.958041958041958,"131":0.965034965034965,"105":0.972027972027972,"108":0.9790209790209791,"123":0.986013986013986,"124":0.993006993006993,"96":1.0}}