{"name":"fiedler","normalized":true,"weight":"value","num_of_nodes":159,"num_of_edges":514,"process_time":0.041342973709106445,"data":{"0":0.1073888529137155,"1":0.0,"2":0.010105786579381078,"3":0.005405079893639737,"4":0.06718130011742685,"5":0.08513860458754782,"6":0.08454189954924576,"7":0.026315110084075933,"8":0.061642274529830454,"9":0.14212399537552198,"10":0.10454327108406676,"11":0.0905765893877489,"12":0.10696733159644368,"13":0.04556698119888839,"14":0.057588184744553274,"15":0.09180112667104547,"16":0.05519396524215974,"17":0.06886871126438504,"18":0.0935636881637907,"19":0.11441085168571866,"20":0.1298183677677532,"21":0.09358519213988964,"22":0.10727429918587418,"23":0.03223390790320782,"24":0.0387008335129855,"25":0.06831679459433099,"26":0.09180112667146627,"27":0.07328768140930407,"28":0.06781788953250464,"29":0.059294366930445014,"30":0.11828696680414577,"31":0.08513860458804828,"32":0.041961065478878914,"33":0.08665668077308751,"34":0.10766219517307798,"35":0.09468589412052934,"36":0.12507078032081687,"37":0.042200124915261324,"38":0.06894325583166981,"39":0.10231141855066318,"40":0.05409371737899645,"41":0.05597565878753068,"42":0.046830416126975215,"43":0.06543739998666113,"44":0.05657857894198904,"45":0.055193965242527745,"46":0.029862100110749412,"47":0.10065708713169101,"48":0.01880283886102829,"49":0.04167901500374002,"50":0.09086676731840537,"51":0.11080561366653241,"52":0.07940417024833867,"53":0.9440314502287216,"54":0.8268239317104458,"55":0.9456581309858412,"56":0.8806414956628696,"57":0.760151115720243,"58":0.8228614667452571,"59":0.7296037989344077,"60":0.8117986462908512,"61":0.9685957311580033,"62":0.749302202838161,"63":0.7445280565237445,"64":0.803980533587506,"65":0.8071204550613231,"66":0.7832901457163979,"67":0.8705944216836371,"68":0.7445280565245813,"69":0.886265997672645,"70":0.6928069005009437,"71":0.8034802171727591,"72":0.8218137620498391,"73":0.905219327063759,"74":0.8549302509273352,"75":0.6319540603705052,"76":0.8161803785749648,"77":0.8235657291787424,"78":0.8032492272936661,"79":0.7551235413140515,"80":0.7294637266448609,"81":0.7487625811538667,"82":0.846598059123448,"83":0.8729325092455231,"84":0.9087325240519761,"85":0.9102065558516289,"86":0.09864089036195663,"87":0.911455050538619,"88":0.8987333658178545,"89":0.8035851553357084,"90":0.7770287330686265,"91":0.8716558611632036,"92":0.7221010668417848,"93":0.630345382258378,"94":0.7771376838754259,"95":0.8074290972473477,"96":0.04999911817440627,"97":1.0,"98":0.8008836041430645,"99":0.10019787860841407,"100":0.8386997303760678,"101":0.885842503076758,"102":0.8516056090615908,"103":0.8428285203341438,"104":0.8488591051317896,"105":0.8157760564399297,"106":0.15280384608490313,"107":0.18707031066242719,"108":0.1854464776625284,"109":0.30968254478654517,"110":0.1780207268548379,"111":0.1961681301780568,"112":0.1968390032510278,"113":0.16146503605045887,"114":0.132452777082256,"115":0.20264045256282812,"116":0.16699949659439314,"117":0.3667541764102265,"118":0.27106595723708904,"119":0.14725281799270093,"120":0.3627943420010333,"121":0.17400628709892693,"122":0.3377940029709782,"123":0.2735377984349388,"124":0.18565793881094156,"125":0.6416738481974859,"126":0.1255163410508779,"127":0.2977405020246625,"128":0.15828633995822655,"129":0.7957644149233126,"130":0.6233094219917287,"131":0.23274437532154768,"132":0.3399800151495442,"133":0.3616591809241774,"134":0.7067664935023968,"135":0.18544647766137004,"136":0.168204393845078,"137":0.20415064337800415,"138":0.30976588388867604,"139":0.25814715189309684,"140":0.5227831840220775,"141":0.163825048138721,"142":0.30694374014530645,"143":0.18756940997391422,"144":0.15280384608725792,"145":0.3108668131119676,"146":0.17831005677441789,"147":0.4038958595119047,"148":0.5611660155096935,"149":0.25707594813015916,"150":0.168106244105009,"151":0.2776677480428848,"152":0.20841854682219,"153":0.4376967861591705,"154":0.35490514246254645,"155":0.32031221120241327,"156":0.28876070832817374,"157":0.1396379376723423,"158":0.1910813144936007},"ranked":{"1":0.0,"3":0.006329113924050633,"2":0.012658227848101266,"48":0.0189873417721519,"7":0.02531645569620253,"46":0.03164556962025317,"23":0.0379746835443038,"24":0.04430379746835443,"49":0.05063291139240506,"32":0.056962025316455694,"37":0.06329113924050633,"13":0.06962025316455696,"42":0.0759493670886076,"96":0.08227848101265822,"40":0.08860759493670886,"16":0.0949367088607595,"45":0.10126582278481013,"41":0.10759493670886076,"44":0.11392405063291139,"14":0.12025316455696203,"29":0.12658227848101267,"8":0.13291139240506328,"43":0.13924050632911392,"4":0.14556962025316456,"28":0.1518987341772152,"25":0.15822784810126583,"17":0.16455696202531644,"38":0.17088607594936708,"27":0.17721518987341772,"52":0.18354430379746836,"6":0.189873417721519,"5":0.1962025316455696,"31":0.20253164556962025,"33":0.2088607594936709,"11":0.21518987341772153,"50":0.22151898734177214,"15":0.22784810126582278,"26":0.23417721518987342,"18":0.24050632911392406,"21":0.2468354430379747,"35":0.25316455696202533,"86":0.25949367088607594,"99":0.26582278481012656,"47":0.2721518987341772,"39":0.27848101265822783,"10":0.2848101265822785,"12":0.2911392405063291,"22":0.2974683544303797,"0":0.3037974683544304,"34":0.310126582278481,"51":0.31645569620253167,"19":0.3227848101265823,"30":0.3291139240506329,"36":0.33544303797468356,"126":0.34177215189873417,"20":0.34810126582278483,"114":0.35443037974683544,"157":0.36075949367088606,"9":0.3670886075949367,"119":0.37341772151898733,"106":0.379746835443038,"144":0.3860759493670886,"128":0.3924050632911392,"113":0.3987341772151899,"141":0.4050632911392405,"116":0.41139240506329117,"150":0.4177215189873418,"136":0.4240506329113924,"121":0.43037974683544306,"110":0.43670886075949367,"146":0.4430379746835443,"135":0.44936708860759494,"108":0.45569620253164556,"124":0.4620253164556962,"107":0.46835443037974683,"143":0.47468354430379744,"158":0.4810126582278481,"111":0.4873417721518987,"112":0.4936708860759494,"115":0.5,"137":0.5063291139240507,"152":0.5126582278481012,"131":0.5189873417721519,"149":0.5253164556962026,"139":0.5316455696202531,"118":0.5379746835443038,"123":0.5443037974683544,"151":0.5506329113924051,"156":0.5569620253164557,"127":0.5632911392405063,"142":0.569620253164557,"109":0.5759493670886076,"138":0.5822784810126582,"145":0.5886075949367089,"155":0.5949367088607594,"122":0.6012658227848101,"132":0.6075949367088608,"154":0.6139240506329114,"133":0.620253164556962,"120":0.6265822784810127,"117":0.6329113924050633,"147":0.6392405063291139,"153":0.6455696202531646,"140":0.6518987341772152,"148":0.6582278481012658,"130":0.6645569620253164,"93":0.6708860759493671,"75":0.6772151898734177,"125":0.6835443037974683,"70":0.689873417721519,"134":0.6962025316455697,"92":0.7025316455696202,"80":0.7088607594936709,"59":0.7151898734177216,"63":0.7215189873417721,"68":0.7278481012658228,"81":0.7341772151898734,"62":0.740506329113924,"79":0.7468354430379747,"57":0.7531645569620253,"90":0.759493670886076,"94":0.7658227848101266,"66":0.7721518987341772,"129":0.7784810126582279,"98":0.7848101265822784,"78":0.7911392405063291,"71":0.7974683544303798,"89":0.8037974683544303,"64":0.810126582278481,"65":0.8164556962025317,"95":0.8227848101265823,"60":0.8291139240506329,"105":0.8354430379746836,"76":0.8417721518987342,"72":0.8481012658227848,"58":0.8544303797468354,"77":0.8607594936708861,"54":0.8670886075949367,"100":0.8734177215189873,"103":0.879746835443038,"82":0.8860759493670886,"104":0.8924050632911392,"102":0.8987341772151899,"74":0.9050632911392406,"67":0.9113924050632911,"91":0.9177215189873418,"83":0.9240506329113924,"56":0.930379746835443,"101":0.9367088607594937,"69":0.9430379746835443,"88":0.9493670886075949,"73":0.9556962025316456,"84":0.9620253164556962,"85":0.9683544303797469,"87":0.9746835443037974,"53":0.9810126582278481,"55":0.9873417721518988,"61":0.9936708860759493,"97":1.0}}