{"name":"density","eps":0.5,"weight":"value","num_of_nodes":186,"num_of_edges":359,"process_time":0.023214101791381836,"data":{"0":0.2512363603785282,"1":0.25123633231437587,"2":0.0030910307433864186,"3":0.49999998596794715,"4":0.7493817391262164,"5":0.2524727277730945,"6":0.5018545089954694,"7":0.0018545510918377428,"8":0.5024726926928341,"9":0.49999998596794715,"10":0.0018546633487968272,"11":0.0030910026790475285,"12":0.5006182538580021,"13":0.2524727558373867,"14":0.0012364235230574725,"15":0.25123644457121835,"16":0.0030909746148252487,"17":0.5012362972339989,"18":0.0030910026790708506,"19":0.2506181486170578,"20":0.0018545510919077094,"21":0.002472762853331496,"22":0.7487636115573428,"23":0.0018545791561299888,"24":0.0037091863765289015,"25":0.0024728189817294103,"26":0.2530909956630561,"27":0.001854719477218064,"28":0.0018545791560600224,"29":0.2518546843968644,"30":0.49999998596797046,"31":0.0012364515873497185,"32":0.0018545791560600224,"33":0.25309079921331357,"34":0.0030909746148019266,"35":0.4993818303349213,"36":0.25123655682810747,"37":0.2537090671034151,"38":0.5006181696651953,"39":0.251236444571265,"40":0.25309102372716175,"41":0.0006182398257626768,"42":0.5030908483258133,"43":0.0018545230276387856,"44":0.0018546072203989125,"45":0.25185454407568303,"46":0.5030908202616377,"47":0.2512363884428204,"48":0.0018545791560367001,"49":0.0018547194772647083,"50":0.2500000491124298,"51":0.25061820474550234,"52":0.0018546072203989125,"53":0.2500000491124298,"54":0.25185462826860644,"55":0.001854719477218064,"56":0.0037091863763190017,"57":0.25061820474550234,"58":0.2506181766813267,"59":0.0018545791560600224,"60":0.001236479651571998,"61":0.003090890422205055,"62":0.0012364235229875061,"63":0.001854747541393699,"64":0.5006180574082363,"65":0.5012362411054844,"66":0.0,"67":0.003090946550672936,"68":0.0024727909176237416,"69":2.8064268923783435e-08,"70":0.2512363884427971,"71":0.2512364165070194,"72":0.002472818981799377,"73":0.7499998666949034,"74":0.0018546072203755905,"75":0.25247264358035765,"76":0.003090862357912809,"77":0.0018545510918144207,"78":0.0012363954587419044,"79":0.2500000491124298,"80":0.004945441513879542,"81":0.25000010524092103,"82":0.24938183735093605,"83":0.7493816829976785,"84":0.25000010524092103,"85":0.2518546002043142,"86":0.003709074119453206,"87":0.0,"88":0.24938183735093605,"89":0.0006182959542305579,"90":2.8064268923783435e-08,"91":1.0,"92":0.2549453783693503,"93":0.2500000491124298,"94":0.24876362558941897,"95":0.4993818583990736,"96":0.0006182398258559655,"97":5.612853784756687e-08,"98":0.24876362558941897,"99":0.5012362691696833,"100":0.5006180574082596,"101":0.000618267889938312,"102":0.2506182047455723,"103":0.501236409490888,"104":0.0018547475414170211,"105":0.0018545791561533108,"106":0.000618267889938312,"107":0.2524727277730711,"108":0.001854523027545497,"109":0.25185471246115665,"110":0.5012363533624667,"111":0.0012365077156310223,"112":0.002472818981799377,"113":0.0012363954587419044,"114":0.000618267889938312,"115":0.001854523027708752,"116":5.612853784756687e-08,"117":0.24876362558941897,"118":0.5012363252982912,"119":0.0024727909176237416,"120":0.004327285880923637,"121":0.500618169665102,"122":0.49938177420638347,"123":0.003090918486264079,"124":0.2524726997087789,"125":0.0006182959543238466,"126":0.0037090460552309267,"127":5.612858449188656e-08,"128":0.0018545791560367001,"129":0.002472762853331496,"130":0.25000010524089766,"131":0.2524727558371535,"132":0.2524727277730245,"133":0.5030907360689009,"134":0.751236234089423,"135":0.2518546563327121,"136":0.2530908834059571,"137":0.0018546072202356575,"138":5.612858449188656e-08,"139":0.25061817668128006,"140":0.5018544248028258,"141":0.00309091848638069,"142":0.2524726716445333,"143":0.0006182959543238466,"144":0.49999998596799383,"145":0.0030908904221117663,"146":0.0049453573212360265,"147":0.7506180503922915,"148":0.5012364094909346,"149":0.0018546072203056239,"150":0.7499999228234412,"151":0.251236416507136,"152":0.0012364796514787093,"153":0.2524728961584048,"154":5.612858449188656e-08,"155":0.25370912323174305,"156":0.0018546072202823018,"157":0.25123638844270385,"158":0.501854537059645,"159":0.5006181416009964,"160":5.612858449188656e-08,"161":0.2512363323143992,"162":0.003090946550533003,"163":0.5012362972340689,"164":0.0006182959543238466,"165":0.751236374410581,"166":0.0018546352845745476,"167":0.0012364796514787093,"168":0.25123636037857483,"169":5.612858449188656e-08,"170":0.5024726926926941,"171":0.5012362972340222,"172":0.25370906710325186,"173":0.7506181065206894,"174":0.751236234089423,"175":0.25061831700232146,"176":0.7518544177866945,"177":0.49999998596799383,"178":0.5012363533624901,"179":0.5024726926926708,"180":5.612858449188656e-08,"181":0.2524727558372701,"182":0.005563625211081049,"183":0.0037091863763656463,"184":0.251236416507136,"185":0.25000010524089766},"ranked":{"66":0.0,"87":0.005405405405405406,"69":0.010810810810810811,"90":0.016216216216216217,"97":0.021621621621621623,"116":0.02702702702702703,"127":0.032432432432432434,"138":0.03783783783783784,"154":0.043243243243243246,"160":0.04864864864864865,"169":0.05405405405405406,"180":0.05945945945945946,"41":0.06486486486486487,"96":0.07027027027027027,"101":0.07567567567567568,"106":0.08108108108108109,"114":0.08648648648648649,"89":0.0918918918918919,"125":0.0972972972972973,"143":0.10270270270270271,"164":0.10810810810810811,"78":0.11351351351351352,"113":0.11891891891891893,"62":0.12432432432432433,"14":0.12972972972972974,"31":0.13513513513513514,"152":0.14054054054054055,"167":0.14594594594594595,"60":0.15135135135135136,"111":0.15675675675675677,"108":0.16216216216216217,"43":0.16756756756756758,"115":0.17297297297297298,"77":0.1783783783783784,"7":0.1837837837837838,"20":0.1891891891891892,"48":0.1945945945945946,"128":0.2,"28":0.20540540540540542,"32":0.21081081081081082,"59":0.21621621621621623,"23":0.22162162162162163,"105":0.22702702702702704,"137":0.23243243243243245,"156":0.23783783783783785,"149":0.24324324324324326,"74":0.24864864864864866,"44":0.25405405405405407,"52":0.2594594594594595,"166":0.2648648648648649,"10":0.2702702702702703,"27":0.2756756756756757,"55":0.2810810810810811,"49":0.2864864864864865,"63":0.2918918918918919,"104":0.2972972972972973,"21":0.3027027027027027,"129":0.3081081081081081,"68":0.31351351351351353,"119":0.31891891891891894,"25":0.32432432432432434,"72":0.32972972972972975,"112":0.33513513513513515,"76":0.34054054054054056,"145":0.34594594594594597,"61":0.35135135135135137,"123":0.3567567567567568,"141":0.3621621621621622,"162":0.3675675675675676,"67":0.372972972972973,"34":0.3783783783783784,"16":0.3837837837837838,"11":0.3891891891891892,"18":0.3945945945945946,"2":0.4,"126":0.40540540540540543,"86":0.41081081081081083,"56":0.41621621621621624,"183":0.42162162162162165,"24":0.42702702702702705,"120":0.43243243243243246,"146":0.43783783783783786,"80":0.44324324324324327,"182":0.4486486486486487,"94":0.4540540540540541,"98":0.4594594594594595,"117":0.4648648648648649,"82":0.4702702702702703,"88":0.4756756756756757,"50":0.4810810810810811,"53":0.4864864864864865,"79":0.4918918918918919,"93":0.4972972972972973,"130":0.5027027027027027,"185":0.5081081081081081,"81":0.5135135135135135,"84":0.518918918918919,"19":0.5243243243243243,"139":0.5297297297297298,"58":0.5351351351351351,"51":0.5405405405405406,"57":0.5459459459459459,"102":0.5513513513513514,"175":0.5567567567567567,"1":0.5621621621621622,"161":0.5675675675675675,"0":0.572972972972973,"168":0.5783783783783784,"157":0.5837837837837838,"70":0.5891891891891892,"47":0.5945945945945946,"71":0.6,"151":0.6054054054054054,"184":0.6108108108108108,"15":0.6162162162162163,"39":0.6216216216216216,"36":0.6270270270270271,"45":0.6324324324324324,"85":0.6378378378378379,"54":0.6432432432432432,"135":0.6486486486486487,"29":0.654054054054054,"109":0.6594594594594595,"75":0.6648648648648648,"142":0.6702702702702703,"124":0.6756756756756757,"132":0.6810810810810811,