{"name":"pagerank","alpha":0.85,"weight":"value","num_of_nodes":183,"num_of_edges":355,"process_time":0.046293020248413086,"data":{"0":0.04656425851652499,"1":0.014316495203893923,"2":0.3148550218540861,"3":0.1108279594322106,"4":0.04656425851652499,"5":0.4260019203249522,"6":0.30285979707461796,"7":0.3722782772853216,"8":0.4111006707050847,"9":0.03667309221214147,"10":0.08649093659345311,"11":0.1005386671599902,"12":0.5481823961126011,"13":0.23746422577826157,"14":0.2490045951064434,"15":0.08597622988200598,"16":0.46268303596898075,"17":0.07329724604776329,"18":0.045171542365960465,"19":0.018315965566893067,"20":0.2610631700146983,"21":0.07061758589565116,"22":0.255841745413658,"23":0.21955333670016988,"24":0.37717059343106324,"25":0.11300629490728253,"26":0.34815940503416637,"27":0.21955333670016988,"28":0.29479187941534674,"29":0.23746422577826157,"30":0.4782256961136845,"31":0.09317235918618959,"32":0.2748626178497446,"33":0.2003164861103659,"34":0.07811214548764607,"35":0.4600211363123628,"36":0.05777979914059387,"37":0.10891294120591848,"38":0.0673210911076447,"39":0.08727002341700735,"40":0.34815940503416637,"41":0.1005386671599902,"42":0.34815940503416637,"43":0.09130484930402892,"44":0.28182412239136473,"45":1.0,"46":0.19915564306016664,"47":0.2557640029072143,"48":0.053478892894119764,"49":0.19105508111174266,"50":0.681194291009213,"51":0.2765112623112786,"52":0.3672921654753765,"53":0.21955333670016988,"54":0.08727002341700735,"55":0.07548137783233681,"56":0.12047020142927298,"57":0.07444947581553346,"58":0.0321475718484131,"59":0.10053866715999032,"60":0.21955333670016988,"61":0.4518341684314151,"62":0.011263223921788702,"63":0.23821243693452349,"64":0.06047460754324793,"65":0.0874552769090653,"66":0.40415284388519884,"67":0.5989599784510464,"68":0.38836367956834494,"69":0.19114762519895045,"70":0.3776680594994825,"71":0.08079632594412815,"72":0.061209022506367845,"73":0.10109207153516098,"74":0.4546906792015711,"75":0.3976793702927636,"76":0.07111295043994494,"77":0.10867583859194825,"78":0.26055614770717905,"79":0.25398927086136125,"80":0.28832151258194505,"81":0.23567087500966183,"82":0.4519842207956808,"83":0.2632161819646474,"84":0.13321454200463134,"85":0.055550669062540976,"86":0.4382514464048948,"87":0.23929437935360198,"88":0.21665153488269154,"89":0.04890481758406893,"90":0.0766348759861195,"91":0.0689769503135915,"92":0.20710266978089398,"93":0.19641120219101973,"94":0.5373127157611783,"95":0.42696306385407695,"96":0.06805421746626467,"97":0.044410661298845494,"98":0.23679422369817324,"99":0.061209022506367845,"100":0.252428951311731,"101":0.40425860749235826,"102":0.21748255097438868,"103":0.10109207153516098,"104":0.08206732547129418,"105":0.37791192314026717,"106":0.05689280898336075,"107":0.040949692557505156,"108":0.0518686441015848,"109":0.263177815059667,"110":0.23821243693452349,"111":0.02781209487656281,"112":0.5528965320930991,"113":0.42048222573418276,"114":0.043439739196287755,"115":0.13274572597468218,"116":0.010680540407714274,"117":0.21623151690844705,"118":0.13274572597468218,"119":0.3813523440522953,"120":0.2812650608599035,"121":0.31624964101193653,"122":0.22403650496949037,"123":0.18567128500531588,"124":0.4486785608492449,"125":0.6965848254115234,"126":0.1551146736672558,"127":0.05776753163953498,"128":0.0923105212273465,"129":0.242927829951901,"130":0.01572424735450783,"131":0.007964456879459483,"132":0.08795325119525013,"133":0.3377082853337114,"134":0.007964456879459483,"135":0.06493176720082486,"136":0.14971533781139526,"137":0.36000344161412523,"138":0.24075956374353966,"139":0.07907388244815361,"140":0.26472942698322655,"141":0.07588224391008122,"142":0.0349399823232022,"143":0.3065014946045431,"144":0.07144978300122447,"145":0.0977244672005268,"146":0.22403650496949037,"147":0.2600326431225955,"148":0.047683795015651974,"149":0.04345711059741675,"150":0.18796237379796651,"151":0.24990415819284145,"152":0.047683795015651974,"153":0.160622944865514,"154":0.3458231703970284,"155":0.41296325571780707,"156":0.2531686026938025,"157":0.057286731991747844,"158":0.24990415819284145,"159":0.29312361142623555,"160":0.49506905018095154,"161":0.057286731991747844,"162":0.44010302613530433,"163":0.24990415819284145,"164":0.0,"165":0.6064147058811729,"166":0.27285737809005217,"167":0.2240611234783341,"168":0.18796237379796651,"169":0.028591108573458795,"170":0.44306313388386476,"171":0.19625292303983208,"172":0.6218551214459256,"173":0.32220319567216726,"174":0.07044263075906738,"175":0.292677279369609,"176":0.27819963140685466,"177":0.09039267657087102,"178":0.47222280780741155,"179":0.06530816559409099,"180":0.44483844419457036,"181":0.2027353837947097,"182":0.0632573149677647},"ranked":{"164":0.0,"131":0.005494505494505495,"134":0.01098901098901099,"116":0.016483516483516484,"62":0.02197802197802198,"1":0.027472527472527472,"130":0.03296703296703297,"19":0.038461538461538464,"111":0.04395604395604396,"169":0.04945054945054945,"58":0.054945054945054944,"142":0.06043956043956044,"9":0.06593406593406594,"107":0.07142857142857142,"114":0.07692307692307693,"149":0.08241758241758242,"97":0.08791208791208792,"18":0.09340659340659341,"0":0.0989010989010989,"4":0.1043956043956044,"148":0.10989010989010989,"152":0.11538461538461539,"89":0.12087912087912088,"108":0.12637362637362637,"48":0.13186813186813187,"85":0.13736263736263737,"106":0.14285714285714285,"157":0.14835164835164835,"161":0.15384615384615385,"127":0.15934065934065933,"36":0.16483516483516483,"64":0.17032967032967034,"72":0.17582417582417584,"99":0.1813186813186813,"182":0.18681318681318682,"135":0.19230769230769232,"179":0.1978021978021978,"38":0.2032967032967033,"96":0.2087912087912088,"91":0.21428571428571427,"174":0.21978021978021978,"21":0.22527472527472528,"76":0.23076923076923078,"144":0.23626373626373626,"17":0.24175824175824176,"57":0.24725274725274726,"55":0.25274725274725274,"141":0.25824175824175827,"90":0.26373626373626374,"34":0.2692307692307692,"139":0.27472527472527475,"71":0.2802197802197802,"104":0.2857142857142857,"15":0.29120879120879123,"10":0.2967032967032967,"39":0.3021978021978022,"54":0.3076923076923077,"65":0.3131868131868132,"132":0.31868131868131866,"177":0.3241758241758242,"43":0.32967032967032966,"128":0.33516483516483514,"31":0.34065934065934067,"145":0.34615384615384615,"11":0.3516483516483517,"41":0.35714285714285715,"59":0.3626373626373626,"73":0.36813186813186816,"103":0.37362637362637363,"77":0.3791208791208791,"37":0.38461538461538464,"3":0.3901098901098901,"25":0.3956043956043956,"56":0.4010989010989011,"115":0.4065934065934066,"118":0.41208791208791207,"84":0.4175824175824176,"136":0.4230769230769231,"126":0.42857142857142855,"153":0.4340659340659341,"123":0.43956043956043955,"150":0.44505494505494503,"168":0.45054945054945056,"49":0.45604395604395603,"69":0.46153846153846156,"171":0.46703296703296704,"93":0.4725274725274725,"46":0.47802197802197804,"33":0.4835164835164835,"181":0.489010989010989,"92":0.4945054945054945,"117":0.5,"88":0.5054945054945055,"102":0.510989010989011,"23":0.5164835164835165,"27":0.521978021978022,"53":0.5274725274725275,"60":0.532967032967033,"122":0.5384615384615384,"146":0.5439560439560439,"167":0.5494505494505495,"81":0.554945054945055,"98":0.5604395604395604,"13":0.5659340659340659,"29":0.5714285714285714,"63":0.5769230769230769,"110":0.5824175824175825,"87":0.5879120879120879,"138":0.5934065934065934,"129":0.5989010989010989,"14":0.6043956043956044,"151":0.6098901098901099,"158":0.6153846153846154,"163":0.6208791208791209,"100":0.6263736263736264,"156":0.6318681318681318,"79":0.6373626373626373,"47":0.6428571428571429,"22":0.6483516483516484,"147":0.6538461538461539,"78":0.6593406593406593,"20":0.6648351648351648,"109":0.6703296703296703,"83":0.6758241758241759,"140":0.6813186813186813,"166":0.6868131868131868,"32":0.6923076923076923,"51":0.6978021978021978,"176":0.7032967032967034,"120":0.7087912087912088,"44":0.7142857142857143,"80":0.7197802197802198,"175":0.7252747252747253,