{"name":"density","eps":0.5,"weight":"value","num_of_nodes":102,"num_of_edges":316,"process_time":0.029649972915649414,"data":{"0":0.0037044391906320496,"1":0.5006175466799193,"2":0.7490741845132588,"3":0.25401328260465034,"4":0.7484565957889654,"5":0.0030872989399489525,"6":0.0024700185415212953,"7":0.2527786937776591,"8":0.0018523737582450044,"9":0.2509262639605399,"10":0.25092629199020994,"11":0.0006175326648756611,"12":0.0037043831314317347,"13":0.0030872148511018934,"14":0.5006175466799193,"15":0.25463078723978605,"16":0.5018524438321162,"17":0.2515437405660755,"18":0.0006174485761450689,"19":0.5037045092646897,"20":0.25216096490560563,"21":0.498147948582214,"22":0.2509262639605399,"23":0.2515437405660755,"24":0.5018524158025162,"25":0.00370469145684712,"26":0.002470046570958399,"27":0.24907405837984925,"28":0.2558655162146383,"29":0.00370469145684712,"30":0.25277832939295025,"31":0.2546308432989864,"32":0.5006176587982734,"33":0.25339577796907203,"34":0.25339569388055105,"35":0.003704551309009386,"36":0.7509262219160869,"37":0.25154357238873076,"38":0.9993827196016491,"39":0.9987653270846337,"40":0.001234841093089823,"41":0.0006174766056986396,"42":0.25339574993970476,"43":0.9981479625970533,"44":1.0,"45":0.502469668171693,"46":0.5006174625909092,"47":0.7496913247636758,"48":0.0006174766056986396,"49":0.7496914088525736,"50":0.5012349672263477,"51":0.7496914649116807,"52":0.0037046353977865654,"53":0.9981479625970533,"54":0.5012347990487002,"55":0.5018522195955246,"56":0.500000042044341,"57":0.9993827476310605,"58":0.004939364372405878,"59":0.999382607483032,"60":0.005556532652712426,"61":0.002469682186319406,"62":0.0006174766056986396,"63":0.0061741774360818905,"64":0.7490740723946889,"65":0.0030872148511717737,"66":0.00432191579633069,"67":0.0037044111609620123,"68":0.0,"69":0.7484567359370177,"70":0.00246971021603603,"71":0.2496913387785797,"72":0.00555700915589181,"73":5.605931678175964e-08,"74":0.0,"75":0.2496914789265805,"76":0.500617518650226,"77":0.2484565257149736,"78":0.0030872148511717737,"79":0.2540133666932877,"80":0.003087242880888398,"81":0.7472217546959221,"82":0.006174233495189032,"83":0.00370455130924232,"84":0.7472217546959221,"85":0.2509263480492472,"86":0.5000002662812121,"87":0.2490739742912584,"88":0.2496914789265805,"89":0.4987652289809445,"90":0.004322055944378064,"91":0.00246982233436678,"92":0.004939364372568931,"93":0.2490739742912584,"94":0.002469654156812422,"95":0.7521611751275104,"96":0.0024697662750732914,"97":0.500617518650226,"98":0.004321831707716564,"99":0.25216110505353656,"100":0.004322112003461912,"101":0.2521611330832765},"ranked":{"68":0.0,"74":0.009900990099009901,"73":0.019801980198019802,"18":0.0297029702970297,"41":0.039603960396039604,"48":0.04950495049504951,"62":0.0594059405940594,"11":0.06930693069306931,"40":0.07920792079207921,"8":0.0891089108910891,"94":0.09900990099009901,"61":0.10891089108910891,"70":0.1188118811881188,"96":0.12871287128712872,"91":0.13861386138613863,"6":0.1485148514851485,"26":0.15841584158415842,"13":0.16831683168316833,"65":0.1782178217821782,"78":0.18811881188118812,"80":0.19801980198019803,"5":0.2079207920792079,"12":0.21782178217821782,"67":0.22772277227722773,"0":0.2376237623762376,"35":0.24752475247524752,"83":0.25742574257425743,"52":0.26732673267326734,"25":0.27722772277227725,"29":0.2871287128712871,"98":0.297029702970297,"66":0.3069306930693069,"90":0.31683168316831684,"100":0.32673267326732675,"58":0.33663366336633666,"92":0.3465346534653465,"60":0.3564356435643564,"72":0.36633663366336633,"63":0.37623762376237624,"82":0.38613861386138615,"77":0.39603960396039606,"87":0.40594059405940597,"93":0.4158415841584158,"27":0.42574257425742573,"71":0.43564356435643564,"75":0.44554455445544555,"88":0.45544554455445546,"9":0.46534653465346537,"22":0.4752475247524752,"10":0.48514851485148514,"85":0.49504950495049505,"37":0.504950495049505,"17":0.5148514851485149,"23":0.5247524752475248,"20":0.5346534653465347,"99":0.5445544554455446,"101":0.5544554455445545,"30":0.5643564356435643,"7":0.5742574257425742,"34":0.5841584158415841,"42":0.594059405940594,"33":0.6039603960396039,"3":0.6138613861386139,"79":0.6237623762376238,"15":0.6336633663366337,"31":0.6435643564356436,"28":0.6534653465346535,"21":0.6633663366336634,"89":0.6732673267326733,"56":0.6831683168316832,"86":0.693069306930693,"46":0.7029702970297029,"76":0.7128712871287128,"97":0.7227722772277227,"1":0.7326732673267327,"14":0.7425742574257426,"32":0.7524752475247525,"54":0.7623762376237624,"50":0.7722772277227723,"55":0.7821782178217822,"24":0.7920792079207921,"16":0.801980198019802,"45":0.8118811881188119,"19":0.8217821782178217,"81":0.8316831683168316,"84":0.8415841584158416,"4":0.8514851485148515,"69":0.8613861386138614,"64":0.8712871287128713,"2":0.8811881188118812,"47":0.8910891089108911,"49":0.900990099009901,"51":0.9108910891089109,"36":0.9207920792079208,"95":0.9306930693069307,"43":0.9405940594059405,"53":0.9504950495049505,"39":0.9603960396039604,"59":0.9702970297029703,"38":0.9801980198019802,"57":0.9900990099009901,"44":1.0}}