{"name":"density","eps":0.5,"weight":"value","num_of_nodes":159,"num_of_edges":306,"process_time":0.014211177825927734,"data":{"0":0.0016444614385453652,"1":0.3349778072139796,"2":0.9983555758885018,"3":0.0032888482231205472,"4":0.33251117104660816,"5":0.0024666734941083653,"6":0.0024666734939842875,"7":0.3325112083732831,"8":0.004111097605513541,"9":0.3358001685762732,"10":0.9983555758885018,"11":0.3341555205046635,"12":0.3341556324849054,"13":0.3341555951579823,"14":0.33333330844897646,"15":0.0016444614382041505,"16":0.0024666361673404105,"17":0.00246663616737143,"18":0.003288773569832794,"19":0.6650222674397734,"20":0.3382663194967159,"21":0.3349777698871186,"22":0.6674889782604637,"23":0.6658445914756403,"24":0.004110873645402124,"25":0.003288773569739735,"26":0.0032888108964456513,"27":0.997533625119694,"28":0.003288848223213606,"29":0.33333338310226424,"30":0.33497773256053676,"31":0.0024667481474271386,"32":0.005755447063724023,"33":0.3349777698871806,"34":0.33415574446474394,"35":0.3349777698872116,"36":0.003288848223213606,"37":0.9967113010838272,"38":0.004933160354718171,"39":0.0016444241116223128,"40":0.001644498765127203,"41":0.0008222867092540076,"42":0.3333334950825681,"43":0.3349778072139796,"44":0.6658445168221975,"45":0.0024665615140216372,"46":0.003288773569770755,"47":0.0024665241873157214,"48":0.0016443867849474164,"49":0.0024665988406034752,"50":0.005755335083668314,"51":0.6658445168222284,"52":0.0016444614382041505,"53":0.0024666361673404105,"54":0.3325110963931343,"55":0.6699554651209184,"56":0.0032886989163279034,"57":0.0016443867849474164,"58":0.3349777325604747,"59":0.005755484390367899,"60":0.0049331603545940935,"61":0.0008222867092540076,"62":0.0032888855497954436,"63":0.33579994461616175,"64":0.6674889036070208,"65":0.334155744464775,"66":0.3341554831780817,"67":0.3349778818672363,"68":0.004111060278931704,"69":0.0008222867092540076,"70":0.33579983263623014,"71":0.3357999819429297,"72":0.3333333457755893,"73":0.6666668035312654,"74":0.0024666361673404105,"75":0.3333334577557381,"76":0.004933160354501034,"77":0.6666667288778225,"78":0.6666667288778846,"79":0.002466673494077346,"80":0.6642000553839623,"81":0.3382664314766785,"82":0.6699553904674135,"83":0.9958890517013101,"84":0.001644386784916397,"85":0.004933048374569404,"86":0.0016443494581794616,"87":0.6666667662045904,"88":0.0016444987650341444,"89":1.0,"90":0.0024667481473650997,"91":0.0032888482231205472,"92":0.6683111156627389,"93":0.3358000192696046,"94":0.003288810896383612,"95":0.9967113010837961,"96":0.665844666128897,"97":0.002466636167464489,"98":0.003288810896383612,"99":0.3325110963931343,"100":0.3325110963931343,"101":0.0024665615140216372,"102":0.0,"103":0.001644386784916397,"104":0.3325111337198402,"105":0.3341557071381311,"106":0.002466636167309391,"107":0.6683111529894138,"108":0.9967112264304464,"109":0.0016443867848543578,"110":0.6683111529894138,"111":0.002466636167309391,"112":0.0024668228007769313,"113":0.003288661589653007,"114":0.002466636167464489,"115":0.0024666361675265277,"116":0.6658444421687857,"117":0.3341556324848433,"118":0.6658444421687857,"119":0.0024665988406965336,"120":0.004111097605513541,"121":0.3341555578313074,"122":0.0016443867849784358,"123":0.9967112264304464,"124":0.33333342042900116,"125":0.6650224167465351,"126":0.33579994461631685,"127":0.003288848223151567,"128":0.33333338310232624,"129":0.9983556505419136,"130":0.0024666361675885666,"131":0.0024666361674334693,"132":0.9983557625220314,"133":0.0032889602031452364,"134":0.6691333650451319,"135":0.003288848223089528,"136":0.0016445360916470017,"137":0.0024666361675265277,"138":0.6666667288778535,"139":0.002466636167464489,"140":0.0032886989163589233,"141":0.005755335083544236,"142":0.0032889602031452364,"143":0.3382664688034775,"144":0.33579998194299177,"145":0.3382665061301834,"146":0.3333334204292493,"147":0.6666667288779466,"148":0.6658444794954295,"149":0.0024665988406965336,"150":0.997533662446276,"151":0.664200167363987,"152":0.002466636167464489,"153":0.6650223420931543,"154":0.003288736243126878,"155":0.6650224540731169,"156":0.6658445914753922,"157":0.33497780721376247,"158":0.003288736243064839},"ranked":{"102":0.0,"41":0.006329113924050633,"61":0.012658227848101266,"69":0.0189873417721519,"86":0.02531645569620253,"109":0.03164556962025317,"84":0.0379746835443038,"103":0.04430379746835443,"48":0.05063291139240506,"57":0.056962025316455694,"122":0.06329113924050633,"39":0.06962025316455696,"15":0.0759493670886076,"52":0.08227848101265822,"0":0.08860759493670886,"88":0.0949367088607595,"40":0.10126582278481013,"136":0.10759493670886076,"47":0.11392405063291139,"45":0.12025316455696203,"101":0.12658227848101267,"49":0.13291139240506328,"119":0.13924050632911392,"149":0.14556962025316456,"106":0.1518987341772152,"111":0.15822784810126583,"16":0.16455696202531644,"53":0.17088607594936708,"74":0.17721518987341772,"17":0.18354430379746836,"131":0.189873417721519,"97":0.1962025316455696,"114":0.20253164556962025,"139":0.2088607594936709,"152":0.21518987341772153,"115":0.22151898734177214,"137":0.22784810126582278,"130":0.23417721518987342,"6":0.24050632911392406,"79":0.2468354430379747,"5":0.25316455696202533,"90":0.25949367088607594,"31":0.26582278481012656,"112":0.2721518987341772,"113":0.27848101265822783,"56":0.2848101265822785,"140":0.2911392405063291,"158":0.2974683544303797,"154":0.3037974683544304,"25":0.310126582278481,"46":0.31645569620253167,"18":0.3227848101265823,"94":0.3291139240506329,"98":0.33544303797468356,"26":0.34177215189873417,"135":0.34810126582278483,"3":0.35443037974683544,"91":0.36075949367088606,"127":0.3670886075949367,"28":0.37341772151898733,"36":0.379746835443038,"62":0.3860759493670886,"133":0.3924050632911392,"142":0.3987341772151899,"24":0.4050632911392405,"68":0.41139240506329117,"8":0.4177215189873418,"120":0.4240506329113924,"85":0.43037974683544306,"76":0.43670886075949367,"60":0.4430379746835443,"38":0.44936708860759494,"141":0.45569620253164556,"50":0.4620253164556962,"32":0.46835443037974683,"59":0.47468354430379744,"54":0.4810126582278481,"99":0.4873417721518987,"100":0.4936708860759494,"104":0.5,"4":0.5063291139240507,"7":0.5126582278481012,"14":0.5189873417721519,"72":0.5253164556962026,"29":0.5316455696202531,"128":0.5379746835443038,"124":0.5443037974683544,"146":0.5506329113924051,"75":0.5569620253164557,"42":0.5632911392405063,"66":0.569620253164557,"11":0.5759493670886076,"121":0.5822784810126582,"13":0.5886075949367089,"117":0.5949367088607594,"12":0.6012658227848101,"105":0.6075949367088608,"34":0.6139240506329114,"65":0.620253164556962,"58":0.6265822784810127,"30":0.6329113924050633,"21":0.6392405063291139,"33":0.6455696202531646,"35":0.6518987341772152,"157":0.6582278481012658,"1":0.6645569620253164,"43":0.6708860759493671,"67":0.6772151898734177,"70":0.6835443037974683,"63":0.689873417721519,"126":0.6962025316455697,"71":0.7025316455696202,"144":0.7088607594936709,"93":0.7151898734177216,"9":0.7215189873417721,"20":0.7278481012658228,"81":0.7341772151898734,"143":0.740506329113924,"145":0.7468354430379747,"80":0.7531645569620253,"151":0.759493670886076,"19":0.7658227848101266,"153":0.7721518987341772,"125":0.7784810126582279,"155":0.7848101265822784,"116":0.7911392405063291,"118":0.7974683544303798,"148":0.8037974683544303,"44":0.810126582278481,"51":0.8164556962025317,"156":0.8227848101265823,"23":0.8291139240506329,"96":0.8354430379746836,"77":0.8417721518987342,"138":0.8481012658227848,"78":0.8544303797468354,"147":0.8607594936708861,"87":0.8670886075949367,"73":0.8734177215189873,"64":0.879746835443038,"22":0.8860759493670886,"92":0.8924050632911392,"107":0.8987341772151899,"110":0.9050632911392406,"134":0.9113924050632911,"82":0.9177215189873418,"55":0.9240506329113924,"83":0.930379746835443,"108":0.9367088607594937,"123":0.9430379746835443,"95":0.9493670886075949,"37":0.9556962025316456,"27":0.9620253164556962,"150":0.9683544303797469,"2":0.9746835443037974,"10":0.9810126582278481,"129":0.9873417721518988,