{"name":"density","eps":0.5,"weight":"value","num_of_nodes":165,"num_of_edges":516,"process_time":0.062248945236206055,"data":{"0":0.20346184746238064,"1":0.40445075750437265,"2":0.001483573860690676,"3":0.0019782556407075603,"4":0.20395641698538927,"5":0.0034618070499779306,"6":0.004450856290425943,"7":0.602472609630333,"8":0.6009891704778849,"9":0.003956443927079572,"10":0.0029674395895281447,"11":0.20296727793946528,"12":0.003956196961848023,"13":0.002472802712426503,"14":0.20148372653023222,"15":0.20247277577068024,"16":0.4019780895003747,"17":0.403461798069382,"18":0.40197813440321534,"19":0.20148372653023222,"20":0.20000015266961618,"21":0.20098908965294401,"22":0.4029672734491953,"23":0.4024727488290273,"24":0.202472663513672,"25":0.20445071709180204,"26":0.20346184746243662,"27":0.4044509371153433,"28":0.004450811387715936,"29":0.003956443927042257,"30":0.0034619642099014128,"31":0.0019782556406142716,"32":0.003956376573005233,"33":0.20395628227720328,"34":0.0019782556406142716,"35":0.20000015266961618,"36":0.2049454662260052,"37":0.6034617711277735,"38":0.0029673722353791743,"39":0.6029672689589708,"40":0.6029672689589708,"41":0.2024727757706989,"42":0.003956354121547612,"43":0.20494546622581863,"44":0.20197809399062605,"45":0.404450914663923,"46":0.8019783723880123,"47":0.0019782780920345774,"48":0.20000015266961618,"49":0.000494591974503581,"50":0.20197829605314757,"51":0.20000015266961618,"52":0.8029672195658966,"53":0.0014835963120736664,"54":0.0014835963120736664,"55":0.0,"56":0.8024727847513387,"57":0.19999999550973002,"58":0.0049453360077720224,"59":0.2009890896531306,"60":0.4024727937317373,"61":0.004450946095957904,"62":0.8019781927767938,"63":0.005439972885060242,"64":0.6024727892414565,"65":0.004450833839042953,"66":0.2029672330367366,"67":0.6009891255751753,"68":0.0034616723415867006,"69":0.0,"70":0.20197818379623264,"71":0.20445080689746462,"72":0.0044509460959952195,"73":0.4004944931883197,"74":0.20098913455582193,"75":0.0014836412149515932,"76":0.00197814338386724,"77":0.4054399639044643,"78":0.0019781882864653008,"79":0.20593442566092127,"80":0.20247284312494115,"81":0.0,"82":0.20593449301497693,"83":0.20197825115045623,"84":0.4019782242087473,"85":0.0024726904554742365,"86":0.6019781523643158,"87":0.4024727488289526,"88":0.40296720609499037,"89":0.6029673363132346,"90":0.0019781882865585894,"91":0.2034618250111096,"92":0.40296725099792424,"93":0.4044508697613809,"94":0.4019782242086353,"95":0.6034617711278495,"96":0.6024725871790066,"97":0.0034617845985949404,"98":0.20346180255970794,"99":0.8029671971145512,"100":0.8014836681565889,"101":0.0019780984809333398,"102":0.20445080689735265,"103":0.004450968547415525,"104":0.20247273086785827,"105":0.8004947536244977,"106":0.0029674395894721717,"107":0.0,"108":0.40197815685454236,"109":0.4024726590233087,"110":0.600989035769623,"111":0.6009891255752512,"112":0.7999999371361577,"113":0.40296718364357004,"114":0.6000000987861296,"115":0.8004945291105886,"116":0.004945560521825818,"117":0.8004945740133552,"118":0.002967125269998362,"119":0.20346189236542647,"120":0.002472780261024855,"121":0.4014835424288423,"122":0.002472914969360112,"123":0.20395637208253,"124":0.0029671926242219636,"125":0.004450833838968321,"126":0.4014835424288423,"127":0.8004945291105886,"128":0.004945538070573431,"129":0.40197817930588803,"130":0.20543990104064128,"131":0.0034617845985203096,"132":0.20197822869911056,"133":0.2039562822770727,"134":0.002472802712277241,"135":0.20296709832836404,"136":1.0,"137":0.004450946095845958,"138":0.0019780984809146824,"139":0.8014836681565319,"140":0.20296732284219396,"141":0.0019780984809146824,"142":0.003461649890315657,"143":0.0029672824298472133,"144":0.003956241864632661,"145":0.005439927982107683,"146":0.6019781074614733,"147":0.001978143383811267,"148":0.003956331670183279,"149":0.20445076199454937,"150":0.001978255640651587,"151":0.0039563316702392526,"152":0.6019781748156612,"153":0.20197813889352262,"154":0.20148370407875596,"155":0.6014836501954183,"156":0.8019781254226249,"157":0.0039563316702392526,"158":0.20692338509563207,"159":0.4014836995885979,"160":0.4034617082638687,"161":0.002472712906763938,"162":0.202472596159579,"163":0.6000000314320555,"164":0.002472623101176004},"ranked":{"55":0.0,"69":0.006097560975609756,"81":0.012195121951219513,"107":0.018292682926829267,"49":0.024390243902439025,"2":0.03048780487804878,"53":0.036585365853658534,"54":0.042682926829268296,"75":0.04878048780487805,"138":0.054878048780487805,"141":0.06097560975609756,"101":0.06707317073170732,"147":0.07317073170731707,"76":0.07926829268292683,"78":0.08536585365853659,"90":0.09146341463414634,"31":0.0975609756097561,"34":0.10365853658536585,"150":0.10975609756097561,"3":0.11585365853658537,"47":0.12195121951219512,"164":0.12804878048780488,"85":0.13414634146341464,"161":0.1402439024390244,"120":0.14634146341463414,"134":0.1524390243902439,"13":0.15853658536585366,"122":0.16463414634146342,"118":0.17073170731707318,"124":0.17682926829268292,"143":0.18292682926829268,"38":0.18902439024390244,"106":0.1951219512195122,"10":0.20121951219512196,"142":0.2073170731707317,"68":0.21341463414634146,"131":0.21951219512195122,"97":0.22560975609756098,"5":0.23170731707317074,"30":0.23780487804878048,"12":0.24390243902439024,"144":0.25,"148":0.25609756097560976,"151":0.2621951219512195,"157":0.2682926829268293,"42":0.27439024390243905,"32":0.2804878048780488,"29":0.2865853658536585,"9":0.2926829268292683,"28":0.29878048780487804,"125":0.3048780487804878,"65":0.31097560975609756,"6":0.3170731707317073,"137":0.3231707317073171,"61":0.32926829268292684,"72":0.3353658536585366,"103":0.34146341463414637,"58":0.3475609756097561,"128":0.35365853658536583,"116":0.3597560975609756,"145":0.36585365853658536,"63":0.3719512195121951,"57":0.3780487804878049,"20":0.38414634146341464,"35":0.3902439024390244,"48":0.39634146341463417,"51":0.4024390243902439,"21":0.40853658536585363,"59":0.4146341463414634,"74":0.42073170731707316,"154":0.4268292682926829,"14":0.4329268292682927,"19":0.43902439024390244,"44":0.4451219512195122,"153":0.45121951219512196,"70":0.4573170731707317,"132":0.4634146341463415,"83":0.4695121951219512,"50":0.47560975609756095,"162":0.4817073170731707,"24":0.4878048780487805,"104":0.49390243902439024,"15":0.5,"41":0.5060975609756098,"80":0.5121951219512195,"135":0.5182926829268293,"66":0.524390243902439,"11":0.5304878048780488,"140":0.5365853658536586,"98":0.5426829268292683,"91":0.5487804878048781,"0":0.5548780487804879,"26":0.5609756097560976,"119":0.5670731707317073,"133":0.573170731707317,"33":0.5792682926829268,"123":0.5853658536585366,"4":0.5914634146341463,"25":0.5975609756097561,"149":0.6036585365853658,"102":0.6097560975609756,"71":0.6158536585365854,"43":0.6219512195121951,"36":0.6280487804878049,"130":0.6341463414634146,"79":0.6402439024390244,"82":0.6463414634146342,"158":0.6524390243902439,"73":0.6585365853658537,"121":0.6646341463414634,"126":0.6707317073170732,"159":0.676829268292683,"16":0.6829268292682927,"18":0.6890243902439024,"108":0.6951219512195121,"129":0.7012195121951219,"94":0.7073170731707317,"84":0.7134146341463414,"109":0.7195121951219512,"87":0.725609756097561,"23":0.7317073170731707,"60":0.7378048780487805,"113":0.7439024390243902,"88":0.75,"92":0.7560975609756098,"22":0.7621951219512195,"160":0.7682926829268293,"17":0.774390243902439,"1":0.7804878048780488,"93":0.7865853658536586,"45":0.7926829268292683,"27":0.7987804878048781,"77":0.8048780487804879,"163":0.8109756097560976,"114":0.8170731707317073,"110":0.823170731707317,"67":0.8292682926829268,"111":0.8353658536585366,"8":0.8414634146341463,"155":0.8475609756097561,"146":0.8536585365853658,"86":0.8597560975609756,"152":0.8658536585365854,"96":0.8719512195121951,"7":0.8780487804878049,"64":0.8841463414634146,"39":0.8902439024390244,"40":0.8963414634146342,"89":0.9024390243902439,"37":0.9085365853658537,"95":0.9146341463414634,"112":0.9207317073170732,"115":0.926829268292683,"127":0.9329268292682927,