{"name":"fiedler","normalized":true,"weight":"value","num_of_nodes":180,"num_of_edges":568,"process_time":0.04231762886047363,"data":{"0":0.3075811829054304,"1":0.2535596049594872,"2":0.16266272203838697,"3":0.19765160187777542,"4":0.3068263049919473,"5":0.19320878191439608,"6":0.22188826535469855,"7":0.31670531877594743,"8":0.1731130903184823,"9":0.2879412008249528,"10":2.1748774663110216e-11,"11":0.24896624419776278,"12":0.18846186864426473,"13":0.17805086075917737,"14":0.29980228567999917,"15":0.16787512652633996,"16":0.17141385124340636,"17":0.17805086074712664,"18":0.12275541093685524,"19":0.3003531993710223,"20":1.410357223069741e-13,"21":0.21967553350656058,"22":0.2348414655757645,"23":0.12275541093686057,"24":0.1815545785113696,"25":0.04699959642235079,"26":0.23137789495821465,"27":0.28412464031049806,"28":0.09500289271213577,"29":0.35514206988580654,"30":0.2966783670697991,"31":0.2681239428550855,"32":0.27318872440208636,"33":0.10980565836051619,"34":0.14077838779776178,"35":0.2222449501830008,"36":0.03622242225177768,"37":0.1832598450293635,"38":0.2925232897942034,"39":0.05078031707730473,"40":0.30389562279787663,"41":0.20670644288367218,"42":9.466226849697359e-12,"43":0.2535596049594585,"44":0.24896624419777255,"45":0.313841995993646,"46":0.2806998762207965,"47":0.27232013080270784,"48":0.036222422251797726,"49":0.303571350520905,"50":0.11843069754396275,"51":0.3177668267069363,"52":0.05444718544011687,"53":0.11104922346304169,"54":0.23389604863346802,"55":0.29252328979420794,"56":0.10874008043951182,"57":0.1797579955308871,"58":0.21115593564747884,"59":0.0,"60":0.393175607750203,"61":0.24308922736532013,"62":0.27803825442224317,"63":0.408281886802669,"64":0.2681579787111961,"65":0.32062182559458324,"66":0.2681345670776758,"67":0.29806949439265096,"68":0.28225206110311896,"69":0.42198222734405133,"70":0.43815861583875876,"71":0.29991136509709615,"72":0.2980694943926482,"73":0.28389354320944027,"74":0.34780759352791807,"75":0.40278829981787223,"76":0.31768340230425574,"77":0.2539637795366342,"78":0.3242036961687784,"79":0.36874523280600835,"80":0.3594393053328204,"81":0.48521333337948164,"82":0.3867409273996683,"83":0.2968335901672781,"84":0.25127472742756907,"85":0.34484027151351543,"86":0.2977247740813236,"87":0.3168522754725755,"88":0.33384043238328365,"89":0.4745746790157304,"90":0.309585208765912,"91":0.27315434942191313,"92":0.30017902515705464,"93":0.3951458161768816,"94":0.3885988407020824,"95":0.33040538913442263,"96":0.252635840796373,"97":0.39154402985363407,"98":0.38494863881483027,"99":0.31852135334968845,"100":0.27383696059833385,"101":0.3283457243365101,"102":0.5193287185651709,"103":0.29351255249849595,"104":0.3211871361580376,"105":0.3671942633870732,"106":0.27315434942192185,"107":0.34309866993169374,"108":0.45085113727271137,"109":0.2944395999112432,"110":0.4726540601479277,"111":0.4726540601479356,"112":0.5886207457822249,"113":0.3051190465560088,"114":0.3067317408960994,"115":0.41337745729267394,"116":0.4532019900124124,"117":0.28389354321002175,"118":0.29966430401999916,"119":0.31461833236337705,"120":0.8757355983964181,"121":0.8031144358779344,"122":0.7912188670827175,"123":0.676786868494317,"124":0.5448854360477182,"125":0.68860043625724,"126":0.7035533338217745,"127":0.6965614353510785,"128":0.8541552667196841,"129":0.8703518275519017,"130":0.6831154043954146,"131":0.5604627119123334,"132":0.8873910889217337,"133":0.8734572579879293,"134":0.6959135894057978,"135":0.7544922873734805,"136":0.913518663972231,"137":0.7912188670826982,"138":0.8739368722718313,"139":0.24779660931433656,"140":0.667107850841247,"141":0.6585773184408752,"142":0.2477966093143427,"143":0.9037587251552102,"144":0.8739368722605932,"145":0.8937890043470499,"146":0.875602541388744,"147":0.9166523477985554,"148":0.9731367111196585,"149":0.8331865396609267,"150":0.8046292502516263,"151":0.7086355261120929,"152":0.9363410957231566,"153":0.8201601890647529,"154":0.7336661102712584,"155":0.6402134603228551,"156":0.6749609011596078,"157":0.7793106813882703,"158":0.9298174058666289,"159":0.7569951751629048,"160":0.8550911966456578,"161":0.33976244862037747,"162":0.6958734098913499,"163":0.7618134078651702,"164":0.9415725072174725,"165":0.6080186554460312,"166":0.612503375348496,"167":0.7110146693734493,"168":0.9469414278865287,"169":0.8422314686208705,"170":0.8520288784207622,"171":0.738603321432836,"172":0.9145270587719284,"173":0.6496002116390841,"174":0.8422314686208603,"175":0.8079710720819842,"176":1.0,"177":0.29604085186033036,"178":0.8407918094581063,"179":0.7734748977629766},"ranked":{"59":0.0,"20":0.00558659217877095,"42":0.0111731843575419,"10":0.01675977653631285,"36":0.0223463687150838,"48":0.027932960893854747,"25":0.0335195530726257,"39":0.03910614525139665,"52":0.0446927374301676,"28":0.05027932960893855,"56":0.055865921787709494,"33":0.061452513966480445,"53":0.0670391061452514,"50":0.07262569832402235,"18":0.0782122905027933,"23":0.08379888268156424,"34":0.0893854748603352,"2":0.09497206703910614,"15":0.1005586592178771,"16":0.10614525139664804,"8":0.11173184357541899,"17":0.11731843575418995,"13":0.12290502793296089,"57":0.12849162011173185,"24":0.1340782122905028,"37":0.13966480446927373,"12":0.1452513966480447,"5":0.15083798882681565,"3":0.1564245810055866,"41":0.16201117318435754,"58":0.16759776536312848,"21":0.17318435754189945,"6":0.1787709497206704,"35":0.18435754189944134,"26":0.18994413407821228,"54":0.19553072625698323,"22":0.2011173184357542,"61":0.20670391061452514,"139":0.2122905027932961,"142":0.21787709497206703,"11":0.22346368715083798,"44":0.22905027932960895,"84":0.2346368715083799,"96":0.24022346368715083,"43":0.24581005586592178,"1":0.25139664804469275,"77":0.2569832402234637,"31":0.26256983240223464,"66":0.2681564245810056,"64":0.2737430167597765,"47":0.27932960893854747,"91":0.2849162011173184,"106":0.2905027932960894,"32":0.29608938547486036,"100":0.3016759776536313,"62":0.30726256983240224,"46":0.3128491620111732,"68":0.31843575418994413,"73":0.3240223463687151,"117":0.329608938547486,"27":0.33519553072625696,"9":0.3407821229050279,"38":0.3463687150837989,"55":0.35195530726256985,"103":0.3575418994413408,"109":0.36312849162011174,"177":0.3687150837988827,"30":0.3743016759776536,"83":0.37988826815642457,"86":0.3854748603351955,"72":0.39106145251396646,"67":0.39664804469273746,"118":0.4022346368715084,"14":0.40782122905027934,"71":0.4134078212290503,"92":0.41899441340782123,"19":0.4245810055865922,"49":0.4301675977653631,"40":0.43575418994413406,"113":0.441340782122905,"114":0.44692737430167595,"4":0.45251396648044695,"0":0.4581005586592179,"90":0.46368715083798884,"45":0.4692737430167598,"119":0.4748603351955307,"7":0.48044692737430167,"87":0.4860335195530726,"76":0.49162011173184356,"51":0.4972067039106145,"99":0.5027932960893855,"65":0.5083798882681564,"104":0.5139664804469274,"78":0.5195530726256983,"101":0.5251396648044693,"95":0.5307262569832403,"88":0.5363128491620112,"161":0.5418994413407822,"107":0.547486033519553,"85":0.553072625698324,"74":0.5586592178770949,"29":0.5642458100558659,"80":0.5698324022346368,"105":0.5754189944134078,"79":0.5810055865921788,"98":0.5865921787709497,"82":0.5921787709497207,"94":0.5977653631284916,"97":0.6033519553072626,"60":0.6089385474860335,"93":0.6145251396648045,"75":0.6201117318435754,"63":0.6256983240223464,"115":0.6312849162011173,"69":0.6368715083798883,"70":0.6424581005586593,"108":0.6480446927374302,"116":0.6536312849162011,"110":0.659217877094972,"111":0.664804469273743,"89":0.6703910614525139,"81":0.6759776536312849,"102":0.6815642458100558,"124":0.6871508379888268,"131":0.6927374301675978,"112":0.6983240223463687,"165":0.7039106145251397,"166":0.7094972067039106,"155":0.7150837988826816,"173":0.7206703910614525,"141":0.7262569832402235,"140":0.7318435754189944,"156":0.7374301675977654,"123":0.7430167597765364,"130":0.7486033519553073,"125":0.7541899441340782,"162":0.7597765363128491,"134":0.7653631284916201,"127":0.770949720670391,"126":0.776536312849162,