{"name":"density","eps":0.5,"weight":"value","num_of_nodes":162,"num_of_edges":500,"process_time":0.028361082077026367,"data":{"0":0.2017786508168081,"1":0.003952310649534434,"2":0.0014820407948918435,"3":0.20276670044274647,"4":0.9975297301455435,"5":0.5984189770516429,"6":0.003952310649534434,"7":0.0014820407948918435,"8":0.20177853867087805,"9":0.2022725971275461,"10":0.7987154300691355,"11":0.0014820856534800701,"12":0.20424871880854922,"13":0.0019762113977322303,"14":0.002964036731549607,"15":0.004446526110478426,"16":0.001976054393288534,"17":0.4020748795421783,"18":0.002964238594395137,"19":0.0024702025669280044,"20":0.001976211397639034,"21":0.2022725971275461,"22":0.6008893814814776,"23":0.402074991688332,"24":0.002964036731549607,"25":0.001976054393288534,"26":0.20276661072592417,"27":0.001976166539367675,"28":0.0009880720549715436,"29":0.5999011299927274,"30":0.20177851624152804,"31":0.002470180137577973,"32":0.004446526110478426,"33":0.0014820407948918435,"34":0.001976054393288534,"35":0.40059272660115136,"36":0.402569027715855,"37":0.0034582746219368266,"38":0.0019761889685313136,"39":0.40158100051911755,"40":0.0019760095348121433,"41":0.4025690950033646,"42":0.2022725746984943,"43":0.20128436806798175,"44":0.002470180137577973,"45":0.004940405133762813,"46":0.40256898285736,"47":0.7987154524983366,"48":0.002964036731549607,"49":0.0019760095348121433,"50":0.004940382704599174,"51":0.20474277726525456,"52":0.20177851624152804,"53":0.001976099251820843,"54":0.40108685234549674,"55":0.40207487954227145,"56":0.200790421757281,"57":0.1998022375561185,"58":0.5989130355085376,"59":0.2022726419859852,"60":0.0049404051336696155,"61":0.001976166539293118,"62":0.005434373873701752,"63":0.001976166539293118,"64":0.4030629740264998,"65":0.0024701352792320577,"66":0.00197600953490534,"67":0.20029647544661755,"68":0.002470224995979807,"69":0.003458207334389994,"70":0.20227252983988744,"71":0.0024703820004607817,"72":0.20029643058819707,"73":1.0,"74":0.0004938565937666015,"75":0.002964238594395137,"76":0.002470224995979807,"77":0.5989130355085376,"78":0.5999011524219666,"79":0.40355703248318653,"80":0.4030629740264998,"81":0.0,"82":0.0014819735073263716,"83":0.20128436806798175,"84":0.5999011748511109,"85":0.0014819735073263716,"86":0.7967392635297674,"87":0.2037547276393721,"88":0.5994072061112299,"89":0.0024702474252552807,"90":0.5989130130792036,"91":0.1998022375561185,"92":0.0024700455623724725,"93":0.0004938565937666015,"94":0.6013832605045727,"95":0.0014821753702837373,"96":0.798715497356834,"97":0.40059295089334696,"98":0.0,"99":0.003952265791095322,"100":0.20177851624162121,"101":0.0034583194803759387,"102":0.20177853867072895,"103":0.6023713101304549,"104":0.002470224995979807,"105":0.7992095782427023,"106":0.20276658829666733,"107":0.3986165600617278,"108":0.20523676843430122,"109":0.4005927938887355,"110":0.0014821305118073464,"111":0.0019762338269145078,"112":0.00098795990894832,"113":0.800691641466868,"114":0.0054343290152439995,"115":0.20079048904492106,"116":0.5999012421387526,"117":0.0014820632241300388,"118":0.39960483397982444,"119":0.20079039932796827,"120":0.20079051147415924,"121":0.4010869196330995,"122":0.20276667801356418,"123":0.2027665882966114,"124":0.004446324247688814,"125":0.4000988924365484,"126":0.00098795990894832,"127":0.20276649857980775,"128":0.6018771843860512,"129":0.4010869196330995,"130":0.7997034796949797,"131":0.8006915068916606,"132":0.0029642385943019402,"133":0.19930831367482368,"134":0.0,"135":0.003952131215722067,"136":0.20227266441511157,"137":0.20424865152087193,"138":0.40256902771568726,"139":0.5989131925129842,"140":0.4005927938887355,"141":0.20029645301741664,"142":0.0014820632241300388,"143":0.19980241698987494,"144":0.5989130579375302,"145":0.40059286117639414,"146":0.20029640815912664,"147":0.2027665658674105,"148":0.0029642834527969703,"149":0.6018773189612018,"150":0.5999013094264701,"151":0.6013833053628613,"152":0.5994070715358707,"153":0.600889314193817,"154":0.0019761441100735622,"155":0.20375463792258708,"156":0.6008893141937791,"157":0.0004939911692144133,"158":0.003458274621899548,"159":0.20227252983992472,"160":0.20177860595835034,"161":0.0014820632241300388},"ranked":{"81":0.0,"98":0.006211180124223602,"134":0.012422360248447204,"74":0.018633540372670808,"93":0.024844720496894408,"157":0.031055900621118012,"112":0.037267080745341616,"126":0.043478260869565216,"28":0.049689440993788817,"82":0.055900621118012424,"85":0.062111801242236024,"2":0.06832298136645963,"7":0.07453416149068323,"33":0.08074534161490683,"117":0.08695652173913043,"142":0.09316770186335403,"161":0.09937888198757763,"11":0.10559006211180125,"110":0.11180124223602485,"95":0.11801242236024845,"40":0.12422360248447205,"49":0.13043478260869565,"66":0.13664596273291926,"16":0.14285714285714285,"25":0.14906832298136646,"34":0.15527950310559005,"53":0.16149068322981366,"154":0.16770186335403728,"61":0.17391304347826086,"63":0.18012422360248448,"27":0.18633540372670807,"38":0.19254658385093168,"20":0.19875776397515527,"13":0.20496894409937888,"111":0.2111801242236025,"92":0.21739130434782608,"65":0.2236024844720497,"31":0.22981366459627328,"44":0.2360248447204969,"19":0.2422360248447205,"68":0.2484472049689441,"76":0.2546583850931677,"104":0.2608695652173913,"89":0.2670807453416149,"71":0.2732919254658385,"14":0.2795031055900621,"24":0.2857142857142857,"48":0.2919254658385093,"132":0.2981366459627329,"18":0.30434782608695654,"75":0.3105590062111801,"148":0.3167701863354037,"69":0.32298136645962733,"158":0.32919254658385094,"37":0.33540372670807456,"101":0.3416149068322981,"135":0.34782608695652173,"99":0.35403726708074534,"1":0.36024844720496896,"6":0.36645962732919257,"124":0.37267080745341613,"15":0.37888198757763975,"32":0.38509316770186336,"50":0.391304347826087,"60":0.39751552795031053,"45":0.40372670807453415,"114":0.40993788819875776,"62":0.4161490683229814,"133":0.422360248447205,"57":0.42857142857142855,"91":0.43478260869565216,"143":0.4409937888198758,"146":0.4472049689440994,"72":0.453416149068323,"141":0.45962732919254656,"67":0.4658385093167702,"119":0.4720496894409938,"56":0.4782608695652174,"115":0.484472049689441,"120":0.4906832298136646,"43":0.4968944099378882,"83":0.5031055900621118,"30":0.5093167701863354,"52":0.515527950310559,"100":0.5217391304347826,"102":0.5279503105590062,"8":0.5341614906832298,"160":0.5403726708074534,"0":0.546583850931677,"70":0.5527950310559007,"159":0.5590062111801242,"42":0.5652173913043478,"9":0.5714285714285714,"21":0.577639751552795,"59":0.5838509316770186,"136":0.5900621118012422,"127":0.5962732919254659,"147":0.6024844720496895,"123":0.6086956521739131,"106":0.6149068322981367,"26":0.6211180124223602,"122":0.6273291925465838,"3":0.6335403726708074,"155":0.639751552795031,"87":0.6459627329192547,"137":0.6521739130434783,"12":0.6583850931677019,"51":0.6645962732919255,"108":0.6708074534161491,"107":0.6770186335403726,"118":0.6832298136645962,"125":0.6894409937888198,"35":0.6956521739130435,"109":0.7018633540372671,"140":0.7080745341614907,"145":0.7142857142857143,"97":0.7204968944099379,"54":0.7267080745341615,"121":0.7329192546583851,"129":0.7391304347826086,"39":0.7453416149068323,"17":0.7515527950310559,"55":0.7577639751552795,"23":0.7639751552795031,"46":0.7701863354037267,"138":0.7763975155279503,"36":0.782608695652174,"41":0.7888198757763976,"64":0.7950310559006211,"80":0.8012422360248447,"79":0.8074534161490683,"5":0.8136645962732919,"90":0.8198757763975155,"58":0.8260869565217391,"77":0.8322981366459627,"144":0.8385093167701864,"139":0.84472049689441,"152":0.8509316770186336,"88":0.8571428571428571,"29":0.8633540372670807,"78":0.8695652173913043,"84":0.8757763975155279,"116":0.8819875776397516,"150":0.8881987577639752,"156":0.8944099378881988,"153":0.9006211180124224,"22":0.906832298136646,"94":0.9130434782608695,"151":0.9192546583850931,"128":0.9254658385093167,"149":0.9316770186335404,"103":0.937888198757764,"86":0.9440993788819876,"10":0.9503105590062112,