{"name":"pagerank","alpha":0.85,"weight":"value","num_of_nodes":138,"num_of_edges":432,"process_time":0.03184199333190918,"data":{"0":0.08773062374595703,"1":0.11252352365209459,"2":0.28240036491245624,"3":0.08447278920914729,"4":1.0,"5":0.2832840595044422,"6":0.11572096677551348,"7":0.5786009217337718,"8":0.10547276941619275,"9":0.1283754639457108,"10":0.40720345268538577,"11":0.45840920646455807,"12":0.3153778451244866,"13":0.3049934183021451,"14":0.27550454019649295,"15":0.15494458924441643,"16":0.0844269040908348,"17":0.1283754639457108,"18":0.633738238039974,"19":0.4388992759170217,"20":0.15162134885860104,"21":0.5675218590515085,"22":0.33697444399548393,"23":0.39376071829172415,"24":0.28686348207432955,"25":0.46230659700978416,"26":0.10341192206825563,"27":0.46376267389167963,"28":0.45550165552531835,"29":0.4121357307376619,"30":0.13294978296754875,"31":0.27809440031601185,"32":0.252324685993625,"33":0.21404605734340823,"34":0.0844269040908348,"35":0.11397548623290153,"36":0.10547276941619275,"37":0.11048934769355145,"38":0.11756993404191138,"39":0.5482107483007498,"40":0.28946058894698956,"41":0.14251437899169125,"42":0.2888243757592598,"43":0.11039614128672746,"44":0.40720345268538605,"45":0.16311983131636182,"46":0.046847784675384495,"47":0.19110419238723148,"48":0.27471141701113866,"49":0.5122759439897394,"50":0.0918976501769069,"51":0.25931834572150725,"52":0.03331524659591202,"53":0.4740039876133048,"54":0.49175816458121546,"55":0.25810983526907527,"56":0.4781010681647389,"57":0.08218040703181899,"58":0.2761614325439089,"59":0.18655563684929843,"60":0.25810983526907527,"61":0.3190815010779529,"62":0.033400976694606836,"63":0.1346200359910182,"64":0.13730652801049392,"65":0.12801661936828745,"66":0.32324846691113424,"67":0.08522681055515649,"68":0.011036416033887492,"69":0.47047026957319893,"70":0.10257527190523634,"71":0.5183947743217496,"72":0.14839150937640816,"73":0.18655563684929843,"74":0.9482866773196337,"75":0.6342686451036892,"76":0.3748461908569416,"77":0.21421129541962955,"78":0.06926435908456474,"79":0.6503655312273975,"80":0.13694262369349258,"81":0.06294736673419747,"82":0.18655563684929843,"83":0.07993836388443619,"84":0.6016498367993832,"85":0.3748461908569416,"86":0.25931834572150725,"87":0.03152543735381875,"88":0.3218533977392506,"89":0.27343607605123477,"90":0.5098921347378328,"91":0.512416102997556,"92":0.677176759972583,"93":0.11736145508369274,"94":0.33827220084228776,"95":0.6451052062497368,"96":0.7486757514016819,"97":0.1469895246355117,"98":0.2796760135265522,"99":0.6946671001926447,"100":0.13263947367656614,"101":0.07173230604599831,"102":0.0,"103":0.3748461908569416,"104":0.19650228709392029,"105":0.022967747856060147,"106":0.07324368267706526,"107":0.2865926713682425,"108":0.22761046866137918,"109":0.39506000601377267,"110":0.18275492947950558,"111":0.020704133989859475,"112":0.037854723728483065,"113":0.14685321638639143,"114":0.22065409032709082,"115":0.005018467583957436,"116":0.5754380374049471,"117":0.14685321638639143,"118":0.4870497928827897,"119":0.5795169369505694,"120":0.15170971342916797,"121":0.07914704782506668,"122":0.06947739513191953,"123":0.2907602993122665,"124":0.5400245673067187,"125":0.21708015691555002,"126":0.0252745560408102,"127":0.1469895246355117,"128":0.7388112224433083,"129":0.4879334291934677,"130":0.21908006119138057,"131":0.13117207217055207,"132":0.48189074039997903,"133":0.507754312242908,"134":0.23306660801495685,"135":0.49977237876400693,"136":0.3249015541359655,"137":0.5323086866546985},"ranked":{"102":0.0,"115":0.0072992700729927005,"68":0.014598540145985401,"111":0.021897810218978103,"105":0.029197080291970802,"126":0.0364963503649635,"87":0.043795620437956206,"52":0.051094890510948905,"62":0.058394160583941604,"112":0.06569343065693431,"46":0.072992700729927,"81":0.08029197080291971,"78":0.08759124087591241,"122":0.0948905109489051,"101":0.10218978102189781,"106":0.10948905109489052,"121":0.11678832116788321,"83":0.12408759124087591,"57":0.13138686131386862,"16":0.1386861313868613,"34":0.145985401459854,"3":0.15328467153284672,"67":0.16058394160583941,"0":0.1678832116788321,"50":0.17518248175182483,"70":0.18248175182481752,"26":0.1897810218978102,"8":0.19708029197080293,"36":0.20437956204379562,"43":0.2116788321167883,"37":0.21897810218978103,"1":0.22627737226277372,"35":0.23357664233576642,"6":0.24087591240875914,"93":0.24817518248175183,"38":0.25547445255474455,"65":0.26277372262773724,"9":0.27007299270072993,"17":0.2773722627737226,"131":0.2846715328467153,"100":0.291970802919708,"30":0.29927007299270075,"63":0.30656934306569344,"80":0.31386861313868614,"64":0.32116788321167883,"41":0.3284671532846715,"113":0.3357664233576642,"117":0.34306569343065696,"97":0.35036496350364965,"127":0.35766423357664234,"72":0.36496350364963503,"20":0.3722627737226277,"120":0.3795620437956204,"15":0.38686131386861317,"45":0.39416058394160586,"110":0.40145985401459855,"59":0.40875912408759124,"73":0.41605839416058393,"82":0.4233576642335766,"47":0.4306569343065693,"104":0.43795620437956206,"33":0.44525547445255476,"77":0.45255474452554745,"125":0.45985401459854014,"130":0.46715328467153283,"114":0.4744525547445255,"108":0.48175182481751827,"134":0.48905109489051096,"32":0.49635036496350365,"55":0.5036496350364964,"60":0.5109489051094891,"51":0.5182481751824818,"86":0.5255474452554745,"89":0.5328467153284672,"48":0.5401459854014599,"14":0.5474452554744526,"58":0.5547445255474452,"31":0.5620437956204379,"98":0.5693430656934306,"2":0.5766423357664233,"5":0.583941605839416,"107":0.5912408759124088,"24":0.5985401459854015,"42":0.6058394160583942,"40":0.6131386861313869,"123":0.6204379562043796,"13":0.6277372262773723,"12":0.635036496350365,"61":0.6423357664233577,"88":0.6496350364963503,"66":0.656934306569343,"136":0.6642335766423357,"22":0.6715328467153284,"94":0.6788321167883211,"76":0.6861313868613139,"85":0.6934306569343066,"103":0.7007299270072993,"23":0.708029197080292,"109":0.7153284671532847,"10":0.7226277372262774,"44":0.7299270072992701,"29":0.7372262773722628,"19":0.7445255474452555,"28":0.7518248175182481,"11":0.7591240875912408,"25":0.7664233576642335,"27":0.7737226277372263,"69":0.781021897810219,"53":0.7883211678832117,"56":0.7956204379562044,"132":0.8029197080291971,"118":0.8102189781021898,"129":0.8175182481751825,"54":0.8248175182481752,"135":0.8321167883211679,"133":0.8394160583941606,"90":0.8467153284671532,"49":0.8540145985401459,"91":0.8613138686131386,"71":0.8686131386861314,"137":0.8759124087591241,"124":0.8832116788321168,"39":0.8905109489051095,"21":0.8978102189781022,"116":0.9051094890510949,"7":0.9124087591240876,"119":0.9197080291970803,"84":0.927007299270073,"18":0.9343065693430657,"75":0.9416058394160584,"95":0.948905109489051,"79":0.9562043795620438,"92":0.9635036496350365,"99":0.9708029197080292,"128":0.9781021897810219,"96":0.9854014598540146,"74":0.9927007299270073,"4":1.0}}