{"name":"fiedler","normalized":false,"weight":"value","num_of_nodes":126,"num_of_edges":246,"process_time":0.06937694549560547,"data":{"0":0.06264195301851073,"1":0.4482837506792679,"2":0.01941287893083638,"3":0.041566370517459234,"4":0.3387210813535208,"5":0.041566370517459234,"6":0.0004439351572603629,"7":0.027005753466677652,"8":0.025309431514192685,"9":0.11256713845754687,"10":0.03869193493124279,"11":0.3973730325108322,"12":0.028767900547290223,"13":0.4523722460585578,"14":0.4544019185650155,"15":0.0010241132185408505,"16":0.022161863820300273,"17":0.02373605462728633,"18":0.16637776776946925,"19":0.0004439351572603629,"20":0.22301721117906978,"21":0.4491026174337851,"22":0.16637776776946925,"23":3.640498944461667e-05,"24":0.0,"25":0.009795498523595026,"26":0.4544019185650155,"27":4.55224869262378e-05,"28":0.040235220544083274,"29":0.004899767714554548,"30":0.025224831770287864,"31":0.058083541093025264,"32":0.3973730325108322,"33":0.017791560825061465,"34":0.004931498947335994,"35":0.009795498523594817,"36":0.4482837506792679,"37":0.4482837506792679,"38":0.03186361516630469,"39":0.0030907872775467783,"40":0.45720683623450953,"41":0.022161863820300273,"42":0.9766415129859164,"43":0.9993794040762327,"44":0.9989575557939371,"45":0.9798253587061444,"46":0.9989575557939371,"47":0.9771296373361867,"48":0.9724885868876655,"49":0.9774916270794697,"50":0.7900856113991077,"51":0.9745186851268178,"52":0.7300288349561476,"53":0.7935379970320726,"54":0.8027367159448278,"55":0.7886169171175852,"56":0.9819878238758888,"57":0.9537869457591569,"58":0.7386817736425743,"59":0.9568433552702791,"60":0.9821678852148518,"61":0.7872295051948385,"62":0.9800382667305193,"63":0.9262859255119786,"64":0.5832395255526366,"65":0.994385916274877,"66":0.9556462136010591,"67":0.9867841761473329,"68":0.684271273693195,"69":0.7732318343713189,"70":0.979063302443073,"71":0.9758137448930504,"72":0.782245912925511,"73":0.7659435268936017,"74":0.9995907048483267,"75":1.0,"76":0.9672248517704573,"77":0.9465499721184755,"78":0.9962808492109384,"79":0.8465713599998991,"80":0.7818847730536722,"81":0.9673860680434703,"82":0.9798253587061444,"83":0.8086705793500335,"84":0.6089375749280841,"85":0.6612799547494143,"86":0.6603165793947319,"87":0.6611459146887746,"88":0.6367752824219322,"89":0.6557901111613609,"90":0.6377999945180323,"91":0.6091059061232393,"92":0.6091591799566023,"93":0.644226039219165,"94":0.6547405280247716,"95":0.6593708844389295,"96":0.6623852508523316,"97":0.6600753054861591,"98":0.6080971191421352,"99":0.6364691496476459,"100":0.6411116906869934,"101":0.6309976051708541,"102":0.6623852508523316,"103":0.6623852508523316,"104":0.6091059061232393,"105":0.656052493055081,"106":0.6436348281996577,"107":0.6593920174469469,"108":0.6576786531165684,"109":0.6528799426720066,"110":0.6582504540466098,"111":0.6616776003070421,"112":0.6560342152479134,"113":0.6088931906303303,"114":0.6433489175507393,"115":0.6575820564922185,"116":0.6396505859835151,"117":0.6593920174469469,"118":0.6598472718333775,"119":0.6476393326883504,"120":0.6398466846859074,"121":0.6353626211218556,"122":0.655402459863272,"123":0.6597813748378311,"124":0.6580308427771812,"125":0.6559853247182287},"ranked":{"24":0.0,"23":0.008,"27":0.016,"6":0.024,"19":0.032,"15":0.04,"39":0.048,"29":0.056,"34":0.064,"35":0.072,"25":0.08,"33":0.088,"2":0.096,"16":0.104,"41":0.112,"17":0.12,"30":0.128,"8":0.136,"7":0.144,"12":0.152,"38":0.16,"10":0.168,"28":0.176,"3":0.184,"5":0.192,"31":0.2,"0":0.208,"9":0.216,"18":0.224,"22":0.232,"20":0.24,"4":0.248,"11":0.256,"32":0.264,"1":0.272,"36":0.28,"37":0.288,"21":0.296,"13":0.304,"14":0.312,"26":0.32,"40":0.328,"64":0.336,"98":0.344,"113":0.352,"84":0.36,"104":0.368,"91":0.376,"92":0.384,"101":0.392,"121":0.4,"99":0.408,"88":0.416,"90":0.424,"116":0.432,"120":0.44,"100":0.448,"114":0.456,"106":0.464,"93":0.472,"119":0.48,"109":0.488,"94":0.496,"122":0.504,"89":0.512,"125":0.52,"112":0.528,"105":0.536,"115":0.544,"108":0.552,"124":0.56,"110":0.568,"95":0.576,"107":0.584,"117":0.592,"123":0.6,"118":0.608,"97":0.616,"86":0.624,"87":0.632,"85":0.64,"111":0.648,"96":0.656,"102":0.664,"103":0.672,"68":0.68,"52":0.688,"58":0.696,"73":0.704,"69":0.712,"80":0.72,"72":0.728,"61":0.736,"55":0.744,"50":0.752,"53":0.76,"54":0.768,"83":0.776,"79":0.784,"63":0.792,"77":0.8,"57":0.808,"66":0.816,"59":0.824,"76":0.832,"81":0.84,"48":0.848,"51":0.856,"71":0.864,"42":0.872,"47":0.88,"49":0.888,"70":0.896,"45":0.904,"82":0.912,"62":0.92,"56":0.928,"60":0.936,"67":0.944,"65":0.952,"78":0.96,"44":0.968,"46":0.976,"43":0.984,"74":0.992,"75":1.0}}