{"name":"pagerank","alpha":0.85,"weight":"value","num_of_nodes":150,"num_of_edges":465,"process_time":0.028133869171142578,"data":{"0":0.5783506322783161,"1":0.3379137071735879,"2":0.5435667155243821,"3":0.8231845015801685,"4":0.38186615757293013,"5":0.30869566844784546,"6":0.29784203402183984,"7":0.33057970174441426,"8":0.7318610857705107,"9":0.6763317295028295,"10":0.39063481073220024,"11":0.5023102600979907,"12":0.3325195547775885,"13":0.1631145148901857,"14":0.12211644865430608,"15":0.275852600359627,"16":0.4270801440192773,"17":0.5364212363818831,"18":0.3260047000051168,"19":0.3260047000051168,"20":0.22173366295039737,"21":0.1634450669520815,"22":0.16247502412946443,"23":0.5888838596505584,"24":0.8864135471350614,"25":0.13721813204895064,"26":0.16247502412946443,"27":0.3325195547775885,"28":0.16383884018189562,"29":0.13968872663260637,"30":0.2030522405386554,"31":0.4883714366912653,"32":0.09522009209699389,"33":0.29199577827180684,"34":0.5629720631003832,"35":0.1557472109537245,"36":0.20748300390382687,"37":0.1735508744023878,"38":0.22173366295039737,"39":0.7991066159813098,"40":0.17137313721398478,"41":0.5973306211792696,"42":0.27133594642212755,"43":0.08596933285900946,"44":0.29826229384583375,"45":0.3170083019385476,"46":0.20013013801370433,"47":0.17137313721398478,"48":0.3792083004153564,"49":0.15863691242131794,"50":0.07370585588458908,"51":0.32433147491249786,"52":0.10206226429572349,"53":0.4420754305037705,"54":0.0,"55":0.5578057941126379,"56":0.06356364497747054,"57":0.0309347631485366,"58":0.37666008619388236,"59":0.28535848013316534,"60":0.5555837617323908,"61":0.10206226429572349,"62":0.49537655010347664,"63":0.2364860097674965,"64":0.508869873941211,"65":0.3943576986592061,"66":0.02941883114677304,"67":0.06699844901922722,"68":0.18047725109819546,"69":0.289343763306754,"70":0.09176855060812425,"71":0.4799377357411433,"72":0.6627030505699398,"73":0.7310813534114432,"74":0.4265184731818876,"75":0.6074573058495134,"76":0.028640665906358262,"77":0.4664491017638543,"78":0.488897335004898,"79":0.2681555132094751,"80":0.7866619553629824,"81":0.6767818069572856,"82":0.794858640624782,"83":0.5565846597010873,"84":0.2966656153490393,"85":0.13609112280529156,"86":0.020671823266827385,"87":0.03386501531188139,"88":0.4044842858188084,"89":0.2584109210810318,"90":0.29397214207830585,"91":0.2494235956427074,"92":0.09176855060812425,"93":0.2879146090437432,"94":0.5986155627076605,"95":0.4122135745511238,"96":0.2097935902371086,"97":0.5598408953617778,"98":0.43158608313066205,"99":0.4711486980844243,"100":0.06384766460798891,"101":0.5217946072357654,"102":0.3471557287080757,"103":0.26944741741487704,"104":0.5569705504052631,"105":0.06515883568702843,"106":0.8766564133644816,"107":0.12897066635027238,"108":0.11726749323559564,"109":0.05956570667590183,"110":0.4671002258661212,"111":0.3537914491716837,"112":0.23872147618935394,"113":0.5736973329551877,"114":0.09475963086289521,"115":0.4387904075476847,"116":0.0823457365879164,"117":0.10398027524884328,"118":0.4108815431965858,"119":0.41694276656360113,"120":0.14735299747011635,"121":0.14735299747011635,"122":0.6545810245040393,"123":0.34485734856705247,"124":0.5676194722391592,"125":0.14477231354209558,"126":1.0,"127":0.063397368869178,"128":0.3749954958867009,"129":0.43497699088427344,"130":0.7854924445965051,"131":0.15512205534884793,"132":0.47029660954339014,"133":0.17384317640276736,"134":0.3335511947160161,"135":0.17384317640276736,"136":0.7899829123616569,"137":0.23426939837389588,"138":0.6765745262087414,"139":0.5990200076179333,"140":0.0636889157685141,"141":0.05414134411834189,"142":0.08712600440724139,"143":0.059518238017489754,"144":0.1305718443443576,"145":0.6731833075302176,"146":0.5017135506700827,"147":0.12561989655617242,"148":0.18157090276394613,"149":0.0823457365879164},"ranked":{"54":0.0,"86":0.006711409395973154,"76":0.013422818791946308,"66":0.020134228187919462,"57":0.026845637583892617,"87":0.03355704697986577,"141":0.040268456375838924,"143":0.04697986577181208,"109":0.053691275167785234,"127":0.06040268456375839,"56":0.06711409395973154,"140":0.0738255033557047,"100":0.08053691275167785,"105":0.087248322147651,"67":0.09395973154362416,"50":0.10067114093959731,"116":0.10738255033557047,"149":0.11409395973154363,"43":0.12080536912751678,"142":0.12751677852348994,"70":0.1342281879194631,"92":0.14093959731543623,"114":0.1476510067114094,"32":0.15436241610738255,"52":0.1610738255033557,"61":0.16778523489932887,"117":0.174496644295302,"108":0.18120805369127516,"14":0.18791946308724833,"147":0.19463087248322147,"107":0.20134228187919462,"144":0.2080536912751678,"85":0.21476510067114093,"25":0.2214765100671141,"29":0.22818791946308725,"125":0.2348993288590604,"120":0.24161073825503357,"121":0.2483221476510067,"131":0.2550335570469799,"35":0.26174496644295303,"49":0.2684563758389262,"22":0.2751677852348993,"26":0.28187919463087246,"13":0.28859060402684567,"21":0.2953020134228188,"28":0.30201342281879195,"40":0.3087248322147651,"47":0.31543624161073824,"37":0.3221476510067114,"133":0.3288590604026846,"135":0.33557046979865773,"68":0.3422818791946309,"148":0.348993288590604,"46":0.35570469798657717,"30":0.3624161073825503,"36":0.3691275167785235,"96":0.37583892617449666,"20":0.3825503355704698,"38":0.38926174496644295,"137":0.3959731543624161,"63":0.40268456375838924,"112":0.40939597315436244,"91":0.4161073825503356,"89":0.4228187919463087,"79":0.42953020134228187,"103":0.436241610738255,"42":0.4429530201342282,"15":0.44966442953020136,"59":0.4563758389261745,"93":0.46308724832214765,"69":0.4697986577181208,"33":0.47651006711409394,"90":0.48322147651006714,"84":0.4899328859060403,"6":0.4966442953020134,"44":0.5033557046979866,"5":0.5100671140939598,"45":0.5167785234899329,"51":0.5234899328859061,"18":0.5302013422818792,"19":0.5369127516778524,"7":0.5436241610738255,"12":0.5503355704697986,"27":0.5570469798657718,"134":0.5637583892617449,"1":0.5704697986577181,"123":0.5771812080536913,"102":0.5838926174496645,"111":0.5906040268456376,"128":0.5973154362416108,"58":0.6040268456375839,"48":0.610738255033557,"4":0.6174496644295302,"10":0.6241610738255033,"65":0.6308724832214765,"88":0.6375838926174496,"118":0.6442953020134228,"95":0.6510067114093959,"119":0.6577181208053692,"74":0.6644295302013423,"16":0.6711409395973155,"98":0.6778523489932886,"129":0.6845637583892618,"115":0.6912751677852349,"53":0.697986577181208,"77":0.7046979865771812,"110":0.7114093959731543,"132":0.7181208053691275,"99":0.7248322147651006,"71":0.7315436241610739,"31":0.738255033557047,"78":0.7449664429530202,"62":0.7516778523489933,"146":0.7583892617449665,"11":0.7651006711409396,"64":0.7718120805369127,"101":0.7785234899328859,"17":0.785234899328859,"2":0.7919463087248322,"60":0.7986577181208053,"83":0.8053691275167785,"104":0.8120805369127517,"55":0.8187919463087249,"97":0.825503355704698,"34":0.8322147651006712,"124":0.8389261744966443,"113":0.8456375838926175,"0":0.8523489932885906,"23":0.8590604026845637,"41":0.8657718120805369,"94":0.87248322147651,"139":0.8791946308724832,"75":0.8859060402684564,"122":0.8926174496644296,"72":0.8993288590604027,"145":0.9060402684563759,"9":0.912751677852349,"138":0.9194630872483222,"81":0.9261744966442953,"73":0.9328859060402684,"8":0.9395973154362416,"130":0.9463087248322147,"80":0.9530201342281879,"136":0.959731543624161,"82":0.9664429530201343,"39":0.9731543624161074,"3":0.9798657718120806,"106":0.9865771812080537,"24":0.9932885906040269,"126":1.0}}