{"name":"agd","num_of_nodes":180,"num_of_edges":343,"weight":"value","process_time":0.02296280860900879,"data":{"0":0.12131367292225201,"1":0.8465147453083111,"2":0.1306970509383378,"3":1.0,"4":0.10120643431635389,"5":0.10187667560321717,"6":0.15013404825737267,"7":0.5764075067024129,"8":0.09115281501340483,"9":0.6742627345844505,"10":0.6809651474530831,"11":0.8002680965147454,"12":0.7258713136729223,"13":0.07908847184986595,"14":0.5764075067024129,"15":0.6387399463806971,"16":0.12131367292225201,"17":0.8974530831099196,"18":0.09316353887399464,"19":0.08445040214477212,"20":0.7345844504021448,"21":0.08847184986595175,"22":0.8954423592493299,"23":0.1427613941018767,"24":0.11528150134048257,"25":0.17158176943699735,"26":0.07774798927613942,"27":0.1260053619302949,"28":0.5495978552278821,"29":0.1260053619302949,"30":0.7567024128686328,"31":0.10455764075067024,"32":0.08981233243967829,"33":0.09584450402144773,"34":0.6300268096514746,"35":0.9463806970509384,"36":0.7567024128686328,"37":0.1260053619302949,"38":1.0,"39":0.08109919571045578,"40":0.08579088471849868,"41":0.10053619302949063,"42":0.17158176943699735,"43":1.0,"44":0.1260053619302949,"45":0.1260053619302949,"46":0.589142091152815,"47":0.7345844504021448,"48":0.08378016085790885,"49":0.08378016085790885,"50":0.7144772117962468,"51":0.8498659517426274,"52":0.1427613941018767,"53":0.08847184986595175,"54":0.08445040214477212,"55":0.1260053619302949,"56":0.15013404825737267,"57":0.11327077747989277,"58":0.6065683646112602,"59":0.09785522788203753,"60":0.0,"61":0.23324396782841827,"62":0.28552278820375343,"63":0.2319034852546917,"64":0.18498659517426275,"65":0.002010723860589812,"66":0.16286863270777482,"67":0.23726541554959787,"68":0.21045576407506705,"69":0.20777479892761397,"70":0.1836461126005362,"71":0.004691689008042896,"72":0.25804289544235925,"73":0.15281501340482576,"74":0.002010723860589812,"75":0.004691689008042896,"76":0.17292225201072386,"77":0.16353887399463807,"78":0.21045576407506705,"79":0.0006702412868632701,"80":0.15281501340482576,"81":0.2861930294906167,"82":0.18565683646112602,"83":0.2600536193029491,"84":0.1749329758713137,"85":0.1601876675603217,"86":0.2339142091152815,"87":0.15080428954423594,"88":0.20911528150134048,"89":0.20978552278820375,"90":0.16823056300268097,"91":0.18431635388739948,"92":0.21246648793565684,"93":0.23324396782841827,"94":0.18900804289544237,"95":0.004691689008042896,"96":0.1910187667560322,"97":0.1561662198391421,"98":0.0013404825737265418,"99":0.23056300268096516,"100":0.28418230563002683,"101":0.15080428954423594,"102":0.2225201072386059,"103":0.3150134048257373,"104":0.2319034852546917,"105":0.004691689008042896,"106":0.1977211796246649,"107":0.0006702412868632701,"108":0.17627345844504022,"109":0.1836461126005362,"110":0.2225201072386059,"111":0.2225201072386059,"112":0.26139410187667567,"113":0.17560321715817695,"114":0.19168900804289546,"115":0.20777479892761397,"116":0.2131367292225201,"117":0.2084450402144772,"118":0.25670241286863277,"119":0.17359249329758714,"120":0.7238605898123325,"121":0.48391420911528155,"122":0.6769436997319036,"123":0.5127345844504021,"124":0.5435656836461127,"125":0.5609919571045576,"126":0.49061662198391426,"127":0.44101876675603224,"128":0.5971849865951743,"129":0.48391420911528155,"130":0.4718498659517427,"131":0.5100536193029491,"132":0.45442359249329767,"133":0.48525469168900814,"134":0.5978552278820376,"135":0.6441018766756034,"136":0.514745308310992,"137":0.46983914209115285,"138":0.46246648793565687,"139":0.8264075067024129,"140":0.4845844504021449,"141":0.44302949061662206,"142":0.45978552278820384,"143":0.4396782841823057,"144":0.8250670241286864,"145":0.6447721179624665,"146":0.4638069705093834,"147":0.682975871313673,"148":0.4684986595174263,"149":0.4490616621983915,"150":0.6380697050938339,"151":0.5087131367292226,"152":0.5261394101876676,"153":0.7734584450402145,"154":0.4859249329758714,"155":0.5710455764075069,"156":0.6367292225201073,"157":0.7734584450402145,"158":0.6447721179624665,"159":0.5040214477211796,"160":0.5261394101876676,"161":0.45576407506702415,"162":0.49932975871313684,"163":0.46246648793565687,"164":0.5087131367292226,"165":0.6079088471849867,"166":0.4832439678284183,"167":0.8250670241286864,"168":0.5033512064343164,"169":0.4390080428954424,"170":0.48525469168900814,"171":0.48927613941018766,"172":0.6038873994638071,"173":0.4658176943699733,"174":0.5455764075067026,"175":0.8264075067024129,"176":0.4859249329758714,"177":0.5315013404825738,"178":0.6474530831099196,"179":0.5060321715817695},"ranked":{"60":0.0,"79":0.00558659217877095,"107":0.0111731843575419,"98":0.01675977653631285,"65":0.0223463687150838,"74":0.027932960893854747,"71":0.0335195530726257,"75":0.03910614525139665,"95":0.0446927374301676,"105":0.05027932960893855,"26":0.055865921787709494,"13":0.061452513966480445,"39":0.0670391061452514,"48":0.07262569832402235,"49":0.0782122905027933,"19":0.08379888268156424,"54":0.0893854748603352,"40":0.09497206703910614,"21":0.1005586592178771,"53":0.10614525139664804,"32":0.11173184357541899,"8":0.11731843575418995,"18":0.12290502793296089,"33":0.12849162011173185,"59":0.1340782122905028,"41":0.13966480446927373,"4":0.1452513966480447,"5":0.15083798882681565,"31":0.1564245810055866,"57":0.16201117318435754,"24":0.16759776536312848,"0":0.17318435754189945,"16":0.1787709497206704,"27":0.18435754189944134,"29":0.18994413407821228,"37":0.19553072625698323,"44":0.2011173184357542,"45":0.20670391061452514,"55":0.2122905027932961,"2":0.21787709497206703,"23":0.22346368715083798,"52":0.22905027932960895,"6":0.2346368715083799,"56":0.24022346368715083,"87":0.24581005586592178,"101":0.25139664804469275,"73":0.2569832402234637,"80":0.26256983240223464,"97":0.2681564245810056,"85":0.2737430167597765,"66":0.27932960893854747,"77":0.2849162011173184,"90":0.2905027932960894,"25":0.29608938547486036,"42":0.3016759776536313,"76":0.30726256983240224,"119":0.3128491620111732,"84":0.31843575418994413,"113":0.3240223463687151,"108":0.329608938547486,"70":0.33519553072625696,"109":0.3407821229050279,"91":0.3463687150837989,"64":0.35195530726256985,"82":0.3575418994413408,"94":0.36312849162011174,"96":0.3687150837988827,"114":0.3743016759776536,"106":0.37988826815642457,"69":0.3854748603351955,"115":0.39106145251396646,"117":0.39664804469273746,"88":0.4022346368715084,"89":0.40782122905027934,"68":0.4134078212290503,"78":0.41899441340782123,"92":0.4245810055865922,"116":0.4301675977653631,"102":0.43575418994413406,"110":0.441340782122905,"111":0.44692737430167595,"99":0.45251396648044695,"63":0.4581005586592179,"104":0.46368715083798884,"61":0.4692737430167598,"93":0.4748603351955307,"86":0.48044692737430167,"67":0.4860335195530726,"118":0.49162011173184356,"72":0.4972067039106145,"83":0.5027932960893855,"112":0.5083798882681564,"100":0.5139664804469274,"62":0.5195530726256983,"81":0.5251396648044693,"103":0.5307262569832403,"169":0.5363128491620112,"143":0.5418994413407822,"127":0.547486033519553,"141":0.553072625698324,"149":0.5586592178770949,"132":0.5642458100558659,"161":0.5698324022346368,"142":0.5754189944134078,"138":0.5810055865921788,"163":0.5865921787709497,"146":0.5921787709497207,"173":0.5977653631284916,"148":0.6033519553072626,"137":0.6089385474860335,"130":0.6145251396648045,"166":0.6201117318435754,"121":0.6256983240223464,"129":0.6312849162011173,"140":0.6368715083798883,"133":0.6424581005586593,"170":0.6480446927374302,"154":0.6536312849162011,"176":0.659217877094972,"171":0.664804469273743,"126":0.6703910614525139,"162":0.6759776536312849,"168":0.6815642458100558,"159":0.6871508379888268,"179":0.6927374301675978,"151":0.6983240223463687,"164":0.7039106145251397,"131":0.7094972067039106,"123":0.7150837988826816,"136":0.7206703910614525,"152":0.7262569832402235,"160":0.7318435754189944,"177":0.7374301675977654,"124":0.7430167597765364,"174":0.7486033519553073,"28":0.7541899441340782,"125":0.7597765363128491,"155":0.7653631284916201,"7":0.770949720670391,"14":0.776536312849162,