{"name":"pagerank","alpha":0.85,"weight":"value","num_of_nodes":180,"num_of_edges":343,"process_time":0.03325009346008301,"data":{"0":0.37891334502235746,"1":0.40272257774341025,"2":0.14765605648819724,"3":0.1932000551243696,"4":0.5456186320694162,"5":0.14770609390651007,"6":0.37899846336237586,"7":0.4543059519272175,"8":0.13854876176864916,"9":0.3378904857461664,"10":0.5415891109224832,"11":0.4018960440750025,"12":0.329174425527118,"13":0.3683793976673661,"14":0.4543059519272175,"15":0.10835535389604842,"16":0.37891334502235746,"17":0.17580988823619947,"18":0.12838581775253827,"19":0.3310241735078519,"20":0.11690897757884941,"21":0.13071361626459108,"22":0.17477379750750574,"23":0.15272226131452568,"24":0.11924487979689664,"25":0.15277550712108884,"26":0.5473830804365102,"27":0.13182451699722486,"28":0.4651931234122798,"29":0.13182451699722486,"30":0.17344462175785896,"31":1.0,"32":0.10528092027858256,"33":0.3327597941523637,"34":0.05862535206170657,"35":0.4281141598071616,"36":0.17344462175785896,"37":0.13182451699722486,"38":0.1932000551243696,"39":0.33936423625545564,"40":0.140990628096702,"41":0.12439312663662142,"42":0.15277550712108884,"43":0.1932000551243696,"44":0.13182451699722486,"45":0.13182451699722486,"46":0.2515259237790118,"47":0.11690897757884941,"48":0.16515194596375818,"49":0.16515194596375818,"50":0.1628632795713976,"51":0.16920637633041544,"52":0.15272226131452568,"53":0.16710749372629247,"54":0.13497009330215443,"55":0.13182451699722486,"56":0.37899846336237586,"57":0.1349139648449758,"58":0.08022067273552017,"59":0.5481348477260782,"60":0.31768466305818005,"61":0.04154409926719023,"62":0.10182471755954006,"63":0.5115100967051975,"64":0.04987019886418782,"65":0.3209217050112749,"66":0.8143439762375597,"67":0.016086391966188496,"68":0.17708015698389146,"69":0.331630118173883,"70":0.10184271225378684,"71":0.13348143211300437,"72":0.08651000201066947,"73":0.12196444496277595,"74":0.34973973073398806,"75":0.11248100669104136,"76":0.5078871232150343,"77":0.536954876605384,"78":0.19726965221861695,"79":0.10996541030819605,"80":0.12196444496277595,"81":0.11279578632940433,"82":0.5443498353377498,"83":0.1693787915031657,"84":0.04823339225016044,"85":0.09834943781459042,"86":0.20854673396135154,"87":0.12565792215222887,"88":0.35705817032857234,"89":0.36647384329854643,"90":0.25631972938580366,"91":0.04162801379418604,"92":0.019718021716564473,"93":0.34769150787466063,"94":0.5736125146547618,"95":0.11248100669104136,"96":0.036096378240465916,"97":0.4757409956903913,"98":0.34315564402321574,"99":0.4129534162976128,"100":0.5237106667846005,"101":0.1419873104950191,"102":0.1698373492390892,"103":0.11616833892168527,"104":0.5075140832433611,"105":0.13348143211300423,"106":0.030788415703211655,"107":0.5334540143207528,"108":0.041235626046939935,"109":0.10184271225378684,"110":0.1698373492390892,"111":0.1698373492390892,"112":0.0,"113":0.2248160370816785,"114":0.37936927777459184,"115":0.5624423781219127,"116":0.19875194536390417,"117":0.3721348894157877,"118":0.2723938714570259,"119":0.4386751223208215,"120":0.040906619566785964,"121":0.2434037426703235,"122":0.24926744897309785,"123":0.026432861310473205,"124":0.25200349482699114,"125":0.3842212327751025,"126":0.40310679441447683,"127":0.41558963991816833,"128":0.3798457040037712,"129":0.45833573803519445,"130":0.26891725510718806,"131":0.26612360074256375,"132":0.29799967186659465,"133":0.2801012285399902,"134":0.5950067891276505,"135":0.05360265615401543,"136":0.08643152310826714,"137":0.09200018401414281,"138":0.23727950762765315,"139":0.028966163024184064,"140":0.4087056481190222,"141":0.28944069267101236,"142":0.47446816350402343,"143":0.2603173596148824,"144":0.40040289832656334,"145":0.23082524566121265,"146":0.5790111239837773,"147":0.055025396224716305,"148":0.506755636975494,"149":0.21270267947180974,"150":0.23570411469458138,"151":0.06594509235452725,"152":0.09186667643561902,"153":0.4033209663284241,"154":0.0728342811927445,"155":0.23544049889974208,"156":0.21795467098230895,"157":0.4033209663284241,"158":0.23082524566121265,"159":0.3058481816002556,"160":0.09186667643561902,"161":0.08849373113306162,"162":0.09307333768897937,"163":0.6803220339637648,"164":0.06594509235452725,"165":0.05352227749818598,"166":0.08359400184732382,"167":0.40040289832656334,"168":0.09180355203335396,"169":0.07490524363088642,"170":0.29701550791898534,"171":0.04048774756031348,"172":0.38989101940960474,"173":0.06684712824280443,"174":0.060985622935532426,"175":0.028966163024184064,"176":0.3060256501998175,"177":0.4306311362089348,"178":0.21269510782055856,"179":0.26689561621269414},"ranked":{"112":0.0,"67":0.00558659217877095,"92":0.0111731843575419,"123":0.01675977653631285,"139":0.0223463687150838,"175":0.027932960893854747,"106":0.0335195530726257,"96":0.03910614525139665,"171":0.0446927374301676,"120":0.05027932960893855,"108":0.055865921787709494,"61":0.061452513966480445,"91":0.0670391061452514,"84":0.07262569832402235,"64":0.0782122905027933,"165":0.08379888268156424,"135":0.0893854748603352,"147":0.09497206703910614,"34":0.1005586592178771,"174":0.10614525139664804,"151":0.11173184357541899,"164":0.11731843575418995,"173":0.12290502793296089,"154":0.12849162011173185,"169":0.1340782122905028,"58":0.13966480446927373,"166":0.1452513966480447,"136":0.15083798882681565,"72":0.1564245810055866,"161":0.16201117318435754,"168":0.16759776536312848,"152":0.17318435754189945,"160":0.1787709497206704,"137":0.18435754189944134,"162":0.18994413407821228,"85":0.19553072625698323,"62":0.2011173184357542,"70":0.20670391061452514,"109":0.2122905027932961,"32":0.21787709497206703,"15":0.22346368715083798,"79":0.22905027932960895,"75":0.2346368715083799,"95":0.24022346368715083,"81":0.24581005586592178,"103":0.25139664804469275,"20":0.2569832402234637,"47":0.26256983240223464,"24":0.2681564245810056,"73":0.2737430167597765,"80":0.27932960893854747,"41":0.2849162011173184,"87":0.2905027932960894,"18":0.29608938547486036,"21":0.3016759776536313,"27":0.30726256983240224,"29":0.3128491620111732,"37":0.31843575418994413,"44":0.3240223463687151,"45":0.329608938547486,"55":0.33519553072625696,"105":0.3407821229050279,"71":0.3463687150837989,"57":0.35195530726256985,"54":0.3575418994413408,"8":0.36312849162011174,"40":0.3687150837988827,"101":0.3743016759776536,"2":0.37988826815642457,"5":0.3854748603351955,"23":0.39106145251396646,"52":0.39664804469273746,"25":0.4022346368715084,"42":0.40782122905027934,"50":0.4134078212290503,"48":0.41899441340782123,"49":0.4245810055865922,"53":0.4301675977653631,"51":0.43575418994413406,"83":0.441340782122905,"102":0.44692737430167595,"110":0.45251396648044695,"111":0.4581005586592179,"30":0.46368715083798884,"36":0.4692737430167598,"22":0.4748603351955307,"17":0.48044692737430167,"68":0.4860335195530726,"3":0.49162011173184356,"38":0.4972067039106145,"43":0.5027932960893855,"78":0.5083798882681564,"116":0.5139664804469274,"86":0.5195530726256983,"178":0.5251396648044693,"149":0.5307262569832403,"156":0.5363128491620112,"113":0.5418994413407822,"145":0.547486033519553,"158":0.553072625698324,"155":0.5586592178770949,"150":0.5642458100558659,"138":0.5698324022346368,"121":0.5754189944134078,"122":0.5810055865921788,"46":0.5865921787709497,"124":0.5921787709497207,"90":0.5977653631284916,"143":0.6033519553072626,"131":0.6089385474860335,"179":0.6145251396648045,"130":0.6201117318435754,"118":0.6256983240223464,"133":0.6312849162011173,"141":0.6368715083798883,"170":0.6424581005586593,"132":0.6480446927374302,"159":0.6536312849162011,"176":0.659217877094972,"60":0.664804469273743,"65":0.6703910614525139,"12":0.6759776536312849,"19":0.6815642458100558,"69":0.6871508379888268,"33":0.6927374301675978,"9":0.6983240223463687,"39":0.7039106145251397,"98":0.7094972067039106,"93":0.7150837988826816,"74":0.7206703910614525,"88":0.7262569832402235,"89":0.7318435754189944,"13":0.7374301675977654,"117":0.7430167597765364,"0":0.7486033519553073,"16":0.7541899441340782,"6":0.7597765363128491,