{"name":"density","eps":0.5,"weight":"value","num_of_nodes":165,"num_of_edges":511,"process_time":0.026791095733642578,"data":{"0":0.20246655981829356,"1":0.19999996864559078,"2":0.39950661009826205,"3":0.3985202244645161,"4":0.20147990543241742,"5":0.002466658360823771,"6":0.002466770340727594,"7":0.20049340781873046,"8":0.001480071163012746,"9":0.0029599855536874024,"10":0.003946751919579052,"11":0.003453223162575862,"12":0.002466770340727594,"13":0.0029598511775943636,"14":0.0054265991223746935,"15":0.002959985553836296,"16":0.0024665911728889217,"17":0.001973532731839134,"18":0.0024665911728889217,"19":0.5985199915459517,"20":0.3999999372911629,"21":0.0019732415837802396,"22":0.20296008857525955,"23":0.9960534272484617,"24":0.0029598959696750075,"25":0.003946639939544947,"26":0.0014801159549444965,"27":0.0014799143908049382,"28":0.0014799143908049382,"29":0.20246651502623153,"30":0.0014799367867894251,"31":0.20296002138739913,"32":0.20147990543249186,"33":0.5990133187389848,"34":0.4009867260531693,"35":0.602466631485557,"36":0.5995066683279077,"37":0.002466658360823771,"38":0.20098657823946073,"39":0.600493412297836,"40":0.002466725548833067,"41":0.20295988701126888,"42":0.002466568776699706,"43":0.4029599452409093,"44":0.004439922340439604,"45":0.003946662335566657,"46":0.5980267315410615,"47":0.5990133411349882,"48":0.19950684301679225,"49":0.004933182345498668,"50":0.004933271929436616,"51":0.20295997659537432,"52":6.718812096627555e-08,"53":0.0014799367867894251,"54":0.20295986461520993,"55":0.4024667300279308,"56":0.5995067131199334,"57":0.20345330378836823,"58":0.00493318234540561,"59":0.6004933675058103,"60":0.0034532455585975725,"61":0.0024666807567896463,"62":0.003946707127610078,"63":0.20148003980852908,"64":0.5995067131198577,"65":0.0024667031526996864,"66":0.0014800039748917796,"67":0.6009867170948089,"68":0.003946707127721748,"69":0.5995067131198577,"70":0.0029599407616439817,"71":0.003946707127610078,"72":0.40197329085497724,"73":0.4014799188700888,"74":0.2004935645907149,"75":0.4019733356470393,"76":0.0024666807567896463,"77":0.5975334267440696,"78":0.0,"79":0.7990134665526218,"80":0.6019732818965963,"81":0.20345334858035583,"82":0.0034534023307495453,"83":0.6009866499067418,"84":0.0009866767818420314,"85":0.20295997659537432,"86":0.7985201617557248,"87":0.004439743172377591,"88":0.003946774315675209,"89":0.20148010699653837,"90":0.40197331325096175,"91":0.20295997659537432,"92":0.0014800487669352005,"93":0.19852005425478583,"94":0.19852005425478583,"95":0.6014799770997181,"96":0.000986833554068451,"97":0.0019734655439228965,"98":1.0,"99":0.6029598019065093,"100":0.0,"101":0.0014800487669352005,"102":0.4029600796168906,"103":0.003946483167430197,"104":0.4024665956519495,"105":0.003946751919653498,"106":0.40296003482490306,"107":0.19852005425478583,"108":0.20148003980852908,"109":0.6024665419015434,"110":0.201479860640374,"111":0.002466792736898198,"112":0.20197338939745163,"113":0.004439899944436505,"114":0.004439967132445801,"115":0.20246667179842073,"116":0.20197338939750747,"117":0.9960534048524773,"118":0.20246662700634008,"119":0.9970400368423317,"120":0.20148003980849183,"121":0.0039466623356224926,"122":0.001973375959966337,"123":0.5995068251000074,"124":0.4014800980380578,"125":0.20295999899139602,"126":0.59950669072393,"127":0.2029599989913588,"128":0.4024666628400332,"129":0.0019733759599291135,"130":0.401479874077971,"131":0.6019732818966531,"132":0.6009867170948657,"133":0.2029599318032937,"134":0.40049348844435534,"135":0.0024667479449106125,"136":0.0019733087719384294,"137":0.4024665508599991,"138":0.5995066235358061,"139":0.20443982379802106,"140":0.20148008460057248,"141":0.2029599541993154,"142":0.002466635964764837,"143":0.5985201035260824,"144":0.20345328139229069,"145":0.4024665508598502,"146":0.003946527959455007,"147":0.2034532813922721,"148":0.6014799770996991,"149":0.4009865692810546,"150":0.0019732415837244045,"151":0.0029599631578331974,"152":0.3999999596871846,"153":0.2029599765953371,"154":0.6009865603226524,"155":0.0014800263710065486,"156":0.0029599855537432375,"157":0.20147995022440499,"158":0.2009865782394421,"159":0.40098672605322516,"160":0.20098669021955065,"161":0.004439810360517169,"162":0.2029598646151727,"163":0.7999998969783318,"164":0.004933294325439715},"ranked":{"78":0.0,"100":0.006097560975609756,"52":0.012195121951219513,"84":0.018292682926829267,"96":0.024390243902439025,"27":0.03048780487804878,"28":0.036585365853658534,"30":0.042682926829268296,"53":0.04878048780487805,"66":0.054878048780487805,"155":0.06097560975609756,"92":0.06707317073170732,"101":0.07317073170731707,"8":0.07926829268292683,"26":0.08536585365853659,"150":0.09146341463414634,"21":0.0975609756097561,"136":0.10365853658536585,"129":0.10975609756097561,"122":0.11585365853658537,"97":0.12195121951219512,"17":0.12804878048780488,"42":0.13414634146341464,"16":0.1402439024390244,"18":0.14634146341463414,"142":0.1524390243902439,"5":0.15853658536585366,"37":0.16463414634146342,"61":0.17073170731707318,"76":0.17682926829268292,"65":0.18292682926829268,"40":0.18902439024390244,"135":0.1951219512195122,"6":0.20121951219512196,"12":0.2073170731707317,"111":0.21341463414634146,"13":0.21951219512195122,"24":0.22560975609756098,"70":0.23170731707317074,"151":0.23780487804878048,"9":0.24390243902439024,"156":0.25,"15":0.25609756097560976,"11":0.2621951219512195,"60":0.2682926829268293,"82":0.27439024390243905,"103":0.2804878048780488,"146":0.2865853658536585,"25":0.2926829268292683,"45":0.29878048780487804,"121":0.3048780487804878,"62":0.31097560975609756,"71":0.3170731707317073,"68":0.3231707317073171,"10":0.32926829268292684,"105":0.3353658536585366,"88":0.34146341463414637,"87":0.3475609756097561,"161":0.35365853658536583,"113":0.3597560975609756,"44":0.36585365853658536,"114":0.3719512195121951,"58":0.3780487804878049,"49":0.38414634146341464,"50":0.3902439024390244,"164":0.39634146341463417,"14":0.4024390243902439,"93":0.40853658536585363,"94":0.4146341463414634,"107":0.42073170731707316,"48":0.4268292682926829,"1":0.4329268292682927,"7":0.43902439024390244,"74":0.4451219512195122,"158":0.45121951219512196,"38":0.4573170731707317,"160":0.4634146341463415,"110":0.4695121951219512,"4":0.47560975609756095,"32":0.4817073170731707,"157":0.4878048780487805,"120":0.49390243902439024,"63":0.5,"108":0.5060975609756098,"140":0.5121951219512195,"89":0.5182926829268293,"112":0.524390243902439,"116":0.5304878048780488,"29":0.5365853658536586,"0":0.5426829268292683,"118":0.5487804878048781,"115":0.5548780487804879,"162":0.5609756097560976,"54":0.5670731707317073,"41":0.573170731707317,"133":0.5792682926829268,"141":0.5853658536585366,"153":0.5914634146341463,"51":0.5975609756097561,"85":0.6036585365853658,"91":0.6097560975609756,"127":0.6158536585365854,"125":0.6219512195121951,"31":0.6280487804878049,"22":0.6341463414634146,"147":0.6402439024390244,"144":0.6463414634146342,"57":0.6524390243902439,"81":0.6585365853658537,"139":0.6646341463414634,"3":0.6707317073170732,"2":0.676829268292683,"20":0.6829268292682927,"152":0.6890243902439024,"134":0.6951219512195121,"149":0.7012195121951219,"34":0.7073170731707317,"159":0.7134146341463414,"130":0.7195121951219512,"73":0.725609756097561,"124":0.7317073170731707,"72":0.7378048780487805,"90":0.7439024390243902,"75":0.75,"145":0.7560975609756098,"137":0.7621951219512195,"104":0.7682926829268293,"128":0.774390243902439,"55":0.7804878048780488,"43":0.7865853658536586,"106":0.7926829268292683,"102":0.7987804878048781,"77":0.8048780487804879,"46":0.8109756097560976,"19":0.8170731707317073,"143":0.823170731707317,"33":0.8292682926829268,"47":0.8353658536585366,"138":0.8414634146341463,"36":0.8475609756097561,"126":0.8536585365853658,"64":0.8597560975609756,"69":0.8658536585365854,"56":0.8719512195121951,"123":0.8780487804878049,"59":0.8841463414634146,"39":0.8902439024390244,"154":0.8963414634146342,"83":0.9024390243902439,"67":0.9085365853658537,"132":0.9146341463414634,"148":0.9207317073170732,