{"name":"density","eps":0.5,"weight":"value","num_of_nodes":195,"num_of_edges":617,"process_time":0.07953000068664551,"data":{"0":0.4005929148868726,"1":0.0029642155669775583,"2":0.4000990583927974,"3":0.0014821975002836554,"4":0.20227282544688943,"5":0.20227282544688943,"6":0.0019763231449951082,"7":0.40355728745820624,"8":0.39960470845597296,"9":0.2022727357299734,"10":0.2032606954394891,"11":0.7977272194115704,"12":0.5999011658995203,"13":0.003952511714737325,"14":0.002964260425407615,"15":0.2007904933712224,"16":0.4005928924577135,"17":0.001976166140508548,"18":0.40158087459655606,"19":0.000988184001647345,"20":0.2032607851565729,"21":0.0009882512894788234,"22":0.20177872223141163,"23":0.001976569866267225,"24":0.003952264993278815,"25":0.202272713300777,"26":0.2012845741574106,"27":0.0009882512894788234,"28":0.5994070178254381,"29":0.00247031421441639,"30":0.0019764128618179437,"31":0.40355733231667357,"32":0.002964619292810792,"33":0.4005928475993394,"34":0.4005928027407229,"35":0.20227302730971286,"36":0.40158109888866905,"37":0.7982214572024015,"38":0.0029642379960434723,"39":0.003952264993278815,"40":0.005434619498123587,"41":0.20177845308075676,"42":0.005434619498216784,"43":0.400592780311657,"44":0.5989129370392307,"45":0.20177881194815991,"46":0.002470359072902365,"47":0.0014820629249748453,"48":0.0014820629249748453,"49":0.001976210998938605,"50":0.0019761885697049376,"51":0.0014820629249748453,"52":0.40256905859809156,"53":0.20128450686987737,"54":0.0014820629249748453,"55":0.0029644847173901463,"56":0.5994070178254381,"57":0.004940605999710948,"58":0.2007904933712224,"59":0.0029641707084170263,"60":0.20079053822972703,"61":0.20029636772664144,"62":0.40158109888851995,"63":0.0014821975002836554,"64":0.2022727805885712,"65":0.20424878972438817,"66":0.4035571528830279,"67":0.0019762782865091334,"68":0.003952421997765375,"69":0.2042486551491539,"70":0.6028654263247791,"71":0.3996047533145335,"72":0.3996047757435994,"73":0.600889215325781,"74":0.40355724259966436,"75":0.6023713903969461,"76":0.19930834072935016,"77":0.20079047094219377,"78":0.8011857400567811,"79":0.2007904709420074,"80":0.801679641409415,"81":0.40207504509964165,"82":0.20079047094219377,"83":1.0,"84":0.00494067328692733,"85":0.9990118608568197,"86":0.7997035874149455,"87":0.4030630720967093,"88":0.20177863251445832,"89":0.20029645744331515,"90":0.006422646495209815,"91":0.6028654263247791,"92":0.4045453368846007,"93":0.20375473136734043,"94":0.20276674922847923,"95":0.20276677165802978,"96":0.40306302723829784,"97":0.6008893947593926,"98":0.5989130940438163,"99":0.2032607851563492,"100":0.2022726908715247,"101":0.0034584757867555105,"102":0.20326091973163937,"103":0.19930834072935016,"104":0.4005929597452281,"105":0.19930834072935016,"106":0.40503937281230296,"107":0.7982213899147733,"108":0.4025691034564471,"109":0.5999012331869398,"110":0.20424890187044467,"111":0.40306318424278437,"112":0.0059288797178829,"113":0.2017786773728884,"114":0.001976390432714751,"115":0.5999011434700959,"116":0.20326071786874142,"117":0.20326096458997625,"118":0.006422803499752293,"119":0.8016797984138109,"120":0.004940448995000716,"121":0.40059282517008704,"122":0.0,"123":0.20474289293977274,"124":0.6018774666150397,"125":0.6008893274717076,"126":0.6008892377550725,"127":0.20227271330070246,"128":0.4010869508145935,"129":0.20375482108416326,"130":0.004446614930121912,"131":0.20029645744335242,"132":0.4030629823798864,"133":0.5989130491852711,"134":0.6013834306873016,"135":0.0004940134985990318,"136":0.2042488570120519,"137":0.4025690361688579,"138":0.0024703590727905293,"139":0.6013833409705337,"140":0.2027667940869652,"141":0.006422848358238268,"142":0.20276677165775017,"143":0.6013834082580289,"144":0.20276695109147042,"145":0.40355730988743993,"146":0.4020750226703707,"147":0.2037548435133783,"148":0.6018774441859,"149":0.00395253414376596,"150":0.5999011658993496,"151":0.20326069543960093,"152":0.602865516041566,"153":0.40306309452596156,"154":0.003952399568531707,"155":0.20474280322309904,"156":0.0024705385064362,"157":0.403557152882972,"158":0.20276672679937605,"159":0.2047428256522395,"160":0.602371323109318,"161":0.6008894171887031,"162":0.0014823545047888548,"163":0.0004940134985990318,"164":0.20029663687712856,"165":0.005928565709133452,"166":0.4030629823798864,"167":0.4010869059562566,"168":0.40405127852762757,"169":0.6008893723302529,"170":0.004940605999505916,"171":0.0004940134985990318,"172":0.0024704039312205862,"173":0.004940628428627748,"174":0.20276677165778745,"175":0.0029643725712963647,"176":0.20326083001476064,"177":0.20079038122522183,"178":0.2007906503756717,"179":0.004446614930121912,"180":0.6008894620470966,"181":0.4015809418841639,"182":0.004446637359243745,"183":0.0029644174297264216,"184":0.2037547986549296,"185":0.0039526238607379095,"186":0.0029644622881937572,"187":0.8001976906303687,"188":0.6008894171886842,"189":0.5999011658993496,"190":0.0039525341438405165,"191":0.2052369737260728,"192":0.20276661465331955,"193":0.20029663687712856,"194":0.0014822872171624086},"ranked":{"122":0.0,"135":0.005154639175257732,"163":0.010309278350515464,"171":0.015463917525773196,"19":0.020618556701030927,"21":0.02577319587628866,"27":0.030927835051546393,"47":0.03608247422680412,"48":0.041237113402061855,"51":0.04639175257731959,"54":0.05154639175257732,"3":0.05670103092783505,"63":0.061855670103092786,"194":0.06701030927835051,"162":0.07216494845360824,"17":0.07731958762886598,"50":0.08247422680412371,"49":0.08762886597938144,"67":0.09278350515463918,"6":0.0979381443298969,"114":0.10309278350515463,"30":0.10824742268041238,"23":0.1134020618556701,"29":0.11855670103092783,"138":0.12371134020618557,"46":0.12886597938144329,"172":0.13402061855670103,"156":0.13917525773195877,"59":0.14432989690721648,"1":0.14948453608247422,"38":0.15463917525773196,"14":0.15979381443298968,"175":0.16494845360824742,"183":0.17010309278350516,"186":0.17525773195876287,"55":0.18041237113402062,"32":0.18556701030927836,"101":0.19072164948453607,"24":0.1958762886597938,"39":0.20103092783505155,"154":0.20618556701030927,"68":0.211340206185567,"13":0.21649484536082475,"149":0.22164948453608246,"190":0.2268041237113402,"185":0.23195876288659795,"130":0.23711340206185566,"179":0.2422680412371134,"182":0.24742268041237114,"120":0.25257731958762886,"170":0.25773195876288657,"57":0.26288659793814434,"173":0.26804123711340205,"84":0.27319587628865977,"40":0.27835051546391754,"42":0.28350515463917525,"165":0.28865979381443296,"112":0.29381443298969073,"90":0.29896907216494845,"118":0.30412371134020616,"141":0.30927835051546393,"76":0.31443298969072164,"103":0.31958762886597936,"105":0.3247422680412371,"61":0.32989690721649484,"89":0.33505154639175255,"131":0.3402061855670103,"164":0.34536082474226804,"193":0.35051546391752575,"177":0.3556701030927835,"79":0.36082474226804123,"77":0.36597938144329895,"82":0.3711340206185567,"15":0.37628865979381443,"58":0.38144329896907214,"60":0.3865979381443299,"178":0.3917525773195876,"53":0.39690721649484534,"26":0.4020618556701031,"41":0.4072164948453608,"88":0.41237113402061853,"113":0.4175257731958763,"22":0.422680412371134,"45":0.42783505154639173,"100":0.4329896907216495,"127":0.4381443298969072,"25":0.44329896907216493,"9":0.4484536082474227,"64":0.4536082474226804,"4":0.4587628865979381,"5":0.4639175257731959,"35":0.4690721649484536,"192":0.4742268041237113,"158":0.4793814432989691,"94":0.4845360824742268,"142":0.4896907216494845,"174":0.4948453608247423,"95":0.5,"140":0.5051546391752577,"144":0.5103092783505154,"10":0.5154639175257731,"151":0.520618556701031,"116":0.5257731958762887,"99":0.5309278350515464,"20":0.5360824742268041,"176":0.5412371134020618,"102":0.5463917525773195,"117":0.5515463917525774,"93":0.5567010309278351,"184":0.5618556701030928,"129":0.5670103092783505,"147":0.5721649484536082,"69":0.5773195876288659,"65":0.5824742268041238,"136":0.5876288659793815,"110":0.5927835051546392,"155":0.5979381443298969,"159":0.6030927835051546,