{"name":"pagerank","alpha":0.85,"weight":"value","num_of_nodes":138,"num_of_edges":440,"process_time":0.029983997344970703,"data":{"0":0.4779565801823383,"1":0.13299673244141344,"2":0.11740466300585647,"3":0.11543629044555129,"4":0.4909997075189722,"5":0.5208022431451333,"6":0.29605492860008537,"7":0.47986538754147096,"8":0.8337239663816307,"9":0.49280395623054063,"10":0.4845634309863012,"11":0.2963951318793263,"12":0.5077042488100502,"13":0.6436932005166912,"14":0.10589222871520375,"15":0.3005927694928426,"16":0.4906050544114524,"17":0.13492571398492273,"18":0.07219736990557044,"19":0.6670973398968626,"20":0.4449694254632191,"21":0.3193730539812598,"22":0.4779565801823383,"23":0.5090739265781705,"24":0.672789502357227,"25":0.3188113458081766,"26":0.48670515793348385,"27":0.683756742540088,"28":0.12298992302141334,"29":0.5117996082746831,"30":0.10794815166251506,"31":0.31400924339284947,"32":0.3188113458081766,"33":0.31712396819491306,"34":0.12558804696584372,"35":0.11433334454386279,"36":0.5077042488100502,"37":0.12938166670395837,"38":0.655663863930184,"39":0.30941906428323623,"40":0.6672149449034329,"41":0.28371092851176083,"42":0.11864435158383277,"43":0.3284132753303095,"44":0.11288661707834986,"45":0.322026121494392,"46":0.31635190222180487,"47":0.7282028196338214,"48":0.5630730530912524,"49":0.10723582614946565,"50":0.08283450076037134,"51":1.0,"52":0.0,"53":0.3573565205912571,"54":0.5485137367778976,"55":0.3523125369697267,"56":0.3827993413442191,"57":0.9260259118060978,"58":0.2708686822896058,"59":0.6386219017373845,"60":0.3573565205912571,"61":0.3573508097017226,"62":0.15457653718645423,"63":0.08283450076037134,"64":0.5260053444782844,"65":0.21829615470194746,"66":0.2163290223154261,"67":0.5607564701106862,"68":0.1519907479552002,"69":0.1102962947524163,"70":0.1526853402093527,"71":0.032926497458113824,"72":0.06913973220752356,"73":0.3445938807326469,"74":0.5479081103244198,"75":0.21857522745214153,"76":0.5213186523847658,"77":0.3265732784198806,"78":0.5479081103244198,"79":0.3233519345813755,"80":0.8082906276268379,"81":0.6952923775200257,"82":0.032926497458113824,"83":0.06913973220752356,"84":0.6878016254069441,"85":0.34490925494259084,"86":0.06913973220752356,"87":0.1102962947524163,"88":0.15012474242648494,"89":0.06049195232019347,"90":0.368309214883074,"91":0.47744979182395075,"92":0.09449532390895587,"93":0.5117996082746834,"94":0.2933648003787037,"95":0.08661830269369131,"96":0.46850354157320745,"97":0.10436983777968319,"98":0.27226568331626666,"99":0.6691600232757458,"100":0.3022653187859527,"101":0.1119922790863905,"102":0.11054848275544936,"103":0.8173072354424963,"104":0.6621500537845981,"105":0.25615425383495594,"106":0.5043269963133581,"107":0.08303171060121668,"108":0.2847579950035353,"109":0.11054848275544936,"110":0.11561178061303026,"111":0.6116613721496083,"112":0.08946349721903246,"113":0.3110018725363274,"114":0.100667191144841,"115":0.2966181726917757,"116":0.25616661061580687,"117":0.13459478480693163,"118":0.27914022977193903,"119":0.07812953914823359,"120":0.3208910988530622,"121":0.6704684201457912,"122":0.12614104241498747,"123":0.11054848275544969,"124":0.28524341181686574,"125":0.616544436389499,"126":0.4628957966700012,"127":0.6704684201457912,"128":0.3031142048297326,"129":0.609648865409219,"130":0.5007802888865601,"131":0.236671352685019,"132":0.2944031166164737,"133":0.7933664589716323,"134":0.8355009757008373,"135":0.5038552323797291,"136":0.4781474559226115,"137":0.2755423726088233},"ranked":{"52":0.0,"71":0.0072992700729927005,"82":0.014598540145985401,"89":0.021897810218978103,"72":0.029197080291970802,"83":0.0364963503649635,"86":0.043795620437956206,"18":0.051094890510948905,"119":0.058394160583941604,"50":0.06569343065693431,"63":0.072992700729927,"107":0.08029197080291971,"95":0.08759124087591241,"112":0.0948905109489051,"92":0.10218978102189781,"114":0.10948905109489052,"97":0.11678832116788321,"14":0.12408759124087591,"49":0.13138686131386862,"30":0.1386861313868613,"69":0.145985401459854,"87":0.15328467153284672,"102":0.16058394160583941,"109":0.1678832116788321,"123":0.17518248175182483,"101":0.18248175182481752,"44":0.1897810218978102,"35":0.19708029197080293,"3":0.20437956204379562,"110":0.2116788321167883,"2":0.21897810218978103,"42":0.22627737226277372,"28":0.23357664233576642,"34":0.24087591240875914,"122":0.24817518248175183,"37":0.25547445255474455,"1":0.26277372262773724,"117":0.27007299270072993,"17":0.2773722627737226,"88":0.2846715328467153,"68":0.291970802919708,"70":0.29927007299270075,"62":0.30656934306569344,"66":0.31386861313868614,"65":0.32116788321167883,"75":0.3284671532846715,"131":0.3357664233576642,"105":0.34306569343065696,"116":0.35036496350364965,"58":0.35766423357664234,"98":0.36496350364963503,"137":0.3722627737226277,"118":0.3795620437956204,"41":0.38686131386861317,"108":0.39416058394160586,"124":0.40145985401459855,"94":0.40875912408759124,"132":0.41605839416058393,"6":0.4233576642335766,"11":0.4306569343065693,"115":0.43795620437956206,"15":0.44525547445255476,"100":0.45255474452554745,"128":0.45985401459854014,"39":0.46715328467153283,"113":0.4744525547445255,"31":0.48175182481751827,"46":0.48905109489051096,"33":0.49635036496350365,"25":0.5036496350364964,"32":0.5109489051094891,"21":0.5182481751824818,"120":0.5255474452554745,"45":0.5328467153284672,"79":0.5401459854014599,"77":0.5474452554744526,"43":0.5547445255474452,"73":0.5620437956204379,"85":0.5693430656934306,"55":0.5766423357664233,"61":0.583941605839416,"53":0.5912408759124088,"60":0.5985401459854015,"90":0.6058394160583942,"56":0.6131386861313869,"20":0.6204379562043796,"126":0.6277372262773723,"96":0.635036496350365,"91":0.6423357664233577,"0":0.6496350364963503,"22":0.656934306569343,"136":0.6642335766423357,"7":0.6715328467153284,"10":0.6788321167883211,"26":0.6861313868613139,"16":0.6934306569343066,"4":0.7007299270072993,"9":0.708029197080292,"130":0.7153284671532847,"135":0.7226277372262774,"106":0.7299270072992701,"12":0.7372262773722628,"36":0.7445255474452555,"23":0.7518248175182481,"29":0.7591240875912408,"93":0.7664233576642335,"5":0.7737226277372263,"76":0.781021897810219,"64":0.7883211678832117,"74":0.7956204379562044,"78":0.8029197080291971,"54":0.8102189781021898,"67":0.8175182481751825,"48":0.8248175182481752,"129":0.8321167883211679,"111":0.8394160583941606,"125":0.8467153284671532,"59":0.8540145985401459,"13":0.8613138686131386,"38":0.8686131386861314,"104":0.8759124087591241,"19":0.8832116788321168,"40":0.8905109489051095,"99":0.8978102189781022,"121":0.9051094890510949,"127":0.9124087591240876,"24":0.9197080291970803,"27":0.927007299270073,"84":0.9343065693430657,"81":0.9416058394160584,"47":0.948905109489051,"133":0.9562043795620438,"80":0.9635036496350365,"103":0.9708029197080292,"8":0.9781021897810219,"134":0.9854014598540146,"57":0.9927007299270073,"51":1.0}}