{"name":"pagerank","alpha":0.85,"weight":"value","num_of_nodes":174,"num_of_edges":341,"process_time":0.023942947387695312,"data":{"0":0.5426725396819997,"1":0.09541069012399452,"2":0.3933811954358943,"3":0.11501608061855806,"4":0.14523724488292633,"5":0.12890835363215317,"6":0.5331196254624142,"7":0.12245627895764379,"8":0.34588371307738486,"9":0.09541069012399452,"10":0.11030718688649609,"11":0.3449954819748101,"12":0.28378918692375044,"13":0.6211937120293213,"14":0.31631614653625495,"15":0.8291337643005302,"16":0.1417648347304557,"17":0.5020063077978127,"18":0.1417648347304557,"19":0.07012287648570797,"20":0.34588371307738486,"21":0.631513986386295,"22":0.631513986386295,"23":0.08591184586860888,"24":0.34564012942895217,"25":0.099531598162245,"26":0.14790328772229772,"27":0.37754633694713174,"28":0.14603993643350893,"29":0.5426725396819997,"30":0.14790328772229772,"31":0.7581751131921964,"32":0.3894462549029389,"33":0.1371756913358378,"34":0.13623106877889757,"35":0.5482000578531587,"36":0.08847704900867717,"37":0.14176483473045584,"38":0.8057627987001857,"39":0.12158499901039786,"40":0.6187322315755174,"41":0.5347367231511247,"42":0.552800797486891,"43":0.14603993643350893,"44":0.3678576028127455,"45":0.06973749412334762,"46":0.12780816132799333,"47":0.14176483473045584,"48":0.07945137780256686,"49":0.7231734158746905,"50":0.1470178447858418,"51":0.12203504047508124,"52":0.34263762672335335,"53":0.38429976569489405,"54":0.13735615648695682,"55":0.3043049587527059,"56":0.099531598162245,"57":0.28378918692375027,"58":0.08933607878270051,"59":0.27449087058270266,"60":0.22203588499461765,"61":0.3745390361902919,"62":0.7443889822667461,"63":0.3230885712155676,"64":0.15611674389627844,"65":0.29721321024461217,"66":0.524364354123626,"67":0.6521439423795864,"68":0.12825534477875042,"69":0.22546650312329838,"70":0.13410964637930145,"71":0.11021056099891392,"72":0.6101673049665385,"73":0.014810481195541368,"74":0.17749430747559802,"75":0.1832295601598302,"76":0.6073441312803503,"77":0.7485268933800612,"78":0.11877031231872812,"79":0.32137452249097054,"80":0.08086711986010828,"81":0.08856946254502467,"82":0.6369013231854908,"83":0.07978084550922558,"84":0.17796171563515123,"85":0.3047481402259795,"86":0.18896125686095008,"87":1.0,"88":0.08856946254502467,"89":0.17835968969734137,"90":0.305495186143964,"91":0.09800819993705365,"92":0.7614274476339086,"93":0.17835968969734137,"94":0.11021056099891392,"95":0.17835968969734137,"96":0.38490321489965473,"97":0.5719709187108261,"98":0.15768869465007146,"99":0.22203588499461765,"100":0.5203848378970387,"101":0.3534544288887118,"102":0.5448640560735284,"103":0.014810481195541368,"104":0.16171768811577328,"105":0.07664438556940126,"106":0.13043900098974448,"107":0.5318061135699121,"108":0.13158201225569943,"109":0.5362804583733716,"110":0.46505175549239164,"111":0.0,"112":0.37179734343670345,"113":0.5664707860675717,"114":0.337126814775584,"115":0.1733780124665417,"116":0.5550341811710892,"117":0.14239329268661544,"118":0.3194305801518827,"119":0.096012421791565,"120":0.2901038866019671,"121":0.2822917704536272,"122":0.9518154631538243,"123":0.44849053910084247,"124":0.30679825402218897,"125":0.5550341811710892,"126":0.3156709459893458,"127":0.10403436781818133,"128":0.7394686662002502,"129":0.3156709459893458,"130":0.06868937381404117,"131":0.5004531551649001,"132":0.0870715834998731,"133":0.42815514411259137,"134":0.10549795231995318,"135":0.41586534212808607,"136":0.2822917704536272,"137":0.38184944850218344,"138":0.11047298630041848,"139":0.09205923036741381,"140":0.14468638383413832,"141":0.42982883316034276,"142":0.5036605820958615,"143":0.08835128119306686,"144":0.31587320447100437,"145":0.4639362270887478,"146":0.10578068087922002,"147":0.03787298395494597,"148":0.10549795231995318,"149":0.3237438404694918,"150":0.3228934894814311,"151":0.08835128119306686,"152":0.3406665934485405,"153":0.3406665934485405,"154":0.4194624460190295,"155":0.08197474521884014,"156":0.30271208962919904,"157":0.10741988822741212,"158":0.048157928844034324,"159":0.6115375536214102,"160":0.12263628734354441,"161":0.7906618780057761,"162":0.09120836854846669,"163":0.2825696166662735,"164":0.36928957513339905,"165":0.2236519579603124,"166":0.14239329268661544,"167":0.2504590983695949,"168":0.7757138676018333,"169":0.463936227088748,"170":0.3839143715472347,"171":0.22195925984886283,"172":0.13402797242664163,"173":0.30507226948138105},"ranked":{"111":0.0,"73":0.005780346820809248,"103":0.011560693641618497,"147":0.017341040462427744,"158":0.023121387283236993,"130":0.028901734104046242,"45":0.03468208092485549,"19":0.04046242774566474,"105":0.046242774566473986,"48":0.05202312138728324,"83":0.057803468208092484,"80":0.06358381502890173,"155":0.06936416184971098,"23":0.07514450867052024,"132":0.08092485549132948,"143":0.08670520231213873,"151":0.09248554913294797,"36":0.09826589595375723,"81":0.10404624277456648,"88":0.10982658959537572,"58":0.11560693641618497,"162":0.12138728323699421,"139":0.12716763005780346,"1":0.1329479768786127,"9":0.13872832369942195,"119":0.14450867052023122,"91":0.15028901734104047,"25":0.15606936416184972,"56":0.16184971098265896,"127":0.1676300578034682,"134":0.17341040462427745,"148":0.1791907514450867,"146":0.18497109826589594,"157":0.1907514450867052,"71":0.19653179190751446,"94":0.2023121387283237,"10":0.20809248554913296,"138":0.2138728323699422,"3":0.21965317919075145,"78":0.2254335260115607,"39":0.23121387283236994,"51":0.23699421965317918,"7":0.24277456647398843,"160":0.24855491329479767,"46":0.2543352601156069,"68":0.26011560693641617,"5":0.2658959537572254,"106":0.27167630057803466,"108":0.2774566473988439,"172":0.2832369942196532,"70":0.28901734104046245,"34":0.2947976878612717,"33":0.30057803468208094,"54":0.3063583815028902,"16":0.31213872832369943,"18":0.3179190751445087,"37":0.3236994219653179,"47":0.32947976878612717,"117":0.3352601156069364,"166":0.34104046242774566,"140":0.3468208092485549,"4":0.35260115606936415,"28":0.3583815028901734,"43":0.36416184971098264,"50":0.3699421965317919,"26":0.37572254335260113,"30":0.3815028901734104,"64":0.3872832369942196,"98":0.3930635838150289,"104":0.3988439306358382,"115":0.4046242774566474,"74":0.41040462427745666,"84":0.4161849710982659,"89":0.42196531791907516,"93":0.4277456647398844,"95":0.43352601156069365,"75":0.4393063583815029,"86":0.44508670520231214,"171":0.4508670520231214,"60":0.45664739884393063,"99":0.4624277456647399,"165":0.4682080924855491,"69":0.47398843930635837,"167":0.4797687861271676,"59":0.48554913294797686,"121":0.4913294797687861,"136":0.49710982658959535,"163":0.5028901734104047,"57":0.5086705202312138,"12":0.5144508670520231,"120":0.5202312138728323,"65":0.5260115606936416,"156":0.5317919075144508,"55":0.5375722543352601,"85":0.5433526011560693,"173":0.5491329479768786,"90":0.5549132947976878,"124":0.5606936416184971,"126":0.5664739884393064,"129":0.5722543352601156,"144":0.5780346820809249,"14":0.5838150289017341,"118":0.5895953757225434,"79":0.5953757225433526,"150":0.6011560693641619,"63":0.6069364161849711,"149":0.6127167630057804,"114":0.6184971098265896,"152":0.6242774566473989,"153":0.630057803468208,"52":0.6358381502890174,"11":0.6416184971098265,"24":0.6473988439306358,"8":0.653179190751445,"20":0.6589595375722543,"101":0.6647398843930635,"44":0.6705202312138728,"164":0.6763005780346821,"112":0.6820809248554913,"61":0.6878612716763006,"27":0.6936416184971098,"137":0.6994219653179191,"170":0.7052023121387283,"53":0.7109826589595376,"96":0.7167630057803468,"32":0.7225433526011561,"2":0.7283236994219653,"135":0.7341040462427746,"154":0.7398843930635838,"133":0.7456647398843931,"141":0.7514450867052023,"123":0.7572254335260116,"145":0.7630057803468208,"169":0.7687861271676301,"110":0.7745664739884393,"131":0.7803468208092486,"17":0.7861271676300579,"142":0.791907514450867,"100":0.7976878612716763,"66":0.8034682080924855,"107":0.8092485549132948,"6":0.815028901734104,"41":0.8208092485549133,"109":0.8265895953757225,