{"name":"pagerank","alpha":0.85,"weight":"value","num_of_nodes":123,"num_of_edges":387,"process_time":0.029335975646972656,"data":{"0":0.27710279708768126,"1":0.6899372981100467,"2":0.5321178504175721,"3":0.7454131236628849,"4":0.10616830937458802,"5":0.30515447096039466,"6":0.4878442221166817,"7":0.4828526391185041,"8":0.343969592847818,"9":0.3263551013227729,"10":0.0831904756607962,"11":0.08878869911312341,"12":0.1334747820168962,"13":0.27058518771014534,"14":0.11918508928280197,"15":0.5148753737792471,"16":0.06730145499623291,"17":0.10616830937458802,"18":0.12027267171481329,"19":0.28351105765222745,"20":0.3288760880978517,"21":0.07991440052495512,"22":0.478906377120681,"23":0.10671138872129675,"24":0.12102129626706938,"25":0.47688287796123535,"26":0.3329269076047753,"27":0.6899372981100467,"28":0.10616830937458802,"29":0.12203843501522979,"30":0.9067217526531917,"31":0.08878869911312341,"32":0.2997616335511458,"33":0.7280096497807461,"34":0.12203843501522964,"35":0.4828526391185041,"36":0.5105969703748708,"37":0.9535208919268405,"38":0.5348177316235804,"39":0.10616830937458802,"40":0.1334747820168962,"41":0.5498761754031973,"42":0.39106522932979476,"43":0.41692473908885364,"44":0.3293487206391331,"45":1.0,"46":0.12458908785790017,"47":0.32590117117904344,"48":0.09332360044348786,"49":0.03966380732491004,"50":0.5931142574583198,"51":0.03966380732491004,"52":0.3468520570683844,"53":0.4879046194642655,"54":0.040540888791932836,"55":0.37518018253536367,"56":0.026925444640010354,"57":0.39106522932979476,"58":0.20768622319952273,"59":0.39106522932979476,"60":0.3191661934639362,"61":0.07866729267240861,"62":0.09332360044348786,"63":0.036532487836342525,"64":0.23363496077180318,"65":0.9349489357270659,"66":0.5317209364224025,"67":0.3316024829439916,"68":0.6238644796222543,"69":0.40718201500064083,"70":0.12290495663367608,"71":0.23126328242203834,"72":0.040713617493863916,"73":0.12290495663367608,"74":0.8015660650379233,"75":0.5287237251985085,"76":0.5945656007828191,"77":0.5708796425077387,"78":0.06962367337497798,"79":0.10085602676849315,"80":0.5488225794944583,"81":0.832836047102508,"82":0.10844018855907987,"83":0.2496048613268761,"84":0.22099303125071657,"85":0.21435929820200095,"86":0.14255233571040343,"87":0.5277617101540252,"88":0.31461128141850897,"89":0.14255233571040343,"90":0.12967725605433128,"91":0.1216119099222612,"92":0.09524453225251427,"93":0.7540100231076845,"94":0.13042516839831114,"95":1.5571427506023435e-16,"96":0.5181342320385003,"97":0.1060928095828013,"98":0.3691692547673184,"99":0.5244313925908116,"100":0.7721148686483817,"101":0.12430165973456986,"102":0.4481365021120265,"103":0.34843679027035956,"104":0.432378343464943,"105":0.7595570846098876,"106":0.22977224506368957,"107":0.44796815873512097,"108":0.25236059873892697,"109":0.12967725605433128,"110":0.753172587766556,"111":0.10879536395149174,"112":0.966459560668372,"113":0.3698066195886924,"114":0.5621411644594221,"115":0.06718299546891014,"116":0.02182759334284867,"117":0.3570209577816705,"118":0.5686960340323346,"119":0.05421314975387222,"120":0.06718299546891014,"121":0.7509385798070216,"122":0.0},"ranked":{"122":0.0,"95":0.00819672131147541,"116":0.01639344262295082,"56":0.02459016393442623,"63":0.03278688524590164,"49":0.040983606557377046,"51":0.04918032786885246,"54":0.05737704918032787,"72":0.06557377049180328,"119":0.07377049180327869,"115":0.08196721311475409,"120":0.09016393442622951,"16":0.09836065573770492,"78":0.10655737704918032,"61":0.11475409836065574,"21":0.12295081967213115,"10":0.13114754098360656,"11":0.13934426229508196,"31":0.14754098360655737,"48":0.1557377049180328,"62":0.16393442622950818,"92":0.1721311475409836,"79":0.18032786885245902,"97":0.1885245901639344,"4":0.19672131147540983,"17":0.20491803278688525,"28":0.21311475409836064,"39":0.22131147540983606,"23":0.22950819672131148,"82":0.23770491803278687,"111":0.2459016393442623,"14":0.2540983606557377,"18":0.26229508196721313,"24":0.27049180327868855,"91":0.2786885245901639,"34":0.28688524590163933,"29":0.29508196721311475,"70":0.30327868852459017,"73":0.3114754098360656,"101":0.319672131147541,"46":0.32786885245901637,"90":0.3360655737704918,"109":0.3442622950819672,"94":0.3524590163934426,"12":0.36065573770491804,"40":0.36885245901639346,"86":0.3770491803278688,"89":0.38524590163934425,"58":0.39344262295081966,"85":0.4016393442622951,"84":0.4098360655737705,"106":0.4180327868852459,"71":0.4262295081967213,"64":0.4344262295081967,"83":0.4426229508196721,"108":0.45081967213114754,"13":0.45901639344262296,"0":0.4672131147540984,"19":0.47540983606557374,"32":0.48360655737704916,"5":0.4918032786885246,"88":0.5,"60":0.5081967213114754,"47":0.5163934426229508,"9":0.5245901639344263,"20":0.5327868852459017,"44":0.5409836065573771,"67":0.5491803278688525,"26":0.5573770491803278,"8":0.5655737704918032,"52":0.5737704918032787,"103":0.5819672131147541,"117":0.5901639344262295,"98":0.5983606557377049,"113":0.6065573770491803,"55":0.6147540983606558,"42":0.6229508196721312,"57":0.6311475409836066,"59":0.639344262295082,"69":0.6475409836065574,"43":0.6557377049180327,"104":0.6639344262295082,"107":0.6721311475409836,"102":0.680327868852459,"25":0.6885245901639344,"22":0.6967213114754098,"7":0.7049180327868853,"35":0.7131147540983607,"6":0.7213114754098361,"53":0.7295081967213115,"36":0.7377049180327869,"15":0.7459016393442623,"96":0.7540983606557377,"99":0.7622950819672131,"87":0.7704918032786885,"75":0.7786885245901639,"66":0.7868852459016393,"2":0.7950819672131147,"38":0.8032786885245902,"80":0.8114754098360656,"41":0.819672131147541,"114":0.8278688524590164,"118":0.8360655737704918,"77":0.8442622950819673,"50":0.8524590163934426,"76":0.860655737704918,"68":0.8688524590163934,"1":0.8770491803278688,"27":0.8852459016393442,"33":0.8934426229508197,"3":0.9016393442622951,"121":0.9098360655737705,"110":0.9180327868852459,"93":0.9262295081967213,"105":0.9344262295081968,"100":0.9426229508196722,"74":0.9508196721311475,"81":0.9590163934426229,"30":0.9672131147540983,"65":0.9754098360655737,"37":0.9836065573770492,"112":0.9918032786885246,"45":1.0}}