{"name":"agd","num_of_nodes":132,"num_of_edges":262,"weight":"value","process_time":0.02138805389404297,"data":{"0":0.5605973578403216,"1":0.0,"2":0.4870763928776566,"3":0.630097645031591,"4":0.5605973578403216,"5":0.1763354394026422,"6":0.033888569787478465,"7":0.12923607122343486,"8":0.08041355542791503,"9":0.29408385985066055,"10":0.32510051694428493,"11":0.08098793796668581,"12":0.3256748994830557,"13":0.1826536473291212,"14":0.13555427914991386,"15":0.018954623779437095,"16":0.03963239517518667,"17":0.4187248707639287,"18":0.2521539345203906,"19":0.4870763928776566,"20":0.19758759333716255,"21":0.014933946008041364,"22":0.5565766800689258,"23":0.3555427914991385,"24":0.028719126938541034,"25":0.32510051694428493,"26":0.630097645031591,"27":0.10798391728891438,"28":0.05284319356691556,"29":0.5577254451464677,"30":0.036186099942561716,"31":0.036186099942561716,"32":0.29408385985066055,"33":0.033888569787478465,"34":0.3256748994830557,"35":0.10798391728891438,"36":0.23377369327972428,"37":0.19356691556576683,"38":0.05973578403216546,"39":0.5565766800689258,"40":0.48535324526134394,"41":0.1838024124066629,"42":0.23951751866743248,"43":0.19471568064330838,"44":0.3015508328546812,"45":0.6094198736358414,"46":0.3928776565192419,"47":0.05743825387708207,"48":0.9994256174612293,"49":0.1131533601378518,"50":1.0,"51":0.4417001723147617,"52":0.6031016657093625,"53":0.7932222860425043,"54":0.4520390580126364,"55":0.13497989661114307,"56":0.1642734060884549,"57":0.3170591614014934,"58":0.9276278001148766,"59":0.7897759908098794,"60":0.26019529006318204,"61":0.7242963813900059,"62":0.13268236645605969,"63":0.7880528431935669,"64":0.49339460080413566,"65":0.7932222860425043,"66":0.19758759333716255,"67":0.7265939115450892,"68":0.6186099942561747,"69":0.21883974727168293,"70":0.21769098219414135,"71":0.18093049971280872,"72":0.25847214244686956,"73":0.546812176909822,"74":0.1642734060884549,"75":0.855829982768524,"76":0.3021252153934521,"77":0.144744399770247,"78":0.5554279149913842,"79":0.08385985066053984,"80":0.5020103388856979,"81":0.3021252153934521,"82":0.6616886846639861,"83":0.926479035037335,"84":1.0,"85":0.7300402067777139,"86":0.3457782883400345,"87":0.7926479035037335,"88":0.29293509477311896,"89":0.16599655370476735,"90":0.5715106260769672,"91":0.1321079839172889,"92":0.39862148190695007,"93":0.5008615738081563,"94":0.3900057438253877,"95":0.04422745548535318,"96":0.6352670878805284,"97":0.46927053417576103,"98":0.3515221137277427,"99":0.07122343480758188,"100":0.39862148190695007,"101":0.5674899483055714,"102":0.20160827110855828,"103":0.7082136703044228,"104":0.1321079839172889,"105":0.45146467547386565,"106":0.707064905226881,"107":0.5031591039632395,"108":0.4233199310740954,"109":0.3653072946582424,"110":0.10166570936243538,"111":0.10166570936243538,"112":0.38828259620907524,"113":0.7076392877656521,"114":0.6364158529580702,"115":0.29465824238943145,"116":0.3452039058012636,"117":0.3641585295807007,"118":0.3452039058012636,"119":0.7800114876507755,"120":0.4485927627800115,"121":0.29293509477311896,"122":0.10051694428489369,"123":0.24181504882251575,"124":0.33831131533601383,"125":0.6392877656519241,"126":0.44342331993107414,"127":0.6381390005743826,"128":0.636990235496841,"129":0.24870763928776565,"130":0.4491671453187824,"131":0.07237219988512343},"ranked":{"1":0.0,"21":0.007633587786259542,"15":0.015267175572519083,"24":0.022900763358778626,"6":0.030534351145038167,"33":0.03816793893129771,"30":0.04580152671755725,"31":0.05343511450381679,"16":0.061068702290076333,"95":0.06870229007633588,"28":0.07633587786259542,"47":0.08396946564885496,"38":0.0916030534351145,"99":0.09923664122137404,"131":0.10687022900763359,"8":0.11450381679389313,"11":0.12213740458015267,"79":0.1297709923664122,"122":0.13740458015267176,"110":0.1450381679389313,"111":0.15267175572519084,"27":0.16030534351145037,"35":0.16793893129770993,"49":0.17557251908396945,"7":0.183206106870229,"91":0.19083969465648856,"104":0.1984732824427481,"62":0.20610687022900764,"55":0.21374045801526717,"14":0.22137404580152673,"77":0.22900763358778625,"56":0.2366412213740458,"74":0.24427480916030533,"89":0.25190839694656486,"5":0.2595419847328244,"71":0.26717557251908397,"13":0.2748091603053435,"41":0.2824427480916031,"37":0.2900763358778626,"43":0.29770992366412213,"20":0.3053435114503817,"66":0.31297709923664124,"102":0.32061068702290074,"70":0.3282442748091603,"69":0.33587786259541985,"36":0.3435114503816794,"42":0.3511450381679389,"123":0.35877862595419846,"129":0.366412213740458,"18":0.37404580152671757,"72":0.3816793893129771,"60":0.3893129770992366,"88":0.3969465648854962,"121":0.40458015267175573,"9":0.4122137404580153,"32":0.4198473282442748,"115":0.42748091603053434,"44":0.4351145038167939,"76":0.44274809160305345,"81":0.45038167938931295,"57":0.4580152671755725,"10":0.46564885496183206,"25":0.4732824427480916,"12":0.48091603053435117,"34":0.48854961832061067,"124":0.4961832061068702,"116":0.5038167938931297,"118":0.5114503816793893,"86":0.5190839694656488,"98":0.5267175572519084,"23":0.5343511450381679,"117":0.5419847328244275,"109":0.549618320610687,"112":0.5572519083969466,"94":0.5648854961832062,"46":0.5725190839694656,"92":0.5801526717557252,"100":0.5877862595419847,"17":0.5954198473282443,"108":0.6030534351145038,"51":0.6106870229007634,"126":0.6183206106870229,"120":0.6259541984732825,"130":0.6335877862595419,"105":0.6412213740458015,"54":0.648854961832061,"97":0.6564885496183206,"40":0.6641221374045801,"2":0.6717557251908397,"19":0.6793893129770993,"64":0.6870229007633588,"93":0.6946564885496184,"80":0.7022900763358778,"107":0.7099236641221374,"73":0.7175572519083969,"78":0.7251908396946565,"22":0.732824427480916,"39":0.7404580152671756,"29":0.7480916030534351,"0":0.7557251908396947,"4":0.7633587786259542,"101":0.7709923664122137,"90":0.7786259541984732,"52":0.7862595419847328,"45":0.7938931297709924,"68":0.8015267175572519,"3":0.8091603053435115,"26":0.816793893129771,"96":0.8244274809160306,"114":0.8320610687022901,"128":0.8396946564885496,"127":0.8473282442748091,"125":0.8549618320610687,"82":0.8625954198473282,"106":0.8702290076335878,"113":0.8778625954198473,"103":0.8854961832061069,"61":0.8931297709923665,"67":0.9007633587786259,"85":0.9083969465648855,"119":0.916030534351145,"63":0.9236641221374046,"59":0.9312977099236641,"87":0.9389312977099237,"53":0.9465648854961832,"65":0.9541984732824428,"75":0.9618320610687023,"83":0.9694656488549618,"58":0.9770992366412213,"48":0.9847328244274809,"50":0.9923664122137404,"84":1.0}}