{"name":"density","eps":0.5,"weight":"value","num_of_nodes":174,"num_of_edges":534,"process_time":0.07115006446838379,"data":{"0":0.3329207006449711,"1":0.0020631821744437886,"2":0.5018569407609234,"3":0.0016504745554059988,"4":0.3333335955906103,"5":0.0,"6":0.16934891026952117,"7":0.16893635251181124,"8":0.33539657170576137,"9":0.0008252279113962772,"10":0.0008255089013451776,"11":0.0020632196397485144,"12":0.5014442893398482,"13":0.0024759834567978788,"14":0.33539657170576137,"15":0.0008252279113962772,"16":0.0020631821744437886,"17":0.3329207006449711,"18":0.004539071967707424,"19":0.33333337079865744,"20":0.3329207006449711,"21":0.0008252466440875585,"22":0.16811106840234114,"23":0.16728578429305782,"24":0.5014443830031359,"25":0.0020631072438032027,"26":0.33498390155215285,"27":0.002475852328161285,"28":0.0016507180800034715,"29":0.3333333895313954,"30":0.0033011551699802058,"31":0.0033011551701358794,"32":0.0008252466440875585,"33":0.33374596602174994,"34":0.16728565316460803,"35":0.49979372112115433,"36":0.0020632196397485144,"37":0.0024759834567044743,"38":0.0008253965054310004,"39":0.0020631072438032027,"40":0.3353965342405189,"41":0.16769847317945102,"42":0.16934887280426314,"43":0.3333335955906103,"44":0.16852371982358527,"45":0.16687313287221842,"46":0.336221874547736,"47":0.4997936836557696,"48":0.3333333895313954,"49":0.0037136379972519105,"50":0.0028883913533200257,"51":0.17058662100818914,"52":0.3345713625270564,"53":0.1689362401159282,"54":0.5002065786014337,"55":0.0012380479262704075,"56":0.0,"57":0.33374596602174994,"58":0.33539659043831255,"59":0.001237991728476776,"60":0.002475833595594543,"61":0.3341588609671557,"62":0.17017411944817945,"63":0.002888391353382295,"64":0.5035074527814609,"65":0.3353966091709883,"66":0.00041268888631537377,"67":0.33580922312670974,"68":0.3353966653688909,"69":0.5014442706071558,"70":0.0016507368125546465,"71":0.1705865648100219,"72":0.00041268888631537377,"73":0.17058669593868964,"74":0.0020633320358183654,"75":0.335809148196147,"76":0.002888578679610144,"77":0.17099932862694672,"78":0.0020632196398886206,"79":0.3366342262462154,"80":0.16934894773487258,"81":0.0028883726204575032,"82":0.16893631504639756,"83":0.33539659043831255,"84":0.4997939084476979,"85":0.0028885224816919738,"86":0.1697614680272778,"87":0.002475833595594543,"88":0.0020633320358183654,"89":0.16934879787357585,"90":1.0,"91":0.16769843571408402,"92":0.0033010240416393925,"93":0.0004127638170337968,"94":0.0037135443338577735,"95":0.5026821874049172,"96":0.16728567189709692,"97":0.00041268888631537377,"98":0.6679046958603239,"99":0.16728574682786207,"100":0.0016506618820541666,"101":0.3366343011768093,"102":0.00412636434880974,"103":0.16769843571408402,"104":0.002475908526079456,"105":0.0012380479263482441,"106":0.1685237572887032,"107":0.0008255463665564993,"108":0.5010316004535468,"109":0.16728567189709692,"110":0.0037137503930571164,"111":0.1709992536964151,"112":0.0004127638170337968,"113":0.5010315629881779,"114":0.0012380479263482441,"115":0.16769839824884158,"116":0.3378722741723457,"117":0.33704702752844495,"118":0.16646046271851647,"119":0.16893624011586594,"120":0.3366343761074343,"121":0.0024759459912596423,"122":0.00495149859693642,"123":0.3349839390173798,"124":0.16934883533894285,"125":0.0016505307535109775,"126":0.5022695734491318,"127":0.16934891026947446,"128":0.5035074153163137,"129":0.002063275837806791,"130":0.3349838828194927,"131":0.002475758664922822,"132":0.33704699006323363,"133":0.16769824838754482,"134":0.0016505307535109775,"135":0.16811103093705196,"136":0.17182450034040925,"137":0.5035072841876572,"138":0.171824500340347,"139":0.0020631634417525076,"140":0.33622179961703313,"141":0.16934872294299752,"142":0.5006189864978089,"143":0.3362217808844508,"144":0.1693488166061893,"145":0.0033011739026403523,"146":0.004951592260097047,"147":0.5014442893398482,"148":0.0016505307535109775,"149":0.33374598475433226,"150":0.5022694985185999,"151":0.8331270731872642,"152":0.0024759085260327536,"153":0.0016506618820385992,"154":0.004126401814021062,"155":0.667491988241441,"156":0.0016506056840581596,"157":0.1672856531644835,"158":0.002888466283742669,"159":0.0024760021892245147,"160":0.1701740445176634,"161":0.5014441956765764,"162":0.16934881660631385,"163":0.002475852328130151,"164":0.6670793180876418,"165":0.1693488540716497,"166":0.16646046271851647,"167":0.6695551142177005,"168":0.002475852328161285,"169":0.16893631504633527,"170":0.0012378980650670718,"171":0.1705866022753422,"172":0.0028885037490785294,"173":0.3349838828194927},"ranked":{"5":0.0,"56":0.005780346820809248,"66":0.011560693641618497,"72":0.017341040462427744,"97":0.023121387283236993,"93":0.028901734104046242,"112":0.03468208092485549,"9":0.04046242774566474,"15":0.046242774566473986,"21":0.05202312138728324,"32":0.057803468208092484,"38":0.06358381502890173,"10":0.06936416184971098,"107":0.07514450867052024,"170":0.08092485549132948,"59":0.08670520231213873,"55":0.09248554913294797,"105":0.09826589595375723,"114":0.10404624277456648,"3":0.10982658959537572,"125":0.11560693641618497,"134":0.12138728323699421,"148":0.12716763005780346,"156":0.1329479768786127,"153":0.13872832369942195,"100":0.14450867052023122,"28":0.15028901734104047,"70":0.15606936416184972,"25":0.16184971098265896,"39":0.1676300578034682,"139":0.17341040462427745,"1":0.1791907514450867,"16":0.18497109826589594,"11":0.1907514450867052,"36":0.19653179190751446,"78":0.2023121387283237,"129":0.20809248554913296,"74":0.2138728323699422,"88":0.21965317919075145,"131":0.2254335260115607,"60":0.23121387283236994,"87":0.23699421965317918,"163":0.24277456647398843,"27":0.24855491329479767,"168":0.2543352601156069,"152":0.26011560693641617,"104":0.2658959537572254,"121":0.27167630057803466,"37":0.2774566473988439,"13":0.2832369942196532,"159":0.28901734104046245,"81":0.2947976878612717,"50":0.30057803468208094,"63":0.3063583815028902,"158":0.31213872832369943,"172":0.3179190751445087,"85":0.3236994219653179,"76":0.32947976878612717,"92":0.3352601156069364,"30":0.34104046242774566,"31":0.3468208092485549,"145":0.35260115606936415,"94":0.3583815028901734,"49":0.36416184971098264,"110":0.3699421965317919,"102":0.37572254335260113,"154":0.3815028901734104,"18":0.3872832369942196,"122":0.3930635838150289,"146":0.3988439306358382,"118":0.4046242774566474,"166":0.41040462427745666,"45":0.4161849710982659,"157":0.42196531791907516,"34":0.4277456647398844,"96":0.43352601156069365,"109":0.4393063583815029,"99":0.44508670520231214,"23":0.4508670520231214,"133":0.45664739884393063,"115":0.4624277456647399,"91":0.4682080924855491,"103":0.47398843930635837,"41":0.4797687861271676,"135":0.48554913294797686,"22":0.4913294797687861,"44":0.49710982658959535,"106":0.5028901734104047,"119":0.5086705202312138,"53":0.5144508670520231,"169":0.5202312138728323,"82":0.5260115606936416,"7":0.5317919075144508,"141":0.5375722543352601,"89":0.5433526011560693,"144":0.5491329479768786,"162":0.5549132947976878,"124":0.5606936416184971,"165":0.5664739884393064,"42":0.5722543352601156,"127":0.5780346820809249,"6":0.5838150289017341,"80":0.5895953757225434,"86":0.5953757225433526,"160":0.6011560693641619,"62":0.6069364161849711,"71":0.6127167630057804,"171":0.6184971098265896,"51":0.6242774566473989,"73":0.630057803468208,"111":0.6358381502890174,"77":0.6416184971098265,"138":0.6473988439306358,"136":0.653179190751445,"0":0.6589595375722543,"17":0.6647398843930635,"20":0.6705202312138728,"19":0.6763005780346821,"29":0.6820809248554913,"48":0.6878612716763006,"4":0.6936416184971098,"43":0.6994219653179191,"33":0.7052023121387283,"57":0.7109826589595376,"149":0.7167630057803468,"61":0.7225433526011561,"52":0.7283236994219653,"130":0.7341040462427746,"173":0.7398843930635838,"26":0.7456647398843931,"123":0.7514450867052023,"40":0.7572254335260116,"8":0.7630057803468208,"14":0.7687861271676301,"58":0.7745664739884393,"83":0.7803468208092486,"65":0.7861271676300579,"68":0.791907514450867,"75":0.7976878612716763,