{"name":"pagerank","alpha":0.85,"weight":"value","num_of_nodes":156,"num_of_edges":483,"process_time":0.04079699516296387,"data":{"0":0.5434032364756959,"1":0.5302116949064047,"2":0.30462953041916946,"3":0.5473100908608083,"4":0.3497964329659163,"5":0.35673908248217473,"6":0.19491284196089645,"7":0.10205660716383036,"8":0.2065504921520484,"9":0.751723977036019,"10":0.16434325184938833,"11":0.14757582569222408,"12":0.35757217658355156,"13":0.5129088580892597,"14":0.5563844669711757,"15":0.28739568524457515,"16":0.32182474577635034,"17":0.3513215143948122,"18":0.19879701666197527,"19":0.2065504921520484,"20":0.14115692467023525,"21":0.526586353866054,"22":0.555295241206331,"23":0.3456595514574441,"24":0.34622456880394636,"25":0.1517775609657367,"26":0.5008925150809677,"27":0.3438466601121515,"28":0.6904088095645254,"29":0.15755587239573476,"30":0.17926421070951437,"31":0.3586707968938027,"32":0.3127600742833385,"33":0.3363810712312246,"34":0.34682329392511835,"35":0.3946572624381675,"36":0.33645204923959476,"37":0.1606585362943364,"38":0.4931139372326986,"39":0.15307368455988327,"40":0.19572575334991,"41":0.33176668726099334,"42":0.4015119330079821,"43":0.34337140944582545,"44":0.20271648991580798,"45":0.20351639944091574,"46":0.19814044467264028,"47":0.47837135212169457,"48":0.1494082750919851,"49":0.34072725464745773,"50":0.3305348182820682,"51":0.48640956427174864,"52":0.2652385864365116,"53":0.8800728588424424,"54":0.2652385864365116,"55":0.08509208890543894,"56":0.44158700499263737,"57":0.4928097509040505,"58":1.0,"59":0.19143896042800385,"60":0.3700135501131753,"61":0.6204558739765992,"62":0.10785072819640269,"63":0.10822246906265522,"64":0.5311867442401993,"65":0.06169765922578789,"66":0.36526382889711606,"67":0.24017961648138503,"68":0.11353183550929806,"69":0.2969912957920782,"70":0.6349481950877714,"71":0.13659203529119257,"72":0.2971280821939231,"73":0.6206381370130054,"74":0.21953274022644062,"75":0.031161941926907754,"76":0.5400186228638946,"77":0.23249615756150144,"78":0.10608770518181944,"79":0.3629977486267604,"80":0.10689187104966942,"81":0.11456730636874285,"82":0.2185354863401081,"83":0.2914869406158913,"84":0.08509208890543894,"85":0.10436638090338639,"86":0.47349300198605365,"87":0.10200182121653746,"88":0.3761065090496607,"89":0.8564287696692988,"90":0.09571525068558696,"91":0.2621256762759836,"92":0.5263124076764385,"93":0.08294614158035817,"94":0.21186658451763976,"95":0.7570622482048429,"96":0.11442070364396198,"97":0.6933596260885827,"98":0.0008228926327043467,"99":0.02599067509642898,"100":0.8534402391917811,"101":0.4731413171674924,"102":0.0,"103":0.2185354863401081,"104":0.304622609617236,"105":0.08532168349883397,"106":0.5223993965536096,"107":0.11828479396372789,"108":0.5972128972758148,"109":0.06799055487130602,"110":0.13521130626556097,"111":0.42828613401113597,"112":0.21023753697418826,"113":0.7188654238442136,"114":0.10758355058876502,"115":0.14830544113040464,"116":0.4166946292025152,"117":0.08175731494586902,"118":0.39647624822340805,"119":0.12016893455592575,"120":0.6215601161522706,"121":0.2912558294960231,"122":0.6615821571410925,"123":0.44327329848920277,"124":0.5693174266640711,"125":0.21866812982811495,"126":0.13041341050363972,"127":0.13521130626556097,"128":0.13708498580042786,"129":0.7535887203628762,"130":0.5974650502371455,"131":0.47614014527320225,"132":0.22357757526942493,"133":0.11676126950643859,"134":0.11828479396372789,"135":0.24631411361358577,"136":0.08215050445665083,"137":0.08575049566049686,"138":0.10470030638652335,"139":0.43630042490704557,"140":0.39647624822340805,"141":0.6359122909791648,"142":0.10236169743636693,"143":0.256454701166773,"144":0.42600470946534164,"145":0.23687938747096624,"146":0.06303150373560677,"147":0.481010866695164,"148":0.4490900266774131,"149":0.4146861983425048,"150":0.10758355058876502,"151":0.044312597458831156,"152":0.6384606958506955,"153":0.42610598574834585,"154":0.532672686964736,"155":0.08532168349883397},"ranked":{"102":0.0,"98":0.0064516129032258064,"99":0.012903225806451613,"75":0.01935483870967742,"151":0.025806451612903226,"65":0.03225806451612903,"146":0.03870967741935484,"109":0.04516129032258064,"117":0.05161290322580645,"136":0.05806451612903226,"93":0.06451612903225806,"55":0.07096774193548387,"84":0.07741935483870968,"105":0.08387096774193549,"155":0.09032258064516129,"137":0.0967741935483871,"90":0.1032258064516129,"87":0.10967741935483871,"7":0.11612903225806452,"142":0.12258064516129032,"85":0.12903225806451613,"138":0.13548387096774195,"78":0.14193548387096774,"80":0.14838709677419354,"114":0.15483870967741936,"150":0.16129032258064516,"62":0.16774193548387098,"63":0.17419354838709677,"68":0.18064516129032257,"96":0.1870967741935484,"81":0.1935483870967742,"133":0.2,"107":0.2064516129032258,"134":0.2129032258064516,"119":0.21935483870967742,"126":0.22580645161290322,"110":0.23225806451612904,"127":0.23870967741935484,"71":0.24516129032258063,"128":0.25161290322580643,"20":0.25806451612903225,"11":0.2645161290322581,"115":0.2709677419354839,"48":0.27741935483870966,"25":0.2838709677419355,"39":0.2903225806451613,"29":0.2967741935483871,"37":0.3032258064516129,"10":0.3096774193548387,"30":0.3161290322580645,"59":0.3225806451612903,"6":0.32903225806451614,"40":0.33548387096774196,"46":0.3419354838709677,"18":0.34838709677419355,"44":0.3548387096774194,"45":0.36129032258064514,"8":0.36774193548387096,"19":0.3741935483870968,"112":0.38064516129032255,"94":0.3870967741935484,"82":0.3935483870967742,"103":0.4,"125":0.4064516129032258,"74":0.4129032258064516,"132":0.41935483870967744,"77":0.4258064516129032,"145":0.432258064516129,"67":0.43870967741935485,"135":0.44516129032258067,"143":0.45161290322580644,"91":0.45806451612903226,"52":0.4645161290322581,"54":0.47096774193548385,"15":0.4774193548387097,"121":0.4838709677419355,"83":0.49032258064516127,"69":0.4967741935483871,"72":0.5032258064516129,"104":0.5096774193548387,"2":0.5161290322580645,"32":0.5225806451612903,"16":0.5290322580645161,"50":0.535483870967742,"41":0.5419354838709678,"33":0.5483870967741935,"36":0.5548387096774193,"49":0.5612903225806452,"43":0.567741935483871,"27":0.5741935483870968,"23":0.5806451612903226,"24":0.5870967741935483,"34":0.5935483870967742,"4":0.6,"17":0.6064516129032258,"5":0.6129032258064516,"12":0.6193548387096774,"31":0.6258064516129033,"79":0.632258064516129,"66":0.6387096774193548,"60":0.6451612903225806,"88":0.6516129032258065,"35":0.6580645161290323,"118":0.6645161290322581,"140":0.6709677419354839,"42":0.6774193548387096,"149":0.6838709677419355,"116":0.6903225806451613,"144":0.6967741935483871,"153":0.7032258064516129,"111":0.7096774193548387,"139":0.7161290322580646,"56":0.7225806451612903,"123":0.7290322580645161,"148":0.7354838709677419,"101":0.7419354838709677,"86":0.7483870967741936,"131":0.7548387096774194,"47":0.7612903225806451,"147":0.7677419354838709,"51":0.7741935483870968,"57":0.7806451612903226,"38":0.7870967741935484,"26":0.7935483870967742,"13":0.8,"106":0.8064516129032258,"92":0.8129032258064516,"21":0.8193548387096774,"1":0.8258064516129032,"64":0.832258064516129,"154":0.8387096774193549,"76":0.8451612903225807,"0":0.8516129032258064,"3":0.8580645161290322,"22":0.864516129032258,"14":0.8709677419354839,"124":0.8774193548387097,"108":0.8838709677419355,"130":0.8903225806451613,"61":0.896774193548387,"73":0.9032258064516129,"120":0.9096774193548387,"70":0.9161290322580645,"141":0.9225806451612903,"152":0.9290322580645162,"122":0.9354838709677419,"28":0.9419354838709677,"97":0.9483870967741935,"113":0.9548387096774194,"9":0.9612903225806452,"129":0.967741935483871,"95":0.9741935483870968,"100":0.9806451612903225,"89":0.9870967741935484,"53":0.9935483870967742,"58":1.0}}