{"name":"agd","num_of_nodes":129,"num_of_edges":397,"weight":"value","process_time":0.047760963439941406,"data":{"0":0.3473282442748092,"1":0.12340966921119594,"2":0.5687022900763359,"3":0.41348600508905853,"4":0.5419847328244275,"5":0.12340966921119594,"6":0.26590330788804073,"7":0.44147582697201015,"8":0.6361323155216285,"9":0.22646310432569974,"10":0.12849872773536897,"11":0.5419847328244275,"12":0.3384223918575064,"13":0.3982188295165394,"14":0.40458015267175573,"15":0.4223918575063613,"16":0.3053435114503817,"17":0.18702290076335878,"18":0.5470737913486005,"19":0.34987277353689566,"20":0.3346055979643766,"21":0.2595419847328244,"22":0.39185750636132316,"23":0.38295165394402036,"24":0.13486005089058525,"25":0.27989821882951654,"26":0.17048346055979643,"27":0.21501272264631044,"28":0.33587786259541985,"29":0.40458015267175573,"30":0.5419847328244275,"31":0.34478371501272265,"32":0.34987277353689566,"33":0.227735368956743,"34":0.31170483460559795,"35":0.539440203562341,"36":0.5419847328244275,"37":0.17684478371501272,"38":0.27989821882951654,"39":0.539440203562341,"40":0.09923664122137404,"41":0.44147582697201015,"42":0.5012722646310432,"43":0.28498727735368956,"44":0.47455470737913485,"45":0.9809160305343512,"46":0.727735368956743,"47":0.5903307888040712,"48":0.8282442748091603,"49":0.8346055979643766,"50":0.5750636132315522,"51":0.589058524173028,"52":0.32188295165394404,"53":0.8269720101781171,"54":0.7264631043256997,"55":0.7048346055979644,"56":0.4312977099236641,"57":0.2875318066157761,"58":0.36768447837150126,"59":0.36259541984732824,"60":0.361323155216285,"61":0.6081424936386769,"62":0.19720101781170485,"63":0.8244274809160306,"64":0.21501272264631044,"65":0.7264631043256997,"66":0.4631043256997455,"67":0.17938931297709923,"68":0.2608142493638677,"69":0.4312977099236641,"70":0.4312977099236641,"71":0.4732824427480916,"72":0.48346055979643765,"73":0.3638676844783715,"74":1.0,"75":0.9707379134860051,"76":0.8447837150127226,"77":0.8231552162849872,"78":0.2951653944020356,"79":0.6870229007633588,"80":0.48346055979643765,"81":0.9707379134860051,"82":0.9707379134860051,"83":0.37786259541984735,"84":0.2697201017811705,"85":0.8473282442748091,"86":0.08778625954198473,"87":0.089058524173028,"88":0.178117048346056,"89":0.26208651399491095,"90":0.07760814249363868,"91":0.019083969465648856,"92":0.0916030534351145,"93":0.15521628498727735,"94":0.0648854961832061,"95":0.5559796437659033,"96":0.22519083969465647,"97":0.46946564885496184,"98":0.19974554707379136,"99":0.3155216284987277,"100":0.20483460559796438,"101":0.18702290076335878,"102":0.4020356234096692,"103":0.030534351145038167,"104":0.183206106870229,"105":0.0916030534351145,"106":0.4122137404580153,"107":0.04834605597964377,"108":0.20483460559796438,"109":0.1361323155216285,"110":0.09414758269720101,"111":0.05597964376590331,"112":0.10687022900763359,"113":0.08778625954198473,"114":0.10432569974554708,"115":0.25699745547073793,"116":0.14249363867684478,"117":0.14631043256997456,"118":0.1743002544529262,"119":0.0,"120":0.12595419847328243,"121":0.18447837150127228,"122":0.1475826972010178,"123":0.40076335877862596,"124":0.13740458015267176,"125":0.3460559796437659,"126":0.4618320610687023,"127":0.06615776081424936,"128":0.28498727735368956},"ranked":{"119":0.0,"91":0.0078125,"103":0.015625,"107":0.0234375,"111":0.03125,"94":0.0390625,"127":0.046875,"90":0.0546875,"86":0.0625,"113":0.0703125,"87":0.078125,"92":0.0859375,"105":0.09375,"110":0.1015625,"40":0.109375,"114":0.1171875,"112":0.125,"1":0.1328125,"5":0.140625,"120":0.1484375,"10":0.15625,"24":0.1640625,"109":0.171875,"124":0.1796875,"116":0.1875,"117":0.1953125,"122":0.203125,"93":0.2109375,"26":0.21875,"118":0.2265625,"37":0.234375,"88":0.2421875,"67":0.25,"104":0.2578125,"121":0.265625,"17":0.2734375,"101":0.28125,"62":0.2890625,"98":0.296875,"100":0.3046875,"108":0.3125,"27":0.3203125,"64":0.328125,"96":0.3359375,"9":0.34375,"33":0.3515625,"115":0.359375,"21":0.3671875,"68":0.375,"89":0.3828125,"6":0.390625,"84":0.3984375,"25":0.40625,"38":0.4140625,"43":0.421875,"128":0.4296875,"57":0.4375,"78":0.4453125,"16":0.453125,"34":0.4609375,"99":0.46875,"52":0.4765625,"20":0.484375,"28":0.4921875,"12":0.5,"31":0.5078125,"125":0.515625,"0":0.5234375,"19":0.53125,"32":0.5390625,"60":0.546875,"59":0.5546875,"73":0.5625,"58":0.5703125,"83":0.578125,"23":0.5859375,"22":0.59375,"13":0.6015625,"123":0.609375,"102":0.6171875,"14":0.625,"29":0.6328125,"106":0.640625,"3":0.6484375,"15":0.65625,"56":0.6640625,"69":0.671875,"70":0.6796875,"7":0.6875,"41":0.6953125,"126":0.703125,"66":0.7109375,"97":0.71875,"71":0.7265625,"44":0.734375,"72":0.7421875,"80":0.75,"42":0.7578125,"35":0.765625,"39":0.7734375,"4":0.78125,"11":0.7890625,"30":0.796875,"36":0.8046875,"18":0.8125,"95":0.8203125,"2":0.828125,"50":0.8359375,"51":0.84375,"47":0.8515625,"61":0.859375,"8":0.8671875,"79":0.875,"55":0.8828125,"54":0.890625,"65":0.8984375,"46":0.90625,"77":0.9140625,"63":0.921875,"53":0.9296875,"48":0.9375,"49":0.9453125,"76":0.953125,"85":0.9609375,"75":0.96875,"81":0.9765625,"82":0.984375,"45":0.9921875,"74":1.0}}