{"name":"density","eps":0.5,"weight":"value","num_of_nodes":186,"num_of_edges":570,"process_time":0.06912708282470703,"data":{"0":0.16804166028546721,"1":0.16804166028546721,"2":0.003299700066179635,"3":0.0020624061660280773,"4":0.33567055846378857,"5":0.002474700149924646,"6":0.1705163604354852,"7":0.16804171646041025,"8":0.002474700149924646,"9":0.33360833954702596,"10":0.5016499062079837,"11":0.16886662275204029,"12":0.0041245501830222435,"13":0.3369080957880864,"14":0.6668041604110865,"15":0.0037122187492258972,"16":0.5016498125832302,"17":0.004537143765976988,"18":0.17051639788527606,"19":0.002887312457626987,"20":0.5037120315000242,"21":0.16927902908540277,"22":0.33360833954702596,"23":0.3348458019716021,"24":0.33525828320496637,"25":0.33360833954702596,"26":0.0020624436158500504,"27":0.33608322694648063,"28":0.33360833954702596,"29":0.0032996626163421007,"30":0.0012374624246694376,"31":0.1701039166520518,"32":0.16845406661898532,"33":1.0,"34":0.004124587632937582,"35":0.16845408534398187,"36":0.33484582069650526,"37":0.6688664167776869,"38":0.33484565217220524,"39":0.17010387920229206,"40":0.004949344125170794,"41":0.16886656657715948,"42":0.16804166028546721,"43":0.16845395426936377,"44":0.002474887399221244,"45":0.00206231254157429,"46":0.003712087674794527,"47":0.003712274924060003,"48":0.004949475199602165,"49":0.16927891673578124,"50":0.16927902908540277,"51":0.3377328710052695,"52":0.17216606066920156,"53":0.0012374624246694376,"54":0.16804171646041025,"55":0.0024749061241866937,"56":0.003299700066179635,"57":0.16927904781030598,"58":0.33608298352224103,"59":0.669279066535342,"60":0.16969134179423367,"61":0.17092859824460993,"62":0.16680414168610372,"63":0.33567067081347235,"64":0.002474812499530614,"65":0.1713413041769061,"66":0.3364955583801058,"67":0.16845406661906312,"68":0.3369080021634459,"69":0.005361975157854147,"70":0.8348457645217687,"71":0.33608309587181584,"72":0.16680414168610372,"73":0.33649557710496236,"74":0.0028872375579830404,"75":0.16927889801092472,"76":0.168041641560564,"77":0.3360831894964564,"78":0.004537143765852501,"79":0.5020623874411774,"80":0.1729909107859975,"81":0.5016498687580665,"82":0.1696914541437307,"83":0.5045369939664274,"84":0.0008248875666645819,"85":0.0016499436577536775,"86":0.004124587633030949,"87":0.1709287480440223,"88":0.49958757494158046,"89":0.33732038977207635,"90":0.6684540291691834,"91":0.004124718707415636,"92":0.004124625082852921,"93":0.6684540478941025,"94":0.0028872750078361357,"95":0.004537125041073782,"96":0.003712125124678744,"97":0.0024747750497864456,"98":0.0020623874411248707,"99":0.3377328710052695,"100":0.16886654785214736,"101":0.0032996438914855773,"102":0.0032996626164821493,"103":0.5012375185993851,"104":0.0032996438914855773,"105":0.0008248875666645819,"106":0.5024749061241459,"107":0.16969141669397098,"108":0.33732038977207635,"109":0.0016499436577536775,"110":0.49958757494158046,"111":0.004124718707400075,"112":0.0020623874411248707,"113":0.17175359816097385,"114":0.0032996251665512494,"115":0.002887275007789453,"116":0.003299643891501138,"117":0.004537087591096199,"118":0.336083095871847,"119":0.169691379244149,"120":0.1701038792022765,"121":0.1692788792859904,"122":0.17051634171045754,"123":0.16680414168610372,"124":0.17010384175237672,"125":0.3356706895382511,"126":0.5028871813831984,"127":0.004124587632937582,"128":0.003712031499975982,"129":0.0028874060822519448,"130":0.3377328522802885,"131":0.0,"132":0.16886643550263475,"133":0.16927893546079337,"134":0.5008249437415171,"135":0.3364955209302994,"136":0.33567067081336344,"137":0.3364955958298967,"138":0.5012373875248253,"139":0.33525818958020137,"140":0.3360831520466188,"141":0.17010386047735773,"142":0.17051622936100716,"143":0.16969143541881193,"144":0.0,"145":0.0037121438495819506,"146":0.33979505247214786,"147":0.001649962382641323,"148":0.003299681341260868,"149":0.0028872375579363577,"150":0.3360830396970907,"151":0.17051621063602615,"152":0.3364955583801525,"153":0.3369080021634926,"154":0.1696914166939243,"155":0.16845406661895418,"156":0.33690803961334564,"157":0.16680423531069755,"158":0.3356705959137195,"159":0.004537068866177432,"160":0.004949437749873557,"161":0.0,"162":0.0028873686323677276,"163":0.17010384175237672,"164":0.003299681341260868,"165":0.8360830958718356,"166":0.001649868758047487,"167":0.0037122000244004956,"168":0.33567057718870735,"169":0.17051632298555433,"170":0.17051632298563213,"171":0.003299662616357662,"172":0.16680423531069755,"173":0.0024747375998088626,"174":0.004537143765852501,"175":0.33690807706315207,"176":0.003712106399744416,"177":0.00247481249962398,"178":0.16680423531069755,"179":0.001649962382641323,"180":0.33608313332171563,"181":0.3373205021215734,"182":0.16886656657714394,"183":0.00041246250824327765,"184":0.17010382302750462,"185":0.00041246250824327765},"ranked":{"131":0.0,"144":0.005405405405405406,"161":0.010810810810810811,"183":0.016216216216216217,"185":0.021621621621621623,"84":0.02702702702702703,"105":0.032432432432432434,"30":0.03783783783783784,"53":0.043243243243243246,"166":0.04864864864864865,"85":0.05405405405405406,"109":0.05945945945945946,"147":0.06486486486486487,"179":0.07027027027027027,"45":0.07567567567567568,"98":0.08108108108108109,"112":0.08648648648648649,"3":0.0918918918918919,"26":0.0972972972972973,"5":0.10270270270270271,"8":0.10810810810810811,"173":0.11351351351351352,"97":0.11891891891891893,"64":0.12432432432432433,"177":0.12972972972972974,"44":0.13513513513513514,"55":0.14054054054054055,"149":0.14594594594594595,"74":0.15135135135135136,"115":0.15675675675675677,"94":0.16216216216216217,"19":0.16756756756756758,"162":0.17297297297297298,"129":0.1783783783783784,"114":0.1837837837837838,"101":0.1891891891891892,"104":0.1945945945945946,"116":0.2,"29":0.20540540540540542,"171":0.21081081081081082,"102":0.21621621621621623,"148":0.22162162162162163,"164":0.22702702702702704,"2":0.23243243243243245,"56":0.23783783783783785,"128":0.24324324324324326,"46":0.24864864864864866,"176":0.25405405405405407,"96":0.2594594594594595,"145":0.2648648648648649,"167":0.2702702702702703,"15":0.2756756756756757,"47":0.2810810810810811,"12":0.2864864864864865,"34":0.2918918918918919,"127":0.2972972972972973,"86":0.3027027027027027,"92":0.3081081081081081,"111":0.31351351351351353,"91":0.31891891891891894,"159":0.32432432432432434,"117":0.32972972972972975,"95":0.33513513513513515,"78":0.34054054054054056,"174":0.34594594594594597,"17":0.35135135135135137,"40":0.3567567567567568,"160":0.3621621621621622,"48":0.3675675675675676,"69":0.372972972972973,"62":0.3783783783783784,"72":0.3837837837837838,"123":0.3891891891891892,"157":0.3945945945945946,"172":0.4,"178":0.40540540540540543,"76":0.41081081081081083,"0":0.41621621621621624,"1":0.42162162162162165,"42":0.42702702702702705,"7":0.43243243243243246,"54":0.43783783783783786,"43":0.44324324324324327,"155":0.4486486486486487,"32":0.4540540540540541,"67":0.4594594594594595,"35":0.4648648648648649,"132":0.4702702702702703,"100":0.4756756756756757,"182":0.4810810810810811,"41":0.4864864864864865,"11":0.4918918918918919,"121":0.4972972972972973,"75":0.5027027027027027,"49":0.5081081081081081,"133":0.5135135135135135,"21":0.518918918918919,"50":0.5243243243243243,"57":0.5297297297297298,"60":0.5351351351351351,"119":0.5405405405405406,"154":0.5459459459459459,"107":0.5513513513513514,"143":0.5567567567567567,"82":0.5621621621621622,"184":0.5675675675675675,"124":0.572972972972973,"163":0.5783783783783784,"141":0.5837837837837838,"120":0.5891891891891892,"39":0.5945945945945946,"31":0.6,"151":0.6054054054054054,"142":0.6108108108108108,"169":0.6162162162162163,"170":0.6216216216216216,"122":0.6270270270270271,"6":0.6324324324324324,"18":0.6378378378378379,"61":0.6432432432432432,"87":0.6486486486486487,"65":0.654054054054054,"113":0.6594594594594595,"52":0.6648648648648648,"80":0.6702702702702703,"9":0.6756756756756757,"22":0.6810810810810811,"25":0.6864864864864865,"28":0.6918918918918919,