{"name":"density","eps":0.5,"weight":"value","num_of_nodes":144,"num_of_edges":270,"process_time":0.007840156555175781,"data":{"0":0.0016498873593898205,"1":0.003299662369244331,"2":0.6680415166245994,"3":0.6696912541846815,"4":0.0008248126052577965,"5":0.0074240249942422705,"6":0.0024746999647409828,"7":0.0024748497640799,"8":0.3360829957997375,"9":0.0024748497640799,"10":0.0008248126052577965,"11":0.33443310844019203,"12":0.33525829554382824,"13":0.3369078084047152,"14":0.33443325823968656,"15":0.0024746999647721046,"16":0.33443318333995486,"17":0.3369078458545499,"18":0.6663916292652096,"19":0.6688664790291339,"20":0.3344331458900579,"21":0.6696911792849497,"22":0.3327832959805028,"23":0.0008248875049894991,"24":0.003299624919316236,"25":0.0,"26":0.0008248126052889185,"27":0.3352579959451193,"28":0.33443325823953096,"29":0.0008248126052889185,"30":0.3336081460355642,"31":0.0016497375601442687,"32":0.00247473741454459,"33":0.6672165167702613,"34":0.005774175084593814,"35":0.0024746250649781585,"36":0.0,"37":0.004124474974471006,"38":0.0008248875049894991,"39":0.0,"40":0.3327832959805028,"41":0.3360830332493855,"42":0.3369078458546433,"43":0.6672166291195788,"44":0.0016498873593898205,"45":0.004124400074832669,"46":0.003299662369431062,"47":0.33443325823968656,"48":0.33690777095488045,"49":0.0008248126052266747,"50":0.004949325029563531,"51":0.0032996249193784797,"52":0.3344331084400987,"53":0.0008248126052266747,"54":0.33608295834974716,"55":0.0016498499095862129,"56":0.335258070844851,"57":0.6680414042750952,"58":0.334433070990264,"59":0.3360828085503771,"60":0.6680413668252293,"61":0.002474662514750644,"62":0.0008249624046278358,"63":0.3377327708093119,"64":0.33443307099029507,"65":0.000824850055061404,"66":0.666391554365509,"67":0.33525799594505706,"68":0.0008248126052266747,"69":0.6663915543654778,"70":0.6680414791747957,"71":0.0016498499095862129,"72":0.3369076960552421,"73":0.0016498499095862129,"74":0.0041244375245740325,"75":0.0032996249193784797,"76":0.6680412919255287,"77":0.669691179285012,"78":0.6680414042750641,"79":0.33443307099029507,"80":0.0032995874694815067,"81":0.3352580333950163,"82":0.0032994751200084407,"83":0.0024746250649781585,"84":0.0008248126052577965,"85":0.6680413293753635,"86":0.33608295834974716,"87":0.0008248126052577965,"88":0.3360828460001496,"89":0.6672164418704051,"90":0.0024745876150500633,"91":0.0008249624046278358,"92":0.003299550019771265,"93":0.33443310844019203,"94":0.9999997753007427,"95":0.0016497375599575374,"96":0.0008248126052266747,"97":0.9999999251001438,"98":0.00577424998438776,"99":0.003299624919534089,"100":0.6663917041650035,"101":0.3344332582394999,"102":0.004124474974471006,"103":0.3377327333596328,"104":0.004124512424336857,"105":0.004949362479491627,"106":0.3360830706992513,"107":0.6672164044206015,"108":0.33608295834974716,"109":0.003299624919565211,"110":0.0032996249193784797,"111":0.6672165167701679,"112":0.33608284600033633,"113":0.6688664415794237,"114":0.004124362625122427,"115":0.0008248500550302822,"116":0.0032995125699365356,"117":0.0016497375599886593,"118":0.3360830706992513,"119":0.3385575834146631,"120":0.6680413293753946,"121":0.0016497750098545105,"122":0.33443303354042925,"123":0.3344332582395932,"124":0.6672164044206015,"125":0.004124512424336857,"126":0.0008248126052266747,"127":0.6680415540744964,"128":0.0016497750099789981,"129":0.3352581082946235,"130":0.6663915543655401,"131":0.0008248126052266747,"132":0.33525807084506887,"133":0.0008248500550302822,"134":0.6672164793203643,"135":0.3360828834500777,"136":0.0016497750099789981,"137":0.3344331458899957,"138":0.0016497750098545105,"139":0.0024746250650092803,"140":0.3360828834500777,"141":0.6696912167347533,"142":0.004124362625122427,"143":1.0},"ranked":{"25":0.0,"36":0.006993006993006993,"39":0.013986013986013986,"49":0.02097902097902098,"53":0.027972027972027972,"68":0.03496503496503497,"96":0.04195804195804196,"126":0.04895104895104895,"131":0.055944055944055944,"4":0.06293706293706294,"10":0.06993006993006994,"84":0.07692307692307693,"87":0.08391608391608392,"26":0.09090909090909091,"29":0.0979020979020979,"115":0.1048951048951049,"133":0.11188811188811189,"65":0.11888111888111888,"23":0.1258741258741259,"38":0.13286713286713286,"62":0.13986013986013987,"91":0.14685314685314685,"95":0.15384615384615385,"117":0.16083916083916083,"31":0.16783216783216784,"121":0.17482517482517482,"138":0.18181818181818182,"128":0.1888111888111888,"136":0.1958041958041958,"55":0.20279720279720279,"71":0.2097902097902098,"73":0.21678321678321677,"0":0.22377622377622378,"44":0.23076923076923078,"90":0.23776223776223776,"35":0.24475524475524477,"83":0.2517482517482518,"139":0.25874125874125875,"61":0.26573426573426573,"6":0.2727272727272727,"15":0.27972027972027974,"32":0.2867132867132867,"7":0.2937062937062937,"9":0.3006993006993007,"82":0.3076923076923077,"116":0.3146853146853147,"92":0.32167832167832167,"80":0.32867132867132864,"24":0.3356643356643357,"51":0.34265734265734266,"75":0.34965034965034963,"110":0.35664335664335667,"99":0.36363636363636365,"109":0.3706293706293706,"1":0.3776223776223776,"46":0.38461538461538464,"114":0.3916083916083916,"142":0.3986013986013986,"45":0.40559440559440557,"74":0.4125874125874126,"37":0.4195804195804196,"102":0.42657342657342656,"104":0.43356643356643354,"125":0.4405594405594406,"50":0.44755244755244755,"105":0.45454545454545453,"34":0.46153846153846156,"98":0.46853146853146854,"5":0.4755244755244755,"22":0.4825174825174825,"40":0.48951048951048953,"30":0.4965034965034965,"122":0.5034965034965035,"58":0.5104895104895105,"64":0.5174825174825175,"79":0.5244755244755245,"52":0.5314685314685315,"11":0.5384615384615384,"93":0.5454545454545454,"137":0.5524475524475524,"20":0.5594405594405595,"16":0.5664335664335665,"101":0.5734265734265734,"28":0.5804195804195804,"123":0.5874125874125874,"14":0.5944055944055944,"47":0.6013986013986014,"67":0.6083916083916084,"27":0.6153846153846154,"81":0.6223776223776224,"56":0.6293706293706294,"132":0.6363636363636364,"129":0.6433566433566433,"12":0.6503496503496503,"59":0.6573426573426573,"88":0.6643356643356644,"112":0.6713286713286714,"135":0.6783216783216783,"140":0.6853146853146853,"54":0.6923076923076923,"86":0.6993006993006993,"108":0.7062937062937062,"8":0.7132867132867133,"41":0.7202797202797203,"106":0.7272727272727273,"118":0.7342657342657343,"72":0.7412587412587412,"48":0.7482517482517482,"13":0.7552447552447552,"17":0.7622377622377622,"42":0.7692307692307693,"103":0.7762237762237763,"63":0.7832167832167832,"119":0.7902097902097902,"69":0.7972027972027972,"66":0.8041958041958042,"130":0.8111888111888111,"18":0.8181818181818182,"100":0.8251748251748252,"107":0.8321678321678322,"124":0.8391608391608392,"89":0.8461538461538461,"134":0.8531468531468531,"111":0.8601398601398601,"33":0.8671328671328671,"43":0.8741258741258742,"76":0.8811188811188811,"85":0.8881118881118881,"120":0.8951048951048951,"60":0.9020979020979021,"78":0.9090909090909091,"57":0.916083916083916,"70":0.9230769230769231,"2":0.9300699300699301,"127":0.9370629370629371,"113":0.9440559440559441,"19":0.951048951048951,"21":0.958041958041958,"77":0.965034965034965,"141":0.972027972027972,"3":0.9790209790209791,"94":0.986013986013986,"97":0.993006993006993,"143":1.0}}