{"name":"pagerank","alpha":0.85,"weight":"value","num_of_nodes":129,"num_of_edges":416,"process_time":0.047052860260009766,"data":{"0":0.4130397714540633,"1":0.40983825626770165,"2":0.04196490061478628,"3":0.6175983424821965,"4":0.1909292219042406,"5":0.22495011927562372,"6":0.3952703883993931,"7":0.260622681561515,"8":0.26115375603910845,"9":0.545296921824289,"10":0.024065669131093263,"11":0.5564903699791687,"12":0.1818534858325109,"13":0.4064559066610881,"14":0.04272287460595296,"15":0.07604667573616102,"16":0.9496279971856493,"17":0.041964900614786124,"18":0.6259437320552076,"19":0.39577500969327206,"20":0.7517163472299361,"21":0.023161471935981087,"22":0.25039237018967875,"23":0.07871463193445845,"24":0.07604667573616102,"25":0.07604667573616102,"26":0.3623402190450652,"27":0.5766437785307227,"28":0.7288398119765834,"29":0.2044098303844344,"30":0.3952703883993931,"31":0.3802413579284173,"32":0.3789270351639974,"33":0.023161471935981087,"34":0.39438210045312216,"35":0.5452969218242893,"36":0.20100022355372926,"37":0.22500291865826158,"38":0.41590829355008807,"39":0.40161893126991216,"40":0.054797604792077674,"41":0.22375896598558975,"42":0.08105503164066581,"43":0.07194999444644395,"44":0.22961823511741114,"45":0.05231621609227251,"46":0.44052039841213403,"47":0.05626112107200011,"48":0.2451746106573529,"49":0.5931290361540418,"50":0.6312380931762039,"51":0.5395995694771415,"52":0.6312380931762039,"53":0.35484691409106883,"54":0.24341375363267787,"55":0.0,"56":0.04328682003218505,"57":0.04003772193271622,"58":0.5989553735537855,"59":0.3878857920223483,"60":0.06466442324414043,"61":0.24578187923030695,"62":0.6358004722994008,"63":0.044263568257425376,"64":0.7901655712985293,"65":0.26318636019092523,"66":0.5342032888192191,"67":0.05679732652889188,"68":0.2230041492257923,"69":0.24578187923030695,"70":0.2517840855475539,"71":0.0530175425123366,"72":0.21912473831199109,"73":0.5477610556098901,"74":0.44473619169685935,"75":0.0719628145438432,"76":0.21742914786053671,"77":0.2567529311291867,"78":0.031378273354760566,"79":0.45046015240238374,"80":0.5345838427102926,"81":0.7901655712985293,"82":0.06642099830328316,"83":0.18451327670414402,"84":0.06877841446147367,"85":0.38176545644851784,"86":0.07801518131118775,"87":0.35608538075879226,"88":0.03129343182370913,"89":0.06578549913380556,"90":0.6210158031742661,"91":0.2528808058341166,"92":0.3228765540642981,"93":0.19695182413430273,"94":0.1676338201212031,"95":0.052705340784566616,"96":0.05499975080031332,"97":0.36604721092657516,"98":0.36604721092657516,"99":0.029670729409425563,"100":0.49919469002212874,"101":0.6296228679685985,"102":0.19695182413430273,"103":0.1960983511427757,"104":1.0,"105":0.3236127479656376,"106":0.01890316225169067,"107":0.35753881968759904,"108":0.23618770153829413,"109":0.06054950311457954,"110":0.17783324560118793,"111":0.24649116616812045,"112":0.3769052451928575,"113":0.2573866685204431,"114":0.8524221879315618,"115":0.05831026448056459,"116":0.03527420201825779,"117":0.396970260627958,"118":0.07499250060223592,"119":0.4052102050503738,"120":0.42573561076607536,"121":0.08837324616941282,"122":0.7266485911000553,"123":0.626601565469818,"124":0.3647262638659571,"125":0.020081733840821483,"126":0.2447942269976578,"127":0.3228765540642981,"128":0.5372996534676922},"ranked":{"55":0.0,"106":0.0078125,"125":0.015625,"21":0.0234375,"33":0.03125,"10":0.0390625,"99":0.046875,"88":0.0546875,"78":0.0625,"116":0.0703125,"57":0.078125,"17":0.0859375,"2":0.09375,"14":0.1015625,"56":0.109375,"63":0.1171875,"45":0.125,"95":0.1328125,"71":0.140625,"40":0.1484375,"96":0.15625,"47":0.1640625,"67":0.171875,"115":0.1796875,"109":0.1875,"60":0.1953125,"89":0.203125,"82":0.2109375,"84":0.21875,"43":0.2265625,"75":0.234375,"118":0.2421875,"15":0.25,"24":0.2578125,"25":0.265625,"86":0.2734375,"23":0.28125,"42":0.2890625,"121":0.296875,"94":0.3046875,"110":0.3125,"12":0.3203125,"83":0.328125,"4":0.3359375,"103":0.34375,"93":0.3515625,"102":0.359375,"36":0.3671875,"29":0.375,"76":0.3828125,"72":0.390625,"68":0.3984375,"41":0.40625,"5":0.4140625,"37":0.421875,"44":0.4296875,"108":0.4375,"54":0.4453125,"126":0.453125,"48":0.4609375,"61":0.46875,"69":0.4765625,"111":0.484375,"22":0.4921875,"70":0.5,"91":0.5078125,"77":0.515625,"113":0.5234375,"7":0.53125,"8":0.5390625,"65":0.546875,"92":0.5546875,"127":0.5625,"105":0.5703125,"53":0.578125,"87":0.5859375,"107":0.59375,"26":0.6015625,"124":0.609375,"97":0.6171875,"98":0.625,"112":0.6328125,"32":0.640625,"31":0.6484375,"85":0.65625,"59":0.6640625,"34":0.671875,"6":0.6796875,"30":0.6875,"19":0.6953125,"117":0.703125,"39":0.7109375,"119":0.71875,"13":0.7265625,"1":0.734375,"0":0.7421875,"38":0.75,"120":0.7578125,"46":0.765625,"74":0.7734375,"79":0.78125,"100":0.7890625,"66":0.796875,"80":0.8046875,"128":0.8125,"51":0.8203125,"9":0.828125,"35":0.8359375,"73":0.84375,"11":0.8515625,"27":0.859375,"49":0.8671875,"58":0.875,"3":0.8828125,"90":0.890625,"18":0.8984375,"123":0.90625,"101":0.9140625,"50":0.921875,"52":0.9296875,"62":0.9375,"122":0.9453125,"28":0.953125,"20":0.9609375,"64":0.96875,"81":0.9765625,"114":0.984375,"16":0.9921875,"104":1.0}}