{"name":"pagerank","alpha":0.85,"weight":"value","num_of_nodes":150,"num_of_edges":466,"process_time":0.03886604309082031,"data":{"0":0.5227860882271755,"1":0.2726607438240278,"2":0.43321814780194157,"3":0.22040496110090282,"4":0.05354665210965972,"5":0.7810777812533685,"6":0.4249825767417613,"7":0.15873454712166257,"8":0.23958811606606067,"9":0.41207717203149763,"10":0.059857422845659036,"11":0.22908919150751797,"12":0.1588133420884731,"13":0.6359189692328673,"14":0.9436792357443747,"15":0.20059199342061582,"16":0.34815048516600416,"17":0.21011439295536022,"18":0.5631129304567423,"19":0.06103749183961538,"20":0.6105511292532831,"21":0.1799614953461518,"22":0.059857422845659036,"23":0.46943232264055873,"24":0.4388450781073515,"25":0.9393753601746079,"26":0.6352342357258721,"27":0.6105511292532831,"28":0.21215417991169383,"29":0.3218147603180533,"30":0.11659889517848722,"31":0.21005531470659644,"32":0.4044408127784612,"33":0.22908919150751797,"34":0.31982753789777757,"35":0.2167526876351918,"36":0.15873454712166257,"37":0.3598286055722242,"38":0.21011439295536022,"39":0.17358828335708448,"40":0.2726607438240278,"41":0.4115887124309065,"42":0.40191198100131975,"43":0.22040496110090282,"44":0.12243538286220836,"45":0.5235584572632472,"46":0.20535918673176473,"47":0.7689836850771086,"48":0.11659889517848722,"49":0.22908919150751797,"50":0.1012015633121335,"51":0.478642277554387,"52":0.4986841692647275,"53":0.09404511336630382,"54":0.6109100035912999,"55":0.08981963819463537,"56":0.3112020873632073,"57":0.2753203866825362,"58":0.050830199608339156,"59":0.0,"60":0.8513179180660144,"61":0.05221120280600244,"62":0.6676543783497974,"63":0.478642277554387,"64":0.11555457736235929,"65":0.588987034822871,"66":0.11555457736235929,"67":0.48535549898501434,"68":0.6047111406297407,"69":0.3023617926549164,"70":0.09102294065507023,"71":0.36603008466950926,"72":0.07528645378879975,"73":0.04940415592609835,"74":0.5261375470516205,"75":0.6360772706458327,"76":0.4654063829769806,"77":0.2597739621976023,"78":0.06793950573406925,"79":0.5019894654034398,"80":0.2605836955175169,"81":0.5540232523846244,"82":0.15667736226654258,"83":0.358243686797439,"84":0.10599688296330499,"85":0.44122159512238013,"86":0.04027471749538159,"87":0.1012015633121335,"88":0.44244431937942086,"89":0.09394354793806052,"90":1.0,"91":0.37825952358012693,"92":0.478642277554387,"93":0.32423413632985554,"94":0.16853776148728367,"95":0.3291836253552004,"96":0.6215769004533157,"97":0.478642277554387,"98":0.18472884592858838,"99":0.40902436456971564,"100":0.5994763204678144,"101":0.10852459720402617,"102":0.12410283861968051,"103":0.38042139952424936,"104":0.6985869066033695,"105":0.17474601975507847,"106":0.37666263409452583,"107":0.4582890221048645,"108":0.2999853861873727,"109":0.37713713536556664,"110":0.2832539891714411,"111":0.42164036494524193,"112":0.05268490160409709,"113":0.18854551686449034,"114":0.19415915861210992,"115":0.6210069676518799,"116":0.4949797383589584,"117":0.28767726453440967,"118":0.10008655112092717,"119":0.1703107747461301,"120":0.1461632620799305,"121":0.3785828194154332,"122":0.5052626824717047,"123":0.3140826659502201,"124":0.1461632620799305,"125":0.6059313262510889,"126":0.09189676683937854,"127":0.42224061343986635,"128":0.22685771275693534,"129":0.06411687215511155,"130":0.3140826659502201,"131":0.1851615867343833,"132":0.1851615867343833,"133":0.42164036494524193,"134":0.35791414876239946,"135":0.1511493974382903,"136":0.18515349784193397,"137":0.300961417129122,"138":0.3140826659502201,"139":0.18515349784193397,"140":0.11733754169715623,"141":0.06411687215511139,"142":0.38022349182540116,"143":0.5268388031245634,"144":0.11354470992613955,"145":0.8922477089862125,"146":0.3363822840727807,"147":0.3340492253078883,"148":0.7176856884818906,"149":0.17344042316258645},"ranked":{"59":0.0,"86":0.006711409395973154,"73":0.013422818791946308,"58":0.020134228187919462,"61":0.026845637583892617,"112":0.03355704697986577,"4":0.040268456375838924,"10":0.04697986577181208,"22":0.053691275167785234,"19":0.06040268456375839,"141":0.06711409395973154,"129":0.0738255033557047,"78":0.08053691275167785,"72":0.087248322147651,"55":0.09395973154362416,"70":0.10067114093959731,"126":0.10738255033557047,"89":0.11409395973154363,"53":0.12080536912751678,"118":0.12751677852348994,"50":0.1342281879194631,"87":0.14093959731543623,"84":0.1476510067114094,"101":0.15436241610738255,"144":0.1610738255033557,"64":0.16778523489932887,"66":0.174496644295302,"30":0.18120805369127516,"48":0.18791946308724833,"140":0.19463087248322147,"44":0.20134228187919462,"102":0.2080536912751678,"120":0.21476510067114093,"124":0.2214765100671141,"135":0.22818791946308725,"82":0.2348993288590604,"7":0.24161073825503357,"36":0.2483221476510067,"12":0.2550335570469799,"94":0.26174496644295303,"119":0.2684563758389262,"149":0.2751677852348993,"39":0.28187919463087246,"105":0.28859060402684567,"21":0.2953020134228188,"98":0.30201342281879195,"136":0.3087248322147651,"139":0.31543624161073824,"131":0.3221476510067114,"132":0.3288590604026846,"113":0.33557046979865773,"114":0.3422818791946309,"15":0.348993288590604,"46":0.35570469798657717,"31":0.3624161073825503,"17":0.3691275167785235,"38":0.37583892617449666,"28":0.3825503355704698,"35":0.38926174496644295,"3":0.3959731543624161,"43":0.40268456375838924,"128":0.40939597315436244,"11":0.4161073825503356,"33":0.4228187919463087,"49":0.42953020134228187,"8":0.436241610738255,"77":0.4429530201342282,"80":0.44966442953020136,"1":0.4563758389261745,"40":0.46308724832214765,"57":0.4697986577181208,"110":0.47651006711409394,"117":0.48322147651006714,"108":0.4899328859060403,"137":0.4966442953020134,"69":0.5033557046979866,"56":0.5100671140939598,"123":0.5167785234899329,"130":0.5234899328859061,"138":0.5302013422818792,"34":0.5369127516778524,"29":0.5436241610738255,"93":0.5503355704697986,"95":0.5570469798657718,"147":0.5637583892617449,"146":0.5704697986577181,"16":0.5771812080536913,"134":0.5838926174496645,"83":0.5906040268456376,"37":0.5973154362416108,"71":0.6040268456375839,"106":0.610738255033557,"109":0.6174496644295302,"91":0.6241610738255033,"121":0.6308724832214765,"142":0.6375838926174496,"103":0.6442953020134228,"42":0.6510067114093959,"32":0.6577181208053692,"99":0.6644295302013423,"41":0.6711409395973155,"9":0.6778523489932886,"111":0.6845637583892618,"133":0.6912751677852349,"127":0.697986577181208,"6":0.7046979865771812,"2":0.7114093959731543,"24":0.7181208053691275,"85":0.7248322147651006,"88":0.7315436241610739,"107":0.738255033557047,"76":0.7449664429530202,"23":0.7516778523489933,"51":0.7583892617449665,"63":0.7651006711409396,"92":0.7718120805369127,"97":0.7785234899328859,"67":0.785234899328859,"116":0.7919463087248322,"52":0.7986577181208053,"79":0.8053691275167785,"122":0.8120805369127517,"0":0.8187919463087249,"45":0.825503355704698,"74":0.8322147651006712,"143":0.8389261744966443,"81":0.8456375838926175,"18":0.8523489932885906,"65":0.8590604026845637,"100":0.8657718120805369,"68":0.87248322147651,"125":0.8791946308724832,"20":0.8859060402684564,"27":0.8926174496644296,"54":0.8993288590604027,"115":0.9060402684563759,"96":0.912751677852349,"26":0.9194630872483222,"13":0.9261744966442953,"75":0.9328859060402684,"62":0.9395973154362416,"104":0.9463087248322147,"148":0.9530201342281879,"47":0.959731543624161,"5":0.9664429530201343,"60":0.9731543624161074,"145":0.9798657718120806,"25":0.9865771812080537,"14":0.9932885906040269,"90":1.0}}