{"name":"agd","num_of_nodes":183,"num_of_edges":355,"weight":"value","process_time":0.017120838165283203,"data":{"0":0.16606123508043588,"1":0.222106901920083,"2":0.21743642968344573,"3":0.150492994291645,"4":0.12558380902957963,"5":0.13959522573949143,"6":0.14634146341463414,"7":0.17747794499221586,"8":0.1411520498183705,"9":0.1831862999481058,"10":0.20705760249091848,"11":0.19875454073689672,"12":0.1831862999481058,"13":0.19564089257913855,"14":0.21691748832381935,"15":0.23611831862999477,"16":0.19564089257913855,"17":0.21172807472755575,"18":0.21017125064867667,"19":0.15101193565127138,"20":0.21172807472755575,"21":0.150492994291645,"22":0.15879605604566682,"23":0.23611831862999477,"24":0.17021276595744678,"25":0.19667877529839126,"26":0.19356512714063306,"27":0.2112091333679294,"28":0.14530358069538138,"29":0.1603528801245459,"30":0.12817851582771145,"31":0.16606123508043588,"32":0.19356512714063306,"33":0.197716658017644,"34":0.22106901920083027,"35":0.1328489880643487,"36":0.24494032174364294,"37":0.19875454073689672,"38":0.1468604047742605,"39":0.13855734302023867,"40":0.18785677218474311,"41":0.17125064867669948,"42":0.20705760249091848,"43":0.17903476907109495,"44":0.22003113648157757,"45":0.14530358069538138,"46":0.17747794499221586,"47":0.20653866113129213,"48":0.16761805915931496,"49":0.222106901920083,"50":0.23611831862999477,"51":0.19875454073689672,"52":0.1821484172288531,"53":0.15827711468604047,"54":0.2496107939802802,"55":0.12765957446808507,"56":0.19719771665801764,"57":0.19667877529839126,"58":0.1370005189413596,"59":0.222106901920083,"60":0.2496107939802802,"61":1.0,"62":0.49558899844317583,"63":0.5220550077841203,"64":0.515827711468604,"65":0.508562532433835,"66":0.4779449922158795,"67":0.9008822003113649,"68":0.7285936689154124,"69":0.7711468604047743,"70":0.7285936689154124,"71":0.61338868707836,"72":0.7690710949662688,"73":0.5490399584846911,"74":0.65334717176959,"75":0.5173845355474831,"76":0.5749870264660092,"77":0.6253243383497663,"78":0.5765438505448883,"79":0.5070057083549557,"80":0.5308770108977684,"81":0.5090814737934614,"82":0.48053969901401133,"83":0.4862480539699014,"84":0.9496626881162429,"85":0.8541774779449922,"86":1.0,"87":0.5220550077841203,"88":0.4867669953295277,"89":0.5480020757654384,"90":0.5054488842760767,"91":0.6263622210690191,"92":0.5365853658536585,"93":0.6372599896211727,"94":0.504411001556824,"95":0.8116242864556306,"96":0.9496626881162429,"97":0.4784639335755059,"98":0.5059678256357031,"99":0.5983393876491955,"100":0.5033731188375713,"101":0.48053969901401133,"102":0.5869226777374156,"103":0.5319148936170212,"104":0.5054488842760767,"105":0.7680332122470162,"106":0.60197197716658,"107":0.5033731188375713,"108":0.4779449922158795,"109":0.49143746756616496,"110":0.6372599896211727,"111":0.8562532433834977,"112":0.689154125583809,"113":0.6616502335236117,"114":0.8111053450960042,"115":0.4966268811624286,"116":0.7680332122470162,"117":0.5713544369486248,"118":0.5059678256357031,"119":0.5614945511157239,"120":0.5884795018162947,"121":0.5147898287493513,"122":0.6216917488323819,"123":0.7223663725998961,"124":0.6886351842241826,"125":0.5339906590555267,"126":0.018162947586922676,"127":0.0036325895173845353,"128":0.6299948105864037,"129":0.0010378827192527233,"130":0.01660612350804359,"131":0.5843279709392838,"132":0.6502335236118318,"133":0.5729112610275038,"134":0.7202906071613906,"135":0.003113648157758175,"136":0.009340944473274519,"137":0.008822003113648154,"138":0.5184224182667357,"139":0.009340944473274519,"140":0.5371043072132848,"141":0.0057083549558899814,"142":0.9730150492994291,"143":0.018162947586922676,"144":0.0,"145":0.9699014011416709,"146":0.715101193565127,"147":0.9719771665801764,"148":0.016087182148417225,"149":0.0,"150":0.004151530877010896,"151":0.6299948105864037,"152":0.7924234561494551,"153":0.0036325895173845353,"154":0.00985988583290088,"155":0.6595744680851063,"156":0.6995329527763362,"157":0.6798131811105345,"158":0.594706798131811,"159":0.7924234561494551,"160":0.9226777374156719,"161":0.5677218474312402,"162":0.9242345614945511,"163":0.8801245459263103,"164":0.5064867669953295,"165":0.9237156201349247,"166":0.9730150492994291,"167":0.5505967825635703,"168":0.01660612350804359,"169":0.0057083549558899814,"170":0.5526725480020757,"171":0.8329008822003113,"172":0.6995329527763362,"173":0.010897768552153606,"174":0.6600934094447326,"175":0.690710949662688,"176":0.7529839128178514,"177":0.004670472236637261,"178":0.5376232485729112,"179":0.9730150492994291,"180":0.6071613907628437,"181":0.0025947067981318093,"182":0.8764919564089257},"ranked":{"144":0.0,"149":0.005494505494505495,"129":0.01098901098901099,"181":0.016483516483516484,"135":0.02197802197802198,"127":0.027472527472527472,"153":0.03296703296703297,"150":0.038461538461538464,"177":0.04395604395604396,"141":0.04945054945054945,"169":0.054945054945054944,"137":0.06043956043956044,"136":0.06593406593406594,"139":0.07142857142857142,"154":0.07692307692307693,"173":0.08241758241758242,"148":0.08791208791208792,"130":0.09340659340659341,"168":0.0989010989010989,"126":0.1043956043956044,"143":0.10989010989010989,"4":0.11538461538461539,"55":0.12087912087912088,"30":0.12637362637362637,"35":0.13186813186813187,"58":0.13736263736263737,"39":0.14285714285714285,"5":0.14835164835164835,"8":0.15384615384615385,"28":0.15934065934065933,"45":0.16483516483516483,"6":0.17032967032967034,"38":0.17582417582417584,"3":0.1813186813186813,"21":0.18681318681318682,"19":0.19230769230769232,"53":0.1978021978021978,"22":0.2032967032967033,"29":0.2087912087912088,"0":0.21428571428571427,"31":0.21978021978021978,"48":0.22527472527472528,"24":0.23076923076923078,"41":0.23626373626373626,"7":0.24175824175824176,"46":0.24725274725274726,"43":0.25274725274725274,"52":0.25824175824175827,"9":0.26373626373626374,"12":0.2692307692307692,"40":0.27472527472527475,"26":0.2802197802197802,"32":0.2857142857142857,"13":0.29120879120879123,"16":0.2967032967032967,"25":0.3021978021978022,"57":0.3076923076923077,"56":0.3131868131868132,"33":0.31868131868131866,"11":0.3241758241758242,"37":0.32967032967032966,"51":0.33516483516483514,"47":0.34065934065934067,"10":0.34615384615384615,"42":0.3516483516483517,"18":0.35714285714285715,"27":0.3626373626373626,"17":0.36813186813186816,"20":0.37362637362637363,"14":0.3791208791208791,"2":0.38461538461538464,"44":0.3901098901098901,"34":0.3956043956043956,"1":0.4010989010989011,"49":0.4065934065934066,"59":0.41208791208791207,"15":0.4175824175824176,"23":0.4230769230769231,"50":0.42857142857142855,"36":0.4340659340659341,"54":0.43956043956043955,"60":0.44505494505494503,"66":0.45054945054945056,"108":0.45604395604395603,"97":0.46153846153846156,"82":0.46703296703296704,"101":0.4725274725274725,"83":0.47802197802197804,"88":0.4835164835164835,"109":0.489010989010989,"62":0.4945054945054945,"115":0.5,"100":0.5054945054945055,"107":0.510989010989011,"94":0.5164835164835165,"90":0.521978021978022,"104":0.5274725274725275,"98":0.532967032967033,"118":0.5384615384615384,"164":0.5439560439560439,"79":0.5494505494505495,"65":0.554945054945055,"81":0.5604395604395604,"121":0.5659340659340659,"64":0.5714285714285714,"75":0.5769230769230769,"138":0.5824175824175825,"63":0.5879120879120879,"87":0.5934065934065934,"80":0.5989010989010989,"103":0.6043956043956044,"125":0.6098901098901099,"92":0.6153846153846154,"140":0.6208791208791209,"178":0.6263736263736264,"89":0.6318681318681318,"73":0.6373626373626373,"167":0.6428571428571429,"170":0.6483516483516484,"119":0.6538461538461539,"161":0.6593406593406593,"117":0.6648351648351648,"133":0.6703296703296703,"76":0.6758241758241759,"78":0.6813186813186813,"131":0.6868131868131868,"102":0.6923076923076923,"120":0.6978021978021978,"158":0.7032967032967034,"99":0.7087912087912088,"106":0.7142857142857143,"180":0.7197802197802198,"71":0.7252747252747253,"122":0.7307692307692307,"77":0.7362637362637363,"91":0.7417582417582418,"128":0.7472527472527473,"151":0.7527472527472527,