{"name":"fiedler","normalized":true,"weight":"value","num_of_nodes":102,"num_of_edges":319,"process_time":0.03913402557373047,"data":{"0":0.10385015648022858,"1":0.11566778457113032,"2":0.11741196666248818,"3":0.08521463648575815,"4":0.0522489637370609,"5":0.11483738762641811,"6":0.16548207507775334,"7":0.11483738763463815,"8":0.07291050799976692,"9":0.06608599448496888,"10":0.0453542619624983,"11":0.10356644735103414,"12":0.015120776219749731,"13":0.11996236178897754,"14":0.07870800687613884,"15":0.10385015647907556,"16":0.10769573830371565,"17":0.03681842649632102,"18":0.12438730092204407,"19":0.10753279424185144,"20":0.11806543054515982,"21":0.10332455894483412,"22":0.050985697910578595,"23":0.11934203479708975,"24":0.12151582409781922,"25":0.14914067880996942,"26":0.03480921221961626,"27":0.0,"28":0.09000521854680024,"29":0.08517693035152193,"30":0.04622374690557932,"31":0.1205074376721237,"32":0.0918262361130314,"33":0.10001074689022814,"34":0.8614355071650026,"35":0.9232423222956271,"36":0.8593022917146873,"37":0.8212910275650601,"38":0.9552320730847192,"39":0.9263246918379973,"40":0.9025987215698413,"41":0.8931783307149648,"42":0.9685633822967405,"43":0.8972569735678656,"44":0.8603980696992857,"45":0.9498684899072106,"46":0.9450670199566219,"47":0.7778376453523981,"48":0.9648491785876285,"49":0.8734737968008861,"50":0.8972569735712727,"51":0.9292873005460146,"52":0.9918557882433887,"53":0.9999999999598983,"54":0.9619323861632944,"55":0.9232423222939322,"56":0.843851820156163,"57":0.8152320681649928,"58":0.9390573699718794,"59":0.8547668977425107,"60":0.9150264693726229,"61":0.8880719663926782,"62":1.0,"63":0.9683415015347356,"64":0.8815454163974036,"65":0.8620561602427367,"66":0.8606635340137806,"67":0.876192796137038,"68":0.6787724485441013,"69":0.2514365317999646,"70":0.7224310836019597,"71":0.5283249638274661,"72":0.616623431799578,"73":0.34101350954181286,"74":0.2975524838028191,"75":0.5126222918169766,"76":0.5318390196987045,"77":0.48386021761271736,"78":0.7224310836006936,"79":0.2564526846068709,"80":0.28854466821573327,"81":0.58937964220844,"82":0.5212854096432437,"83":0.6618205666994893,"84":0.2999650250312182,"85":0.6800897438580525,"86":0.2926578860932232,"87":0.19710733153073107,"88":0.38275168126891435,"89":0.274925017390989,"90":0.803683770632847,"91":0.6837663982320672,"92":0.526562969391891,"93":0.40686915909470256,"94":0.5497449755063846,"95":0.3827516812695753,"96":0.2926578860957324,"97":0.5066407257002724,"98":0.7241549100279507,"99":0.5024572631921831,"100":0.16433482921402562,"101":0.4450632617697128},"ranked":{"27":0.0,"12":0.009900990099009901,"26":0.019801980198019802,"17":0.0297029702970297,"10":0.039603960396039604,"30":0.04950495049504951,"22":0.0594059405940594,"4":0.06930693069306931,"9":0.07920792079207921,"8":0.0891089108910891,"14":0.09900990099009901,"29":0.10891089108910891,"3":0.1188118811881188,"28":0.12871287128712872,"32":0.13861386138613863,"33":0.1485148514851485,"21":0.15841584158415842,"11":0.16831683168316833,"15":0.1782178217821782,"0":0.18811881188118812,"19":0.19801980198019803,"16":0.2079207920792079,"5":0.21782178217821782,"7":0.22772277227722773,"1":0.2376237623762376,"2":0.24752475247524752,"20":0.25742574257425743,"23":0.26732673267326734,"13":0.27722772277227725,"31":0.2871287128712871,"24":0.297029702970297,"18":0.3069306930693069,"25":0.31683168316831684,"100":0.32673267326732675,"6":0.33663366336633666,"87":0.3465346534653465,"69":0.3564356435643564,"79":0.36633663366336633,"89":0.37623762376237624,"80":0.38613861386138615,"86":0.39603960396039606,"96":0.40594059405940597,"74":0.4158415841584158,"84":0.42574257425742573,"73":0.43564356435643564,"88":0.44554455445544555,"95":0.45544554455445546,"93":0.46534653465346537,"101":0.4752475247524752,"77":0.48514851485148514,"99":0.49504950495049505,"97":0.504950495049505,"75":0.5148514851485149,"82":0.5247524752475248,"92":0.5346534653465347,"71":0.5445544554455446,"76":0.5544554455445545,"94":0.5643564356435643,"81":0.5742574257425742,"72":0.5841584158415841,"83":0.594059405940594,"68":0.6039603960396039,"85":0.6138613861386139,"91":0.6237623762376238,"78":0.6336633663366337,"70":0.6435643564356436,"98":0.6534653465346535,"47":0.6633663366336634,"90":0.6732673267326733,"57":0.6831683168316832,"37":0.693069306930693,"56":0.7029702970297029,"59":0.7128712871287128,"36":0.7227722772277227,"44":0.7326732673267327,"66":0.7425742574257426,"34":0.7524752475247525,"65":0.7623762376237624,"49":0.7722772277227723,"67":0.7821782178217822,"64":0.7920792079207921,"61":0.801980198019802,"41":0.8118811881188119,"43":0.8217821782178217,"50":0.8316831683168316,"40":0.8415841584158416,"60":0.8514851485148515,"55":0.8613861386138614,"35":0.8712871287128713,"39":0.8811881188118812,"51":0.8910891089108911,"58":0.900990099009901,"46":0.9108910891089109,"45":0.9207920792079208,"38":0.9306930693069307,"54":0.9405940594059405,"48":0.9504950495049505,"63":0.9603960396039604,"42":0.9702970297029703,"52":0.9801980198019802,"53":0.9900990099009901,"62":1.0}}