{"name":"agd","num_of_nodes":123,"num_of_edges":241,"weight":"value","process_time":0.005956172943115234,"data":{"0":0.5376344086021505,"1":0.3870967741935484,"2":0.6415770609318996,"3":0.6845878136200717,"4":0.4408602150537634,"5":0.46236559139784955,"6":0.46236559139784955,"7":0.8745519713261649,"8":0.5161290322580645,"9":0.5376344086021505,"10":0.4193548387096774,"11":0.6057347670250897,"12":0.6272401433691756,"13":0.3978494623655914,"14":0.7383512544802867,"15":0.44444444444444436,"16":0.5197132616487454,"17":0.5161290322580645,"18":0.4838709677419355,"19":0.6308243727598566,"20":0.47311827956989244,"21":0.5591397849462366,"22":0.4229390681003585,"23":0.8745519713261649,"24":0.6379928315412187,"25":0.8745519713261649,"26":0.4193548387096774,"27":0.4874551971326164,"28":0.6451612903225806,"29":0.6953405017921148,"30":0.7419354838709679,"31":0.4014336917562724,"32":0.5806451612903225,"33":0.6379928315412187,"34":0.8100358422939068,"35":0.4408602150537634,"36":0.47311827956989244,"37":0.5627240143369175,"38":0.46953405017921146,"39":0.7347670250896058,"40":0.5340501792114695,"41":0.05017921146953406,"42":0.10035842293906812,"43":0.02150537634408602,"44":0.15053763440860218,"45":0.02150537634408602,"46":0.19354838709677422,"47":0.0931899641577061,"48":0.15770609318996415,"49":0.2616487455197133,"50":0.10035842293906812,"51":0.1218637992831541,"52":0.06810035842293907,"53":0.2078853046594982,"54":0.017921146953405014,"55":0.10035842293906812,"56":0.010752688172043022,"57":0.13978494623655915,"58":0.10035842293906812,"59":0.20071684587813618,"60":0.0035842293906810075,"61":0.014336917562724006,"62":0.15770609318996415,"63":0.1146953405017921,"64":0.13978494623655915,"65":0.2043010752688172,"66":0.2078853046594982,"67":0.02508960573476703,"68":0.19354838709677422,"69":0.07168458781362008,"70":0.010752688172043022,"71":0.0,"72":0.08243727598566308,"73":0.0,"74":0.11111111111111113,"75":0.10394265232974913,"76":0.02508960573476703,"77":0.05734767025089605,"78":0.2043010752688172,"79":0.2616487455197133,"80":0.05376344086021507,"81":0.09677419354838711,"82":0.7956989247311828,"83":0.7240143369175627,"84":0.7921146953405018,"85":0.6200716845878137,"86":0.5555555555555557,"87":0.78494623655914,"88":1.0,"89":0.6057347670250897,"90":1.0,"91":0.6272401433691756,"92":0.5842293906810035,"93":0.7956989247311828,"94":0.8709677419354839,"95":0.5053763440860214,"96":0.8100358422939068,"97":0.5698924731182796,"98":0.5734767025089607,"99":0.9068100358422939,"100":0.5949820788530465,"101":0.5125448028673836,"102":0.6630824372759856,"103":0.7025089605734767,"104":0.7096774193548386,"105":0.913978494623656,"106":0.9103942652329751,"107":0.903225806451613,"108":0.49820788530465954,"109":0.7992831541218638,"110":0.6021505376344087,"111":0.9964157706093191,"112":0.7598566308243728,"113":0.78494623655914,"114":0.5232974910394266,"115":0.6917562724014337,"116":0.5519713261648745,"117":0.9964157706093191,"118":0.5663082437275985,"119":0.5734767025089607,"120":0.5519713261648745,"121":0.7921146953405018,"122":0.8709677419354839},"ranked":{"71":0.0,"73":0.00819672131147541,"60":0.01639344262295082,"56":0.02459016393442623,"70":0.03278688524590164,"61":0.040983606557377046,"54":0.04918032786885246,"43":0.05737704918032787,"45":0.06557377049180328,"67":0.07377049180327869,"76":0.08196721311475409,"41":0.09016393442622951,"80":0.09836065573770492,"77":0.10655737704918032,"52":0.11475409836065574,"69":0.12295081967213115,"72":0.13114754098360656,"47":0.13934426229508196,"81":0.14754098360655737,"42":0.1557377049180328,"50":0.16393442622950818,"55":0.1721311475409836,"58":0.18032786885245902,"75":0.1885245901639344,"74":0.19672131147540983,"63":0.20491803278688525,"51":0.21311475409836064,"57":0.22131147540983606,"64":0.22950819672131148,"44":0.23770491803278687,"48":0.2459016393442623,"62":0.2540983606557377,"46":0.26229508196721313,"68":0.27049180327868855,"59":0.2786885245901639,"65":0.28688524590163933,"78":0.29508196721311475,"53":0.30327868852459017,"66":0.3114754098360656,"49":0.319672131147541,"79":0.32786885245901637,"1":0.3360655737704918,"13":0.3442622950819672,"31":0.3524590163934426,"10":0.36065573770491804,"26":0.36885245901639346,"22":0.3770491803278688,"4":0.38524590163934425,"35":0.39344262295081966,"15":0.4016393442622951,"5":0.4098360655737705,"6":0.4180327868852459,"38":0.4262295081967213,"20":0.4344262295081967,"36":0.4426229508196721,"18":0.45081967213114754,"27":0.45901639344262296,"108":0.4672131147540984,"95":0.47540983606557374,"101":0.48360655737704916,"8":0.4918032786885246,"17":0.5,"16":0.5081967213114754,"114":0.5163934426229508,"40":0.5245901639344263,"0":0.5327868852459017,"9":0.5409836065573771,"116":0.5491803278688525,"120":0.5573770491803278,"86":0.5655737704918032,"21":0.5737704918032787,"37":0.5819672131147541,"118":0.5901639344262295,"97":0.5983606557377049,"98":0.6065573770491803,"119":0.6147540983606558,"32":0.6229508196721312,"92":0.6311475409836066,"100":0.639344262295082,"110":0.6475409836065574,"11":0.6557377049180327,"89":0.6639344262295082,"85":0.6721311475409836,"12":0.680327868852459,"91":0.6885245901639344,"19":0.6967213114754098,"24":0.7049180327868853,"33":0.7131147540983607,"2":0.7213114754098361,"28":0.7295081967213115,"102":0.7377049180327869,"3":0.7459016393442623,"115":0.7540983606557377,"29":0.7622950819672131,"103":0.7704918032786885,"104":0.7786885245901639,"83":0.7868852459016393,"39":0.7950819672131147,"14":0.8032786885245902,"30":0.8114754098360656,"112":0.819672131147541,"87":0.8278688524590164,"113":0.8360655737704918,"84":0.8442622950819673,"121":0.8524590163934426,"82":0.860655737704918,"93":0.8688524590163934,"109":0.8770491803278688,"34":0.8852459016393442,"96":0.8934426229508197,"94":0.9016393442622951,"122":0.9098360655737705,"7":0.9180327868852459,"23":0.9262295081967213,"25":0.9344262295081968,"107":0.9426229508196722,"99":0.9508196721311475,"106":0.9590163934426229,"105":0.9672131147540983,"111":0.9754098360655737,"117":0.9836065573770492,"88":0.9918032786885246,"90":1.0}}