{"name":"agd","num_of_nodes":63,"num_of_edges":190,"weight":"value","process_time":0.0038671493530273438,"data":{"0":0.7808219178082192,"1":0.6027397260273972,"2":0.8493150684931506,"3":0.821917808219178,"4":0.547945205479452,"5":0.9589041095890409,"6":0.6232876712328766,"7":0.9589041095890409,"8":0.8493150684931506,"9":0.6780821917808219,"10":0.6438356164383561,"11":0.7260273972602739,"12":0.6232876712328766,"13":0.815068493150685,"14":0.5753424657534246,"15":0.5616438356164383,"16":0.6095890410958904,"17":0.7465753424657533,"18":0.7465753424657533,"19":0.7191780821917807,"20":0.9657534246575343,"21":0.034246575342465765,"22":0.09589041095890412,"23":0.027397260273972577,"24":0.07534246575342464,"25":0.0547945205479452,"26":0.11643835616438354,"27":0.0547945205479452,"28":0.10273972602739725,"29":0.12328767123287669,"30":0.034246575342465765,"31":0.12328767123287669,"32":0.0,"33":0.11643835616438354,"34":0.12328767123287669,"35":0.10273972602739725,"36":0.815068493150685,"37":0.041095890410958916,"38":0.04794520547945206,"39":0.027397260273972577,"40":0.006849315068493144,"41":0.10273972602739725,"42":0.5958904109589042,"43":0.8356164383561644,"44":1.0,"45":0.7191780821917807,"46":0.8561643835616438,"47":0.7191780821917807,"48":0.5821917808219177,"49":0.8356164383561644,"50":0.6575342465753424,"51":0.9246575342465753,"52":0.7191780821917807,"53":0.8630136986301369,"54":0.9452054794520547,"55":0.8561643835616438,"56":0.7808219178082192,"57":0.8356164383561644,"58":0.6986301369863013,"59":1.0,"60":0.6780821917808219,"61":0.7191780821917807,"62":1.0},"ranked":{"32":0.0,"40":0.016129032258064516,"23":0.03225806451612903,"39":0.04838709677419355,"21":0.06451612903225806,"30":0.08064516129032258,"37":0.0967741935483871,"38":0.11290322580645161,"25":0.12903225806451613,"27":0.14516129032258066,"24":0.16129032258064516,"22":0.1774193548387097,"28":0.1935483870967742,"35":0.20967741935483872,"41":0.22580645161290322,"26":0.24193548387096775,"33":0.25806451612903225,"29":0.27419354838709675,"31":0.2903225806451613,"34":0.3064516129032258,"4":0.3225806451612903,"15":0.3387096774193548,"14":0.3548387096774194,"48":0.3709677419354839,"42":0.3870967741935484,"1":0.4032258064516129,"16":0.41935483870967744,"6":0.43548387096774194,"12":0.45161290322580644,"10":0.46774193548387094,"50":0.4838709677419355,"9":0.5,"60":0.5161290322580645,"58":0.532258064516129,"19":0.5483870967741935,"45":0.5645161290322581,"47":0.5806451612903226,"52":0.5967741935483871,"61":0.6129032258064516,"11":0.6290322580645161,"17":0.6451612903225806,"18":0.6612903225806451,"0":0.6774193548387096,"56":0.6935483870967742,"13":0.7096774193548387,"36":0.7258064516129032,"3":0.7419354838709677,"43":0.7580645161290323,"49":0.7741935483870968,"57":0.7903225806451613,"2":0.8064516129032258,"8":0.8225806451612904,"46":0.8387096774193549,"55":0.8548387096774194,"53":0.8709677419354839,"51":0.8870967741935484,"54":0.9032258064516129,"5":0.9193548387096774,"7":0.9354838709677419,"20":0.9516129032258065,"44":0.967741935483871,"59":0.9838709677419355,"62":1.0}}