{"name":"fiedler","normalized":false,"weight":"value","num_of_nodes":123,"num_of_edges":391,"process_time":0.05151009559631348,"data":{"0":0.06759929659228131,"1":0.03999410343795452,"2":0.22320990370169325,"3":0.30845243642789993,"4":0.06992887504478824,"5":0.24596408055290708,"6":0.2270720126740381,"7":0.23039999041716952,"8":0.2206529854399592,"9":0.003238758200152862,"10":0.16803941700719602,"11":0.23039999041716952,"12":0.13865173040311307,"13":0.22243503956730307,"14":0.2084720073375697,"15":0.0675992965922812,"16":0.21275255687341427,"17":0.046046916742360895,"18":0.022502932330766005,"19":0.11198389747268157,"20":0.033550556963238935,"21":0.15994732809901702,"22":0.0,"23":0.0,"24":0.19759551891643773,"25":0.01617242199159263,"26":0.21867017552437204,"27":0.19691302851345002,"28":0.19970810797004962,"29":0.004828799165382672,"30":0.0675992965922812,"31":0.23624923120042482,"32":0.14280134130845065,"33":0.1836864118770444,"34":0.0048287991653828905,"35":0.03496136828143964,"36":0.12487291657617276,"37":0.07734169032088606,"38":0.15702922359246838,"39":0.23812593016529504,"40":0.20108352860859738,"41":0.889457395844634,"42":0.9973709161689805,"43":0.8778531835005953,"44":0.9980393076386929,"45":0.9127849317578655,"46":0.9815402162371726,"47":0.9730245082409146,"48":0.755933615489466,"49":0.8714229941895724,"50":0.9233537426755112,"51":0.8730486970479434,"52":0.7435679871047098,"53":0.8920530160442934,"54":0.6432068665792045,"55":0.6700170747400548,"56":0.5589708565927898,"57":0.9915776548078961,"58":0.995066009896116,"59":0.8778531835005953,"60":1.0,"61":0.9330644442642094,"62":0.6576514463000334,"63":0.9772836770509532,"64":0.30845243642789993,"65":0.9235661579422367,"66":0.9997100021552945,"67":0.8419107084145006,"68":0.9247285128692143,"69":0.9243706333051103,"70":0.9950697692234438,"71":0.9334170984639321,"72":0.9334170984639321,"73":0.6432068665792045,"74":0.775613219336015,"75":0.9495283081847462,"76":0.9976652143251442,"77":0.997648397207334,"78":0.9434763116819089,"79":0.8124442320541916,"80":0.9330644442642219,"81":0.6818181472917864,"82":0.9173636822394763,"83":0.8902472289987465,"84":0.7622000035155061,"85":0.8045296769608672,"86":0.2751572159023088,"87":0.8360446450368315,"88":0.27245435779294763,"89":0.9115645323873522,"90":0.9257901051634038,"91":0.32140483800364317,"92":0.7539928284825121,"93":0.9042728703062174,"94":0.86787452623278,"95":0.8532687266009731,"96":0.390254493943147,"97":0.8045296769608672,"98":0.3418635005065453,"99":0.7487854725385262,"100":0.8381890499685227,"101":0.758417431854346,"102":0.7667547556323201,"103":0.7500121110603494,"104":0.27245435779294763,"105":0.7804848117809771,"106":0.9106367287510985,"107":0.2724543577929477,"108":0.9247406450199682,"109":0.8129049847455895,"110":0.3032462537920897,"111":0.7621777219417362,"112":0.8403811256129416,"113":0.241656844558103,"114":0.390254493943147,"115":0.8983497771801073,"116":0.7996074162614586,"117":0.8222960355947971,"118":0.9018275692395131,"119":0.2168971896927079,"120":0.8618579317732423,"121":0.6780847267368931,"122":0.31545356119169377},"ranked":{"22":0.0,"23":0.00819672131147541,"9":0.01639344262295082,"29":0.02459016393442623,"34":0.03278688524590164,"25":0.040983606557377046,"18":0.04918032786885246,"20":0.05737704918032787,"35":0.06557377049180328,"1":0.07377049180327869,"17":0.08196721311475409,"15":0.09016393442622951,"30":0.09836065573770492,"0":0.10655737704918032,"4":0.11475409836065574,"37":0.12295081967213115,"19":0.13114754098360656,"36":0.13934426229508196,"12":0.14754098360655737,"32":0.1557377049180328,"38":0.16393442622950818,"21":0.1721311475409836,"10":0.18032786885245902,"33":0.1885245901639344,"27":0.19672131147540983,"24":0.20491803278688525,"28":0.21311475409836064,"40":0.22131147540983606,"14":0.22950819672131148,"16":0.23770491803278687,"119":0.2459016393442623,"26":0.2540983606557377,"8":0.26229508196721313,"13":0.27049180327868855,"2":0.2786885245901639,"6":0.28688524590163933,"7":0.29508196721311475,"11":0.30327868852459017,"31":0.3114754098360656,"39":0.319672131147541,"113":0.32786885245901637,"5":0.3360655737704918,"88":0.3442622950819672,"104":0.3524590163934426,"107":0.36065573770491804,"86":0.36885245901639346,"110":0.3770491803278688,"3":0.38524590163934425,"64":0.39344262295081966,"122":0.4016393442622951,"91":0.4098360655737705,"98":0.4180327868852459,"96":0.4262295081967213,"114":0.4344262295081967,"56":0.4426229508196721,"73":0.45081967213114754,"54":0.45901639344262296,"62":0.4672131147540984,"55":0.47540983606557374,"121":0.48360655737704916,"81":0.4918032786885246,"52":0.5,"99":0.5081967213114754,"103":0.5163934426229508,"92":0.5245901639344263,"48":0.5327868852459017,"101":0.5409836065573771,"111":0.5491803278688525,"84":0.5573770491803278,"102":0.5655737704918032,"74":0.5737704918032787,"105":0.5819672131147541,"116":0.5901639344262295,"85":0.5983606557377049,"97":0.6065573770491803,"79":0.6147540983606558,"109":0.6229508196721312,"117":0.6311475409836066,"87":0.639344262295082,"100":0.6475409836065574,"112":0.6557377049180327,"67":0.6639344262295082,"95":0.6721311475409836,"120":0.680327868852459,"94":0.6885245901639344,"49":0.6967213114754098,"51":0.7049180327868853,"43":0.7131147540983607,"59":0.7213114754098361,"41":0.7295081967213115,"83":0.7377049180327869,"53":0.7459016393442623,"115":0.7540983606557377,"118":0.7622950819672131,"93":0.7704918032786885,"106":0.7786885245901639,"89":0.7868852459016393,"45":0.7950819672131147,"82":0.8032786885245902,"50":0.8114754098360656,"65":0.819672131147541,"69":0.8278688524590164,"68":0.8360655737704918,"108":0.8442622950819673,"90":0.8524590163934426,"61":0.860655737704918,"80":0.8688524590163934,"71":0.8770491803278688,"72":0.8852459016393442,"78":0.8934426229508197,"75":0.9016393442622951,"47":0.9098360655737705,"63":0.9180327868852459,"46":0.9262295081967213,"57":0.9344262295081968,"58":0.9426229508196722,"70":0.9508196721311475,"42":0.9590163934426229,"77":0.9672131147540983,"76":0.9754098360655737,"44":0.9836065573770492,"66":0.9918032786885246,"60":1.0}}