{"name":"density","eps":0.5,"weight":"value","num_of_nodes":153,"num_of_edges":295,"process_time":0.01779794692993164,"data":{"0":0.2512363325918972,"1":0.5006181978682466,"2":0.0030907788591219816,"3":0.003090891116082947,"4":0.0012363115436907727,"5":0.2524727563923857,"6":0.7487637235367233,"7":0.0024727353442258997,"8":0.001236339607942675,"9":0.2518545444921881,"10":0.2506181768200868,"11":0.499381886324719,"12":0.5000000420964361,"13":0.5000000982249166,"14":0.0024728195368883183,"15":0.50000009822494,"16":0.0,"17":0.0030907788591219816,"18":0.001854495379729756,"19":0.0037090188236647698,"20":0.2506181768200868,"21":0.25000010524089217,"22":0.24999996491972593,"23":0.0018544673154778535,"24":0.001854495379729756,"25":0.000618211900314208,"26":0.25309085603576226,"27":0.4999999859679557,"28":0.004945386495649448,"29":0.0012363396079893194,"30":0.000618211900314208,"31":0.001236339607942675,"32":0.0012363957364231579,"33":0.25247267219963,"34":0.0037091030163038663,"35":0.2506181768200868,"36":0.0012363396079893194,"37":0.5024727213120883,"38":0.2500000771767569,"39":0.0018545795723455302,"40":0.25247275639236233,"41":0.2506181487557416,"42":0.0,"43":0.25247270026392854,"44":0.25123641678446634,"45":0.004327174595451851,"46":0.0012363396079193528,"47":0.5006181698040413,"48":0.0018545234440982693,"49":0.0012363396079193528,"50":0.24999996491972593,"51":0.2506181487557416,"52":0.25247270026390517,"53":0.2506181768199935,"54":0.5024726371193792,"55":0.25000002104815977,"56":0.0018546357009426237,"57":0.2512364167846296,"58":0.0018544953796831116,"59":0.2512363606560092,"60":0.5006181136754675,"61":0.2512363887203077,"62":0.998763660392104,"63":0.5006181698039247,"64":0.7493819354369441,"65":0.002472763408431158,"66":0.2506181768199935,"67":0.25123647291301676,"68":0.25185457255637,"69":0.5012362975114832,"70":0.2524726441354714,"71":0.5018545094117974,"72":0.0018546076365974326,"73":0.5000000420963195,"74":0.0030908349875791424,"75":0.25247270026390517,"76":0.2512363606560325,"77":0.001236367672124611,"78":0.003708962695114321,"79":0.0006181838361089498,"80":0.499381830196052,"81":0.25185443223515713,"82":0.003708962695114321,"83":0.004945218110277966,"84":0.5006181136754675,"85":0.0030908630519010114,"86":1.0,"87":0.004945386495742736,"88":0.7500000070160455,"89":0.0006181557718337252,"90":0.25247270026390517,"91":0.0012363957363531913,"92":0.25185443223515713,"93":0.001236367672124611,"94":0.0018546357009426237,"95":0.004945218110277966,"96":0.0030908630519010114,"97":0.5012362975114832,"98":0.25309082797153365,"99":0.0006181838361089498,"100":0.25185454449207145,"101":0.25370889955058834,"102":0.0030908911161062693,"103":0.0037090749521219305,"104":0.25309088410003744,"105":0.7500000631445259,"106":0.7506182469807049,"107":0.5012363817043088,"108":0.25309088410003744,"109":0.0012364238006983823,"110":0.0049453303672855765,"111":0.2512364729130401,"112":0.25370906793607645,"113":0.5018546497330103,"114":0.004327174595521817,"115":0.2524727002640218,"116":0.0037090188237347364,"117":0.0012363676721712552,"118":0.25185457255641663,"119":0.2500001333051907,"120":0.5012363817043088,"121":0.5000001543533504,"122":0.004327146531223271,"123":0.003090863051854367,"124":0.0018546357010125903,"125":0.0018546357010125903,"126":0.001236423800651738,"127":0.002472707280090608,"128":0.5018545374760727,"129":0.0012363676721712552,"130":0.0030908911161062693,"131":0.25247267219974656,"132":0.0006181838362255606,"133":0.5024726932479063,"134":0.001854635700965946,"135":0.0012363676721712552,"136":0.2530909121642194,"137":0.25247278445670757,"138":0.5018546497329637,"139":0.0024727353443425104,"140":0.5018545374761659,"141":0.25309096829281647,"142":0.5024726932479763,"143":0.25247267219974656,"144":0.25309082797153365,"145":0.0030909191803581717,"146":0.5000001824175557,"147":0.0006181838362255606,"148":0.2512364729130634,"149":0.25185468481342427,"150":0.2512364729130634,"151":0.5018545655403478,"152":0.251236500977292},"ranked":{"16":0.0,"42":0.006578947368421052,"89":0.013157894736842105,"79":0.019736842105263157,"99":0.02631578947368421,"132":0.03289473684210526,"147":0.039473684210526314,"25":0.046052631578947366,"30":0.05263157894736842,"4":0.05921052631578947,"46":0.06578947368421052,"49":0.07236842105263158,"8":0.07894736842105263,"31":0.08552631578947369,"29":0.09210526315789473,"36":0.09868421052631579,"77":0.10526315789473684,"93":0.1118421052631579,"117":0.11842105263157894,"129":0.125,"135":0.13157894736842105,"91":0.13815789473684212,"32":0.14473684210526316,"126":0.1513157894736842,"109":0.15789473684210525,"23":0.16447368421052633,"58":0.17105263157894737,"18":0.17763157894736842,"24":0.18421052631578946,"48":0.19078947368421054,"39":0.19736842105263158,"72":0.20394736842105263,"56":0.21052631578947367,"94":0.21710526315789475,"134":0.2236842105263158,"124":0.23026315789473684,"125":0.23684210526315788,"127":0.24342105263157895,"7":0.25,"139":0.2565789473684211,"65":0.2631578947368421,"14":0.26973684210526316,"2":0.27631578947368424,"17":0.28289473684210525,"74":0.2894736842105263,"123":0.29605263157894735,"85":0.3026315789473684,"96":0.3092105263157895,"3":0.3157894736842105,"102":0.3223684210526316,"130":0.32894736842105265,"145":0.3355263157894737,"78":0.34210526315789475,"82":0.34868421052631576,"19":0.35526315789473684,"116":0.3618421052631579,"103":0.3684210526315789,"34":0.375,"122":0.3815789473684211,"45":0.3881578947368421,"114":0.39473684210526316,"83":0.40131578947368424,"95":0.40789473684210525,"110":0.4144736842105263,"28":0.42105263157894735,"87":0.4276315789473684,"22":0.4342105263157895,"50":0.4407894736842105,"55":0.4473684210526316,"38":0.45394736842105265,"21":0.4605263157894737,"119":0.46710526315789475,"41":0.47368421052631576,"51":0.48026315789473684,"53":0.4868421052631579,"66":0.4934210526315789,"10":0.5,"20":0.506578947368421,"35":0.5131578947368421,"0":0.5197368421052632,"59":0.5263157894736842,"76":0.5328947368421053,"61":0.5394736842105263,"44":0.5460526315789473,"57":0.5526315789473685,"67":0.5592105263157895,"111":0.5657894736842105,"148":0.5723684210526315,"150":0.5789473684210527,"152":0.5855263157894737,"81":0.5921052631578947,"92":0.5986842105263158,"100":0.6052631578947368,"9":0.6118421052631579,"68":0.618421052631579,"118":0.625,"149":0.631578947368421,"70":0.6381578947368421,"33":0.6447368421052632,"131":0.6513157894736842,"143":0.6578947368421053,"52":0.6644736842105263,"75":0.6710526315789473,"90":0.6776315789473685,"43":0.6842105263157895,"115":0.6907894736842105,"40":0.6973684210526315,"5":0.7039473684210527,"137":0.7105263157894737,"98":0.7171052631578947,"144":0.7236842105263158,"26":0.7302631578947368,"104":0.7368421052631579,"108":0.743421052631579,"136":0.75,"141":0.756578947368421,"101":0.7631578947368421,"112":0.7697368421052632,"80":0.7763157894736842,"11":0.7828947368421053,"27":0.7894736842105263,"73":0.7960526315789473,"12":0.8026315789473685,"13":0.8092105263157895,"15":0.8157894736842105,"121":0.8223684210526315,"146":0.8289473684210527,"60":0.8355263157894737,"84":0.8421052631578947,"63":0.8486842105263158,"47":0.8552631578947368,"1":0.8618421052631579,"69":0.868421052631579,"97":0.875,"107":0.881578947368421,"120":0.8881578947368421,"71":0.8947368421052632,"128":0.9013157894736842,"140":0.9078947368421053,"151":0.9144736842105263,"138":0.9210526315789473,"113":0.9276315789473685,"54":0.9342105263157895,"133":0.9407894736842105,"142":0.9473684210526315,"37":0.9539473684210527,"6":0.9605263157894737,"64":0.9671052631578947,"88":0.9736842105263158,"105":0.9802631578947368,"106":0.9868421052631579,"62":0.993421052631579,"86":1.0}}