{"name":"agd","num_of_nodes":165,"num_of_edges":319,"weight":"value","process_time":0.007441282272338867,"data":{"0":0.5513196480938416,"1":0.8123167155425219,"2":0.7478005865102638,"3":0.6671554252199413,"4":0.7390029325513195,"5":0.6451612903225806,"6":0.9237536656891495,"7":0.9252199413489735,"8":0.6231671554252199,"9":0.9985337243401758,"10":0.784457478005865,"11":0.5498533724340176,"12":0.5733137829912023,"13":0.9882697947214076,"14":0.9237536656891495,"15":0.9178885630498533,"16":0.5454545454545454,"17":0.846041055718475,"18":0.6466275659824047,"19":0.6935483870967741,"20":0.5498533724340176,"21":1.0,"22":0.5513196480938416,"23":0.6832844574780058,"24":0.6774193548387096,"25":0.6348973607038123,"26":0.5674486803519061,"27":0.5894428152492669,"28":0.8519061583577712,"29":0.656891495601173,"30":0.9868035190615834,"31":0.5821114369501466,"32":0.5571847507331378,"33":0.8123167155425219,"34":0.7478005865102638,"35":0.6950146627565982,"36":0.6129032258064515,"37":0.8005865102639296,"38":0.8005865102639296,"39":0.846041055718475,"40":0.595307917888563,"41":0.9120234604105572,"42":0.5469208211143695,"43":0.6026392961876833,"44":0.8651026392961876,"45":0.7316715542521993,"46":0.6363636363636364,"47":0.563049853372434,"48":0.9882697947214076,"49":0.6026392961876833,"50":0.7595307917888562,"51":0.5439882697947214,"52":0.8533724340175952,"53":0.6217008797653958,"54":0.6348973607038123,"55":0.20381231671554248,"56":0.12170087976539588,"57":0.2565982404692082,"58":0.0879765395894428,"59":0.21847507331378294,"60":0.07624633431085041,"61":0.07331378299120235,"62":0.16568914956011727,"63":0.07331378299120235,"64":0.08651026392961875,"65":0.0718475073313783,"66":0.8548387096774193,"67":0.07624633431085041,"68":0.1818181818181818,"69":0.22434017595307915,"70":0.0747800586510264,"71":0.2712609970674486,"72":0.22434017595307915,"73":0.2639296187683284,"74":0.20234604105571843,"75":0.156891495601173,"76":0.23167155425219937,"77":0.061583577712609965,"78":0.2653958944281524,"79":0.2096774193548387,"80":0.16568914956011727,"81":0.22873900293255128,"82":0.17155425219941345,"83":0.08064516129032256,"84":0.14516129032258063,"85":0.1510263929618768,"86":0.1070381231671554,"87":0.09237536656891494,"88":0.23020527859237533,"89":0.2258064516129032,"90":0.1950146627565982,"91":0.1979472140762463,"92":0.2096774193548387,"93":0.12170087976539588,"94":0.14809384164222872,"95":0.21847507331378294,"96":0.21114369501466274,"97":0.18621700879765393,"98":0.12170087976539588,"99":0.1070381231671554,"100":0.06451612903225806,"101":0.0718475073313783,"102":0.06744868035190615,"103":0.22287390029325507,"104":0.18328445747800584,"105":0.22434017595307915,"106":0.16568914956011727,"107":0.09824046920821114,"108":0.19648093841642225,"109":0.19648093841642225,"110":0.06011730205278591,"111":0.20821114369501464,"112":0.17741935483870966,"113":0.06744868035190615,"114":0.17155425219941345,"115":0.27272727272727265,"116":0.052785923753665684,"117":0.16422287390029322,"118":0.19941348973607034,"119":0.046920821114369494,"120":0.29912023460410553,"121":0.2565982404692082,"122":0.27272727272727265,"123":0.046920821114369494,"124":0.2653958944281524,"125":0.061583577712609965,"126":0.0,"127":0.03372434017595308,"128":0.16568914956011727,"129":0.3108504398826979,"130":0.06744868035190615,"131":0.21994134897360698,"132":0.06451612903225806,"133":0.22287390029325507,"134":0.1671554252199413,"135":0.049853372434017586,"136":0.06598240469208211,"137":0.0029325513196480943,"138":0.21847507331378294,"139":0.06451612903225806,"140":0.0029325513196480943,"141":0.046920821114369494,"142":0.30938416422287385,"143":0.23460410557184747,"144":0.26979472140762456,"145":0.19941348973607034,"146":0.0439882697947214,"147":0.18621700879765393,"148":0.061583577712609965,"149":0.21847507331378294,"150":0.2258064516129032,"151":0.189149560117302,"152":0.18621700879765393,"153":0.18768328445747798,"154":0.3079178885630498,"155":0.22434017595307915,"156":0.2565982404692082,"157":0.039589442815249266,"158":0.0014662756598240463,"159":0.23753665689149556,"160":0.0014662756598240463,"161":0.21407624633431083,"162":0.20821114369501464,"163":0.0029325513196480943,"164":0.25806451612903225},"ranked":{"126":0.0,"158":0.006097560975609756,"160":0.012195121951219513,"137":0.018292682926829267,"140":0.024390243902439025,"163":0.03048780487804878,"127":0.036585365853658534,"157":0.042682926829268296,"146":0.04878048780487805,"119":0.054878048780487805,"123":0.06097560975609756,"141":0.06707317073170732,"135":0.07317073170731707,"116":0.07926829268292683,"110":0.08536585365853659,"77":0.09146341463414634,"125":0.0975609756097561,"148":0.10365853658536585,"100":0.10975609756097561,"132":0.11585365853658537,"139":0.12195121951219512,"136":0.12804878048780488,"102":0.13414634146341464,"113":0.1402439024390244,"130":0.14634146341463414,"65":0.1524390243902439,"101":0.15853658536585366,"61":0.16463414634146342,"63":0.17073170731707318,"70":0.17682926829268292,"60":0.18292682926829268,"67":0.18902439024390244,"83":0.1951219512195122,"64":0.20121951219512196,"58":0.2073170731707317,"87":0.21341463414634146,"107":0.21951219512195122,"86":0.22560975609756098,"99":0.23170731707317074,"56":0.23780487804878048,"93":0.24390243902439024,"98":0.25,"84":0.25609756097560976,"94":0.2621951219512195,"85":0.2682926829268293,"75":0.27439024390243905,"117":0.2804878048780488,"62":0.2865853658536585,"80":0.2926829268292683,"106":0.29878048780487804,"128":0.3048780487804878,"134":0.31097560975609756,"82":0.3170731707317073,"114":0.3231707317073171,"112":0.32926829268292684,"68":0.3353658536585366,"104":0.34146341463414637,"97":0.3475609756097561,"147":0.35365853658536583,"152":0.3597560975609756,"153":0.36585365853658536,"151":0.3719512195121951,"90":0.3780487804878049,"108":0.38414634146341464,"109":0.3902439024390244,"91":0.39634146341463417,"118":0.4024390243902439,"145":0.40853658536585363,"74":0.4146341463414634,"55":0.42073170731707316,"111":0.4268292682926829,"162":0.4329268292682927,"79":0.43902439024390244,"92":0.4451219512195122,"96":0.45121951219512196,"161":0.4573170731707317,"59":0.4634146341463415,"95":0.4695121951219512,"138":0.47560975609756095,"149":0.4817073170731707,"131":0.4878048780487805,"103":0.49390243902439024,"133":0.5,"69":0.5060975609756098,"72":0.5121951219512195,"105":0.5182926829268293,"155":0.524390243902439,"89":0.5304878048780488,"150":0.5365853658536586,"81":0.5426829268292683,"88":0.5487804878048781,"76":0.5548780487804879,"143":0.5609756097560976,"159":0.5670731707317073,"57":0.573170731707317,"121":0.5792682926829268,"156":0.5853658536585366,"164":0.5914634146341463,"73":0.5975609756097561,"78":0.6036585365853658,"124":0.6097560975609756,"144":0.6158536585365854,"71":0.6219512195121951,"115":0.6280487804878049,"122":0.6341463414634146,"120":0.6402439024390244,"154":0.6463414634146342,"142":0.6524390243902439,"129":0.6585365853658537,"51":0.6646341463414634,"16":0.6707317073170732,"42":0.676829268292683,"11":0.6829268292682927,"20":0.6890243902439024,"0":0.6951219512195121,"22":0.7012195121951219,"32":0.7073170731707317,"47":0.7134146341463414,"26":0.7195121951219512,"12":0.725609756097561,"31":0.7317073170731707,"27":0.7378048780487805,"40":0.7439024390243902,"43":0.75,"49":0.7560975609756098,"36":0.7621951219512195,"53":0.7682926829268293,"8":0.774390243902439,"25":0.7804878048780488,"54":0.7865853658536586,"46":0.7926829268292683,"5":0.7987804878048781,"18":0.8048780487804879,"29":0.8109756097560976,"3":0.8170731707317073,"24":0.823170731707317,"23":0.8292682926829268,"19":0.8353658536585366,"35":0.8414634146341463,"45":0.8475609756097561,"4":0.8536585365853658,"2":0.8597560975609756,"34":0.8658536585365854,"50":0.8719512195121951,"10":0.8780487804878049,"37":0.8841463414634146,"38":0.8902439024390244,"1":0.8963414634146342,"33":0.9024390243902439,"17":0.9085365853658537,"39":0.9146341463414634,"28":0.9207317073170732,"52":0.926829268292683,"66":0.9329268292682927,"44":0.9390243902439024,"41":0.9451219512195121,