{"name":"agd","num_of_nodes":168,"num_of_edges":320,"weight":"value","process_time":0.019631147384643555,"data":{"0":0.25551876379690946,"1":0.2549668874172185,"2":0.24724061810154524,"3":0.24944812362030905,"4":0.21136865342163355,"5":0.21854304635761587,"6":0.23509933774834438,"7":0.22958057395143486,"8":0.2781456953642384,"9":0.25165562913907286,"10":0.3057395143487859,"11":0.21026490066225162,"12":0.26434878587196464,"13":0.2312362030905077,"14":0.15783664459161148,"15":0.2213024282560706,"16":0.19315673289183222,"17":0.2356512141280353,"18":0.2781456953642384,"19":0.16169977924944812,"20":0.17935982339955853,"21":0.16887417218543047,"22":0.21412803532008828,"23":0.1672185430463576,"24":0.26434878587196464,"25":0.24724061810154524,"26":0.16887417218543047,"27":0.1683222958057395,"28":0.1677704194260486,"29":0.18267108167770418,"30":0.17770419426048567,"31":0.17935982339955853,"32":0.21247240618101546,"33":0.20750551876379691,"34":0.21688741721854304,"35":0.1683222958057395,"36":0.2549668874172185,"37":0.2599337748344371,"38":0.1975717439293598,"39":0.2306843267108168,"40":0.28090507726269315,"41":0.1600441501103753,"42":0.16666666666666669,"43":0.2549668874172185,"44":0.15838852097130243,"45":0.25386313465783666,"46":0.2781456953642384,"47":0.2097130242825607,"48":0.24724061810154524,"49":0.22958057395143486,"50":0.19370860927152317,"51":0.3057395143487859,"52":0.2549668874172185,"53":0.19260485651214126,"54":0.21357615894039733,"55":0.16169977924944812,"56":0.9381898454746137,"57":0.5855408388520972,"58":0.6385209713024282,"59":0.0,"60":0.8934878587196468,"61":0.9415011037527593,"62":0.8399558498896248,"63":0.5717439293598234,"64":0.7240618101545254,"65":0.5408388520971303,"66":0.9983443708609272,"67":0.6120309050772628,"68":0.5745033112582781,"69":0.0,"70":0.5866445916114791,"71":0.7593818984547462,"72":0.8520971302428257,"73":0.5584988962472407,"74":0.9983443708609272,"75":0.609823399558499,"76":0.8443708609271523,"77":0.6407284768211922,"78":0.9426048565121414,"79":0.8923841059602649,"80":0.9977924944812362,"81":0.0005518763796909491,"82":0.728476821192053,"83":0.6175496688741723,"84":0.6247240618101546,"85":0.5883002207505519,"86":0.762693156732892,"87":0.6346578366445916,"88":0.8934878587196468,"89":0.8140176600441501,"90":0.8923841059602649,"91":0.6015452538631347,"92":0.5667770419426049,"93":0.0005518763796909491,"94":0.7996688741721855,"95":0.8896247240618101,"96":0.6594922737306843,"97":0.0,"98":0.8874172185430464,"99":0.6738410596026491,"100":0.9977924944812362,"101":0.5469094922737306,"102":0.6313465783664459,"103":0.5772626931567328,"104":0.7985651214128036,"105":0.8140176600441501,"106":0.5888520971302429,"107":0.6214128035320089,"108":0.6313465783664459,"109":0.5927152317880795,"110":0.6898454746136866,"111":0.9370860927152318,"112":0.5391832229580574,"113":0.5518763796909493,"114":0.9453642384105961,"115":0.6876379690949228,"116":0.5640176600441502,"117":0.8007726269315674,"118":0.5816777041942606,"119":0.5932671081677705,"120":0.7229580573951435,"121":0.6296909492273731,"122":0.9492273730684327,"123":0.5949227373068433,"124":0.5491169977924946,"125":0.5662251655629139,"126":0.565121412803532,"127":0.8498896247240618,"128":1.0,"129":0.9470198675496689,"130":0.7444812362030906,"131":0.5474613686534217,"132":0.565121412803532,"133":0.6076158940397351,"134":0.7025386313465785,"135":0.8934878587196468,"136":0.7444812362030906,"137":0.5949227373068433,"138":0.5783664459161149,"139":0.6572847682119206,"140":0.8465783664459161,"141":0.608719646799117,"142":1.0,"143":0.805739514348786,"144":0.9017660044150111,"145":0.7334437086092715,"146":0.5424944812362031,"147":0.5745033112582781,"148":0.5805739514348787,"149":0.9994481236203091,"150":0.7257174392935983,"151":0.7599337748344371,"152":0.9431567328918323,"153":0.7257174392935983,"154":0.5618101545253863,"155":0.8007726269315674,"156":0.6699779249448125,"157":0.9023178807947021,"158":0.6473509933774835,"159":0.5932671081677705,"160":0.8465783664459161,"161":0.6076158940397351,"162":0.8979028697571745,"163":0.9442604856512142,"164":0.7439293598233997,"165":0.5888520971302429,"166":0.8979028697571745,"167":0.5380794701986755},"ranked":{"59":0.0,"69":0.005988023952095809,"97":0.011976047904191617,"81":0.017964071856287425,"93":0.023952095808383235,"14":0.029940119760479042,"44":0.03592814371257485,"41":0.041916167664670656,"19":0.04790419161676647,"55":0.05389221556886228,"42":0.059880239520958084,"23":0.0658682634730539,"28":0.0718562874251497,"27":0.07784431137724551,"35":0.08383233532934131,"21":0.08982035928143713,"26":0.09580838323353294,"30":0.10179640718562874,"20":0.10778443113772455,"31":0.11377245508982035,"29":0.11976047904191617,"53":0.12574850299401197,"16":0.1317365269461078,"50":0.1377245508982036,"38":0.1437125748502994,"33":0.1497005988023952,"47":0.15568862275449102,"11":0.16167664670658682,"4":0.16766467065868262,"32":0.17365269461077845,"54":0.17964071856287425,"22":0.18562874251497005,"34":0.19161676646706588,"5":0.19760479041916168,"15":0.20359281437125748,"7":0.20958083832335328,"49":0.2155688622754491,"39":0.2215568862275449,"13":0.2275449101796407,"6":0.23353293413173654,"17":0.23952095808383234,"2":0.24550898203592814,"25":0.25149700598802394,"48":0.25748502994011974,"3":0.2634730538922156,"9":0.2694610778443114,"45":0.2754491017964072,"1":0.281437125748503,"36":0.2874251497005988,"43":0.2934131736526946,"52":0.2994011976047904,"0":0.30538922155688625,"37":0.31137724550898205,"12":0.31736526946107785,"24":0.32335329341317365,"8":0.32934131736526945,"18":0.33532934131736525,"46":0.3413173652694611,"40":0.3473053892215569,"10":0.3532934131736527,"51":0.3592814371257485,"167":0.3652694610778443,"112":0.3712574850299401,"65":0.3772455089820359,"146":0.38323353293413176,"101":0.38922155688622756,"131":0.39520958083832336,"124":0.40119760479041916,"113":0.40718562874251496,"73":0.41317365269461076,"154":0.41916167664670656,"116":0.4251497005988024,"126":0.4311377245508982,"132":0.437125748502994,"125":0.4431137724550898,"92":0.4491017964071856,"63":0.4550898203592814,"68":0.46107784431137727,"147":0.46706586826347307,"103":0.47305389221556887,"138":0.47904191616766467,"148":0.48502994011976047,"118":0.49101796407185627,"57":0.49700598802395207,"70":0.5029940119760479,"85":0.5089820359281437,"106":0.5149700598802395,"165":0.5209580838323353,"109":0.5269461077844312,"119":0.5329341317365269,"159":0.5389221556886228,"123":0.5449101796407185,"137":0.5508982035928144,"91":0.5568862275449101,"133":0.562874251497006,"161":0.5688622754491018,"141":0.5748502994011976,"75":0.5808383233532934,"67":0.5868263473053892,"83":0.592814371257485,"107":0.5988023952095808,"84":0.6047904191616766,"121":0.6107784431137725,"102":0.6167664670658682,"108":0.6227544910179641,"87":0.6287425149700598,"58":0.6347305389221557,"77":0.6407185628742516,"158":0.6467065868263473,"139":0.6526946107784432,"96":0.6586826347305389,"156":0.6646706586826348,"99":0.6706586826347305,"115":0.6766467065868264,"110":0.6826347305389222,"134":0.688622754491018,"120":0.6946107784431138,"64":0.7005988023952096,"150":0.7065868263473054,"153":0.7125748502994012,"82":0.718562874251497,"145":0.7245508982035929,"164":0.7305389221556886,"130":0.7365269461077845,"136":0.7425149700598802,"71":0.7485029940119761,"151":0.7544910179640718,"86":0.7604790419161677,"104":0.7664670658682635,"94":0.7724550898203593,"117":0.7784431137724551,"155":0.7844311377245509,"143":0.7904191616766467,"89":0.7964071856287425,"105":0.8023952095808383,"62":0.8083832335329342,"76":0.8143712574850299,"140":0.8203592814371258,"160":0.8263473053892215,"127":0.8323353293413174,"72":0.8383233532934131,"98":0.844311377245509,"95":0.8502994011976048,"79":0.8562874251497006,"90":0.8622754491017964,"60":0.8682634730538922,"88":0.874251497005988,"135":0.8802395209580839,"162":0.8862275449101796,"166":0.8922155688622755,"144":0.8982035928143712,"157":0.9041916167664671,"111":0.9101796407185628,"56":0.9161676646706587,"61":0.9221556886227545,