{"name":"agd","num_of_nodes":120,"num_of_edges":228,"weight":"value","process_time":0.011121034622192383,"data":{"0":0.9492753623188406,"1":0.6485507246376813,"2":0.9456521739130435,"3":0.6050724637681161,"4":0.5253623188405798,"5":0.6123188405797102,"6":0.6521739130434784,"7":0.5579710144927537,"8":0.8695652173913044,"9":0.6231884057971016,"10":0.5797101449275364,"11":0.7391304347826089,"12":0.6050724637681161,"13":0.9492753623188406,"14":0.8188405797101451,"15":0.5760869565217392,"16":0.7536231884057972,"17":1.0,"18":0.8369565217391305,"19":0.5615942028985508,"20":0.9492753623188406,"21":0.6485507246376813,"22":0.5615942028985508,"23":0.6231884057971016,"24":0.7282608695652175,"25":1.0,"26":0.7536231884057972,"27":0.8804347826086957,"28":0.8405797101449276,"29":0.6666666666666667,"30":0.7536231884057972,"31":0.6159420289855073,"32":0.5869565217391305,"33":0.6920289855072465,"34":0.9456521739130435,"35":0.7608695652173915,"36":0.9492753623188406,"37":0.6449275362318841,"38":0.9963768115942029,"39":0.710144927536232,"40":0.10144927536231883,"41":0.27173913043478265,"42":0.1449275362318841,"43":0.34057971014492755,"44":0.07246376811594203,"45":0.10507246376811595,"46":0.26811594202898553,"47":0.3333333333333333,"48":0.25724637681159424,"49":0.40579710144927533,"50":0.20652173913043478,"51":0.3333333333333333,"52":0.2318840579710145,"53":0.3333333333333333,"54":0.2644927536231884,"55":0.13043478260869568,"56":0.06884057971014493,"57":0.3333333333333333,"58":0.10144927536231883,"59":0.2246376811594203,"60":0.32971014492753625,"61":0.09420289855072464,"62":0.13405797101449277,"63":0.40942028985507256,"64":0.23913043478260868,"65":0.2898550724637681,"66":0.07971014492753624,"67":0.2898550724637681,"68":0.09420289855072464,"69":0.2898550724637681,"70":0.20652173913043478,"71":0.3369565217391305,"72":0.34057971014492755,"73":0.09420289855072464,"74":0.10507246376811595,"75":0.1956521739130435,"76":0.1449275362318841,"77":0.34057971014492755,"78":0.1449275362318841,"79":0.23913043478260868,"80":0.3007246376811594,"81":0.34420289855072467,"82":0.45289855072463775,"83":0.3695652173913044,"84":0.30434782608695654,"85":0.3623188405797102,"86":0.018115942028985504,"87":0.31884057971014496,"88":0.5652173913043479,"89":0.018115942028985504,"90":0.31884057971014496,"91":0.018115942028985504,"92":0.4384057971014494,"93":0.32971014492753625,"94":0.5652173913043479,"95":0.47826086956521746,"96":0.36594202898550726,"97":0.31884057971014496,"98":0.358695652173913,"99":0.34420289855072467,"100":0.46014492753623193,"101":0.010869565217391302,"102":0.4746376811594204,"103":0.3369565217391305,"104":0.4420289855072465,"105":0.5543478260869567,"106":0.3224637681159421,"107":0.39855072463768115,"108":0.40579710144927533,"109":0.5181159420289856,"110":0.0,"111":0.39855072463768115,"112":0.0,"113":0.003623188405797101,"114":0.018115942028985504,"115":0.5144927536231885,"116":0.007246376811594202,"117":0.3369565217391305,"118":0.46014492753623193,"119":0.4710144927536233},"ranked":{"110":0.0,"112":0.008403361344537815,"113":0.01680672268907563,"116":0.025210084033613446,"101":0.03361344537815126,"86":0.04201680672268908,"89":0.05042016806722689,"91":0.058823529411764705,"114":0.06722689075630252,"56":0.07563025210084033,"44":0.08403361344537816,"66":0.09243697478991597,"61":0.10084033613445378,"68":0.1092436974789916,"73":0.11764705882352941,"40":0.12605042016806722,"58":0.13445378151260504,"45":0.14285714285714285,"74":0.15126050420168066,"55":0.15966386554621848,"62":0.16806722689075632,"42":0.17647058823529413,"76":0.18487394957983194,"78":0.19327731092436976,"75":0.20168067226890757,"50":0.21008403361344538,"70":0.2184873949579832,"59":0.226890756302521,"52":0.23529411764705882,"64":0.24369747899159663,"79":0.25210084033613445,"48":0.2605042016806723,"54":0.2689075630252101,"46":0.2773109243697479,"41":0.2857142857142857,"65":0.29411764705882354,"67":0.3025210084033613,"69":0.31092436974789917,"80":0.31932773109243695,"84":0.3277310924369748,"87":0.33613445378151263,"90":0.3445378151260504,"97":0.35294117647058826,"106":0.36134453781512604,"60":0.3697478991596639,"93":0.37815126050420167,"47":0.3865546218487395,"51":0.3949579831932773,"53":0.40336134453781514,"57":0.4117647058823529,"71":0.42016806722689076,"103":0.42857142857142855,"117":0.4369747899159664,"43":0.44537815126050423,"72":0.453781512605042,"77":0.46218487394957986,"81":0.47058823529411764,"99":0.4789915966386555,"98":0.48739495798319327,"85":0.4957983193277311,"96":0.5042016806722689,"83":0.5126050420168067,"107":0.5210084033613446,"111":0.5294117647058824,"49":0.5378151260504201,"108":0.5462184873949579,"63":0.5546218487394958,"92":0.5630252100840336,"104":0.5714285714285714,"82":0.5798319327731093,"100":0.5882352941176471,"118":0.5966386554621849,"119":0.6050420168067226,"102":0.6134453781512605,"95":0.6218487394957983,"115":0.6302521008403361,"109":0.6386554621848739,"4":0.6470588235294118,"105":0.6554621848739496,"7":0.6638655462184874,"19":0.6722689075630253,"22":0.680672268907563,"88":0.6890756302521008,"94":0.6974789915966386,"15":0.7058823529411765,"10":0.7142857142857143,"32":0.7226890756302521,"3":0.7310924369747899,"12":0.7394957983193278,"5":0.7478991596638656,"31":0.7563025210084033,"9":0.7647058823529411,"23":0.773109243697479,"37":0.7815126050420168,"1":0.7899159663865546,"21":0.7983193277310925,"6":0.8067226890756303,"29":0.8151260504201681,"33":0.8235294117647058,"39":0.8319327731092437,"24":0.8403361344537815,"11":0.8487394957983193,"16":0.8571428571428571,"26":0.865546218487395,"30":0.8739495798319328,"35":0.8823529411764706,"14":0.8907563025210085,"18":0.8991596638655462,"28":0.907563025210084,"8":0.9159663865546218,"27":0.9243697478991597,"2":0.9327731092436975,"34":0.9411764705882353,"0":0.9495798319327731,"13":0.957983193277311,"20":0.9663865546218487,"36":0.9747899159663865,"38":0.9831932773109243,"17":0.9915966386554622,"25":1.0}}